company_name,mobile_number,district_name,state,bd_number,count,bus_number
Khandelwal Travels,8889360111,Dhar,Madhya Pradesh,"1,493,369,528",7,MP09FA7606
Shree Krishana Travels,9682307717,,,"8,058,299,803",5,RJ23PB4747
Shree Krishana Travels,9682307717,,,"8,058,299,803",5,RJ23PA7149
Khan Bus,9772697544,,,"6,375,903,107",1,RJ02PA4386
Manish Travels,8387078358,,,"7,042,099,979",1,RJ29TA3215
Rk Travels,9783338033,Bhilwara,Rajasthan,"9,785,293,759",4,RJ06PA7101
Rk Travels,9783338033,Bhilwara,Rajasthan,"9,785,293,759",4,RJ06PA6464
Thekedar Travels,9057512716,,Rajasthan,0,12,RJ34PA2406
Thekedar Travels,9057512716,,Rajasthan,0,12,RJ05PA3666
Thekedar Travels,9057512716,,Rajasthan,0,12,RJ05PA3756
Thekedar Travels,9057512716,,Rajasthan,0,12,RJ34PA3059
Thekedar Travels,9057512716,,Rajasthan,0,12,RJ05PB5577
Thekedar Travels,9057512716,,Rajasthan,0,12,RJ05PA2954
Thekedar Travels,9057512716,,Rajasthan,0,12,RJ29PA2900
Thekedar Travels,9057512716,,Rajasthan,0,12,RJ29PA3174
Thekedar Travels,9057512716,,Rajasthan,0,12,RJ05PA3399
Thekedar Travels,9057512716,,Rajasthan,0,12,RJ05PA3606
Bainsla Travels,9887868689,,,"7,023,234,803",2,RJ05PA4381
Bainsla Travels,9887868689,,,"7,023,234,803",2,RJ10PA5492
Rsps Tour N Travels,8963813251,,,"8,952,998,194",1,RJ02PA5222
Khan Bus,9772697544,,,"6,375,903,107",1,RJ02PA6786
Karwasra Travels,9413467327,,,"9,610,835,788",1,RJ50PA0896
New Bhatewara Travels,9950733958,,,"9,887,005,855",2,RJ09PA3477
J S Travels,9783792991,,,"9,887,005,855",1,RJ09PA6684
Shakti Travels,9887582909,,,"8,750,710,855",5,RJ14PG0515D
J S Travels,9783792991,,,"9,887,005,855",2,RJ06PA1698
J S Travels,9783792991,,,"9,887,005,855",2,RJ09PA6799
Mahadev Travels,9571267518,,,"9,887,005,855",1,RJ12PB0108
Shree Balaji Traval,8209605912,,,"8,441,987,775",1,RJ06PA2295
Demo Shankar Meena,9214309861,,,"9,887,005,855",5,DD01M9352
Demo Shankar Meena,9214309861,,,"9,887,005,855",5,RJ27PB0030
Anshi Rajshree Travels,9166877320,,,"8,058,299,803",3,NL02B9777
I.B.M. Travels,9079045127,,,0,1,RJ07PA8419
Hari Bus Service,8104024381,,,"9,610,835,788",1,RJ07PA7485
Shree Balaji Bus Service,9024356129,,,"9,610,835,788",1,RJ07PB3865
Rc Travels,9728880041,,,0,2,HR47D2241
Rc Travels,9728880041,,,0,2,RJ13PA7306
Visvkarama Traval,7339944465,,,"8,441,987,775",2,RJ19PA4141
Visvkarama Traval,7339944465,,,"8,441,987,775",2,RJ21PA2252
B.G Travels,8058832136,,,"7,023,234,803",8,AR01R4505
Beniwal Bus,9672964695,Barmer,Rajasthan,"9,799,862,695",15,RJ19PB3263
Beniwal Bus,9672964695,Barmer,Rajasthan,"9,799,862,695",15,AR01T1538
B.G Travels,8058832136,,,"7,023,234,803",8,RJ05PA3385
B.G Travels,8058832136,,,"7,023,234,803",8,AR01S4505
B.G Travels,8058832136,,,"7,023,234,803",8,RJ05PA3418
B.G Travels,8058832136,,,"7,023,234,803",8,RJ05PA3405
B.G Travels,8058832136,,,"7,023,234,803",8,RJ05PA1445
B.G Travels,8058832136,,,"7,023,234,803",8,RJ05PA1455
Jhala Travels,8094456174,Bikaner,Rajasthan,0,1,RJ07PA8407
Bhakar Traval,9672036290,,,"8,441,987,775",2,RJ21PA0057
Goldline Super Deluxe,8769929489,Jaipur,Rajasthan,0,4,RJ19PB2927
Goldline Super Deluxe,8769929489,Jaipur,Rajasthan,0,4,NL02B5556
Goldline Super Deluxe,8769929489,Jaipur,Rajasthan,0,4,NL02B5455
Goldline Super Deluxe,8769929489,Jaipur,Rajasthan,0,4,RJ32PA2851
Meena Bus Service,9694252378,,,"6,375,903,107",1,RJ32PA2621
Vikash Travels,9660687222,Jhunjhunu,Rajasthan,0,9,RJ45CG0731
Vikash Travels,9660687222,Jhunjhunu,Rajasthan,0,9,UP53FT8104
Vikash Travels,9660687222,Jhunjhunu,Rajasthan,0,9,UP53GT5666
Vikash Travels,9660687222,Jhunjhunu,Rajasthan,0,9,UP36T7276
Vikash Travels,9660687222,Jhunjhunu,Rajasthan,0,9,GJ08AU3129
Vikash Travels,9660687222,Jhunjhunu,Rajasthan,0,9,RJ14PH7031
Vikash Travels,9660687222,Jhunjhunu,Rajasthan,0,9,RJ14UD6148
Bg Travels,9414236884,,,"7,023,234,803",3,RJ18PB2298
Jain Travels,7737224609,,,"6,375,903,107",1,RJ02PA5633
Demo Rahul,9467991149,,,"8,393,990,942",2,HR79BH1228
Shree Gajraj Travels,9414196869,,,"8,750,710,855",3,AR06B9828
Gajraj Bus Service,9462572555,,,0,15,AR01S4599
Gajraj Bus Service,9462572555,,,0,15,AR02B9999
Gajraj Bus Service,9462572555,,,0,15,HR38AB3099
Gajraj Bus Service,9462572555,,,0,15,AR01Q5999
Gajraj Bus Service,9462572555,,,0,15,AR02B6099
Gajraj Bus Service,9462572555,,,0,15,AR01T3035
Gajraj Bus Service,9462572555,,,0,15,AR01R5499
Jai Maa Karni Travels,7357577667,,Madhya Pradesh,"8,963,055,868",3,RJ09PA2023
Chaturvedi Tour And Travels,9785182183,,,"7,023,234,803",4,RJ05PA3499
Chaturvedi Tour And Travels,9785182183,,,"7,023,234,803",4,RJ05PA3321
Chaturvedi Tour And Travels,9785182183,,,"7,023,234,803",4,RJ05PA3312
Ashapura Travels,7726044818,,,"9,887,005,855",1,RJ27PB6561
Gangour Travels,9660667383,,,"9,166,533,257",3,RJ17PA1661
Gangour Travels,9660667383,,,"9,166,533,257",3,RJ17PA1423
Sisai Bus Service,9054257000,Hisar,Haryana,"9,813,090,607",2,HR39E5723
Sisai Bus Service,9054257000,Hisar,Haryana,"9,813,090,607",2,HR39E4894
M/S The Dilkhush CO. OP. TPT,9991616092,Yamunanagar,Haryana,"9,996,699,705",1,HR58B9369
Banga Bus Service,9418090135,Una,Himachal Pradesh,"8,278,786,847",1,HP719335
Lalit Bus,9813020054,Karnal,Haryana,"9,996,295,954",1,HR45D5674
Pinky Travels,7740945791,Alwar,Rajasthan,"8,233,385,859",2,RJ26PA1624
apnibus,8800114123,,,"7,777,722,222",1,
Apni Bus,7350133983,,,"5,555,555,111",2,
Apni Bus,7350133983,,,"5,555,555,111",2,
Aa Travels,9555313232,,,"5,556,667,788",2,
Aa Travels,9555313232,,,"5,556,667,788",2,
Apni Bus,7350133983,,,"5,555,555,111",2,
Rajnish Kumar,9341643122,Gurugram,Haryana,0,1,SUNIL
Apni Bus,7350133983,,,"5,555,555,111",2,
Tarun Demo,8896208310,,,"9,341,643,122",1,UP32DEMO
Bhupendra Singh Rajawat,9829500457,Sawai Madhopur,Rajasthan,"8,233,385,859",1,RJ13PA6969
Payal Bus Service,9816058911,Hamirpur,Himachal Pradesh,"8,427,665,807",5,HP67A1683
Payal Bus Service,9816058911,Hamirpur,Himachal Pradesh,"8,427,665,807",5,HP67A1015
Payal Bus Service,9816058911,Hamirpur,Himachal Pradesh,"8,427,665,807",5,HP69A6183
Payal Bus Service,9816058911,Hamirpur,Himachal Pradesh,"8,427,665,807",5,HP675842
Pinky Travels,7740945791,Alwar,Rajasthan,"8,233,385,859",2,
Rajsthan Lok Parivahan,7689829761,Alwar,Rajasthan,"7,689,996,832",1,
Rajeev Kumar Singh,9721427000,Pratapgarh,Uttar Pradesh,"9,717,101,668",1,
Virk Bus Service,9855850046,Patiala,Punjab,"7,888,520,452",1,PB03AF7328
Kartars Bus Service,9463709691,Hoshiarpur,Punjab,"8,284,881,473",1,
Sumit Bus,9877770799,Path6,Punjab,"8,506,042,002",1,PB37DEMO
Khalsa Bus Service,8847511195,Sangrur,Punjab,"9,877,674,046",1,PB13BP3180
Bhodti Expressway,9694066786,Sawai Madhopur,Rajasthan,"8,058,181,801",1,
M.M. Travels,8233779999,,,"9,887,005,855",7,RJ27PA8688
Northern Travels,9914966134,,Punjab,"9,814,201,669",10,
Northern Travels,9914966134,,Punjab,"9,814,201,669",10,
Northern Travels,9914966134,,Punjab,"9,814,201,669",10,
Northern Travels,9914966134,,Punjab,"9,814,201,669",10,
Northern Travels,9914966134,,Punjab,"9,814,201,669",10,
Northern Travels,9914966134,,Punjab,"9,814,201,669",10,
Northern Travels,9914966134,,Punjab,"9,814,201,669",10,
Northern Travels,9914966134,,Punjab,"9,814,201,669",10,
Northern Travels,9914966134,,Punjab,"9,814,201,669",10,
Northern Travels,9914966134,,Punjab,"9,814,201,669",10,
Payal Bus Service,9816058911,Hamirpur,Himachal Pradesh,"8,427,665,807",5,HP675516
Deepak Apni Bus Travel,9671543210,,,"9,671,543,210",1,HR67DEMO
M.M. Travels,8233779999,,,"9,887,005,855",7,RJ27PA8683
New Devi Darshan,6239090226,Hoshiarpur,Punjab,"8,284,881,473",1,
Demo Bus,8085396896,,Madhya Pradesh,"8,085,396,896",1,
M.M. Travels,8233779999,,,"9,887,005,855",7,RJ27PB3391
Ahlawat Bus Service,9813081330,Panipat,Haryana,"9,996,295,954",1,
Mp Saran Travels,9413180643,Jalore,Rajasthan,"9,799,862,695",1,
Shailesh Srivastava,8005100830,,,"9,341,643,122",1,UP32DEMOS
Jp Travels,9784186729,Barmer,Rajasthan,"9,799,862,695",1,RJ09PA4018
Lok Parivahan Bus Seva,8107244808,Alwar,Rajasthan,"7,689,996,832",1,
M.M. Travels,8233779999,,,"9,887,005,855",7,RJ27PB1110
M.M. Travels,8233779999,,,"9,887,005,855",7,RJ27PA8687
Mushkan Travels,8824431938,Alwar,Rajasthan,"7,240,080,687",2,
M.M. Travels,8233779999,,,"9,887,005,855",7,RJ27PA7918
Ranthanbore Express,9772144544,,,"8,058,299,803",2,RJ14PE6687
Neelu Traval,8462841660,Bhopal,Madhya Pradesh,"7,987,327,084",2,MP04PA1169
Dhaka Coach,9991550067,Rohtak,Haryana,"9,315,883,000",2,
Dhaka Coach,9991550067,Rohtak,Haryana,"9,315,883,000",2,
Yogesh Demo,9829004449,,,"9,341,643,122",1,UP24DEMO
Ranthanbore Express,9772144544,,,"8,058,299,803",2,RJ14PE0352
Jay Ambe,9928161622,,,"9,887,005,855",2,RJ27PB4864
Balwant Singh,8502977089,Hanumangarh,Rajasthan,"9,610,161,200",1,RJ13PA6380
Rajrajeshwar,7597551777,,,"9,785,293,759",1,RJ51PA0571
Bhushan Apni bus travell,9461182413,Banswara,Rajasthan,"9,341,643,122",1,MP12DEMO
Deepak Travels,9680256723,Barmer,Rajasthan,"9,799,862,695",1,
Nitesh Travels,6393664106,,,"8,506,042,002",1,UP33DEMO
Jamwal Bus Service,9816442817,Kullu,Himachal Pradesh,"6,280,281,750",2,HP34F8079
Jamwal Bus Service,9816442817,Kullu,Himachal Pradesh,"6,280,281,750",2,HP34F8879
Shakti Travels,8529808859,Sri Ganganagar,Rajasthan,"8,432,203,584",1,RJ07PA5389
Darvesh Bus Service (MKS),9478200025,Sri Muktsar Sahib,Punjab,"9,814,201,669",10,PB10AP0672
Darvesh Bus Service (MKS),9478200025,Sri Muktsar Sahib,Punjab,"9,814,201,669",10,PB30B3578
Darvesh Bus Service (MKS),9478200025,Sri Muktsar Sahib,Punjab,"9,814,201,669",10,PB30M0525
Darvesh Bus Service (MKS),9478200025,Sri Muktsar Sahib,Punjab,"9,814,201,669",10,PB30K7478
Darvesh Bus Service (MKS),9478200025,Sri Muktsar Sahib,Punjab,"9,814,201,669",10,PB04G9959
Darvesh Bus Service (MKS),9478200025,Sri Muktsar Sahib,Punjab,"9,814,201,669",10,PB07Y3079
Darvesh Bus Service (MKS),9478200025,Sri Muktsar Sahib,Punjab,"9,814,201,669",10,PB30A9745
Darvesh Bus Service (MKS),9478200025,Sri Muktsar Sahib,Punjab,"9,814,201,669",10,PB11BK9725
Darvesh Bus Service (MKS),9478200025,Sri Muktsar Sahib,Punjab,"9,814,201,669",10,PB04U0525
Darvesh Bus Service (MKS),9478200025,Sri Muktsar Sahib,Punjab,"9,814,201,669",10,PB30D1678
Ali Bus Service,9424490786,Betul,Madhya Pradesh,"7,987,327,084",1,
Narayan Travels,9424979368,Balaghat,Madhya Pradesh,"8,305,999,978",1,MP20PA0959
Ankit Tiwari,7268935188,Prayagraj,Uttar Pradesh,"9,519,038,043",1,UP72AT0102
VIKASH RANJAN,8789811542,Gaya,Bihar,"6,393,664,106",1,BR02PB6780
Neeraj Mittal,8868884474,Meerut,Uttar Pradesh,"8,081,725,226",20,UP15DT1974
Kaushal Travels,9425138654,Balaghat,Madhya Pradesh,"7,987,327,084",3,MP50P3054
Captain Bus Service,6230994110,Hamirpur,Himachal Pradesh,"8,219,990,300",1,HP74B4110
Narwal Bus Service,9050043688,Panipat,Haryana,"9,996,295,954",1,HR67B1428
Chouhan Travels,9893791208,Jhabua,Madhya Pradesh,"7,697,352,660",1,MP17P0751
Ambika Tavels,9660693425,,,"8,058,299,803",2,RJ18PA8166
Priyanshi Travels,9587535351,Alwar,Rajasthan,0,5,RJ37PA3322
M J Bhati Travelers,8118838768,,,"8,058,299,803",3,AR06B4720
Chaudhary Travels Baana,9784222025,,,0,3,RJ07PA9357
Baladia Bus Service,8209472311,,,"8,750,710,855",4,RJ02PA4400
Surya Travels,7007734718,Ayodhya,Uttar Pradesh,"8,005,100,830",1,UP42AT8764
Om Coach,8295333864,Panipat,Haryana,"9,996,295,954",2,HR69E0028
Om Coach,8295333864,Panipat,Haryana,"9,996,295,954",2,HR69E0024
Ashok Bus Service,9414418844,,,0,15,RJ35PA0825
Baladia Bus Service,8209472311,,,"8,750,710,855",4,RJ02PA4075
Ashok Bus Service,9414418844,,,0,15,RJ27PA8197
Ashok Bus Service,9414418844,,,0,15,RJ35PA0790
V.K. Nandu Travels,7976840113,,,"9,887,005,855",4,RJ07PB5577
Ashok Bus Service,9414418844,,,0,15,RJ12PA6448
Ashok Bus Service,9414418844,,,0,15,RJ27PB7155
Ashok Bus Service,9414418844,,,0,15,RJ47PA0841
Chaudhary Travels Baana,9784222025,,,0,1,RJ07PA8696
Panwar Travels,9798487424,,,"8,058,299,803",5,BR28P3261
Panwar Travels,9798487424,,,"8,058,299,803",5,RJ30PA4444
Panwar Travels,9798487424,,,"8,058,299,803",5,RJ27PC1818
Advance Tpt Service,9418079911,Kangra,Himachal Pradesh,"8,427,665,807",1,HP682412
Shree Ganesh Travels,8947896332,,,"8,963,055,868",18,AR06A8863
Priyanshi Travels,9587535351,Alwar,Rajasthan,0,5,RJ32PA2763
Shree Janta Tour & Travels,9928715386,,,0,12,RJ27PB1499
Kn Travel,6378653527,,,"7,042,099,979",1,RJ29PA0728
Veer Gurjar Travels,8104530419,Bikaner,Rajasthan,0,1,RJ07PA8631
Kanchan Mishra,7800014873,Prayagraj,Uttar Pradesh,"9,717,101,668",1,
Gurunanak Travels,9414957781,,,"9,166,533,257",10,RJ17PA3199
Sonu Bus Service,9001242769,Pratapgarh,Rajasthan,"9,887,005,855",11,RJ35PA0739
Shree Mahaveer Travels,9829239940,,,"8,058,299,803",2,AR11B8351
Shree Mahaveer Travels,9829239940,,,"8,058,299,803",2,AR01T9921
M/S JFCS JAIMANGLA FIRM COMMUNITY SERVICES,7903591350,Gaya,Bihar,"8,285,409,320",10,JH13B6189
M/S JFCS JAIMANGLA FIRM COMMUNITY SERVICES,7903591350,Gaya,Bihar,"8,285,409,320",10,BR02PB6202
M/S JFCS JAIMANGLA FIRM COMMUNITY SERVICES,7903591350,Gaya,Bihar,"8,285,409,320",10,BR02PC2588
M/S JFCS JAIMANGLA FIRM COMMUNITY SERVICES,7903591350,Gaya,Bihar,"8,285,409,320",10,BR02PB6205
M/S JFCS JAIMANGLA FIRM COMMUNITY SERVICES,7903591350,Gaya,Bihar,"8,285,409,320",10,BR02PC2379
Kaila Devi Express,9828429790,Sri Ganganagar,Rajasthan,0,2,RJ10PA6391
Satguru Travels,8222829722,,,"8,750,710,855",7,Hr628630
Chandra Raj Travels,9829071302,,,"8,750,710,855",7,RJ09PC0531
Shivam Bus Service,7424842430,,,"9,887,005,855",5,RJ35PA1152
Sonu Bus Service,9001242769,Pratapgarh,Rajasthan,"9,887,005,855",11,RJ35PA0614
Sonu Bus Service,9001242769,Pratapgarh,Rajasthan,"9,887,005,855",11,RJ35PA0738
Sonu Bus Service,9001242769,Pratapgarh,Rajasthan,"9,887,005,855",11,RJ09PB4121
Mundel Travels,7976999630,,,"9,521,650,546",2,RJ21PA2984
Salasar Vaishnav Travels,9799801588,,,"8,955,697,982",1,RJ19PB6996
M/S JFCS JAIMANGLA FIRM COMMUNITY SERVICES,7903591350,Gaya,Bihar,"8,285,409,320",10,BR02PC1737
Abhishek Apnibus Travel,9816110804,,Himachal Pradesh,"8,506,042,002",1,
Kaila Devi Express,9828429790,Sri Ganganagar,Rajasthan,0,2,RJ18PB2509
Sonu Bus Service,9001242769,Pratapgarh,Rajasthan,"9,887,005,855",11,RJ09PA5431
Sonu Bus Service,9001242769,Pratapgarh,Rajasthan,"9,887,005,855",11,RJ09PA5281
Sonu Bus Service,9001242769,Pratapgarh,Rajasthan,"9,887,005,855",11,RJ09PA5225
Kochar Bus Service,9414033061,Sri ganaganagar,Rajasthan,"8,000,304,871",3,RJ13PA8260
Ajay Dholawas,7240660852,,Rajasthan,"7,042,099,979",1,RJ29PA1406
Keladevi Express,9414721351,Dausa,Rajasthan,"7,042,099,979",3,RJ09PA5600
Keladevi Express,9414721351,Dausa,Rajasthan,"7,042,099,979",3,RJ25PA1696
Keladevi Express,9414721351,Dausa,Rajasthan,"7,042,099,979",3,RJ09PA3633
Shree Mahaveer Travels Jaipur,9518625338,,,"8,058,299,803",3,RJ18PB0077
Shree Mahaveer Travels Jaipur,9518625338,,,"8,058,299,803",3,AR01Q0501
Sarvesh Aapni Bus Travel ,7052584981,,,"7,052,584,981",1,UP53DEMO
Munjal Travels,9417592421,Sri Ganganagar,Rajasthan,0,8,RJ13PA7636
Shagun Travels,9855478880,,,"8,058,299,803",5,AR01N0436
Jai Bhawani Travels,9829039592,,,"7,691,878,007",2,RJ20PB2427
Jai Bhawani Travels,9829039592,,,"7,691,878,007",2,RJ08PB0045
Deepak Singh Devera,9667758288,Kota,Rajasthan,"9,166,477,977",1,RJ20PB1725
Charbhuja Travels,9799668896,,,"9,887,005,855",5,RJ35PA0724
Charbhuja Travels,9799668896,,,"9,887,005,855",5,RJ35PA1189
Charbhuja Travels,9799668896,,,"9,887,005,855",5,RJ09PA3786
Charbhuja Travels,9799668896,,,"9,887,005,855",5,RJ09PB1044
Charbhuja Travels,9799668896,,,"9,887,005,855",5,RJ35PA1044
Blue City,7023700681,,,"8,955,697,982",2,AR11E0021
Parashar Travels,6376739491,Bharatpur,Rajasthan,0,7,RJ05PA3722
M/S JFCS JAIMANGLA FIRM COMMUNITY SERVICES,7903591350,Gaya,Bihar,"8,285,409,320",10,BR02PB7021
M/S JFCS JAIMANGLA FIRM COMMUNITY SERVICES,7903591350,Gaya,Bihar,"8,285,409,320",10,BR02PB9545
M/S JFCS JAIMANGLA FIRM COMMUNITY SERVICES,7903591350,Gaya,Bihar,"8,285,409,320",10,BR02PC2201
Pradeep Bus Service,9522141111,Jhabua,Madhya Pradesh,"9,589,428,193",2,MP09FA8014
Sarvesh Aapni Bus Travel ,7052584981,,,"7,052,584,981",1,
Om Shanti Travels,8949596909,,,"9,887,005,855",15,RJ09PA2297
Hema Ram Ji,9079016706,,,"8,441,987,775",1,RJ21PA3919
Munjal Travels,9417592421,Sri Ganganagar,Rajasthan,0,8,RJ13PA5628
Teekam Meena,9782651623,Dausa,Rajasthan,"7,042,099,979",1,RJ29PA2392
Parashar Travels,6376739491,Bharatpur,Rajasthan,0,7,RJ05PA3381
Jai Shiv Shankar,9828759326,Udaipur,Rajasthan,"9,887,005,855",4,RJ03PA4604
Sukhmani Bus Service,9464152455,Bathinda,Punjab,"9,877,674,046",1,PB03AJ2309
Pradeep Bus Service,9522141111,Jhabua,Madhya Pradesh,"9,589,428,193",2,MP45ZG9922
Sk Travels Shahpura,9828120421,,,"9,785,293,759",2,RJ51PA0618
Jhala Travels,7014156649,,,0,8,RJ27PA7228
Sishodiya,9982100700,,,"9,166,477,977",2,MP31P0801
Jay Bhawani Bus Service,9929283417,,,"7,737,765,533",1,RJ50PA0773
Rahul Travels,7737000010,,,"8,058,299,803",2,RJ14PE0555
Shiva Bus,9588289127,,,"9,166,477,977",8,RJ20PB1643
Purshottam Bus Service,9799782823,,,"9,887,005,855",12,RJ35PA1246
Kr Jakhar Travels,7874635601,Barmer,Rajasthan,"8,963,055,868",1,RJ04PA8695
Shaheli Bus,7891254671,Dausa,Rajasthan,"7,042,099,979",2,RJ29PA1113
Shree Mahaveer Travels,9829239940,,,"8,058,299,803",4,RJ23PB2281
RK Bus Service,6367803578,Sri Ganganagar,Rajasthan,"9,772,283,812",1,RJ13PA6733
APNIBUS PAYTM,8889385583,,,"8,393,990,942",1,DEMOPAYTM
Chaudhary Bus Service,6375758317,,,"9,610,835,788",4,RJ27PA8467
Chandra Raj Travels,9664309229,,,"8,955,697,982",1,RJ19PB2768
Ramparkash,8696560784,,,"9,521,650,546",1,RJ37PA3097
Shivam Bus Service,7424842430,,,"9,887,005,855",5,RJ35PA1295
Mundra Travels,8118877224,,,0,2,RJ09PA9101
Mundra Travels,8118877224,,,0,2,RJ09PB2001
Jaiswal Travels,9784529471,,,"9,887,005,855",1,RJ27PB1903
Kochar Bus Service,9414033061,Sri ganaganagar,Rajasthan,"8,000,304,871",3,RJ13PA8855
Shrinath Travels Nakoda,9414155282,,,"9,887,005,855",4,AR01T1686
Janta Shatabdi Travels,9314960571,,,"8,058,299,803",5,RJ05PA5377
Sanjay Travels,9784122711,,,"9,166,477,977",1,RJ14PD5208
Kedar Singh,9456920502,Agra,Uttar Pradesh,"9,897,890,255",1,UP83BT1806
Sisai Bus Service,9054257000,Hisar,Haryana,"9,812,145,824",1,CH02AA5007
Yogeshdhawan Apnibus,8741969313,,,"8,741,969,313",1,RJ29DAMO
Shrinath Travels Nakoda,9414155282,,,"9,887,005,855",4,AR01T1886
Pinky Travels,9602608427,,,"9,610,835,788",2,RJ50PB0395
Shagun Travels,9855478880,,,"8,058,299,803",5,RJ18PB2032
Purshottam Bus Service,9799782823,,,"9,887,005,855",12,RJ35PA1202
Parashar Travels,6376739491,Bharatpur,Rajasthan,0,7,RJ29PA2520
Chandra Raj Travels,9664309229,,,"8,955,697,982",24,AR01T6401
Chandra Raj Travels,9664309229,,,"8,955,697,982",24,RJ07PB9122
Chandra Raj Travels,9664309229,,,"8,955,697,982",24,RJ18PB1341
Chandra Raj Travels,9664309229,,,"8,955,697,982",24,RJ19PB0189
Shree Mahadev Travels,9829370822,Nagaur,Rajasthan,"8,058,299,803",1,RJ18PA8808
Chhabra Travels,9424904444,Dhar,Madhya Pradesh,"7,974,097,527",2,MP45ZG9233
Chhabra Travels,9424904444,Dhar,Madhya Pradesh,"7,974,097,527",2,MP11P0758
Jhala Travels,7014156649,,,0,8,RJ27PA3906
Om Travels,8386824547,,,"8,955,697,982",7,RJ06PA6697
Shivam Bus Service,7424842430,,,"9,887,005,855",5,RJ35PA1212
Shivam Bus Service,7424842430,,,"9,887,005,855",5,RJ35PA0209
Barmer Travels,7597578112,,,"8,963,055,868",6,AR01S4747
Sisodiya Travels,9024862022,,,"9,166,533,257",3,RJ20PB2050
Choudhary Travels,9079349087,Pratapgarh,Rajasthan,"7,697,352,660",1,MP43ZH3620
Karanvir Singh,9815807455,Kapurthala,Punjab,"7,717,425,499",1,PB10JJ8885
Mansuri Travels Badgaon Kota,8003652500,,,"9,166,477,977",1,RJ08PA2312
Shiva Bus,9588289127,,,"9,166,477,977",8,RJ20PB0790
Barmer Travels,7597578112,,,"8,963,055,868",6,AR01Q3747
Mundra Travels,8118877224,,,0,1,RJ09PB5455
Sisodiya Travels,9024862022,,,"9,166,533,257",3,RJ17PA3433
Heera Lal Apni Bus Travel,8569981305,,,"8,569,981,305",1,HR76DEMO
Kundu Bus Service,9138383848,Rohtak,Haryana,"9,315,883,000",1,HR56B1974
Shiva Bus,9588289127,,,"9,166,477,977",8,RJ20PB1878
Shiva Bus,9588289127,,,"9,166,477,977",8,RJ12PA4385
Shiva Bus,9588289127,,,"9,166,477,977",8,RJ17PA1547
New Purshottam Bus Service,9460057684,,,"9,887,005,855",1,RJ35PA2786
Barmer Travels,7597578112,,,"8,963,055,868",6,RJ04PA3147
Chandra Raj Travels,9664309229,,,"8,955,697,982",24,RJ19PB2122
Chandra Raj Travels,9664309229,,,"8,955,697,982",24,RJ18PB1600
Chandra Raj Travels,9664309229,,,"8,955,697,982",24,NL01B1462
Chandra Raj Travels,9664309229,,,"8,955,697,982",24,RJ18PB0626
Vivek Choudhary,7742153310,Udaipur,Rajasthan,"7,230,850,582",1,NL07B0690
Shivam Apnibus Travel,9955688153,Pilibhit,Uttar Pradesh,"9,955,688,153",1,UP25DEMO
Afsar Tour And Travels,8577850185,Prayagraj,Uttar Pradesh,"9,717,101,668",1,UP70HT0323
DEMO Apnibus,8875476060,Gurugram,Haryana,"9,711,575,088",1,
Puri Bus Service,7018766026,Solan,Himachal Pradesh,"8,219,618,713",1,HP64A9934
Rudra Bus Service,9816100975,Una,Himachal Pradesh,"9,878,835,391",1,HP19F1119
Om Travels,8386824547,,,"8,955,697,982",7,UP80ET1425
कैलादेवी एक्सप्रेस,8824444964,Sawai Madhopur,Rajasthan,"8,741,969,313",1,RJ14PE1044
Shree Janta Tour & Travels,9928715386,,,0,12,RJ27PA8871
Shiva Bus,9588289127,,,"9,166,477,977",8,RJ20PB1410
Mundra Travels,8118877224,,,0,3,RJ09PB0711
Chandra Raj Travels,9664309229,,,"8,955,697,982",24,RJ18PB1200
Chandra Raj Travels,9664309229,,,"8,955,697,982",24,AR11C2877
Chandra Raj Travels,9664309229,,,"8,955,697,982",24,RJ49PS0938
Vaibhav Chauhan Apni Bus Travel,9335331848,,,"9,335,331,848",1,UP76DEMO
Yadav Travels,9826930333,Ujjain,Madhya Pradesh,"7,697,352,660",1,MP13P3331
GKR & GSK Bus Service,9815946937,Gurdaspur,Punjab,"9,041,995,581",1,PB30N8278
RAWAL COACH,9815798353,Panchkula,Haryana,"8,685,977,952",9,HR68B9888
Deepak Apni Bus Travels,7737058645,,,"7,737,058,645",1,RJ06DEMO1
S Kumar Bus Service Lanji,9425822568,Balaghat,Madhya Pradesh,"8,305,999,978",4,MP50ZG3868
S Kumar Bus Service Lanji,9425822568,Balaghat,Madhya Pradesh,"8,305,999,978",4,MP50P2868
Guru Kirpa Bus Service,9814400579,Firozpur,Punjab,"9,814,201,669",2,PB03X2625
Guru Kirpa Bus Service,9814400579,Firozpur,Punjab,"9,814,201,669",2,PB05AS2625
Lucky Tour And Travels,7878963040,,,"7,014,329,821",2,RJ18PB0142
Chouhan Travels,9414771764,,,"9,166,533,257",4,RJ17PA1122
Mundra Travels,8118877224,,,0,3,RJ27PB0229
Mundra Travels,8118877224,,,0,3,RJ30PA5000
Purshottam Bus Service,9799782823,,,"9,887,005,855",12,RJ35PA0786
Ashok Bus Service,9414418844,,,0,15,RJ35PA0824
Barmer Travels,7597578112,,,"8,963,055,868",6,AR01Q0151
Barmer Travels,7597578112,,,"8,963,055,868",6,AR01Q0555
Chandra Raj Travels,9664309229,,,"8,955,697,982",24,AR11C2777
Chandra Raj Travels,9664309229,,,"8,955,697,982",24,RJ07PB1226
DIRENDER PRATAP SINGH,9839862011,Shravasti,Uttar Pradesh,"9,453,213,600",1,UP48T1914
Jodha Travels,9636218678,,,"8,441,987,775",1,RJ18PA8159
Tamana Tour And Travels,9549267455,,,"7,014,329,821",1,RJ14PE0248
Budiya Travels,9602570972,,,"9,610,835,788",1,RJ07PA3459
Ranthanbore Express,9772144544,,,0,3,RJ14PE5513
Munjal Travels,9417592421,Sri Ganganagar,Rajasthan,0,6,RJ18PA5858
Munjal Travels,9417592421,Sri Ganganagar,Rajasthan,0,6,RJ13PB0300
Beniwal Travels,7568684747,,,"8,963,055,868",9,RJ04PA6500
Barmer Travels,7597578112,,,"8,963,055,868",6,AR01R1947
Chandra Raj Travels,9664309229,,,"8,955,697,982",24,RJ19PB1527
Chandra Raj Travels,9664309229,,,"8,955,697,982",24,RJ19PB4941
Ma Umiya Travels,9753648851,Baloda Bazar,Chhattisgarh,"8,482,885,925",2,CG22M7382
Ma Umiya Travels,9753648851,Baloda Bazar,Chhattisgarh,"8,482,885,925",2,CG05J0482
Narayan Travels,9424979368,Balaghat,Madhya Pradesh,"8,305,999,978",1,MP50P0384
Sharma Travels,7669123181,Aligarh,Uttar Pradesh,"8,006,051,819",1,UP81FT7032
Khandelwal Travels,8889360111,Dhar,Madhya Pradesh,"1,493,369,528",7,MP11P1407
Shree Janta Tour & Travels,9928715386,,,0,12,RJ27PA2682
Shree Janta Tour & Travels,9928715386,,,0,12,RJ27PA2681
Keladevi Express,9414721351,Dausa,Rajasthan,"7,689,996,832",1,RJ14PF0389
Dhaka Transport Company,9929130503,Hanumangarh,Rajasthan,"8,107,303,491",3,RJ13PA7419
Kamal Singh Gurjar,9414185917,,,"7,042,099,979",2,RJ29TA0939
Dhardharwal Treval,8003421602,,,"7,042,099,979",1,RJ29PA1318
Pinky Travels,9983836415,Bikaner,Rajasthan,"9,610,835,788",2,RJ07PA8653
Chouhan Travels,9414771764,,,"9,166,533,257",4,RJ17PA0412
Purshottam Bus Service,9799782823,,,"9,887,005,855",12,RJ35PA6786
Purshottam Bus Service,9799782823,,,"9,887,005,855",12,RJ35PA5454
Purshottam Bus Service,9799782823,,,"9,887,005,855",12,RJ35PA1332
Purshottam Bus Service,9799782823,,,"9,887,005,855",12,RJ35PA1208
Purshottam Bus Service,9799782823,,,"9,887,005,855",12,RJ35PA5786
Purshottam Bus Service,9799782823,,,"9,887,005,855",12,RJ09PB0869
Purshottam Bus Service,9799782823,,,"9,887,005,855",12,RJ35PA1326
Siddh Baba Travels,7014119135,Dausa,Rajasthan,"9,571,349,967",1,RJ14PC9020
Dhaka Transport Company,9929130503,Hanumangarh,Rajasthan,"8,107,303,491",3,RJ13PB3151
The Sushil Travels India,9643443391,Gurugram,Haryana,"8,569,981,305",1,UP81DT3914
Ranabai Travals,9983132285,,,"8,441,987,775",2,RJ37PA5100
Bishnoi Travel,9983385027,Bikaner,Rajasthan,"8,750,710,855",1,RJ07PB1639
Choudhary Travels,9785279017,,,"8,058,299,803",4,RJ21PA1521
Choudhary Travels,9785279017,,,"8,058,299,803",4,RJ09PA4519
Pinky Travels,9983836415,Bikaner,Rajasthan,"9,610,835,788",2,RJ07PB8653
Ranthanbore Express,9772144544,,,0,3,RJ14PE5789
Samrathal Travels,9166547166,,,"7,737,765,533",2,RJ50PA0670
Ranbanka Tours & Travels,9414831383,,,"9,887,005,855",3,RJ12PA1852
Devraj Travels,7742386621,,,"9,887,005,855",5,RJ35PA1233
Chandrawat Travels,9982546751,Kota,Rajasthan,0,2,RJ20PB1678
V.K Jain Travels,9772404245,,,"8,955,697,982",10,RJ19PB2939
Beniwal Travels,7568684747,,,"8,963,055,868",9,RJ19PB6177
Beniwal Travels,7568684747,,,"8,963,055,868",9,AR06A9088
Ask Bhai Bhai Travels,9772612671,Churu,Rajasthan,"8,750,710,855",6,RJ19PA7517
Ask Bhai Bhai Travels,9772612671,Churu,Rajasthan,"8,750,710,855",6,RJ19PB1866
Rathore Travels,9799424652,,,0,5,RJ10PA7152
Vishal Travels,7807641000,Shimla,Himachal Pradesh,"8,278,786,847",2,HP63A1891
Vishal Travels,7807641000,Shimla,Himachal Pradesh,"8,278,786,847",2,HP633171
Deepu Transport,9816107600,Sirmaur,Himachal Pradesh,"8,278,786,847",2,HP712593
Deepu Transport,9816107600,Sirmaur,Himachal Pradesh,"8,278,786,847",2,HP711320
Dhaka Transport Company,9929130503,Hanumangarh,Rajasthan,"8,107,303,491",3,RJ13PA7282
Sharma Bus Service,8619832600,,,"8,952,998,194",1,RJ02PA4127
Ranabai Travals,9983132285,,,"8,441,987,775",2,RJ37PA1194
Lucky Travels,9460956264,,,"7,014,329,821",3,RJ18PB2867
Choudhary Travels,9785279017,,,"8,058,299,803",4,RJ23PB1521
Ranthanbore Express,9772144544,,,0,3,RJ14PC1697
Roopam Travels,9509934153,,,"7,737,765,533",2,RJ50PA0423
Roopam Travels,9509934153,,,"7,737,765,533",2,RJ50PA0725
Sailani Tours & Travels,9414111352,,,0,1,MP44P0313
Shree Ganesh Travels Vr,9784386217,,,"8,963,055,868",13,AR01T8298
Sumit Kumar Meena,9680003852,,,"7,042,099,979",3,RJ14PE2872
Sumit Kumar Meena,9680003852,,,"7,042,099,979",3,RJ29PA1547
Devraj Travels,7742386621,,,"9,887,005,855",5,RJ35PA1344
Devraj Travels,7742386621,,,"9,887,005,855",5,RJ35PA1246
Virat Travels,9413528812,,Rajasthan,0,6,RJ50PB0041
Shivhare Travels,7898722348,Narmadapuram,Madhya Pradesh,"7,000,771,571",9,MP05P0433
Shivhare Travels,7898722348,Narmadapuram,Madhya Pradesh,"7,000,771,571",9,MP05ZB2212
Shivhare Travels,7898722348,Narmadapuram,Madhya Pradesh,"7,000,771,571",9,MP05P0308
Om Shanti Travels,8949596909,,,"9,887,005,855",15,RJ09PA5379
Lucky Travels,9460956264,,,"7,014,329,821",3,RJ18PA5161
Chauhan Travels,9588296847,,,"9,610,835,788",3,RJ07PA2315
Chauhan Travels,9588296847,,,"9,610,835,788",3,RJ10PA6186
Shree Ganesh Travels Vr,9784386217,,,"8,963,055,868",13,RJ39PA1748
V.K Jain Travels,9772404245,,,"8,955,697,982",10,RJ27PB7155
Beniwal Travels,7568684747,,,"8,963,055,868",9,RJ19PB5555
Rathore Travels,9799424652,,,0,5,RJ19PA5509
Rathore Travels,9799424652,,,0,5,RJ10PA6102
Mahamaya Travels,9826515904,Baloda Bazar,Chhattisgarh,"8,482,885,925",2,CG22M7326
Mahamaya Travels,9826515904,Baloda Bazar,Chhattisgarh,"8,482,885,925",2,CG22B0326
Shivhare Travels,7898722348,Narmadapuram,Madhya Pradesh,"7,000,771,571",9,MP05ZE0466
Om Shanti Travels,8949596909,,,"9,887,005,855",15,RJ09PA5376
Kanshana Travels,9413107325,Bharatpur,Rajasthan,"8,118,879,223",3,RJ29PA2224
Padega Tervals,9783471627,,,"9,166,477,977",1,RJ20PB0759
Maa Ashapura Travels,9828141927,,,"9,887,005,855",2,RJ12PA0950
Saini Tours And Travels,6375286241,,,"9,887,005,855",1,RJ27PA7014
Shaktawat Bus Service Bhindar,9521323903,,,"9,887,005,855",3,RJ27PB5018
Shaktawat Bus Service Bhindar,9521323903,,,"9,887,005,855",3,RJ27PB2425
Shaktawat Bus Service Bhindar,9521323903,,,"9,887,005,855",3,RJ06PA5678
Shree Ganesh Travels Vr,9784386217,,,"8,963,055,868",13,AR0I8298
Gurunanak Travels,9414957781,,,"9,166,533,257",10,RJ27PA1460
Devraj Travels,7742386621,,,"9,887,005,855",5,RJ03PA3411
Devraj Travels,7742386621,,,"9,887,005,855",5,RJ03PA5405
Sonu Bus Service,9001242769,Pratapgarh,Rajasthan,"9,887,005,855",11,RJ35PA1285
Sonu Bus Service,9001242769,Pratapgarh,Rajasthan,"9,887,005,855",11,RJ35PA1280
Chaudhary Bus Service,6375758317,,,"9,610,835,788",4,RJ07PB1592
Virat Travels,9413528812,,Rajasthan,0,6,RJ44PA0279
Rathore Travels,9799424652,,,0,5,RJ46PA2110
Shivhare Travels,7898722348,Narmadapuram,Madhya Pradesh,"7,000,771,571",9,MP05P0329
Kangra Ex Service Man Tpt Co,8219950778,Kangra,Himachal Pradesh,"7,018,809,624",1,HP68A3035
Choudhary Anand Travels,9829640451,Sri Ganganagar,Rajasthan,"8,750,710,855",2,RJ13PB2529
So Dharniya Travels,7690902935,,,"9,610,835,788",1,RJ07PA9374
DTC,9983150521,Alwer,Rajasthan,0,1,RJ32PA2511
Sk Tour And Travels,9928518757,,,"8,058,299,803",2,RJ14PF6975
Kissan Bus Service,9571226826,,,"7,014,329,821",1,RJ18PA4313
Chaturvedi Travels,9414223521,Bharatpur,Rajasthan,"7,023,234,803",4,RJ05PA3434
Chaturvedi Travels,9414223521,Bharatpur,Rajasthan,"7,023,234,803",4,RJ05PA2725
Chaturvedi Travels,9414223521,Bharatpur,Rajasthan,"7,023,234,803",4,RJ05PA3302
Gajanand Travels,6350463341,,,"7,737,765,533",1,RJ19PA6429
Bhati Travels,9829619152,,,"9,887,005,855",1,RJ27PA6560
Chauhan Travels,9588296847,,,"9,610,835,788",3,RJ07PB0975
Sishodiya,9982100700,,,"9,166,477,977",10,AR01T0494
Sishodiya,9982100700,,,"9,166,477,977",10,RJ06PB2494
Sishodiya,9982100700,,,"9,166,477,977",10,MP07ZG9396
Shree Ganesh Travels Vr,9784386217,,,"8,963,055,868",13,ARO1S1328
Virat Travels,9413528812,,Rajasthan,0,6,RJ07PB1255
V.K Jain Travels,9772404245,,,"8,955,697,982",10,RJ18PB5499
Mayur Travels,8003650370,,,"9,772,776,236",3,RJ22PA2988
Rathore Travels,9799424652,,,0,5,RJ07PA8878
Pawan Pannalal Jaiswal,9405042000,Harda,Madhya Pradesh,"9,405,042,000",1,MP47ZD9027
Naina Travels,8580870004,Mandi,Himachal Pradesh,"8,219,990,300",1,HP68B0160
Khan Travels,6375326576,Bikaner,Rajasthan,0,1,RJ13PB1386
Ashok Bus Service,9414418844,,,0,2,RJ35PA2925
B.G Travels,9799057603,,,"7,023,234,803",4,RJ05PA5452
B.G Travels,9799057603,,,"7,023,234,803",4,RJ05PA3757
Lakhlan Bus Service,9928611284,,,"8,750,710,855",1,RJ18PA7555
Rakesh Bus Service,8952088806,,,"9,166,477,977",8,RJ20PB1711
Krishna Motors,9950254715,,,"9,887,005,855",2,RJ06PA5678
Sailani Tours & Travels,9414111352,,,0,15,RJ09PA3853
Sailani Tours & Travels,9414111352,,,0,15,RJ09PA5353
Virat Travels,9413528812,,Rajasthan,0,6,RJ07PB1262
V.K Jain Travels,9772404245,,,"8,955,697,982",10,RJ27PC1500
Mayur Travels,8003650370,,,"9,772,776,236",3,RJ22PA3400
Mayur Travels,8003650370,,,"9,772,776,236",3,RJ24PA3202
Kaushal Travels,9425138654,Balaghat,Madhya Pradesh,"7,987,327,084",2,MP50P4154
Kaushal Travels,9425138654,Balaghat,Madhya Pradesh,"7,987,327,084",2,MP50P3154
SHARMA TRAVELS,7838275055,Aligarh,Uttar Pradesh,"8,006,051,819",1,UP81FT7034
Sharma Travels,9414415877,Sawai Madhopur,Rajasthan,"8,058,299,803",6,RJ34PA5051
Deepak Singh Devera,9667758288,Kota,Rajasthan,"9,166,477,977",4,RJ20PB1605
Krishna Butati Dham,9610314120,,,"8,441,987,775",1,RJ21PA1761
Kanshana Travels,9413107325,Bharatpur,Rajasthan,"8,118,879,223",3,RJ29PA3105
Kumawat Travels,6376899211,,,"7,737,765,533",2,RJ19PB1072
Jabasariya Bus Service,9509674140,,,"7,014,329,821",2,RJ18PA2041
Janta Travels,9928455596,,,"9,887,005,855",2,RJ12PA6538
Siddhivinayak Bus,9950231792,,,"9,887,005,855",1,RJ12PA6555
Ntc Travels,9829977790,,,"8,058,299,803",6,NL07B1161
G.S Sodha Travels,9460128024,Barmer,Rajasthan,0,3,RJ07PA5527
Gorisya Travels,9460369401,,,"8,963,055,868",10,RJ19PC3535
Gorisya Travels,9460369401,,,"8,963,055,868",10,AR01T4141
Naveen Travels,8432139016,,,"8,058,299,803",4,RJ23PB4884
Daleep Singh Tanwar,9460075754,Bikaner,Rajasthan,0,3,RJ21PA3011
Bhadu Travels,7413908926,,,"7,737,765,533",1,RJ07PA5387
Shree Malinath,9928162850,,,"8,963,055,868",7,AR01T9652
Ranawat Travels,9928942152,Udaipur,Rajasthan,0,10,RJ27PA8871
Ranawat Travels,9928942152,Udaipur,Rajasthan,0,10,RJ27PB3276
Ranawat Travels,9928942152,Udaipur,Rajasthan,0,10,AR06B6949
Ranawat Travels,9928942152,Udaipur,Rajasthan,0,10,RJ27PC1474
Ranawat Travels,9928942152,Udaipur,Rajasthan,0,10,RJ27PB1499
Ranawat Travels,9928942152,Udaipur,Rajasthan,0,10,RJ27PB4595
Sailani Tours & Travels,9414111352,,,0,15,RJ09PA7323
Sailani Tours & Travels,9414111352,,,0,15,RJ09PB5723
Sailani Tours & Travels,9414111352,,,0,15,RJ09PA3923
Sailani Tours & Travels,9414111352,,,0,15,RJ09PA1705
Kaushal Travels,9425138654,Balaghat,Madhya Pradesh,"7,987,327,084",3,MP50P0321
शिवम ट्रेवल्स,9926161664,Datia,Madhya Pradesh,"9,630,086,892",1,MP32P0782
Munjal Travels,9417592421,Sri Ganganagar,Rajasthan,0,8,RJ13PA8035
Sahnelata Tour & Travels,9413601291,,,"8,963,055,868",3,RJ18PB1112
Ranawat Travels,9928942152,Udaipur,Rajasthan,0,10,RJ27PA1611
Shaktawat Travels,9694193761,,,"9,887,005,855",4,RJ09PA5529
Sailani Tours & Travels,9414111352,,,0,15,RJ09PC2223
Kaushal Travels,9425138654,Balaghat,Madhya Pradesh,"7,987,327,084",3,MP50P2554
Kaushal Travels,9425138654,Balaghat,Madhya Pradesh,"7,987,327,084",3,MP50P0322
Kamaljit Kumar,8968181689,Ludhiana,Punjab,"9,878,835,391",1,PB03AJ8512
G.S Sodha Travels,9460128024,Barmer,Rajasthan,0,3,RJ19PB1101
Naveen Travels,8432139016,,,"8,058,299,803",4,RJ18PA7617
M J Bhati Travelers,8118838768,,,"8,058,299,803",3,MP09FA9718
M J Bhati Travelers,8118838768,,,"8,058,299,803",3,RJ18PB1082
Sailani Tours & Travels,9414111352,,,0,15,RJ09PA5701
Sailani Tours & Travels,9414111352,,,0,15,RJ09PA3299
Sailani Tours & Travels,9414111352,,,0,15,RJ09PA2011
Kr Jakhar Travels,7874635601,Barmer,Rajasthan,"8,963,055,868",4,RJ18PA5845
MR Gorsiya Filling Station,6375065751,Barmer,Rajasthan,"9,799,862,695",1,RJ04PA8585
Khichar Bus Service,9887485262,,,"9,610,835,788",1,RJ21PA3433
Janta Travels,9928455596,,,"9,887,005,855",2,RJ27PA2552
Choudhary Travels,9929382299,,,"8,963,055,868",6,RJ19PC1199
Ntc Travels,9829977790,,,"8,058,299,803",6,RJ27PB7055
Roopam Travels,9166373803,,,"7,737,765,533",1,RJ50PA1604
Sahnelata Tour & Travels,9413601291,,,"8,963,055,868",3,AR06B4652
Sahnelata Tour & Travels,9413601291,,,"8,963,055,868",3,GJ14X5004
Gorisya Travels,9460369401,,,"8,963,055,868",10,AR01T1313
Naveen Travels,8432139016,,,"8,058,299,803",4,RJ18PB4141
Rakesh Bus Service,8952088806,,,"9,166,477,977",8,RJ20PA9454
Rakesh Bus Service,8952088806,,,"9,166,477,977",8,RJ20PA9658
Rakesh Bus Service,8952088806,,,"9,166,477,977",8,RJ20PB1703
Ranawat Travels,9928942152,Udaipur,Rajasthan,0,10,RJ27PA2682
Ranawat Travels,9928942152,Udaipur,Rajasthan,0,10,MP44ZB9711
Sailani Tours & Travels,9414111352,,,0,15,RJ09PA6654
Pawan Travels,7089038297,Balaghat,Madhya Pradesh,"8,305,999,978",1,MP50ZB6836
Balaji Travels,9828894281,,,"7,042,099,979",2,RJ32PA1970
Deewana Travel,9829300306,,,"9,785,293,759",2,RJ27PB0917
Shah,9001656033,,,"9,166,477,977",2,RJ20PB1736
Radhe Krishna Travels,7043645857,,,"9,887,005,855",1,GJ01DY4245
Baser Bus,9414737353,,,"9,887,005,855",7,RJ27PB5440
Ntc Travels,9829977790,,,"8,058,299,803",6,NL07B8111
Surendra Singh Travel,9079739138,Dausa,Rajasthan,"7,042,099,979",1,RJ14PE7194
Rathore Bus Service,9610867400,,,"9,610,835,788",2,RJ19PB4344
Rathore Bus Service,9610867400,,,"9,610,835,788",2,RJ50PA0211
Sailani Tours & Travels,9414111352,,,0,15,RJ09PA5458
Sailani Tours & Travels,9414111352,,,0,15,RJ09PB0023
Kr Jakhar Travels,7874635601,Barmer,Rajasthan,"8,963,055,868",4,RJ04PB1579
Kr Jakhar Travels,7874635601,Barmer,Rajasthan,"8,963,055,868",4,RJ04PA2239
Bhagwati Travels,9587361010,,,"8,963,055,868",4,AR01T9797
Chahal Bus Service,8005679726,Hanumangarh,Rajasthan,"9,829,715,298",1,RJ13PB0072
SHIVAM TRAVELS,8171139813,Aligarh,Uttar Pradesh,"8,006,051,819",1,UP81FT6896
S K Travlers,9355410691,Jhajjar,Haryana,"9,315,883,000",1,HR69D3135
Afsar Tour And Travels,8577850185,Prayagraj,Uttar Pradesh,"9,717,101,668",1,UP42AT1226
Yadav Travels,9826930333,Ujjain,Madhya Pradesh,"7,697,352,660",9,MP13P8333
Shah,9001656033,,,"9,166,477,977",2,RJ20PA8543
Ntc Travels,9829977790,,,"8,058,299,803",6,NL07AB1881
Gorisya Travels,9460369401,,,"8,963,055,868",10,AR01Q4141
Shaktawat Travels,9694193761,,,"9,887,005,855",4,RJ09PA6980
Shaktawat Travels,9694193761,,,"9,887,005,855",4,RJ09PA5457
Sailani Tours & Travels,9414111352,,,0,15,RJ20PA5319
Kr Jakhar Travels,7874635601,Barmer,Rajasthan,"8,963,055,868",4,RJ19PB1589
V.K Jain Travels,9772404245,,,"8,955,697,982",10,AR20PB1371
BL Travels,6375413847,Barmer,Rajasthan,"9,799,862,695",1,RJ19PB2372
Gaurav Sharma ApniBus Trevel,8006352060,,,"8,006,352,060",1,UP12DEMO
Sharma Travels,9760084833,Aligarh,Uttar Pradesh,"8,006,051,819",1,UP81FT7030
Banty Travels,7908031316,,,"7,908,031,316",1,MP02DEMO
Deewana Travel,9829300306,,,"9,785,293,759",2,RJ35PA0297
Chundawat Travel,9636605989,,,"9,785,293,759",2,RJ06PA2922
Baser Bus,9414737353,,,"9,887,005,855",7,RJ24PA2578
Gorisya Travels,9460369401,,,"8,963,055,868",10,RJ19PB3939
Gorisya Travels,9460369401,,,"8,963,055,868",10,AR01T3838
V.K Jain Travels,9772404245,,,"8,955,697,982",10,RJ20PB1213
V.K Jain Travels,9772404245,,,"8,955,697,982",25,AR06B14658
V.K Jain Travels,9772404245,,,"8,955,697,982",25,AR01T1535
V.K Jain Travels,9772404245,,,"8,955,697,982",25,AR01T5063
Gur & Company,8982400006,Ujjain,Madhya Pradesh,"7,697,352,660",1,MP13ZC8366
The Ambala Bus Syndicate Pvt. Ltd. Ropar,7648800003,Chandigarh,Chandigarh,"8,750,710,855",3,PB12T2285
Sharma Travels,9414415877,Sawai Madhopur,Rajasthan,"8,058,299,803",6,RJ25PA1255
Deepak Singh Devera,9667758288,Kota,Rajasthan,"9,166,477,977",4,RJ20PB1735
Shiv Shakti Travels,7427814639,,,"9,785,293,759",5,RJ14PE8320
Vikram singh,8769700777,Bikaner,Rajasthan,"9,610,835,788",1,RJ07PA9291
Krishna Travels,9928764140,,,"9,887,005,855",1,RJ27PA1926
Karwasara Travels,8005630849,,,"9,610,835,788",1,RJ50PA0447
Bhadrakali Travels,9829465324,,,"9,887,005,855",4,RJ12PA4737
Choudhary Travels,9929382299,,,"8,963,055,868",1,AR01T1199
Rk Travels,9636677786,,,"9,654,376,961",5,RJ01PA3130
Yadav Tour And Travels,8875333999,,,"7,042,099,979",9,RJ19PC2668
Yadav Tour And Travels,8875333999,,,"7,042,099,979",9,RJ02PA2810
Ntc Travels,9829977790,,,"8,058,299,803",6,RJ53PA2999
Roopam Travels,9772505074,Bikaner,Rajasthan,"7,737,765,533",3,RJ07PA6926
V.K Jain Travels,9772404245,,,"8,955,697,982",10,AR01R2900
V.K Jain Travels,9772404245,,,"8,955,697,982",25,RJ20PB1214
V.K Jain Travels,9772404245,,,"8,955,697,982",25,AR01P7799
V.K Jain Travels,9772404245,,,"8,955,697,982",25,RJ19PB1456
Sharma Travels,9760084833,Aligarh,Uttar Pradesh,"8,006,051,819",2,UP81FT6893
Sharma Travels,9760084833,Aligarh,Uttar Pradesh,"8,006,051,819",2,UP81FT7037
Mahendar Travels,94144 2097,,,"9,166,533,257",3,RJ17PA2532
New Kapur Travelh,7891665034,,,"9,252,526,852",1,RJ02PA5639
Tamana Tour And Travels,9549267455,,,"7,014,329,821",1,RJ45PA0633
Saliu Travels,9783735411,,,"8,963,055,868",2,RJ07PB1274
Kumawat Bus Service,9549690696,,,"9,610,835,788",1,RJ50PA0032
Gajanand Travels,9982496280,,,0,1,RJ37PA2617
Sai Yatra Com.,7746018527,,,"9,166,477,977",15,RJ20PA9741
Bhadrakali Travels,9829465324,,,"9,887,005,855",4,RJ12PA3454
Yadav Tour And Travels,8875333999,,,"7,042,099,979",1,RJ29PA3285
Mateshwari,9828954015,,,"9,785,293,759",1,RJ06PA6952
Rajguru Travels,9414158925,,,"9,887,005,855",1,AR11C1179
Mateshwari Travals,9001297184,,,"8,441,987,775",1,RJ37PA1895
Sailani Tours & Travels,9414111352,,,0,4,RJ09PA6902
Shree Ganesh Travels,8947896332,,,"8,963,055,868",18,AR01T6888
Ranthanbore Express,9772144544,,,0,4,RJ14PC1698
Pinky Travels,9983836415,Bikaner,Rajasthan,"9,610,835,788",1,RJ07PA6673
Roopam Travels,9772505074,Bikaner,Rajasthan,"7,737,765,533",3,RJ50PA0657
Citizan Travels,9784475708,,,"9,166,533,257",7,RJ17PA1787
Gorisya Travels,9460369401,,,"8,963,055,868",10,RJ19PC3737
V.K Jain Travels,9772404245,,,"8,955,697,982",10,AR01T5062
V.K Jain Travels,9772404245,,,"8,955,697,982",25,RJ27PC1800
Vijay Transport,9754414437,Balrampur,Chhattisgarh,"8,770,340,280",2,CG15ED2672
Vijay Transport,9754414437,Balrampur,Chhattisgarh,"8,770,340,280",2,CG15DZ9704
Tiwari Travels,8875461494,,,"7,023,234,803",4,RJ05PA3822
Chaturvedi Travels,9414223521,Bharatpur,Rajasthan,"7,023,234,803",1,UP87T1714
Jai Bhawani Travels,9983731438,,,"8,963,055,868",1,RJ18PB1838
Gangour Travels,9571492356,,,"9,166,533,257",3,RJ17PA1154
Gangour Travels,9571492356,,,"9,166,533,257",3,RJ03PA4527
Gangour Travels,9571492356,,,"9,166,533,257",3,RJ17PA3065
Purohit Travel,9549995698,,,"9,785,293,759",2,RJ06PB1233
Saliu Travels,9783735411,,,"8,963,055,868",2,RJ13PA8163
Sai Yatra Com.,7746018527,,,"9,166,477,977",15,RJ20PB7299
Sai Yatra Com.,7746018527,,,"9,166,477,977",15,NL02B1001
Ramsnehi Travels,9414395451,,,"9,887,005,855",3,RJ27PB0674
Ramsnehi Travels,9414395451,,,"9,887,005,855",3,RJ37PA3777
Khetarpal Travels,9460861564,,,"7,737,765,533",1,RJ07PA8634
Khetarpal Travels,9460861564,,,"7,737,765,533",2,RJ07PB5537
Roopam Travels,9772505074,Bikaner,Rajasthan,"7,737,765,533",3,RJ19PA6325
Gorisya Travels,9460369401,,,"8,963,055,868",10,RJ04PA5523
V.K Jain Travels,9772404245,,,"8,955,697,982",25,RJ18PB5699
V.K Jain Travels,9772404245,,,"8,955,697,982",25,RJ46PA1521
V.K Jain Travels,9772404245,,,"8,955,697,982",25,RJ19PB1818
Shri Syam Travels,7297902001,Sri Ganganagar,Rajasthan,"9,610,161,200",1,RJ13PA8573
Sahun,8005523736,Alwar,Rajasthan,"7,240,080,687",1,RJ02PA5395
Tiwari Travels,8875461494,,,"7,023,234,803",4,RJ05PA3536
Kapoor Travels,9694069715,,,0,2,RJ02PA5822
Purohit Travel,9549995698,,,"9,785,293,759",2,RJ06PA6919
Ramsnehi Travels,9414395451,,,"9,887,005,855",3,RJ27PA7921
Yadav Tour And Travels,8875333999,,,"7,042,099,979",1,RJ29PA3180
Chandra Raj Travels,9664309229,,,"8,955,697,982",4,RJ19PB9057
Rajguru Travels,9414158925,,,"9,887,005,855",1,RJ27PC1661
Choudhary Travels,9950490330,,,"9,785,293,759",4,RJ51PA3737
Sailani Tours & Travels,9414111352,,,0,4,RJ09TB2233
Ranthanbore Express,9772144544,,,0,4,RJ18PA4124
Shree Mateshwari Bus Mangalwar,9929261238,,,"9,887,005,855",3,RJ09PA1188
Shree Mateshwari Bus Mangalwar,9929261238,,,"9,887,005,855",3,RJ27PC1288
Shree Mateshwari Bus Mangalwar,9929261238,,,"9,887,005,855",3,RJ27PA8841
V.K Jain Travels,9772404245,,,"8,955,697,982",25,AR01T7800
V.K Jain Travels,9772404245,,,"8,955,697,982",25,AR01T5014
V.K Jain Travels,9772404245,,,"8,955,697,982",25,AR01T1746
V.K Jain Travels,9772404245,,,"8,955,697,982",25,AR01P0117
Pahat Tour And Travels,9660802005,,,"8,952,998,194",2,RJ02PA6700D
Saran Bus Service,9799044402,,,"7,737,765,533",1,RJ32PA1988
Laxmi Travels,9414231540,,,"8,619,178,126",2,RJ23PA8561
Shree Hari Travels,9413601481,Hanumangarh,Rajasthan,"8,750,710,855",10,RJ49PA0963
Shree Hari Travels,9413601481,Hanumangarh,Rajasthan,"8,750,710,855",10,RJ49PA0249
Shree Hari Travels,9413601481,Hanumangarh,Rajasthan,"8,750,710,855",10,RJ49PA0479
Shree Hari Travels,9413601481,Hanumangarh,Rajasthan,"8,750,710,855",10,RJ49PA0265
Shree Hari Travels,9413601481,Hanumangarh,Rajasthan,"8,750,710,855",10,RJ49PA0090
Shree Hari Travels,9413601481,Hanumangarh,Rajasthan,"8,750,710,855",10,RJ49PA0088
Shree Hari Travels,9413601481,Hanumangarh,Rajasthan,"8,750,710,855",10,RJ49PA0083
Shree Hari Travels,9413601481,Hanumangarh,Rajasthan,"8,750,710,855",10,RJ49PA0075
Shree Hari Travels,9413601481,Hanumangarh,Rajasthan,"8,750,710,855",10,RJ49PA1054
Aasu Travels,9799947975,Sri Ganganagar,Rajasthan,"9,829,715,298",1,RJ07PB1251
Bhagnal Travels,9418087539,Solan,Himachal Pradesh,"8,278,786,847",10,HP64D3697
Vijendra,9584368330,Narmadapuram,Madhya Pradesh,"8,668,903,073",3,MP05P0410
RAWAL COACH,9815798353,Panchkula,Haryana,"8,685,977,952",9,HR68B2015
Suhag Laxmi Travels,9351359622,,,"8,952,998,194",1,RJ29PA3025
Kapoor Travels,9694069715,,,0,2,RJ02PA5320
Rajasthan Bus Service,9680578816,,,0,4,RJ14PE7237
I.B.M. Travels,9079045127,,,0,3,RJ07PA8435
I.B.M. Travels,9079045127,,,0,3,RJ07PA8433
Naveen Travels,8432139016,,,"8,058,299,803",4,RJ23PB4143
Naveen Travels,8432139016,,,"8,058,299,803",4,RJ18PB3161
Naveen Travels,8432139016,,,"8,058,299,803",4,RJ23PC0900
Naveen Travels,8432139016,,,"8,058,299,803",4,RJ14PF2106
Citizan Travels,9784475708,,,"9,166,533,257",7,MP14PA0176
Citizan Travels,9784475708,,,"9,166,533,257",7,RJ09PA3569
Citizan Travels,9784475708,,,"9,166,533,257",7,RJ17PA3000
Pinky Travels,9413389628,,,"9,610,835,788",1,RJ21PA3796
Shree Hari Travels,9413601481,Hanumangarh,Rajasthan,"8,750,710,855",5,RJ49PA1055
V.K. Nandu Travels,7976840113,,,"9,887,005,855",4,RJ07PB5853
V.K Jain Travels,9772404245,,,"8,955,697,982",25,RJ46PA1661
V.K Jain Travels,9772404245,,,"8,955,697,982",25,AR01T15365
M/S JFCS JAIMANGLA FIRM COMMUNITY SERVICES,7903591350,Gaya,Bihar,"8,285,409,320",10,BR02PB8682
Sirju Travellers,9829319007,,,"8,955,697,982",1,RJ19PA6268
Deepak Bus,9414705955,,,"6,375,903,107",1,RJ02PA5657
Neelkanth Travels,9414174657,,,"9,887,005,855",8,RJ30PA3722
Radhika Travels,9460892791,,,"9,610,835,788",2,RJ07PB1408
Gurunanak Travels,9414957781,,,"9,166,533,257",1,RJ17PA3411
Rajasthan Bus Service,9680578816,,,0,4,RJ14PF8136
Nain Bus Service,7413912929,,,"9,610,835,788",2,RJ43PA0522
Nain Bus Service,7413912929,,,"9,610,835,788",2,RJ21PA4141
Chandra Raj Travels,9664309229,,,"8,955,697,982",4,RJ19PB1007
Maratha Travels,9024162228,,,"9,887,005,855",3,RJ27PA4244
Sailani Tours & Travels,9414111352,,,0,1,RJ09PB5320
Citizan Travels,9784475708,,,"9,166,533,257",7,RJ17PA3100
Citizan Travels,9784475708,,,"9,166,533,257",7,RJ17PA2956
Baba Travels,9829854772,,,"9,166,477,977",1,RJ28PA2490
Shree Ganesh Travels Lrr Siyol,9929917476,,,"8,963,055,868",8,AR01Q2573
Shree Ganesh Travels Lrr Siyol,9929917476,,,"8,963,055,868",8,RJ46PA2025
Shree Ganesh Travels Lrr Siyol,9929917476,,,"8,963,055,868",8,AR11C1773
Shree Ganesh Travels Lrr Siyol,9929917476,,,"8,963,055,868",8,AR11C0773
Shree Hari Travels,9413601481,Hanumangarh,Rajasthan,"8,750,710,855",5,RJ49PB1055
Vaishnavi Travels,9453139262,Pratapgarh,Uttar Pradesh,"9,717,101,668",1,UP72BT1612D
Deepak Singh Devera,9667758288,Kota,Rajasthan,"9,166,477,977",3,RJ20PB1502
Shree Krishna Travals,9829449141,,,"8,441,987,775",2,RJ44PA0014
Deepak Travel Mandaver,9414024320,,,"9,252,526,852",5,RJ29PA1576
Kanpur Chand And Sans,9549650001,,,"8,118,879,223",1,RJ05PA3927
Shree Krishana Travels,9682307717,,,"8,058,299,803",5,RJ23PB7149
Radhika Travels,9460892791,,,"9,610,835,788",2,RJ21PA4455
Shubham Travels,7665141515,,,"9,785,293,759",2,RJ06PA1628
Rajnandini Tour & Travels,9929141751,,,0,2,RJ09PA7257
Shree Shyam Travels,9829124815,,,"8,058,299,803",3,RJ23PB4151
Shree Shyam Travels,9829124815,,,"8,058,299,803",3,RJ23PB3431
Munjal Travels,9417592421,Sri Ganganagar,Rajasthan,0,1,PB22J9855
Maratha Travels,9024162228,,,"9,887,005,855",3,RJ27PA7699
Maratha Travels,9024162228,,,"9,887,005,855",3,RJ27PB5695
Citizan Travels,7568026908,,,"9,166,533,257",3,RJ17PA3571
R.K Padhihar Travels,9079676192,,,0,3,RJ07PB1017
Pinky Travels,9413389628,,,"9,610,835,788",3,AR01M8431
Pinky Travels,9413389628,,,"9,610,835,788",3,RJ07PA9956
Shree Hari Travels,9413601481,Hanumangarh,Rajasthan,"8,750,710,855",5,RJ49PA1093
Shree Hari Travels,9413601481,Hanumangarh,Rajasthan,"8,750,710,855",5,RJ27PB4114
Shree Hari Travels,9413601481,Hanumangarh,Rajasthan,"8,750,710,855",5,RJ49PA0961
Ranawat Travels,9928942152,Udaipur,Rajasthan,0,10,RJ27PA2681
Beniwal Bus Service,8504993052,Hanumangarh,Rajasthan,0,2,RJ49PA1102
Deepak Singh Devera,9667758288,Kota,Rajasthan,"9,166,477,977",3,RJ20PB1390
Deepak Travel Mandaver,9414024320,,,"9,252,526,852",5,RJ29PC3262
Deepak Travel Mandaver,9414024320,,,"9,252,526,852",5,RJ29PA2681
Jilani Travels,9783618486,,,"9,785,293,759",1,RJ06PA3541
Shubham Travels,7665141515,,,"9,785,293,759",2,RJ14PD8355
Rajnandini Tour & Travels,9929141751,,,0,2,RJ09PA3658
Shakti Travels,9887582909,,,"8,750,710,855",5,RJ14PE0825
Shakti Travels,9887582909,,,"8,750,710,855",5,RJ14PE2865
Pinky Travels,8290451045,,,"9,610,835,788",1,RJ09PA4422
Lok Privah Bus Sewa,9928274089,,,"8,963,055,868",1,RJ07PA3609
Shree Shyam Travels,9829124815,,,"8,058,299,803",3,RJ02PA5498
Citizan Travels,7568026908,,,"9,166,533,257",3,RJ17PA3136
Shree Ganesh Travels,8947896332,,,"8,963,055,868",18,AR01T7888
R.K Padhihar Travels,9079676192,,,0,3,RJ07PA0000
R.K Padhihar Travels,9079676192,,,0,3,RJ07PC3114
Deepak Singh Devera,9667758288,Kota,Rajasthan,"9,166,477,977",3,RJ20PB1211
Deepak Travel Mandaver,9414024320,,,"9,252,526,852",5,RJ29PB3262
Shree Ganesh Travels,7073359890,,,"8,963,055,868",4,AR01S1328
Rajasthan Gramin Bus Seva,9829950173,,,0,3,RJ14PE6885
Om Shanti Travels,8949596909,,,"9,887,005,855",2,RJ09PA5380
Chahar Travels,9660302217,,,"7,737,765,533",2,RJ23PB4472
Chetak Travels,9950510882,,,0,1,RJ23PA6881
Ramesh Ji,9214900568,,,"8,441,987,775",1,RJ01PA1544
Mateshwari Travels,9785850768,,,"9,785,293,759",2,RJ09PB2303
Maa Ashapura Travels,9982939225,,,"9,887,005,855",1,RJ12PA3087
Jay Maa Kaila Devi Travel,6350414778,,,"8,118,879,223",4,RJ05PA3166
Hari Travels,9001559764,,Rajasthan,"7,737,765,533",3,RJ07PB1617
Bhakar Traval,9672036290,,,"8,441,987,775",1,RJ21PA0837
Jyani Bus Service,9829856138,,,"9,610,835,788",1,RJ18PB0146
Jhala travels 80RD,8890301100,Bikaner,Rajasthan,0,1,RJ18PB2665
Shree Ganesh Travels,8947896332,,,"8,963,055,868",18,AR06B9083
Jai Maa Co,9805872499,Una,Himachal Pradesh,"9,814,201,669",2,HP72B3386
Jai Maa Co,9805872499,Una,Himachal Pradesh,"9,814,201,669",2,HP72B6199
Bhagnal Travels,9418087539,Solan,Himachal Pradesh,"8,278,786,847",10,HP64D3797
Vijendra,9584368330,Narmadapuram,Madhya Pradesh,"8,668,903,073",3,MP05ZB8506
Vijendra,9584368330,Narmadapuram,Madhya Pradesh,"8,668,903,073",3,MP05P0310
Maakaashirwad,9928062562,,,"9,783,176,812",1,RJ13PA3610
Om Shanti Travels,8949596909,,,"9,887,005,855",2,RJ09PA5374
Choudhary Bus Service,9358668237,,,"7,689,053,603",1,RJ18PA6655
Mandeep Bus Service,9023900048,Bathinda,Punjab,"9,877,674,046",1,PB07AS7799
Jay Maa Kaila Devi Travel,6350414778,,,"8,118,879,223",4,RJ34PA3396
Gajraj Bus Service,9462572555,,,0,15,AR02B7099
Gajraj Bus Service,9462572555,,,0,15,AR02A7195
Shree Shyam Travels,8529409138,,,"7,737,765,533",2,RJ23PA9138
bbh,1111112657,,,"8,750,168,519",1,DEMOBUS
Shree Ganesh Travels,8947896332,,,"8,963,055,868",18,NLL01B3456
Rajnandini Tour & Travels,9929141751,,,0,20,RJ09PA6771
Rajnandini Tour & Travels,9929141751,,,0,20,RJ09PB5457
Rajnandini Tour & Travels,9929141751,,,0,20,RJ09PA5451
Rajnandini Tour & Travels,9929141751,,,0,20,RJ09PA5452
Bhagnal Travels,9418087539,Solan,Himachal Pradesh,"8,278,786,847",10,HP64B1997
Bhagnal Travels,9418087539,Solan,Himachal Pradesh,"8,278,786,847",10,HP64C2897
Bhagnal Travels,9418087539,Solan,Himachal Pradesh,"8,278,786,847",10,HPC0997
Chahar Travels,9660302217,,,"7,737,765,533",2,RJ50PA0157
Jay Maa Kaila Devi Travel,6350414778,,,"8,118,879,223",4,RJ05PB3166
Gajraj Bus Service,9462572555,,,0,15,AR01Q5499
Gajraj Bus Service,9462572555,,,0,15,AR01Q6399
Mahadev Travel Company,8107276128,,,"7,737,765,533",4,RJ07PB2191
Dhiman Bus Service,8278836034,Kangra,Himachal Pradesh,"9,816,110,804",1,HP68A4605
Bhagnal Travels,9418087539,Solan,Himachal Pradesh,"8,278,786,847",10,HP64D4597
Vijendra,9584368330,Narmadapuram,Madhya Pradesh,"8,668,903,073",3,MP05P0398
RAWAL COACH,9815798353,Panchkula,Haryana,"8,685,977,952",9,HR68B8070
Hari Travels,9001559764,,Rajasthan,"7,737,765,533",3,RJ15PA2777
Tiger Bus Service,9828719319,,,"8,952,998,194",10,RJ18PB2334
Somani Tour And Travels,9414684989,,,0,10,RJ27PA4689
Mahadev Travel Company,8107276128,,,"7,737,765,533",4,RJ21PA1549
Mahadev Travel Company,8107276128,,,"7,737,765,533",4,RJ07PA5085
Taj Travels,7726063755,,,"9,166,477,977",2,RJ20PB0099
Shree Ganesh Travels,8947896332,,,"8,963,055,868",18,AR11E3888
Karoli Jaipur Express,8003255562,,,0,1,RJ07PA5194
Pinky Travels,9983844081,,,"9,610,835,788",1,RJ14PE5696
Tiger Travels,9414111576,,,"8,955,697,982",2,RJ19PC2151
Malhotra Bus Service,9314792368,,,0,12,RJ02PA5373
Malhotra Bus Service,9314792368,,,0,12,RJ29PA1221
Malhotra Bus Service,9314792368,,,0,12,RJ32PA2399
Malhotra Bus Service,9314792368,,,0,12,RJ14PD1869
Malhotra Bus Service,9314792368,,,0,12,RJ14PD1868
Malhotra Bus Service,9314792368,,,0,12,RJ32PA1271
Malhotra Bus Service,9314792368,,,0,12,RJ02PA6248
NEERAJ KUMAR YADAV,9525223138,Gaya,Bihar,"9,519,038,043",1,
Prashant Apni Bus,9110013131,,Bihar,"9,110,013,131",1,BR02DEMO1
Vijendra,9584368330,Narmadapuram,Madhya Pradesh,"8,668,903,073",3,MP05P0533
Charbhuja Travel,9414812311,,,"9,785,293,759",2,RJ06PA7227
Shree Ganesh Travels,7073359890,,,"8,963,055,868",4,AR11D2706
New Sisodiya Travels,9829918274,,,"9,166,533,257",1,RJ12PA6656
Ajay Travels,9782000818,,,"9,887,005,855",9,RJ27PB4801
Ajay Travels,9782000818,,,"9,887,005,855",9,RJ27PB3267
Rana Bai Travels,7976730904,,,"9,887,005,855",2,RJ18PB1387
Khan Travels,9983149812,,,"6,375,903,107",1,RJ02PA4607
New Bhatewara Travels,9950733958,,,"9,887,005,855",2,RJ09PA6171
Shree Mateshwari Bus Mangalwar,9929261238,,,"9,887,005,855",1,RJ09PA9928
Tiger Bus Service,9828719319,,,"8,952,998,194",10,RJ02PA4317
Tiger Bus Service,9828719319,,,"8,952,998,194",10,RJ58PA0042
Shree Janta Tour & Travels,9928715386,,,0,1,MP44ZB9711
Mahadev Travel Company,8107276128,,,"7,737,765,533",4,RJ07PB1571
Taj Travels,7726063755,,,"9,166,477,977",2,RJ27PB0545
Shree Ganesh Travels,8947896332,,,"8,963,055,868",18,AR06A8864
Janta Shatabdi Travels,9314960571,,,"8,058,299,803",2,RJ27PC2566
Malhotra Bus Service,9314792368,,,0,12,RJ02PA5374
Malhotra Bus Service,9314792368,,,0,12,RJ02PA7526
Vineet Travels,7982532600,Delhi,Delhi,"8,081,725,226",1,UP17AT5560
Tanvi Travel,9816640045,Kullu,Himachal Pradesh,"8,219,990,300",1,HP34F4045
Puri Bus Service,9816063070,Bilaspur,Himachal Pradesh,"8,219,990,300",2,HP67A0970
Puri Bus Service,9816063070,Bilaspur,Himachal Pradesh,"8,219,990,300",2,HP911963
Syani Bus Service,9057597330,Bikaner,Rajasthan,"9,610,835,788",1,RJ18PA2324
Pinku Kanwar,9829337572,,,"8,955,697,982",1,RJ19PB0191
Sultan Travels,8209547530,,,"9,785,293,759",1,RJ06PA4178
Rana Bai Travels,7976730904,,,"9,887,005,855",2,RJ37PA3033
Thekedar Travels,9057512716,,Rajasthan,0,12,RJ05PB0177
Thekedar Travels,9057512716,,Rajasthan,0,12,RJ05PA6026
Tiger Bus Service,9828719319,,,"8,952,998,194",10,RJ14PD0218
Shree Gajraj Travels,9414196869,,,"8,750,710,855",3,NL07C0838
Shree Gajraj Travels,9414196869,,,"8,750,710,855",3,AR01T1751
Chamunda Travels,7742537571,,,"7,737,765,533",1,RJ21PA3358
Somani Tour And Travels,9414684989,,,0,10,RJ27PA1737
Daulat Ram Travels,6377298661,,,"8,952,998,194",1,RJ02PA6633
Siddh Bus Service,9783127462,,,"9,610,835,788",2,RJ50PA0111
Janta Shatabdi Travels,9314960571,,,"8,058,299,803",2,RJ09PB2195
Bhagwat Travels,8112295844,Rajsamand,Rajasthan,"8,829,990,007",1,RJ06PA5115
Shekhawat Travels,9352023512,Bikaner,Rajasthan,"8,107,303,491",1,RJ07PC8383
Pegwar Travels,9893720496,Bhopal,Madhya Pradesh,"7,987,327,084",4,MP04PA9944
Pegwar Travels,9893720496,Bhopal,Madhya Pradesh,"7,987,327,084",4,MP04PA9959
Choudhary Travels,9783047747,,,"9,252,526,852",2,RJ02PA4133
Tiger Bus Service,9828719319,,,"8,952,998,194",10,RJ14PF3612
Goldline Super Deluxe,8769929489,Jaipur,Rajasthan,0,2,HR55AD4060
Goldline Super Deluxe,8769929489,Jaipur,Rajasthan,0,2,HR55AC6015
Gajraj Bus Service,9462572555,,,0,15,AR011S4599
Gajraj Bus Service,9462572555,,,0,15,AR01Q8999
Gajraj Bus Service,9462572555,,,0,15,AR01Q5099
Gajraj Bus Service,9462572555,,,0,15,UP80FT4599
Chamunda Bus Service,9610769276,,,"9,610,835,788",1,RJ50PA0648
Bhargar Bus Service,9928818945,,,"7,737,765,533",1,RJ07PA3171
Priyanka Travels,9413143783,,,"7,737,765,533",1,RJ50PA1748
Siddh Bus Service,9783127462,,,"9,610,835,788",2,RJ50PA0789
Shree Janta Tour & Travels,9928715386,,,0,12,RJ27PA8344
Ruby Mander Trasnport Services,7009618528,Sangrur,Punjab,"7,837,804,183",3,PB23M7150
Ruby Mander Trasnport Services,7009618528,Sangrur,Punjab,"7,837,804,183",3,PB10CL7471
Ruby Mander Trasnport Services,7009618528,Sangrur,Punjab,"7,837,804,183",3,PB11BY7888
Aditya Bajpai Travels,6392690815,,,"6,392,690,815",1,UP78DEMO
Maalaxmi Travels,9426570260,,,"9,887,005,855",6,AR01R4949
Nirwan Bus Service,9001677460,,,"8,952,998,194",2,RJ02PA5339
Nirwan Bus Service,9001677460,,,"8,952,998,194",2,RJ02PA5172
Naveen Travels,8432139016,,,"8,058,299,803",1,RJ41PA0900
Sawariya Travels,8000161829,,,"9,887,005,855",3,RJ27PB5904
Jay Maa Kaila Devi Travel,6350414778,,,"8,118,879,223",4,RJ05PA1996
Choudhary Travels,9783047747,,,"9,252,526,852",2,RJ02PA4933
Tiger Bus Service,9828719319,,,"8,952,998,194",10,RJ14PD3638
Tiger Bus Service,9828719319,,,"8,952,998,194",10,RJ02PA4747
Charbhuja Moters,9414831382,,,"9,887,005,855",1,RJ27PB2425
Chaudhary Bus Service,7339887571,,,"7,737,765,533",1,RJ18PB3059
Shree Sai Travels,9571259941,,,"9,887,005,855",5,RJ12PA6406
Shree Sai Travels,9571259941,,,"9,887,005,855",5,RJ12PA3119
Shree Sai Travels,9571259941,,,"9,887,005,855",5,RJ03PA1515
Soni Travels,9418179346,Hamirpur,Himachal Pradesh,"7,018,809,624",3,HP67A6346
Soni Travels,9418179346,Hamirpur,Himachal Pradesh,"7,018,809,624",3,HP67A5246
Soni Travels,9418179346,Hamirpur,Himachal Pradesh,"7,018,809,624",3,HP67A9246
Belal Apnibus Travel ,9554991685,,Uttar Pradesh,"9,554,991,685",1,UP32PW1236
Samrat Deluxe,7903992279,Kaimur,Bihar,"6,387,958,107",1,UP65PT8943
Deru Travels,9680930713,,,"8,963,055,868",1,RJ44PA0442
Fagana Tour And Travels,9929461767,,,"7,014,329,821",3,RJ18PB2293
Lakecity Travels,8107772277,,,"9,887,005,855",4,RJ27PC3000
Lakecity Travels,8107772277,,,"9,887,005,855",4,RJ27PC0234
Lakecity Travels,8107772277,,,"9,887,005,855",4,RJ27PC2000
Saurabh Travels,9875246906,,,"7,737,765,533",2,RJ07PB2900
Saurabh Travels,9875246906,,,"7,737,765,533",2,RJ50PA0445
G N Travels,8278684711,,,"9,887,005,855",2,RJ30PA4047
Ajay Travels,9782000818,,,"9,887,005,855",9,RJ12PA1089
Rohit Kumar Chasta,8224846051,Mandsaur,Madhya Pradesh,"9,166,533,257",6,RJ09PB1364
Deewana Travels,9636993859,,,"9,785,293,759",3,RJ51PA0447
Deewana Travels,9636993859,,,"9,785,293,759",3,RJ06PA6921
Chaudhary Travels,8502996630,,,"7,042,099,979",3,RJ14PA6220
Chaudhary Travels,8502996630,,,"7,042,099,979",3,RJ25PA3424
Chaturvedi Travels,9414223521,Bharatpur,Rajasthan,"7,023,234,803",3,RJ05PA3440
Chaturvedi Travels,9414223521,Bharatpur,Rajasthan,"7,023,234,803",3,RJ05PA3275
Chaturvedi Travels,9414223521,Bharatpur,Rajasthan,"7,023,234,803",3,HR69C1368
Md Mahar,7976011303,,,"8,955,697,982",4,RJ19PC2069
Chaudhary Bus Service,9351339264,,,"7,737,765,533",3,RJ50PA0411
Chaudhary Bus Service,9351339264,,,"7,737,765,533",3,RJ07PA4491
SONY DELUXE,8797415161,Gaya,Bihar,"9,519,038,043",1,BR02PC1872
Metab,8439206680,Bulandshahr,Uttar Pradesh,"8,081,725,226",1,UP17AT4479
Shubham Travels Reengus,9101244082,,,"8,058,299,803",5,RJ23PA8627
Ajay Travels,9782000818,,,"9,887,005,855",9,RJ12PA1776
Ajay Travels,9782000818,,,"9,887,005,855",9,RJ27PB4112
Deewana Travels,9636993859,,,"9,785,293,759",3,RJ20PB1616
Anshi Rajshree Travels,9166877320,,,"8,058,299,803",3,NL02B8777
Behra Traval,9521230814,,,"8,441,987,775",1,RJ21PA1757
Gopal Ji,9828188741,,,"8,441,987,775",1,RJ21PA1187
Bajrang Travels,7697721228,,,"9,166,533,257",5,RJ17PA2453
Bajrang Travels,7697721228,,,"9,166,533,257",5,HR16J6298
Bajrang Travels,7697721228,,,"9,166,533,257",5,RJ17PA0339
Shree Mahaveer Travels,9829239940,,,"8,058,299,803",5,AR11C4115
Shree Mahaveer Travels,9829239940,,,"8,058,299,803",5,RJ14PE4151
Jai Maa Co,9805872499,Una,Himachal Pradesh,"9,814,201,669",1,HP724799
Kissan Travels,7691042324,,,"8,963,055,868",2,RJ10PA5445
Kotdi Shyam Bus Service,9829308479,,,"9,785,293,759",1,RJ06PA7019
Jagdamba Traval,6375432923,,,"8,441,987,775",2,RJ21PA1762
Jagdamba Traval,6375432923,,,"8,441,987,775",2,RJ22PA6275
Chaudhary Bus Services,8440860602,,,"7,023,234,803",1,RJ05PA5445
Shree Mahalaxmi Travels,6367000917,,,"8,058,299,803",5,NL01B2174
G N Travels,8278684711,,,"9,887,005,855",2,RJ30PA2243
Sangeeta Travels,9983341351,,,"8,058,299,803",2,RJ23PA8573
Ajay Travels,9782000818,,,"9,887,005,855",9,RJ09PA2777
Rohit Kumar Chasta,8224846051,Mandsaur,Madhya Pradesh,"9,166,533,257",6,MP14PA0128
Shree Krishana Travels,9682307717,,,"8,058,299,803",5,RJ14PD5404
Shree Krishana Travels,9682307717,,,"8,058,299,803",5,RJ23PB2984
Anshi Rajshree Travels,9166877320,,,"8,058,299,803",3,NL07B6100
Khan Travels,9983149812,,,"6,375,903,107",1,RJ02PA4319
Md Mahar,7976011303,,,"8,955,697,982",4,RJ19PA6496
Dhardharwal Travels,8426968604,,,"7,042,099,979",1,RJ14PB7188
Shree Ganesh Travels,8947896332,,,"8,963,055,868",18,AR06A9086
Om Travels,8386824547,,,"8,955,697,982",1,RJ20PB1213
Shree Mahaveer Travels,9829239940,,,"8,058,299,803",5,RJ14PE8151
Shree Mahaveer Travels,9829239940,,,"8,058,299,803",5,RJ14PE5141
Deepak Gupta Apni Bus,9984196569,,,"9,984,196,569",1,UP31DEMO
Manish Bus Travel ,7568612974,Bikaner,Rajasthan,"7,568,612,974",1,RJ07DEMO1
Rajdhani Express,9554839551,Basti,Uttar Pradesh,"8,005,100,830",1,UP51T8398
Chauhan Tour & Travels,9993334629,Dewas,Madhya Pradesh,"9,425,728,553",2,MP41P7577
B.R Travels,9950329515,,,"8,955,697,982",25,AR11C9595
B.R Travels,9950329515,,,"8,955,697,982",25,AR11C8585
Vinayak Travels,6378787275,Bharatpur ,Rajasthan,"7,023,234,803",1,RJ05PB0001
Chahal Bus Service,8005679726,Hanumangarh,Rajasthan,0,1,RJ13PB0026
Jain Travels,7737224609,,,"6,375,903,107",1,RJ02PA4687
Charbuja Cbt Travel,8003342182,,,"8,441,987,775",1,RJ19PB2121
Bishnoi Travels,9982513713,Sri Ganganagar,Rajasthan,0,1,RJ13PB9441
Foujdar Travels,9521861339,,,"8,118,879,223",1,RJ14PE7656
Syani Travels,6375202216,Bikaner,Rajasthan,"7,737,765,533",3,RJ07PB5900
Syani Travels,6375202216,Bikaner,Rajasthan,"7,737,765,533",3,RJ07PB2621
Sadiya Travels,9982805324,,,"8,963,055,868",1,RJ18PA4663
Karwasra Traval,8290100017,,,"8,441,987,775",1,RJ19PB0637
Rao Bus Service,7689090908,,,"8,952,998,194",2,RJ18PA6508
Rohit Kumar Chasta,8224846051,Mandsaur,Madhya Pradesh,"9,166,533,257",6,MP14PA0185
New Sisodiya Travels,9829918274,,,"9,166,533,257",3,RJ17PA3024
Shubhdeep Motors,9464234565,,,0,6,PB03AJ0474
Md Mahar,7976011303,,,"8,955,697,982",4,RJ19PB2478
Choudhary Tour And Travels,7976238702,,,"8,750,710,855",4,RJ19PA7967
Shree Ganesh Travels,8947896332,,,"8,963,055,868",18,RJ19PB8388
Bhagnal Travels,9418087539,Solan,Himachal Pradesh,"8,278,786,847",10,HP64D4697
Mahamaya Bus Services,9805604282,Solan,Himachal Pradesh,"8,219,618,713",1,HP14E6764
Jain Travels,7737224609,,,"6,375,903,107",1,RJ02PA4193
Surapura Tour And Travels,8239189543,,,"9,887,005,855",1,RJ12PA0860
Anand Travels,9799967852,,,"9,887,005,855",2,RJ27PB3292
Rao Bus Service,7689090908,,,"8,952,998,194",2,RJ02PA3757
Rohit Kumar Chasta,8224846051,Mandsaur,Madhya Pradesh,"9,166,533,257",6,MP14PA0528
Rohit Kumar Chasta,8224846051,Mandsaur,Madhya Pradesh,"9,166,533,257",6,MP14PB0528
Demo Shankar Meena,9214309861,,,"9,887,005,855",5,RJ27PB6336
B.G Travels,8058832136,,,"7,023,234,803",8,AR01T4505
New Sisodiya Travels,9829918274,,,"9,166,533,257",3,RJ17PA3439
New Sisodiya Travels,9829918274,,,"9,166,533,257",3,RJ17PA3322
Basir. Mo,9982214971,,,"8,441,987,775",1,RJ14PB8931
Laxmi Travels,9414231540,,,"8,619,178,126",3,RJ25PA1427
Safar Travels And Cargo,9660080008,,Rajasthan,"8,441,987,775",10,AR01Y5556
Safar Travels And Cargo,9660080008,,Rajasthan,"8,441,987,775",10,AR11C5655
Safar Travels And Cargo,9660080008,,Rajasthan,"8,441,987,775",10,AR11B5655
Safar Travels And Cargo,9660080008,,Rajasthan,"8,441,987,775",10,RJ27PC5655
Safar Travels And Cargo,9660080008,,Rajasthan,"8,441,987,775",10,RJ27PC5556
Meena Bus Service,9783659482,,,0,1,RJ05PA3926
Bhagnal Travels,9418087539,Solan,Himachal Pradesh,"8,278,786,847",10,HP64A1897
Justa'S,9459266637,Shimla,Himachal Pradesh,"8,278,786,847",1,HP63A7524
Shri Ram Balhara,9812062882,Rohtak,Haryana,"9,315,883,000",1,HR46D3837
Suraj Bus Service,8626949001,Una,Himachal Pradesh,"9,805,254,456",1,HP722252
Bhargav Travels,8094961802,,,"7,737,765,533",1,RJ50PA0261
Krr Travels,9588274545,,,"9,252,526,852",2,RJ32PA2592
Choudhary Tour And Travels,7976238702,,,"8,750,710,855",4,RJ18PA4395
Pankaj Apnibus Travel ,9813090607,,,"9,813,090,607",1,HR56DEMO
Bhagnal Travels,9418087539,Solan,Himachal Pradesh,"8,278,786,847",10,HP64C9097
Brar Travels,8432409465,Bikaner,Rajasthan,"8,107,303,491",1,RJ07PA3875
Rajta Coach,9816402008,Shimla,Himachal Pradesh,"8,278,786,847",1,HP09B6390
Manda Bus Service,9782463635,,,"7,737,765,533",2,RJ07PB2705
Marudhar Travels,8107639705,,,"7,737,765,533",2,RJ19PB2726
Saran Travels,9166272450,,,"8,058,299,803",2,RJ18PB1641
Om Shanti Travels,8949596909,,,"9,887,005,855",8,RJ09PA1663
Ramesh Ji,9214900568,,,"8,441,987,775",1,RJ27PB0811
Laxmi Travels,8003339048,,,"9,887,005,855",9,RJ30PA3727
Laxmi Travels,8003339048,,,"9,887,005,855",9,RJ30PA3952
Choudhary Bus,9772067403,,,"6,375,903,107",1,RJ02PA4755
Balaji Travels,9929515583,,,"9,166,533,257",3,RJ17PA3063
Chaudhari Bus,9926605882,,,"9,166,477,977",4,AR01V2001
Rk Travels,9783338033,Bhilwara,Rajasthan,"9,785,293,759",4,RJ06PA6475
Demo Shankar Meena,9214309861,,,"9,887,005,855",5,RJ27PC0040
Shubhdeep Motors,9464234565,,,0,6,PB03AJ1374
Choudhary Tour And Travels,7976238702,,,"8,750,710,855",4,RJ21PA3604
Choudhary Tour And Travels,7976238702,,,"8,750,710,855",4,RJ19PA6397
Laxmi Travels,9414231540,,,"8,619,178,126",3,RJ25PA3355
Jhala Travels,7014156649,,,0,8,RJ27PA2421
Pinky Travels,9413389628,,,"9,610,835,788",2,RJ07PA9372
Pinky Travels,9413389628,,,"9,610,835,788",2,RJ07PA9955
Ramniwas,7727979843,Bikaner,Rajasthan,"8,107,303,491",1,RJ07PA6673
Fiza Travel,9424312293,Jabalpur,Uttar Pradesh,"9,301,180,960",1,
Bhagnal Travels,9418087539,Solan,Himachal Pradesh,"8,278,786,847",10,HP64C8197
Bharti Bus Service,9816024505,Kullu,Himachal Pradesh,"7,018,591,533",1,HP34F4655
Rajta Bus Service,9816645567,Solan,Himachal Pradesh,"8,278,786,847",1,HP717150
MRL,9805745000,Solan,Himachal Pradesh,"8,278,786,847",3,HP15C1175
Rakesh Choudharydmo,8107303491,,Rajasthan,"9,716,110,244",2,RJ07PADEMO
Padhghar Travels,9982064723,,,"8,963,055,868",2,RJ23PB3247
Manda Bus Service,9782463635,,,"7,737,765,533",2,RJ27PC3555
Saran Travels,9166272450,,,"8,058,299,803",2,RJ14PC6717
Jain Travels,7062460771,,,"7,023,234,803",1,RJ29PA2511
Shree Shyam Travels,8619958945,,,"9,785,293,759",4,RJ30PA1456
Shree Janta Tour & Travels,9928715386,,,0,2,RJ03PA6940
Shree Janta Tour & Travels,9928715386,,,0,2,RJ27PA4877
Shubhdeep Motors,9464234565,,,0,6,PB03BC9574
Laxmi Travels,9414231540,,,"8,619,178,126",3,RJ25PB1427
Jhala Travels,7014156649,,,0,8,RJ27PB2016
Shree Karni Kripa Travels,9509930508,churu,Rajasthan,"8,058,299,803",7,RJ18PB8627
Mahendar Travels,94144 2097,,,"9,166,533,257",6,RJ17PA3222
Maalaxmi Travels,9426570260,,,"9,887,005,855",6,RJ09PA4948
Aheer Travels,8094540714,,,"9,785,293,759",1,RJ06PA3755
Aman Bus Service,9785958623,,,"8,118,879,223",1,RJ29PA2541
Balaji Travels,9929515583,,,"9,166,533,257",3,RJ17PA3247
Mk Bus Service,8769856261,,,"8,058,299,803",3,RJ14PE7237
Meena Bus Service,9694252378,,,"6,375,903,107",1,RJ59PA0056
Shubhdeep Motors,9464234565,,,0,6,PB03AJ4766
Shubhdeep Motors,9464234565,,,0,6,PB03BC6874
Jhala Travels,7014156649,,,0,8,RJ27PA4698
Shree Janta Tour & Travels,9928715386,,,0,12,RJ27PB4595
yogesh sahu,8251840422,Bhopal,Madhya Pradesh,"8,251,840,422",1,MP04P340
Tourist Bus,9418034525,Hamirpur,Himachal Pradesh,"7,018,809,624",3,HP55A5125
Tourist Bus,9418034525,Hamirpur,Himachal Pradesh,"7,018,809,624",3,HP55D3025
Tourist Bus,9418034525,Hamirpur,Himachal Pradesh,"7,018,809,624",3,HP55A9725
Saran Travel Company,9530080029,,,"9,610,835,788",1,RJ07PA4837
Choudhary Traval,9549341437,,,"8,441,987,775",2,RJ18PA9980
Jawala Jobner Travel Company,9636996771,,,"9,252,526,852",2,RJ29PA3080
Mahendar Travels,94144 2097,,,"9,166,533,257",6,RJ17PA1630
Mahendar Travels,94144 2097,,,"9,166,533,257",6,RJ17PA1060
Om Shanti Travels,8949596909,,,"9,887,005,855",8,RJ09PA5585
Om Shanti Travels,8949596909,,,"9,887,005,855",8,RJ09PA5582
Paras Bus,7742259696,,,"9,887,005,855",1,RJ12PA2117
Dewal Travels,9001783776,,,"9,887,005,855",3,RJ27PB4684
Dewal Travels,9001783776,,,"9,887,005,855",3,RJ27PA8926
Mk Bus Service,8769856261,,,"8,058,299,803",3,RJ14PE7748
Mk Bus Service,8769856261,,,"8,058,299,803",3,RJ29PA2432
Shree Janta Tour & Travels,9928715386,,,0,12,RJ27PA1611
Apnibus,8685977952,,,"8,685,977,952",1,HR23P340
RAKESH KUMAR APNI BUS TRAVEL ,9783252323,,,"9,783,252,323",1,RJ10DEMOE
Shekhawat Travels,8384991549,Bikaner,Rajasthan,"8,107,303,491",5,RJ07PB8021
Santosh Travels,9755707280,Datia,Madhya Pradesh,"9,630,086,892",1,MP07P1785
Chauhan Tour & Travels,9993334629,Dewas,Madhya Pradesh,"9,425,728,553",2,MP41P1613
Krishna Travels,9799922762,,,"9,341,643,122",1,RJ27PB1019
Chander Mukhi Travels,7023575222,,,"8,963,055,868",2,RJ37PA1161
Shree Ganesh Travels,7073359890,,,"8,963,055,868",3,AR011T2706
Shree Ganesh Travels,7073359890,,,"8,963,055,868",3,AR111C2706
Mahendar Travels,94144 2097,,,"9,166,533,257",6,RJ17PA1411
Mangal Shree Balaji Travels,9784526301,,,"9,785,293,759",1,RJ06PA2071
Sheetal Travels,6375080383,,,"8,118,879,223",1,RJ29PA2519
Om Shanti Travels,8949596909,,,"9,887,005,855",8,RJ09PA5372
Om Shanti Travels,8949596909,,,"9,887,005,855",8,RJ09PA6819
Jai Maa Travels,8386815609,,,0,1,RJ34PA2276
Jai Mewar Travels,6376396884,,,"9,887,005,855",2,RJ27PA2941
Jai Mewar Travels,6376396884,,,"9,887,005,855",2,RJ20PA2576
Shree Yade Maa,9982147921,,,"8,441,987,775",1,RJ01PA4646
Laxmi Bus Service,6375017995,,,"9,252,526,852",4,RJ14PC9893
Rathi Travels,9425060619,Indore,Madhya Pradesh,"9,425,728,553",2,MP09FA9964
Rathi Travels,9425060619,Indore,Madhya Pradesh,"9,425,728,553",2,MP13P4133
Hira Bus Services,9816381459,Solan,Himachal Pradesh,"8,219,618,713",1,HP64A4591
Shree Karni Kripa Travels,9509930508,churu,Rajasthan,"8,058,299,803",7,RJ14PE8509
Shree Ganesh Travels,7073359890,,,"8,963,055,868",3,RJ19PB2706
Chaudhary Travels,9928425738,,,"7,023,234,803",7,RJ05PB3266
Hariom Bus,7976794280,,,"9,887,005,855",1,RJ30PA2437
Om Shanti Travels,8949596909,,,"9,887,005,855",8,RJ09PA2816
K.R Bhadu Travels,7877383713,,,"7,737,765,533",2,RJ07PB2289
Laxmi Bus Service,6375017995,,,"9,252,526,852",4,RJ02PA2997
Laxmi Bus Service,6375017995,,,"9,252,526,852",4,RJ02PA6110
Isaharwal,9812623761,,,"8,059,939,389",1,HR24HB20DEMO
Lr Bus Service,9460250350,,,"8,955,697,982",8,RJ19PB8287
Lr Bus Service,9460250350,,,"8,955,697,982",8,RJ07PA2313
Shree Karni Kripa Travels,9509930508,churu,Rajasthan,"8,058,299,803",7,RJ18PB0061
Shree Karni Kripa Travels,9509930508,churu,Rajasthan,"8,058,299,803",7,RJ23PA8689
Shree Karni Kripa Travels,9509930508,churu,Rajasthan,"8,058,299,803",7,RJ18PB7821
Chander Mukhi Travels,7023575222,,,"8,963,055,868",2,RJ23PA0001
Om Shanti Travels,8949596909,,,"9,887,005,855",8,RJ09PA1769
Bg Travels,9929073898,,Rajasthan,"7,023,234,803",7,RJ05PA3425
Bg Travels,9929073898,,Rajasthan,"7,023,234,803",7,RJ05PA3421
Bg Travels,9929073898,,Rajasthan,"7,023,234,803",7,RJ05PA3737
Lakecity Travels,8107772277,,,"9,887,005,855",10,RJ27PC4000
Lakecity Travels,8107772277,,,"9,887,005,855",10,RJ27PC1000
Laxmi Bus Service,6375017995,,,"9,252,526,852",4,RJ14PA3100
Rajana Bus Service,7891465457,,,"9,252,526,852",1,RJ02PA5004
Shakti Travels,9887582909,,,"8,750,710,855",5,RJ14PE2265
Shree Mallinath Travels,9216567085,,,"9,610,835,788",2,RJ19PC1182
Pooja Travels,9928509966,,,"8,955,697,982",1,RJ27PC1555
Shiv Shakti Moters,8875057310,,,"8,955,697,982",3,RJ39PA1931
Isaharwal,8059939389,,,"8,059,939,389",1,
Shivhare Travels,7898722348,Narmadapuram,Madhya Pradesh,"7,000,771,571",9,MP05P0365
संतुष्टि ट्रैवल्स,9340484897,Indore,Madhya Pradesh,"7,697,352,660",1,MP13ZM2241
Choudary Travel,9413680666,,,"8,441,987,775",1,RJ32PA2626
Shree Karni Kripa Travels,9509930508,churu,Rajasthan,"8,058,299,803",7,RJ41PA0358
Sharma Bus Service,9782356350,,,"8,952,998,194",1,RJ14PF3759
Sharma Bus Service,9782356350,,,"8,952,998,194",1,RJ29PA3010
Meena Bus,9672824858,,,"6,375,903,107",1,RJ02PA4421
Choudhary Bus,9772067403,,,"6,375,903,107",1,RJ02PA5633
M.M. Travels,8233779999,,,"9,887,005,855",1,RJ27PC0300
Chaturvedi Tour And Travels,9785182183,,,"7,023,234,803",4,RJ40PA0126
Gorisya Travels,9460369401,,,"8,963,055,868",20,RJ19PC2323
Shiv Shakti Moters,8875057310,,,"8,955,697,982",3,RJ39PA1901
Ramakant Kulhade Apnibus Traval ,9770320844,,,"9,770,320,844",1,MP22DEMO
Verma Travels,9839338607,Lakhimpur Kheri,Uttar Pradesh,"8,896,208,310",1,UP31BT1578
Godara Travels,9799465308,Barmer,Rajasthan,"9,799,862,695",1,RJ43PA0106
Pawan Travels,7089038297,Balaghat,Madhya Pradesh,"8,305,999,978",3,MH13AX0671
Navratan Trevals,7018513096,Kangra,Himachal Pradesh,"9,816,110,804",2,HP68A3196
Visvkarama Traval,7339944465,,,"8,441,987,775",1,RJ19PA4141
Nakuka Tour And Travel,7737127405,,,"7,042,099,979",2,RJ19PA0026
Choudhary Tour And Travels,7976238702,,,"8,750,710,855",1,RJ07PA5106
Ramesh Ji,9214900568,,,"8,441,987,775",1,RJ27PB1094
Bg Travels,9929073898,,Rajasthan,"7,023,234,803",7,RJ05PA3755
Laxmi Travels,9610639399,,,"8,441,987,775",2,RJ27PB3879
Choudhary Bus,9772067403,,,"6,375,903,107",1,RJ02PA4293
Lok Parivahan,7240792399,,,"9,252,526,852",1,RJ02PA5664
Choudhary Bus Service,9660488921,,,"9,252,526,852",1,RJ29PA2304
Ashok Bus Service,9414418844,,,0,2,RJ12PA3165
Choudhary Travels Plana,7014249139,,,"7,737,765,533",3,RJ07PB2074
Choudhary Travels Plana,7014249139,,,"7,737,765,533",3,RJ07PB8321
Shree Balaji Traval,9982711058,,,"8,441,987,775",1,RJ21PA1596
Shree Mallinath Travels,9216567085,,,"9,610,835,788",2,RJ07PA4829
M.M. Travels,8233779999,,,"9,887,005,855",2,RJ27PB8683
M.M. Travels,8233779999,,,"9,887,005,855",2,RJ27PC8683
Asha Travels,8003358883,,,"9,887,005,855",5,RJ27PB5482
Mahesh Kumar Demo,9991511503,,,"9,991,511,503",1,HR30DEMO
Daljeet Singh Sodha,9877001132,Barnala,Punjab,"9,878,835,391",6,PB10HJ1977
Daljeet Singh Sodha,9877001132,Barnala,Punjab,"9,878,835,391",6,PB10JB6916
Daljeet Singh Sodha,9877001132,Barnala,Punjab,"9,878,835,391",6,PB10JB6912
Mahala Travels,9602833267,,,"8,058,299,803",4,RJ23PB1275
Bg Travels,9929073898,,Rajasthan,"7,023,234,803",7,RJ05PA3840
Thekedar,9511313198,,,"8,963,055,868",1,RJ18PA7475
Anil Travels,9887629118,,,"8,952,998,194",1,RJ02PA6203
Lakecity Travels,8107772277,,,"9,887,005,855",10,RJ27PC1001
Lakecity Travels,8107772277,,,"9,887,005,855",10,RJ27PB3501
Lakecity Travels,8107772277,,,"9,887,005,855",10,RJ27PB6336
M.M. Travels,8233779999,,,"9,887,005,855",2,RJ27PA2196
Ashok Bus Service,9414418844,,,0,1,RJ12PB2925
Maharani Travels,9887053480,Jaipur,Rajasthan,0,4,RJ02PA4549
Ashok Bus Service,9414418844,,,0,2,RJ12PA3166
Aanndeshwari,9829818102,,,"9,166,477,977",1,RJ20PB0223
Vandana Tour & Travels,9549115375,,,"9,610,835,788",1,RJ07PB0906
M.M. Travels,8233779999,,,"9,887,005,855",7,RJ27PB3786
Nitin Apnibus Travel ,9314382090,,,"9,314,382,090",1,RJ11DEMO
Thakur Bus Service,8626807139,Kangra,Himachal Pradesh,"9,805,254,456",1,HP67A7985
Daljeet Singh Sodha,9877001132,Barnala,Punjab,"9,878,835,391",6,PB10JB6914
Lara Bus Service,8852812925,,,"7,014,329,821",2,RJ18PA4923
Shekhawat Bus Service,9602342961,,,"9,610,835,788",2,RJ07PA8391
Manda Bus Service,9782463635,,,"7,737,765,533",3,RJ07PA8485
Saini,9950967030,,,"6,375,903,107",1,RJ14PB2073
Mahala Travels,9602833267,,,"8,058,299,803",4,RJ52PA0016
Mahala Travels,9602833267,,,"8,058,299,803",4,RJ23PB4698
Sunil Travels,9784639387,,,0,1,RJ09PA4520
Rathore Travels,8503030348,,,"8,441,987,775",2,RJ01PA3848
Shri Shyam Bus Service,9649159440,,,"9,252,526,852",1,RJ02PA4595
Bhart Tour & Travels,7727083158,,,"8,963,055,868",1,RJ21PA1115
Lakecity Travels,8107772277,,,"9,887,005,855",10,DD01M9352
Maharani Travels,9887053480,Jaipur,Rajasthan,0,4,AR01S6660
Asha Travels,8003358883,,,"9,887,005,855",5,RJ27PA5714
Asha Travels,8003358883,,,"9,887,005,855",5,RJ27PA8484
Asha Travels,8003358883,,,"9,887,005,855",5,RJ27PA8996
Gangour Travels,9660667383,,,"9,166,533,257",3,RAJ09PA3000
Sangeeta Travels,9983341351,,,0,4,RJ23PA9022
Gorisya Travels,9460369401,,,"8,963,055,868",20,RJ04PA6500
Gorisya Travels,9460369401,,,"8,963,055,868",20,RJ19PB4747
Ashok Bus Service,9414418844,,,0,15,RJ27PA8379
Ashok Bus Service,9414418844,,,0,15,RJ27PB6124
Harvindera Bus Service,9816050121,Bilaspur,Himachal Pradesh,"8,219,990,300",2,HP69A7521
Harvindera Bus Service,9816050121,Bilaspur,Himachal Pradesh,"8,219,990,300",2,HP678121
Lara Bus Service,8852812925,,,"7,014,329,821",2,RJ27PA3012
Manish Traval,9414269836,,,"8,441,987,775",1,RJ18PA1383
Rawat Toure And Travel,7023335081,,,"9,252,526,852",4,RJ18PA7877
Dara Bus Service,8387833929,,,"9,610,835,788",2,RJ04PA0880
Dara Bus Service,8387833929,,,"9,610,835,788",2,RJ07PB5705
Rathore Travels,8503030348,,,"8,441,987,775",2,RJ27PB0622
Bhani Singh,9929914908,,,"7,737,765,533",1,RJ07PA4440
Chaudhary Travels,8502996630,,,"7,042,099,979",3,RJ25PA3585
Lakecity Travels,8107772277,,,"9,887,005,855",10,RJ27PC0040
C.K Parihar Travels,9785107541,,,"8,963,055,868",6,RJ07PA9594
Sangeeta Travels,9983341351,,,0,4,RJ23PB4454
Munjal Travels,9417592421,Sri Ganganagar,Rajasthan,0,8,RJ18PA7819
Sahun,8005523736,Alwar,Rajasthan,"7,240,080,687",1,RJ02PA6700
Jr Bus,9872530039,Yamunanagar,Haryana,"9,878,835,391",1,PB06F2903
Daljeet Singh Sodha,9877001132,Barnala,Punjab,"9,878,835,391",6,PB10JB6915
Parmar,8570817085,Bhiwani,Haryana,"9,315,883,000",1,HR46F0181
Sharma Bus Service,9694399381,,,"9,252,526,852",1,RJ34PA4447
Manda Bus Service,9782463635,,,"7,737,765,533",3,AR01P5305
Manda Bus Service,9782463635,,,"7,737,765,533",3,RJ37PA2588
Kalika Tourist,9950925886,,,"9,887,005,855",3,RJ27PA2022
Soopa Travels,9549942727,,,"8,118,879,223",6,RJ05PA3377
Vikash Travels,9660687222,Jhunjhunu,Rajasthan,0,9,AR06C0731
Siddharth Travels,7062702018,,,"8,058,299,803",1,RJ23PB0481
Bheru Bhawani Travels,8290200484,,,"9,887,005,855",1,RJ03PA2077
Njm Travels,6375430683,,,"9,887,005,855",1,RJ27PB0299
Chaturvedi Travels,9414223521,Bharatpur,Rajasthan,"7,023,234,803",1,RJ05PA3376
Sangeeta Travels,9983341351,,,0,4,RJ23PB0521
Rangra Bus Service,8894155581,Hamirpur,Himachal Pradesh,"7,018,809,624",3,HP67A5681
Daukiya Travels,9799831493,,,0,1,RJ27PB0378
Kaswan Travel Company,9660436515,,,"9,610,835,788",3,RJ07PA6615
Badgujar Traval,6378676533,,,"8,441,987,775",1,RJ21PA2829
Rana Bai Travels,9785352800,,,"9,887,005,855",2,RJ18PB0209
Rana Bai Travels,9785352800,,,"9,887,005,855",2,RJ21PA4195
Mahisagar Bus,9636960355,,,"9,887,005,855",1,RJ30PA1981
Dhanop Travels,8946955585,,,"9,887,005,855",2,RJ30PA1065
Ankit Travels,9414023073,,,"7,023,234,803",4,RJ05PA3222
Sangam Travels,9828552961,,,"7,737,765,533",1,RJ23PB3111
Kalika Tourist,9950925886,,,"9,887,005,855",3,RJ27PA8134
Choudhary Travels Plana,7014249139,,,"7,737,765,533",3,RJ07PA8699
Saraswat Travels,9414417882,,,0,1,AR01T7790
Gorisya Travels,9460369401,,,"8,963,055,868",20,RJ04PA9797
Munjal Travels,9417592421,Sri Ganganagar,Rajasthan,0,8,RJ13PA1946
Munjal Travels,9417592421,Sri Ganganagar,Rajasthan,0,8,RJ13PA5945
Ashok Bus Service,9414418844,,,0,2,RJ12PB2923
Ashok Bus Service,9414418844,,,0,2,RJ12PA3167
Satguru Travels,8222829722,,,"8,750,710,855",7,RJ13PB6387
Satguru Travels,8222829722,,,"8,750,710,855",7,HR37D2627
Satguru Travels,8222829722,,,"8,750,710,855",7,HR47D3295
Sahu Bus,6376284996,,,"7,014,329,821",4,RJ32PA1513
Kamal Bus Service,8696790336,,,"7,014,329,821",2,RJ18PA4304
Fagana Tour And Travels,9929947051,,,"7,014,329,821",2,RJ19PB1011
Fagana Tour And Travels,9929947051,,,"7,014,329,821",2,RJ18PB1455
Shree Krishana Travels,9682307717,,,"8,058,299,803",1,RJ32PA2798
Kaswan Travel Company,9660436515,,,"9,610,835,788",3,RJ19PB1286
Kaswan Travel Company,9660436515,,,"9,610,835,788",3,RJ07PB6004
Ankit Travels,9414023073,,,"7,023,234,803",4,RJ05PA3404
Mahera Travels,7414860656,,,"8,963,055,868",1,RJ14PD9154
Sharma Bus Service,9782356350,,,"8,952,998,194",1,RJ29PA3033
Chaudhary Travels,8502996630,,,"7,042,099,979",3,RJ29PA3104
Soopa Travels,9549942727,,,"8,118,879,223",6,RJ05PA3291
Soopa Travels,9549942727,,,"8,118,879,223",6,RJ14PE6183
Soopa Travels,9549942727,,,"8,118,879,223",6,RJ34PA3752
Bg Travels,9929073898,,Rajasthan,"7,023,234,803",2,RJ18PB1954
Bg Travels,9929073898,,Rajasthan,"7,023,234,803",2,RJ05PA2877
Patel Travels,8005728410,,,"9,887,005,855",2,RJ27PB1954
Patel Travels,8005728410,,,"9,887,005,855",2,RJ27PB1425
Gorisya Travels,9460369401,,,"8,963,055,868",20,RJ19PC3434
Gorisya Travels,9460369401,,,"8,963,055,868",20,RJ04PA4455
Satguru Travels,8222829722,,,"8,750,710,855",7,RJ13PA7581
Chelya Yatra Campany,7014793459,,,0,1,RJ29PA3270
Rawat Toure And Travel,7023335081,,,"9,252,526,852",4,RJ05PB0081
Surapura Tour And Travels,8239189543,,,"9,887,005,855",1,RJ09PA6706
Solanki Tour And Travels,9649499173,,,"9,785,293,759",1,RJ06PA6745
Laxmi Tour And Travels,9414249700,,,"8,058,299,803",1,RJ14PD9228
Kalera Travels,9414407272,,,"7,042,099,979",6,RJ05PA0768
Kalera Travels,9414407272,,,"7,042,099,979",6,RJ36PA2551
Bg Travels,9414236884,,,"7,023,234,803",3,RJ05PA3417
Bg Travels,9414236884,,,"7,023,234,803",3,RJ05PA3279
Citizan Travels,7568026908,,,"9,166,533,257",2,RJ17PA3371
Gorisya Travels,9460369401,,,"8,963,055,868",20,AR01S2323
Satguru Travels,8222829722,,,"8,750,710,855",7,DD01Q9521
Ashok Bus Service,9414418844,,,0,15,MP44ZB7446
Himalaya Travels,9770534441,Mandla,Madhya Pradesh,"8,305,999,978",1,MP51P0741
Mayra Bus,9680331515,,,"9,166,477,977",2,RJ20PB5000
Mayra Bus,9680331515,,,"9,166,477,977",2,RJ27PB3069
Gnt Bus,9779500618,Bathinda,Punjab,0,1,PB03BK3778
Duger Travel,9001212851,,,"9,252,526,852",2,RJ34PA4269
Chaturvedi Travels,9414223521,Bharatpur,Rajasthan,"7,023,234,803",1,RJ18PA6022
Mk Bus Service,8769856261,,,"8,058,299,803",1,RJ14PF8485
Shuwalka Travels,9983005255,,,"9,785,293,759",4,RJ03PA5549
Chaudhary Travels,9928425738,,,"7,023,234,803",7,RJ05PA1357
Chaudhary Travels,9928425738,,,"7,023,234,803",7,RJ05PA5368
Jai Bhawani Travels,7297875536,,,"8,963,055,868",2,RJ18PB0900
Chaudhary Travels,9982369911,,,0,2,RJ07PA8699
Roopam Travels,9983951495,,,"9,610,835,788",1,RJ07PB2822
Mahendra Singh,9829586979,,,"8,441,987,775",1,RJ06PA1333
Sharma Bus Service,9782539317,,,"6,375,903,107",1,RJ29PA3009
Sharma Bus Service,9782539317,,,"6,375,903,107",1,RJ02PA5483
Gangour Travels,9660667383,,,"9,166,533,257",1,RJ17PA3269
Jai Maa Karni Travels,7357577667,,Madhya Pradesh,"8,963,055,868",3,RJ09PA6549
Gorisya Travels,9460369401,,,"8,963,055,868",20,AR01Y2121
Satguru Travels,8222829722,,,"8,750,710,855",7,UK08PA1703
Maa Ashapura Travels,9982939225,,,"9,887,005,855",1,RJ12PA3721
Maa Ashapura Travels,9982939225,,,"9,887,005,855",1,RJ12PA0950
Dharm Singh Travels,9352020899,,,"7,042,099,979",1,RJ32PA1490
Shree Abhilasha Travels,8160995506,,,"9,571,277,756",1,RJ27PC0997
Gorchhiya Travels,8239299221,,,"9,610,835,788",1,RJ07PA4812
Jai Maa Karni Travels,7357577667,,Madhya Pradesh,"8,963,055,868",3,RJ09PA5268
Saraswat Travels,9414417882,,,0,1,AR01T7273
Purohit Travels,8619419024,,,"9,610,835,788",3,RJ07PB3808
Gorisya Travels,9460369401,,,"8,963,055,868",20,AR01R4141
Rajnandini Tour & Travels,9929141751,,,0,20,RJ09PA6815
Rajnandini Tour & Travels,9929141751,,,0,20,Rj09PA6511
Amit Travels,9079220855,,,"9,991,143,128",1,RJ27PB4807
Chaudhary Travels,9928425738,,,"7,023,234,803",7,RJ05PA6705
Shree Mahalaxmi Travels,6367000917,,,"8,058,299,803",10,UP78FT3591
Shree Mahalaxmi Travels,6367000917,,,"8,058,299,803",10,UP78FT3590
Shree Mahalaxmi Travels,6367000917,,,"8,058,299,803",10,UP83BT1016
Shakti Travels,9828391901,Jaipur,Rajasthan,0,2,RJ14PC4411
Vikram singh,8769700777,Bikaner,Rajasthan,"9,610,835,788",1,RJ07PC2151
Parashar Travels,6376739491,Bharatpur,Rajasthan,0,4,RJ05PA6101
Parashar Travels,6376739491,Bharatpur,Rajasthan,0,4,RJ02PA3632
Purohit Travels,8619419024,,,"9,610,835,788",3,RJ07PB2078
Purohit Travels,8619419024,,,"9,610,835,788",3,RJ07PA7437
Gorisya Travels,9460369401,,,"8,963,055,868",20,AR01U3434
Rajnandini Tour & Travels,9929141751,,,0,20,RJ09PA3757
Pawan Travels,7089038297,Balaghat,Madhya Pradesh,"8,305,999,978",2,MP50ZB8014
Kissan Travels,9887868566,,,"7,014,329,821",4,RJ18PB2599
Duger Travel,9001212851,,,"9,252,526,852",2,RJ34PA1255
Shadat Travel,6378626462,,,"9,785,293,759",2,RJ09PA6891
Shadat Travel,6378626462,,,"9,785,293,759",2,RJ09PA6737
Suraj Travles,8619510480,,,"7,737,765,533",1,RJ07PA4472
Mahalaxmi Travles,9784966951,,,"7,737,765,533",1,RJ07PA6155
Narayan Travels,9928210874,,,"8,955,697,982",1,RJ19PC0691
Godara Travela,6377131554,,,"8,955,697,982",1,RJ39PA1871
Pooja Travels,9588247703,,,"8,118,879,223",7,RJ05PA3954
N T,9672100001,Sri Muktsar Sahib,Punjab,"9,317,712,349",13,PB30H9687
Shree Mahalaxmi Travels,6367000917,,,"8,058,299,803",10,GJ03BT9432
Shree Mahalaxmi Travels,6367000917,,,"8,058,299,803",10,GJ03BT9234
Poswal Travels,8104739485,,,"7,042,099,979",2,RJ29PA3006
Shakti Travels,9828391901,Jaipur,Rajasthan,0,2,RJ14PD5085
Bhagwati Travels,9828645452,,,"7,689,053,603",1,RJ14PE8220
Jai Ubeshwar Mahadev,9351089047,,,"9,887,005,855",1,RJ27PA4928
Gorisya Travels,9460369401,,,"8,963,055,868",20,AR01U3131
Rajnandini Tour & Travels,9929141751,,,0,20,RJ09PA6009
GURSEWAK SINGH,7278700031,Moga,Punjab,"7,717,425,499",1,PB07BP6161
Nandan Travels,7879337879,Seoni,Madhya Pradesh,"9,770,320,844",2,MP22P7001
Daljeet Singh Sodha,9877001132,Barnala,Punjab,"9,878,835,391",6,PB10JB6910
Gm Tour And Travel,9829677849,Bikaner,Rajasthan,"7,737,765,533",1,RJ07PB7803
Kissan Travels,9887868566,,,"7,014,329,821",4,RJ18PB3224
Haro Om Travels,7600000980,,,"9,571,277,756",1,RJ19PB7788
Suraj Kunwar Travels,9928068815,Dungarpur,Rajasthan,"9,887,005,855",1,RJ12PB3351
I.B.M. Travels,9079045127,,,0,1,RJ19PA5009
Chodhri Travels,9166100918,,,"8,118,879,223",2,RJ05PA6101
Bhadhala Travels,9799242550,,,"8,058,299,803",2,RJ46PA1520
Muskan Travels,8949692175,,,"8,952,998,194",1,RJ02PA5041
Ravi Travels,9785264726,,,"7,042,099,979",5,RJ11PA0815
Gorisya Travels,9460369401,,,"8,963,055,868",20,RJ19PB7967
Rajnandini Tour & Travels,9929141751,,,0,20,RJ09PA8557
Rajnandini Tour & Travels,9929141751,,,0,20,RJ09PB8157
Kartars Bus Service,9463709691,Hoshiarpur,Punjab,"7,717,425,499",5,PB07AS6924
Kartars Bus Service,9463709691,Hoshiarpur,Punjab,"7,717,425,499",5,PB07BV6791
Kartars Bus Service,9463709691,Hoshiarpur,Punjab,"7,717,425,499",5,PB29R4661
Kartars Bus Service,9463709691,Hoshiarpur,Punjab,"7,717,425,499",5,PB29R4662
Mehariya Bus Service,9828890273,Hanumangarh,Rajasthan,"8,750,710,855",1,RJ09PA5041D
Parihar Travels,8890533080,Bikaner,Rajasthan,"7,737,765,533",1,RJ10PA4849
Karni Kripa Travels,9828763339,,,"8,955,697,982",1,RJ19PC0181
Jai Shrinath Ji Ki Travels,8696697777,,,"9,166,477,977",8,RJ20PA6677
Toshina Ajmer Travals,9785226281,,,"8,441,987,775",1,RJ37PA1350
Pooja Travels,9588247703,,,"8,118,879,223",7,RJ05PA3310
Panchariya Travels,9783311206,,,"7,737,765,533",1,RJ23PB4805
Rajasthan Gramin Bus Seva,9929932461,Chaksu,Rajasthan,0,5,RJ14PF1872
Saini Bus Service,9582997656,,,"9,252,526,852",1,RJ14PF0353
Insaaf Bus Service,8094946331,,,"9,252,526,852",1,RJ29PA1572
Om Shanti Travels,8949596909,,,"9,887,005,855",15,RJ09PA5373
Sharma Bus Service,9782539317,,,"6,375,903,107",1,RJ02PA5244
Ravi Travels,9785264726,,,"7,042,099,979",5,RJ29TA3271
Ravi Travels,9785264726,,,"7,042,099,979",5,RJ19PB4201
Ravi Travels,9785264726,,,"7,042,099,979",5,RJ29PA3043
Shri Ashapura,8826014181,,,"8,955,697,982",3,RJ19PC0060
Beniwal Travels,7568684747,,,"8,963,055,868",6,RJ19PB4695
Beniwal Travels,7568684747,,,"8,963,055,868",6,AR11C6717
Rajnandini Tour & Travels,9929141751,,,0,20,RJ09PA6029
Rajnandini Tour & Travels,9929141751,,,0,20,RJ09PA5461
Kartars Bus Service,9463709691,Hoshiarpur,Punjab,"7,717,425,499",5,PB11BK8655
Kartik Bus Service,9459058528,Kangra,Himachal Pradesh,"9,877,770,799",1,HP38J7913
Chouhan Travels,9131191911,Sehore,Madhya Pradesh,"7,987,327,084",1,MP11P1044
Darvesh Bus Service (MKS),9478200025,Sri Muktsar Sahib,Punjab,"9,814,201,669",1,PB29F9918
Bhai Behlo Highways,9876316668,Mansa,Punjab,"9,877,674,046",1,PB31J9005
MH TPT (Barnala),9464553094,Faridkot,Punjab,"9,814,201,669",10,PB29R9966
Lok Parivahan,9001579288,Sri Ganganagar,Rajasthan,"9,610,835,788",1,RJ13PA6911
Pareek Travels,9828027860,,,"8,955,697,982",2,RJ19PA6456
Manish Traval,9414269836,,,"8,441,987,775",1,RJ21PA2600
Rajasthan Gramin Bus Seva,9929932461,Chaksu,Rajasthan,0,5,RJ18PA8818
Rajasthan Gramin Bus Seva,9929932461,Chaksu,Rajasthan,0,5,RJ23PB4374
Rajasthan Gramin Bus Seva,9929932461,Chaksu,Rajasthan,0,5,RJ41PA0636
Saini Bus Service,9667022719,,,"9,252,526,852",2,RJ02PA5641
Saini Bus Service,9667022719,,,"9,252,526,852",2,RJ29PA3409
Neelkanth Travels,9414174657,,,"9,887,005,855",5,RJ30PA3891
Yadav Bus Service,9588826103,,,"9,252,526,852",1,RJ14PC8656
Om Shanti Travels,8949596909,,,"9,887,005,855",15,RJ09PA5070
Om Shanti Travels,8949596909,,,"9,887,005,855",15,RJ09PA5378
Mohit Travels,8209012823,Bharatpur,Rajasthan,0,2,RJ29PA3233
Mohit Travels,8209012823,Bharatpur,Rajasthan,0,2,RJ14PE6182
BTC Travels,6375456346,Tonk,Rajasthan,0,2,RJ13PA6866
J S Rathore,6367710505,,,"7,737,765,533",1,RJ19PA4769
B.G Travels,9799057603,,,"7,023,234,803",1,RJ05PA3593
Sharma Bus Service,9782539317,,,"6,375,903,107",1,RJ02PA4409
Laxmi Travels,9116568707,,,"8,955,697,982",3,RJ19PB2537
Ravi Travels,9785264726,,,"7,042,099,979",5,RJ14PE7869
Gorisya Travels,9460369401,,,"8,963,055,868",20,AR01T1747
Beniwal Travels,7568684747,,,"8,963,055,868",6,RJ19PB6177
Rajnandini Tour & Travels,9929141751,,,0,20,RJ09PB7257
PR Travels DEMO,8427665807,Mohali,Punjab,"9,716,110,244",2,HP67A6283
Pareek Travels,9828027860,,,"8,955,697,982",2,RJ19PB4957
Pawan Putra Travels,8740918042,,,"8,955,697,982",5,RJ19PB9719
Pawan Putra Travels,8740918042,,,"8,955,697,982",5,RJ19PB7076
Pawan Putra Travels,8740918042,,,"8,955,697,982",5,RJ19PB5611
Pooja Travels,9588247703,,,"8,118,879,223",7,RJ05PA3415
Pooja Travels,9588247703,,,"8,118,879,223",7,RJ05PA3335
Jay Bhawani Tour And Travels,6375579439,,,"8,058,299,803",5,RJ23PA9119
Gurukripa,9929059078,,,"9,166,477,977",1,RJ20PA7799
I.B.M. Travels,9079045127,,,0,2,RJ07PA8434
Om Shanti Travels,8949596909,,,"9,887,005,855",15,RJ09PA5375
Om Shanti Travels,8949596909,,,"9,887,005,855",15,RJ09PA3816
Karwasara Bus Service,9982333999,,,"7,737,765,533",4,RJ21PA4340
Karwasara Bus Service,9982333999,,,"7,737,765,533",4,RJ50PA0581
Komal Travels,6376555700,,,"9,785,293,759",2,RJ09PA1929
R K Panchariya,9001783171,,,"7,737,765,533",1,RJ21PA1534
BTC Travels,6375456346,Tonk,Rajasthan,0,2,RJ13PA8545
Jai Bhawani Travels,9829039592,,,"7,691,878,007",4,RJ20PB2929
Tinda Bus Service,8955854041,,,"8,952,998,194",1,RJ51PA0343
Beniwal Travels,7568684747,,,"8,963,055,868",6,RJ39PA0695
Beniwal Travels,7568684747,,,"8,963,055,868",6,RJ19PA9505
Beniwal Travels,7568684747,,,"8,963,055,868",6,RJ04PA4538
Barmer Travels,7597578112,,,"8,963,055,868",3,AR01R0111
Barmer Travels,7597578112,,,"8,963,055,868",3,AR01S0555
Barmer Travels,7597578112,,,"8,963,055,868",3,AR01S0999
Gourav Travel,6260740284,Gwalior,Madhya Pradesh,"8,085,396,896",1,MP07P1168
Pooja Travels,9588247703,,,"8,118,879,223",7,RJ07PA4852
Neelkanth Travels,9414174657,,,"9,887,005,855",5,RJ27PA9977
Om Shanti Travels,8949596909,,,"9,887,005,855",15,RJ09PA5559
Karwasara Bus Service,9982333999,,,"7,737,765,533",4,RJ50PA0943
Karwasara Bus Service,9982333999,,,"7,737,765,533",4,RJ13PA5359
Dharm Singh Travels,9352020899,,,"7,042,099,979",1,RJ16PA2397
Komal Travels,6376555700,,,"9,785,293,759",2,RJ23PB0311
Jai Bhawani Travels,9829039592,,,"7,691,878,007",4,RJ20PB2233
Jai Bhawani Travels,9829039592,,,"7,691,878,007",4,RJ20PA4959
Toshina Ajmer Travals,9785226281,,,"8,441,987,775",3,RJ44PA0590
Laxmi Travels,9116568707,,,"8,955,697,982",3,RJ46PA1742
Laxmi Travels,9116568707,,,"8,955,697,982",3,RJ46PA2031
Karwasara Travels,8005630849,,,"9,610,835,788",1,RJ19PB1072
GSK GRK Bus Service,9815647357,Gurdaspur,Punjab,"9,877,770,799",2,PB06BJ1061
GSK GRK Bus Service,9815647357,Gurdaspur,Punjab,"9,877,770,799",2,PB09J9018
Sau Travels,9636193351,Barmer,Rajasthan,"9,799,862,695",3,RJ04PA5222
Sau Travels,9636193351,Barmer,Rajasthan,"9,799,862,695",3,RJ04PA1849
Sau Travels,9636193351,Barmer,Rajasthan,"9,799,862,695",3,RJ04PPA5183
Anshu Travels,8580724609,Solan,Himachal Pradesh,"8,278,786,847",4,HP63A3651
Anshu Travels,8580724609,Solan,Himachal Pradesh,"8,278,786,847",4,HP64C3651
Anshu Travels,8580724609,Solan,Himachal Pradesh,"8,278,786,847",4,HP64D5551
Anshu Travels,8580724609,Solan,Himachal Pradesh,"8,278,786,847",4,HP51A3651
Karani Bus Service,9414508928,Bikaner,Rajasthan,"9,610,835,788",1,RJ07PA6681
Mamta Travels,9983960611,,,"8,963,055,868",1,RJ07PB0729
Esharwal Bus Service,9772929329,,,"9,610,835,788",1,RJ07PB5529
New Bhatewara Bus,9602055925,,,"9,887,005,855",1,RJ09PA6171
Pooja Travels,9588247703,,,"8,118,879,223",7,RJ05PA4809
Pooja Travels,9588247703,,,"8,118,879,223",7,RJ05PB0421
Yadav Bus Service,9166859743,Alwar,Rajasthan,"8,058,299,803",5,RJ32PA2782
Yadav Bus Service,9166859743,Alwar,Rajasthan,"8,058,299,803",5,RJ32PA2456
Yadav Bus Service,9166859743,Alwar,Rajasthan,"8,058,299,803",5,RJ32PA6311
Om Shanti Travels,8949596909,,,"9,887,005,855",15,RJ09PA5558
Toshina Ajmer Travals,9785226281,,,"8,441,987,775",3,RJ21PA1789
Gajraj Bus Service,9462572555,,,0,13,AR02B7499
Chelya Yatra Campany,7014793459,,,0,1,RJ29PA3270
Jai Bhawani 3,9829037489,Kota,Rajasthan,"9,166,477,977",6,RJ20PA4949
Jai Bhawani 3,9829037489,Kota,Rajasthan,"9,166,477,977",6,RJ20PB1587
Karani Travels,9571116566,,,"9,610,835,788",1,RJ50PA0285
Garg Motars,9829442321,,Rajasthan,"7,023,234,803",2,RJ02PA3893
Yadav Bus Service,9588826103,,,"9,252,526,852",1,RJ02PA4322
Om Shanti Travels,8949596909,,,"9,887,005,855",15,RJ09PA2556
Om Shanti Travels,8949596909,,,"9,887,005,855",15,RJ09PA1706
Om Shanti Travels,8949596909,,,"9,887,005,855",15,RJ09PA2861
Gajraj Bus Service,9462572555,,,0,13,RJ18PC5999
Gajraj Bus Service,9462572555,,,0,13,NL02B5599
Gajraj Bus Service,9462572555,,,0,13,NL07B5999
Shree Raj Akanshi Travels,8107140777,,,"8,058,299,803",6,NL07B1181
Shree Raj Akanshi Travels,8107140777,,,"8,058,299,803",6,NL07B2151
Shree Raj Akanshi Travels,8107140777,,,"8,058,299,803",6,NL07B0875
Shree Raj Akanshi Travels,8107140777,,,"8,058,299,803",6,RJ53PA0511
Shree Raj Akanshi Travels,8107140777,,,"8,058,299,803",6,NL07B3051
Pawan Apnibus Travels,9669558752,,,"9,669,558,752",1,MP14DEMO
Vikash Travels,9660687222,Jhunjhunu,Rajasthan,0,2,RJ02PA5051
Prem Bus Sarvice,7733000424,,,"8,118,879,223",2,RJ18PB1644
Sharma Bus Service,9782356350,,,"8,952,998,194",1,RJ14PF3662
Shree Balaji,8005742016,,,"9,610,835,788",2,RJ07PB5349
Shree Balaji,8005742016,,,"9,610,835,788",2,RJ07PB5831
Samaydeen Travels,9783352449,,,"9,252,526,852",1,RJ29PA3077
Garg Motars,9829442321,,Rajasthan,"7,023,234,803",2,RJ05PA3265
Yadav Bus Service,9166859743,Alwar,Rajasthan,"8,058,299,803",5,RJ32PA2935
Yadav Bus Service,9166859743,Alwar,Rajasthan,"8,058,299,803",5,RJ32PA4511
Om Shanti Travels,8949596909,,,"9,887,005,855",15,AR01Q1084
Om Shanti Travels,8949596909,,,"9,887,005,855",15,RJ09PA2829
Om Shanti Travels,8949596909,,,"9,887,005,855",15,RJ09PA5589
Gajraj Bus Service,9462572555,,,0,13,UP80FT5845
Gajraj Bus Service,9462572555,,,0,13,AS01QC4599
Gajraj Bus Service,9462572555,,,0,13,NL07B3899
Gajraj Bus Service,9462572555,,,0,13,NL02B3699
Shree Hari Travels,9660102173,Hanumangarh,Rajasthan,0,1,RJ13PA5750
Laxman Singh,8413074200,,,"7,737,765,533",3,RJ70PA8409
Shree Raj Akanshi Travels,8107140777,,,"8,058,299,803",6,NL07B1881
Meena Bus Service,9672530253,,,"8,952,998,194",2,RJ02PA7207
Vikash Travels,9660687222,Jhunjhunu,Rajasthan,0,2,RJ09PC2869
Shiv Shakti Travels,7427814639,,,"9,785,293,759",4,RJ51PA0167
Shiv Shakti Travels,7427814639,,,"9,785,293,759",4,RJ19PA3488
Karahana Travels,9929238180,,,"7,023,234,803",3,RJ05PB1173
Karahana Travels,9929238180,,,"7,023,234,803",3,RJ02PA3731
Karahana Travels,9929238180,,,"7,023,234,803",3,RJ05PA5076
Saraswati Traval,8619934620,,,"8,441,987,775",1,RJ27PB3889
Nutan Bus Service,7014246416,,,"9,252,526,852",2,RJ02PA4037
Nutan Bus Service,7014246416,,,"9,252,526,852",2,RJ21PA3757
Jai Bhawani Travels,8290369659,Jaisalmer,Rajasthan,"8,963,055,868",6,RJ04PA4359
Jai Bhawani Travels,8290369659,Jaisalmer,Rajasthan,"8,963,055,868",6,RJ19PB7959
Gajraj Bus Service,9462572555,,,0,13,AR02A8199
Gajraj Bus Service,9462572555,,,0,13,RJ18PB5499
Gajraj Bus Service,9462572555,,,0,13,RJ18PB5699
Gajraj Bus Service,9462572555,,,0,13,RJ18PB2999
Lucky Tour And Travels,7878963040,,,"7,014,329,821",2,RJ18PB1828
Lucky Tour And Travels,7878963040,,,"7,014,329,821",2,RJ23PA7693
Lucky Travellers,8005658760,,,"8,058,299,803",1,RJ18PB0461
Shree Choudhary Travels,8104041289,,,"8,058,299,803",1,RJ23PB1294
Jaiswal Travels,9826460261,Harda,Madhya Pradesh,"7,000,771,571",5,MP47P2061
Jaiswal Travels,9826460261,Harda,Madhya Pradesh,"7,000,771,571",5,MP41ZE4161
Jaiswal Travels,9826460261,Harda,Madhya Pradesh,"7,000,771,571",5,MP47ZC2261
Jaiswal Travels,9826460261,Harda,Madhya Pradesh,"7,000,771,571",5,
Mandeep Bus Service,9817912055,Bathinda,Punjab,0,5,PB03AA7748
Behaleem Travels,9680230766,,,"9,001,302,060",1,RJ20PB0762
Janu Bus Service,9413643131,,,"7,014,329,821",2,RJ18PA9167
Brar Bus Service,9772281225,,Rajasthan,0,1,RJ31PA5117
Meena Bus Service,9672530253,,,"8,952,998,194",2,RJ14PC3706
Shiv Shakti Travels,7427814639,,,"9,785,293,759",4,RJ06PA2165
Pahat Bus Servis,9024786538,,,"9,252,526,852",1,RJ29PA1496
Pahat Bus Service,9983485162,,,"9,252,526,852",1,RJ02PA4861
Garg Travels,9649474849,,,"7,023,234,803",5,RJ29PA2962
Garg Travels,9649474849,,,"7,023,234,803",5,RJ51PA0498
Jai Bhawani Travels,8290369659,Jaisalmer,Rajasthan,"8,963,055,868",6,RJ19PA9677
Jai Bhawani Travels,8290369659,Jaisalmer,Rajasthan,"8,963,055,868",6,RJ04PA2442
Vinod Travels,9772003155,,,"8,058,299,803",3,RJ23PB3612
Tak Travel,9610928035,,,"9,785,293,759",2,RJ06PA6955
Tak Travel,9610928035,,,"9,785,293,759",2,RJ27PB3682
DIRENDER PRATAP SINGH,9839862011,Shravasti,Uttar Pradesh,"9,453,213,600",1,UP12AT7485
Lalit Kumar Gupta Apni Bus Travels,9691031692,,,"9,691,031,692",1,MP23 DEMO
Rahul Saharan,9413614800,Hanumangarh,Rajasthan,"8,107,303,491",1,RJ13PA5762
DEMO Apnibus,8875476060,Gurugram,Haryana,"9,711,575,090",1,DEMOBUS5
Vijay Luxmi Bus Service,9816726034,Kangra,Himachal Pradesh,"9,816,110,804",1,HP682524
Lovely Bus Service,7018160543,Solan,Himachal Pradesh,"8,219,618,713",2,HP13B0409
J.R. SHARMA,8278729882,Una,Himachal Pradesh,"9,805,254,456",1,HP72D5254
Laxmi Bus Service,9509747272,Udaipur,Rajasthan,"7,737,058,645",2,RJ27PB5960
Laxmi Bus Service,9509747272,Udaipur,Rajasthan,"7,737,058,645",2,RJ27PB5021
Kbs,8219679306,Shimla,Himachal Pradesh,"8,278,786,847",1,HP64B6201
Mandeep Bus Service,9817912055,Bathinda,Punjab,0,5,PB03AC0648
Janu Bus Service,9413643131,,,"7,014,329,821",2,RJ18PA9168
Bheru Bhawani Travels,9680219276,,,"9,887,005,855",5,RJ27PA9117
Shree Charbhuja Travels,8104895205,,,"9,785,293,759",2,RJ58PA0054
Rajnandini Tour & Travels,9929141751,,,0,2,RJ09PC3657
Gahalot Bus,9079053307,,,"9,166,477,977",2,RJ20PB2078
Gahalot Bus,9079053307,,,"9,166,477,977",2,RJ28PA2446
Garg Travels,9649474849,,,"7,023,234,803",5,RJ27PB0741
Samrathal Travels,9413190151,Bikaner,Rajasthan,0,6,RJ50PA0551
Rathore Tourist,99280 2569,,,"8,441,987,775",4,RJ14PD9001
Rathore Tourist,99280 2569,,,"8,441,987,775",4,RJ01PA4654
Shekhawat Travels,9414989777,Bikaner,Rajasthan,0,2,RJ07PA3521
MH TPT (Barnala),9464553094,Faridkot,Punjab,"9,814,201,669",10,PB07BG3841
MH TPT (Barnala),9464553094,Faridkot,Punjab,"9,814,201,669",10,PB29R9766
MH TPT (Barnala),9464553094,Faridkot,Punjab,"9,814,201,669",10,PB08CT6061
MH TPT (Barnala),9464553094,Faridkot,Punjab,"9,814,201,669",10,PB13BM0835
Pawan Travels,7089038297,Balaghat,Madhya Pradesh,"8,305,999,978",2,MP50ZB6065
Jetha Ram Sau Travels,9829095687,Barmer,Rajasthan,"9,799,862,695",1,RJ04PA3407
Aasha Pura Travels,9928171795,,,"8,955,697,982",2,RJ19PA6746
Sangita Travels,9929634822,,,"9,166,477,977",5,RJ20PB2757
Sangita Travels,9929634822,,,"9,166,477,977",5,RJ20PB2756
Bheru Bhawani Travels,9680219276,,,"9,887,005,855",5,RJ09PA6357
Maa Ashapura,9414341344,,,"8,955,697,982",4,RJ54PA0044
Maa Ashapura,9414341344,,,"8,955,697,982",4,RJ19PA4281
Maa Ashapura,9414341344,,,"8,955,697,982",4,RJ19PB1819
Mahala Travels,9587367042,,,"8,963,055,868",1,RJ18PB1433
Samrathal Travels,9413190151,Bikaner,Rajasthan,0,6,RJ10PA5616
Samrathal Travels,9413190151,Bikaner,Rajasthan,0,6,RJ07PA4835
Samrathal Travels,9413190151,Bikaner,Rajasthan,0,6,RJ18PA7398
Samrathal Travels,9413190151,Bikaner,Rajasthan,0,6,RJ13PA2226
Samrathal Travels,9413190151,Bikaner,Rajasthan,0,6,RJ50PB0551
Garg Motars,9829442321,,Rajasthan,"7,023,234,803",2,RJ05PA6599
Garg Motars,9829442321,,Rajasthan,"7,023,234,803",2,RJ05PA3304
Shekhawat Travels,8384991549,Bikaner,Rajasthan,"8,107,303,491",1,RJ07PB6005
Betrwanti Bus,7355935713,Jhansi,Uttar Pradesh,"8,081,725,226",2,MP71ZA8426
Bal Majitha Transport,9464119107,Amritsar,Punjab,"9,041,995,581",1,PB02BA9888
Mandeep Bus Service,9817912055,Bathinda,Punjab,0,5,PB03AA6648
Bheru Bhawani Travels,9680219276,,,"9,887,005,855",5,RJ09PA7101
Bheru Bhawani Travels,9680219276,,,"9,887,005,855",5,RJ30PA3628
Bheru Bhawani Travels,9680219276,,,"9,887,005,855",1,RJ30PA3396
Jai Durga Travels,6350454579,,,"9,166,533,257",4,MP46P0195
Jai Durga Travels,6350454579,,,"9,166,533,257",4,RJ20PB7799
Jai Durga Travels,6350454579,,,"9,166,533,257",4,RJ17PA2202
Chetak Travels,9427052646,,,"9,887,005,855",1,RJ14PD6902
Dharniya Bus Service,9784603724,,,"9,610,835,788",2,RJ07PB1881
Dharniya Bus Service,9784603724,,,"9,610,835,788",2,RJ13PA5834
Betrwanti Bus,7355935713,Jhansi,Uttar Pradesh,"8,081,725,226",2,UP93BT9989
Choudhary Bus Services,9857100093,Solan,Himachal Pradesh,"8,219,618,713",2,HP93A7993
Choudhary Bus Services,9857100093,Solan,Himachal Pradesh,"8,219,618,713",2,HP937993
Kuljindeer Singh,8872529665,Bathinda,Punjab,"9,877,674,046",2,PB03W9909
Sonu Travels,9829399851,Jaipur,Rajasthan,0,1,RJ34PA3637
Swaroop Bus,9928110470,,,"9,166,477,977",1,RJ20PB1749
Ranawat Traval,9828698761,,,"8,441,987,775",1,RJ21PA0913
Lucky Bus Service,6375237702,,,"8,963,055,868",2,RJ18PA2115
Radhakrishan Travels,7597753056,,,"7,023,234,803",1,RJ05PA3007
Do Prani Bus Service,9660287028,,,"7,014,329,821",1,RJ27PB3514
Choudhary Treval,8209890026,,,"7,042,099,979",1,RJ29TA0598
Esharwal Bus Service,9772929329,,,"9,610,835,788",2,RJ07PB1391
Sai Yatra Com.,7746018527,,,"9,166,477,977",15,RJ28PA1999
Jai Durga Travels,6350454579,,,"9,166,533,257",4,MP09FA2711
Parmar Coach,8053042410,Rohtak,Haryana,"9,315,883,000",1,HR46F4761
MRL,9805845000,Solan,Himachal Pradesh,"8,278,786,847",2,HP64D1175
MRL,9805845000,Solan,Himachal Pradesh,"8,278,786,847",2,HP671175
Kuljindeer Singh,8872529665,Bathinda,Punjab,"9,877,674,046",2,PB13BP2983
Lovely Bus Service,7018160543,Solan,Himachal Pradesh,"8,219,618,713",3,HP63A1607
Jain Travel,8005878330,,,"9,166,477,977",2,RJ20PB1576
Jain Travel,8005878330,,,"9,166,477,977",2,RJ20PB1728
Jhala travels 80RD,8890301100,Bikaner,Rajasthan,0,1,RJ49PB0544
Tiger Travels,9166252544,,,"8,955,697,982",1,RJ15PA2781
Rajsthan Lok Parivahan,7689829761,Alwar,Rajasthan,0,1,RJ02PA3896
Parihar Travels,8890533080,Bikaner,Rajasthan,"7,737,765,533",1,RJ07PB1386
Shree Travels,8005690602,,,"6,375,903,107",5,RJ32PA2429
Puja Travels,9828237611,Bharatpur,Rajasthan,"7,023,234,803",3,RJ05PA3701
Puja Travels,9828237611,Bharatpur,Rajasthan,"7,023,234,803",3,RJ05PA3535
Mulchand Gurjar,8505058062,Alwar,Rajasthan,"9,529,460,100",1,RJ52PA0365
Puja Travels,9828237611,Bharatpur,Rajasthan,"7,023,234,803",3,RJ05PA2646
Bhawani Travels,7568824784,,,"8,058,299,803",4,NL07B0665
Jai Maa Co,9805872499,Una,Himachal Pradesh,"9,814,201,669",1,HP19B7299
Ganesh Travels,6350227803,Tonk,Rajasthan,"9,571,349,967",1,RJ23PB4748
Bal Majitha Transport,9464119107,Amritsar,Punjab,"9,041,995,581",1,PB02AF9905
Shree Travels,8005690602,,,"6,375,903,107",5,RJ02PA5057
Shree Travels,8005690602,,,"6,375,903,107",5,RJ02PA5587
Ramparkash,8696560784,,,"9,521,650,546",1,RJ19PA5485
Lovely Bus Service,7018160543,Solan,Himachal Pradesh,"8,219,618,713",2,HP643551
Papa Shree Travels,9598801111,Jhansi,Uttar Pradesh,"8,081,725,226",2,UP93BT8349
NANDA Bus Service,7876614719,Shimla,Himachal Pradesh,"8,278,786,847",1,HP63C7930
Papa Shree Travels,9598801111,Jhansi,Uttar Pradesh,"8,081,725,226",2,UP93BT9025
Sonu Bus Service,9816471738,Solan,Himachal Pradesh,"8,219,618,713",1,HP64B2022
MRL,9805745000,Solan,Himachal Pradesh,"8,278,786,847",1,HP64D6725
Bhullar Bus Service,9855466877,Firozpur,Punjab,"9,814,201,669",1,PB05R9732
Lovely Bus Service,7018160543,Solan,Himachal Pradesh,"8,219,618,713",3,HP64C3351
Palak Travels,9829877727,Udaipur,Rajasthan,0,2,RJ27PB5016
Palak Travels,9829877727,Udaipur,Rajasthan,0,2,RJ27PB3375
New Deep Bus Service,9023582514,Sri Muktsar Sahib,Punjab,0,16,PB04AC4978
Shaheli Bus,7891254671,Dausa,Rajasthan,"7,042,099,979",1,RJ29PA2338
Shree Travels,8005690602,,,"6,375,903,107",5,RJ32PA2432
Shree Travels,8005690602,,,"6,375,903,107",5,RJ02PA4494
Bal Majitha Transport,9464119107,Amritsar,Punjab,"9,041,995,581",2,PB02AH9995
Nagesh Kumar	Travels,7973972638,Gurdaspur,Punjab,"7,717,425,499",2,PB08EA9961
Mandeep Bus Service,9817912055,Bathinda,Punjab,0,3,PB03AY2339
Mandeep Bus Service,9817912055,Bathinda,Punjab,0,2,PB03AC6748
Mandeep Bus Service,9817912055,Bathinda,Punjab,0,2,PB03Y7748
Ravidas Travels,9872305000,Bathinda,Punjab,0,2,PB03BF4729
Ravidas Travels,9872305000,Bathinda,Punjab,0,2,PB03BM3101
Rahil Bus,9875094092,Kota,Rajasthan,"9,166,477,977",1,RJ20PB2764
Jain Bus,7976796086,,,"9,166,477,977",1,RJ20PB1042
Parihar Travels,9928679868,Bikaner,Rajasthan,"7,737,765,533",1,RJ13PA6664
Laxmi Bus,6367895519,,,"9,785,293,759",1,RJ27PA1546
Shaheli Bus,7891254671,Dausa,Rajasthan,"7,042,099,979",1,RJ29PA1113
Tiger Travels,9166252544,,,"8,955,697,982",1,AR12105
Beniwal Travels,9783324381,Hanumangarh,Rajasthan,"8,750,710,855",1,RJ49PB0883
Bhawani Travels,7568824784,,,"8,058,299,803",4,NL07B0733
Bhawani Travels,7568824784,,,"8,058,299,803",4,NL07B0732
Bhawani Travels,7568824784,,,"8,058,299,803",4,NL07B0664
New Dev Yatra Tpt,9311441717,Kangra,Himachal Pradesh,"9,816,110,804",1,HP680915
R.T.C,8887669931,Bharatpur,Rajasthan,"9,571,349,967",1,RJ05PA6793
Hardyal Singh Gill,9700007631,Moga,Punjab,"9,814,201,669",1,PB22K4493
Amit Travels,9887886078,,,"9,991,143,128",1,UP53FT3288
Jangir Travels,7726819968,,,"7,014,329,821",1,RJ18PA4151
Chandra Travels,8078697998,,,"8,963,055,868",1,RJ19PC4359
Shakti Travels,9828391901,Jaipur,Rajasthan,0,1,RJ14PD1020
Deewana Travels,7976438881,,,"9,785,293,759",1,RJ27PA9958
Lovely Bus Service,7018160543,Solan,Himachal Pradesh,"8,219,618,713",3,HP64D1251
Gurunanak Bus Service,9460027017,,,"8,750,710,855",1,RJ13PB3555
Lok Parivahan,9982911886,,,"9,252,526,852",2,RJ02PA6078
Guleria Travels,9816663016,Mandi,Himachal Pradesh,"9,805,254,456",1,HP65A8316
Bhajan Lal,9413029837,Barmer,Rajasthan,"9,799,862,695",1,AR06B8370
Bahdur Singh,7976633543,Udaipur,Rajasthan,"8,829,990,007",1,RJ22PA2565
Digvijay Travels,9828282844,Udaipur,Rajasthan,"9,529,611,627",2,RJ27PC3393
Sagar Travels,9755641828,Narmadapuram,Madhya Pradesh,"8,251,840,422",2,MP04PA2567
Sharma Travels,9816780531,Solan,Himachal Pradesh,"8,278,786,847",3,HP986764
Sharma Travels,9816780531,Solan,Himachal Pradesh,"8,278,786,847",3,HP14D6764
Chandra Travels,8078697998,,,"8,963,055,868",1,RJ15PA2797
BTC Travels,6375456346,Tonk,Rajasthan,0,1,RJ13PA8545
Bitoliya,9358328498,,,"9,166,477,977",1,RJ20PA8551
Shrinath Bus Services Ramgrah,9828660199,,,"9,252,526,852",1,RJ40PA0625
Chaudhary Travels,8502996630,,,"7,042,099,979",3,RJ14PB1630
Chaudhary Travels,8502996630,,,"7,042,099,979",3,RJ29PA3203
Chaudhary Travels,8502996630,,,"7,042,099,979",3,RJ14PB1947
Godara Travels Malasar,9950725831,,,"7,737,765,533",2,RJ18PA7855
Godara Travels Malasar,9950725831,,,"7,737,765,533",2,RJ07PB5632
Sharma Travels,9816780531,Solan,Himachal Pradesh,"8,278,786,847",3,HP64A3926
Moin Khan,6350019427,Alwar,Rajasthan,"7,240,080,687",1,RJ02PA7015
Ashok Leyland,9214336995,Kota,Rajasthan,"8,107,321,567",1,RJ17PA2111
Narayan Travels,9424979368,Balaghat,Madhya Pradesh,"8,305,999,978",2,MP50P0442
Narayan Travels,9424979368,Balaghat,Madhya Pradesh,"8,305,999,978",2,MP50P0353 (07:00 AM)
Jai Shree Ram Travel,9584241207,Shahdol,Madhya Pradesh,"8,305,999,978",2,MP17P2087
Jai Shree Ram Travel,9584241207,Shahdol,Madhya Pradesh,"8,305,999,978",2,MP18P1577
Digvijay Travels,9828282844,Udaipur,Rajasthan,"9,529,611,627",2,RJ27PA6975
Sagar Travels,9755641828,Narmadapuram,Madhya Pradesh,"8,251,840,422",2,MP41ZF2158
थुरवाल ट्रावल,9929820009,Dausa,Rajasthan,"7,042,099,979",1,RJ25PA3595
Dhaka Coach,9991550067,Rohtak,Haryana,"9,034,236,488",1,HR63D8404
Honey Travels,9357403781,Mansa,Punjab,"8,963,055,868",1,PB31P5181
Jagdev  Singh,7986977223,Jalandhar,Punjab,"7,717,425,499",1,PB 6891
Banga Bus Service,9418090135,Una,Himachal Pradesh,"8,278,786,847",1,HP713935
MH TPT (Barnala),9464553094,Faridkot,Punjab,"9,814,201,669",10,PB23M5987
ABHAY BAJPAI,7233013240,Lakhimpur Kheri,Uttar Pradesh,"9,984,196,569",1,UP31CT1257
Tiwari Travel,8770123799,Jabalpur,Madhya Pradesh,"9,301,180,960",1,MP20ZH5317
Daleep Bus Service,8626842821,Chamba,Himachal Pradesh,"9,877,770,799",1,HP68B0548
Prajapati Bus Service,7018404064,Kangra,Himachal Pradesh,"9,877,770,799",1,HP68A3985
RAWAL COACH,9815798353,Panchkula,Haryana,"8,685,977,952",9,HR68B9724
Shekhawat Travels,9414429198,Bikaner,Rajasthan,0,1,RJ07PA9192
STARLINE TRAVELS,7014074474,,,"8,058,299,803",1,RJ19PA3407
M.M. Travels,8233779999,,,"9,887,005,855",1,RJ27PB6684
Rakesh Bus Service,8952088806,,,"9,166,477,977",10,RJ28PA1589
Rakesh Bus Service,8952088806,,,"9,166,477,977",10,RJ20PA9103
Rakesh Bus Service,8952088806,,,"9,166,477,977",10,RJ20PB2732
Rakesh Bus Service,8952088806,,,"9,166,477,977",10,RJ20PA3030
Rakesh Bus Service,8952088806,,,"9,166,477,977",10,RJ20PB0513
Heena Bus Service,9425000721,Betul,Madhya Pradesh,"7,987,327,084",1,MP48P7211
AJAY TRAVEL,7018591533,Bilaspur,Himachal Pradesh,"7,018,591,533",1,HP23DEMO1
Shree Karni Kripa Tour And Travels,9119133907,Jaipur,Rajasthan,"8,058,299,803",1,RJ14PE3336
Sangwan Bus Service,8708103303,,,"9,034,236,488",1,HR46E1723
Apnibus,9911500747,,,"9,341,643,122",1,HR55AA3466
Shubham Bus 6,7988868369,,,"9,034,236,488",1,HR46F1439
Shekhawat Travels,9414429198,Bikaner,Rajasthan,0,1,RJ13PA5791
Shree Shiv Shakti Sharma Travels,9414579171,Hanumangarh,Rajasthan,"8,750,710,855",2,RJ49PA1711
Shree Shiv Shakti Sharma Travels,9414579171,Hanumangarh,Rajasthan,"8,750,710,855",2,RJ49PA1611
Keladevi Express,7665141630,Dausa,Rajasthan,"7,042,099,979",1,RJ25PA3103
Shree Shyam Travels,8529409138,,,"7,737,765,533",1,RJ23PA9138
Sarpanch Bus Service,9829082014,,,"9,252,526,852",1,RJ02PA5474
Jai Bajarang Trevals,7340542954,Jodhpur,Rajasthan,"9,829,715,298",1,RJ19PC8805
Lok Parivahan,8502933478,Dholpur,Rajasthan,"9,571,349,967",1,RJ34PA1473
Sharma Bus Services,9817902091,Solan,Himachal Pradesh,"8,219,618,713",1,HP644263
Sanalesh Apanibustravel,6387958107,,,"6,387,958,107",1,UP65DEMO1
Chamkaur Sahib Bus,9815780008,Ludhiana,Punjab,"9,878,835,391",1,PB11BN9725
Lucknow Express,8874385111,Gonda,Uttar Pradesh,"8,005,100,830",1,UP47T2453
Sandhya Travels,8823821823,Rajgarh,Madhya Pradesh,"8,251,840,422",2,MP13P9111
Sandhya Travels,8823821823,Rajgarh,Madhya Pradesh,"8,251,840,422",2,MP39ZB8038
Keladevi Express,9799522282,Sawai Madhopur,Rajasthan,0,2,RJ14PF0389D
Ms Brar Bus Service,7976435224,Sri Ganganagar,Rajasthan,0,1,RJ34PA2449
Sahu Travls,9636380801,Kota,Rajasthan,"9,001,302,060",1,RJ20PB4444
Lok Parivahan,9351904300,,,"7,737,765,533",1,RJ07PA5166
Jai Makali Bus Service,9887596807,Hanumangarh,Rajasthan,"8,750,710,855",1,RJ49PA0067
Aman Travels,9024516970,Sawai Madhopur,Rajasthan,"7,042,099,979",1,RJ14PF1378
थुरवाल Travel,8058550160,Sawai Madhopur,Rajasthan,0,1,RJ29PA3768
Pinky Travels,9983836415,Bikaner,Rajasthan,"9,610,835,788",1,RJ07PB8653
थुरवाल Travel,8058550160,Sawai Madhopur,Rajasthan,"7,042,099,979",1,RJ31PA2839
Meena travles,9667897641,Dasusa,Rajasthan,"7,042,099,979",2,RJ06PA3484
Meena travles,9667897641,Dasusa,Rajasthan,"7,042,099,979",2,RJ14PF2053
Rathore Travels,9109338595,Alirajpur,Madhya Pradesh,"7,974,097,527",2,MP69P0115
Rathore Travels,9109338595,Alirajpur,Madhya Pradesh,"7,974,097,527",2,MP69P0158
Radhe Rahde Bus,8059181700,Rohtak,Haryana,"9,315,883,000",1,HR46F1700
B.Batala,8725080080,Amritsar,Punjab,"9,041,995,581",1,PB06BN9080
Chandrawat Travels,9982546751,Kota,Rajasthan,"8,741,969,313",1,RJ20PB1678
PR Mundhan,9784385942,Barmer,Rajasthan,"9,799,862,695",1,RJ04PA7879
Abdul Wasim,6350497077,Sawai Madhopur,Rajasthan,"9,784,398,449",2,RJ25PA1296
P.S.T DELUXE ,8002564700,Aurangabad,Bihar,"9,110,013,131",2,BR02PB9885
P.S.T DELUXE ,8002564700,Aurangabad,Bihar,"9,110,013,131",2,BR02PB9385
Ram Travels,9982392270,Karauli,Rajasthan,"8,741,969,313",1,RJ32PA2386A
Thurwal Travels,9351169560,Dausa,Rajasthan,"7,042,099,979",1,RJ14PE8881
Siddharth Travels,7062702018,,,"8,058,299,803",1,RJ23PB2681
Thurwal Travels,9351169560,Dausa,Rajasthan,"7,042,099,979",1,RJ14PE2738
Meena travles,9667897641,Dasusa,Rajasthan,"7,042,099,979",1,RJ14PF2053
Shakti Travels,7023148640,Jaipur,Rajasthan,"8,058,299,803",1,RJ14PF6465
Sawariya Tour & Travels,9829205473,,,"9,887,005,855",1,RJ27PA2085
Jai Mahadev Bus,9602577929,,,"9,887,005,855",1,RJ20PB2604
Mogra Travels,8094314444,,,"9,887,005,855",12,RJ06PA7096
Mogra Travels,8094314444,,,"9,887,005,855",12,RJ06PA6317
Mogra Travels,8094314444,,,"9,887,005,855",12,RJ06PA6416
Mogra Travels,8094314444,,,"9,887,005,855",12,RJ27PB4631
Mogra Travels,8094314444,,,"9,887,005,855",12,RJ06PA7301
Mogra Travels,8094314444,,,"9,887,005,855",12,RJ06PA3868
Pinky Travels,8562017739,,,"8,955,697,982",3,RJ07PB1226
Mandliya Travels,,,,"9,166,533,257",35,RJ33PA0164D
Durga Travels,9753089946,Surguja,Chhattisgarh,"7,898,799,411",1,CG15AB9570
Varma Travels,9698008700,Sehore,Madhya Pradesh,"7,987,327,084",1,MP37ZD1919
Krishna Travels,9919196923,Lakhimpur Kheri,Uttar Pradesh,"9,984,196,569",1,HR67A6403
Abdul Wasim,6350497077,Sawai Madhopur,Rajasthan,"9,784,398,449",2,RJ02PA4748
Shri Syam Travels,7297902001,Sri Ganganagar,Rajasthan,"9,610,161,200",1,RJ13PA9121
MH TPT (Barnala),9464553094,Faridkot,Punjab,"9,814,201,669",10,PB03AY0114
MH TPT (Barnala),9464553094,Faridkot,Punjab,"9,814,201,669",10,PB13BS4935
MH TPT (Barnala),9464553094,Faridkot,Punjab,"9,814,201,669",10,PB13BM2995
MH TPT (Barnala),9464553094,Faridkot,Punjab,"9,814,201,669",10,PB04V4485
Shree Krishna Travels,7737226420,,,"9,785,293,759",5,RJ06PA6670
Shree Krishna Travels,7737226420,,,"9,785,293,759",5,RJ06PA6734
Shree Krishna Travels,7737226420,,,"9,785,293,759",5,RJ09PA1621
Shree Krishna Travels,7737226420,,,"9,785,293,759",5,RJ51PA0601
Mandliya Travels,,,,"9,166,533,257",35,RJ33PA0611
Mandliya Travels,,,,"9,166,533,257",35,RJ33PA0211
Mandliya Travels,,,,"9,166,533,257",35,MP70P0799
Mandliya Travels,,,,"9,166,533,257",35,RJ09PA4065
Mandliya Travels,,,,"9,166,533,257",35,RJ27PC0799
Mandliya Travels,,,,"9,166,533,257",35,MP14P0251
Mandliya Travels,,,,"9,166,533,257",35,RJ33PA0162
Mandliya Travels,,,,"9,166,533,257",35,RJ33PA0511
Mandliya Travals,9407109833,Mandsaur,Madhya Pradesh,"8,949,835,997",1,RJ33PA0164
B.N.S.Bus Service,9872281691,Gurdaspur,Punjab,"9,041,995,581",1,PB06V6721
Shyam Tour & Travels,9929131826,Jaipur,Rajasthan,"9,784,398,449",1,RJ14PC7476
New Kapur Travelh,7891665034,,,"9,252,526,852",4,RJ02PA4762
New Kapur Travelh,7891665034,,,"9,252,526,852",4,RJ02PA4872
Kaliyaree Travel,9983299260,,,"9,785,293,759",7,RJ08PA1375
Kaliyaree Travel,9983299260,,,"9,785,293,759",7,RJ06PA6418
Kaliyaree Travel,9983299260,,,"9,785,293,759",7,RJ09PA6836
Kaliyaree Travel,9983299260,,,"9,785,293,759",7,RJ09PA6609
Kaliyaree Travel,9983299260,,,"9,785,293,759",7,RJ30PA1008
Kaliyaree Travel,9983299260,,,"9,785,293,759",7,RJ06PA5370
Salasar Darbar,8387808786,,,"8,441,987,775",2,RJ37PA0795
Salasar Darbar,8387808786,,,"8,441,987,775",2,RJ37PA2151
Gorchhiya Travels,8239299221,,,"9,610,835,788",1,RJ07PB4200
Saini,9950967030,,,"6,375,903,107",1,RJ02PA5042
Saini,9950967030,,,"6,375,903,107",1,RJ32PA3011
Saini,9950967030,,,"6,375,903,107",1,RJ51PA0584
Mandliya Travels,,,,"9,166,533,257",35,MH14GD1607
Mandliya Travels,,,,"9,166,533,257",35,RJ33PA0459
Mandliya Travels,,,,"9,166,533,257",35,MH14GD2607
Mandliya Travels,,,,"9,166,533,257",35,RJ20PA3004
Mandliya Travels,,,,"9,166,533,257",35,MP14R0811
Mandliya Travels,,,,"9,166,533,257",35,RJ33PA0461
Pradeep Bus Service,9522141111,Jhabua,Madhya Pradesh,"9,589,428,193",3,MP45P2277
Pradeep Bus Service,9522141111,Jhabua,Madhya Pradesh,"9,589,428,193",3,MP45P7722
Pradeep Bus Service,9522141111,Jhabua,Madhya Pradesh,"9,589,428,193",3,MP45ZB2998
RBS BUS SERVICE Gagrate,9816013919,Una,Himachal Pradesh,"9,805,254,456",1,HP72D1019
Mayank Singh Apni Bas Travel ,8287258471,,,"8,287,258,471",1,UP90DEMO1
Bal Majitha Transport,9464119107,Amritsar,Punjab,"9,041,995,581",2,PB06Q4967
Om Shanti Travels,8949596909,,,"9,887,005,855",15,RJ09PA3073
Om Shanti Travels,8949596909,,,"9,887,005,855",15,RJ09PA5588
Om Shanti Travels,8949596909,,,"9,887,005,855",15,RJ09PA5586
Om Shanti Travels,8949596909,,,"9,887,005,855",15,RJ09PA4148
Goswami,8769756886,,,"9,166,477,977",2,RJ20PB1624
Goswami,8769756886,,,"9,166,477,977",2,RJ20PA6058
New Kapur Travelh,7891665034,,,"9,252,526,852",4,RJ02PA3648
New Kapur Travelh,7891665034,,,"9,252,526,852",4,RJ02PA5106
Choudhary Travels,9649760297,,,0,2,RJ09PA6522
Choudhary Travels,9649760297,,,0,2,RJ27PB4173
Hariom Travels,9783634223,,,"9,887,005,855",6,RJ30PA3637
Hariom Travels,9783634223,,,"9,887,005,855",6,RJ30PA3692
Hariom Travels,9783634223,,,"9,887,005,855",6,RJ30PA3691
Hariom Travels,9783634223,,,"9,887,005,855",6,RJ27PB2556
Hariom Travels,9783634223,,,"9,887,005,855",6,RJ30PA3732
Choudhary Travels,9649760297,,,0,4,RJ27PA8071
Choudhary Travels,9649760297,,,0,4,RJ36PA2900
Choudhary Travels,9649760297,,,0,4,RJ30PA3297
Choudhary Travels,9649760297,,,0,4,RJ30PA3537
Tiwari Travel,8770123799,Jabalpur,Madhya Pradesh,"9,301,180,960",1,MP13P2322
Jhunir Bus,9570599705,Mansa,Punjab,"8,963,055,868",2,PB03BJ9505
Ankit demo,7697352660,,,"8,506,042,002",1,MP43DT2326
Vikram Apnibus Travels,9131115430,,,"9,131,115,430",1,MP20DEMO1
Devansh Buses,9716110244,,,"9,716,110,244",3,MP10ZE9756
Bhai Behlo Highways,9877792002,Mansa,Punjab,"9,877,674,046",2,PB31P9423
Mukesh Service,8770039033,Betul,Madhya Pradesh,"8,668,903,073",1,MP48ZG5064
Shree Shyam Bus Service,8700023345,Jhajjar,Haryana,"9,315,883,000",1,HR63F2565
SNEH BUS SERVICE,9857010045,Kullu,Himachal Pradesh,"6,280,281,750",1,HP34F6364
Tourist Bus,9418034525,Hamirpur,Himachal Pradesh,"7,018,809,624",3,HP55D9725
Tourist Bus,9418034525,Hamirpur,Himachal Pradesh,"7,018,809,624",3,HP55B9725
Tourist Bus,9418034525,Hamirpur,Himachal Pradesh,"7,018,809,624",3,HP55C0725
HUMSAFAR BUS-7091279950,7091279950,Gaya,Bihar,"9,110,013,131",1,BR02PC2890
Rishabh Apni Bus Travels,6392688403,,,"6,392,688,403",1,UP78DEMO1
Brar Travels,8432409465,Bikaner,Rajasthan,"8,107,303,491",1,RJ10PA5851
Devansh Buses,9716110244,,,"9,716,110,244",2,MP13ZF2156
Singh Bus Sarvica,6393755536,Lakhimpur Kheri,Uttar Pradesh,"9,984,196,569",1,UP31AT4647
Shailesh Apnibus Travels,8689825611,,Maharashtra,"8,689,825,611",1,UP51DEMO1
Hans Tour & Travels,7018582170,Mandi,Himachal Pradesh,"9,805,254,456",1,HP656829
Shailesh Srivastava,8005100830,,,"9,341,643,122",1,UP32DEMOS
Jujhar Constructions And Travels Pvt. Ltd.,8427999077,Ludhiana,Punjab,"9,317,712,349",75,PB04AC6582
Singh Travels,9425137172,Morena,Madhya Pradesh,"8,085,396,896",2,MP07ZK8894
Singh Travels,9425137172,Morena,Madhya Pradesh,"8,085,396,896",2,MP41ZC1568
Apni Bus Travels,9770863201,,,"9,770,863,201",1,MP30DEMO
RAWAL COACH,9815798353,Panchkula,Haryana,"8,685,977,952",9,HR68C3875
RAWAL COACH,9815798353,Panchkula,Haryana,"8,685,977,952",9,HR68B9532
Maa Shakti Travels,7772817019,Khargone,Madhya Pradesh,"7,697,352,660",1,MP10ZF7077
Raj Bus Sarvice,7355871997,Bharatpur,Rajasthan,"9,571,349,967",1,RJ05PA6311
Vishal Travels,7807641000,Shimla,Himachal Pradesh,"8,278,786,847",6,HP95A3171
Vishal Travels,7807641000,Shimla,Himachal Pradesh,"8,278,786,847",6,HP923171
Vishal Travels,7807641000,Shimla,Himachal Pradesh,"8,278,786,847",6,HP63A1410
Vishal Travels,7807641000,Shimla,Himachal Pradesh,"8,278,786,847",6,HP63D3171
Vishal Travels,7807641000,Shimla,Himachal Pradesh,"8,278,786,847",6,HP06C3171
Rajindera Bus Service,9816794301,Kangra,Himachal Pradesh,"9,877,770,799",1,HP72C5686
M/S JFCS JAIMANGLA FIRM COMMUNITY SERVICES,7903591350,Gaya,Bihar,"9,110,013,131",2,BR02PC2877
M/S JFCS JAIMANGLA FIRM COMMUNITY SERVICES,7903591350,Gaya,Bihar,"9,110,013,131",2,BR02PC0901
ANKIT TRIPATHI APNIBUS TRAVELS,9415821630,,,"9,415,821,630",1,UP70DEMO1
Divyanshi Bus,9736403897,Hamirpur,Himachal Pradesh,"7,018,809,624",1,HP67A3794
Ashok Tour & Travels,7309615176,Ghaziabad,Uttar Pradesh,"8,896,208,310",1,UP61BT9799
New Bishnoi Travels,7073783224,Barmer,Rajasthan,"9,799,862,695",1,RJ19PA4515
N T,9672100001,Sri Muktsar Sahib,Punjab,"9,317,712,349",3,PB04AD6195
Vivek Kumar Apni Bus Traval,7300658220,,,"6,395,141,173",1,UP21DEMO1
Shakti Travels,9414983495,Jaipur,Rajasthan,"9,784,398,449",1,RJ14PG6465
B S MAHARAJA,8769950709,Jaisalmer,Rajasthan,"9,982,218,368",1,AR01T2706
Vineet Pandey,9213093608,Gautam Buddha Nagar,Uttar Pradesh,"8,081,725,226",1,UP15DT9233
MH TPT (Barnala),9464553094,Faridkot,Punjab,"9,814,201,669",2,PB29M8436
Guru Krupa,9424135870,Jodhpur,Rajasthan,"8,482,885,925",2,CG28G0154
Guru Krupa,9424135870,Jodhpur,Rajasthan,"8,482,885,925",2,CG04E3459
Rattan Singh & Sons,9888360719,Gurdaspur,Punjab,"9,877,770,799",3,PB35Q3725
Rattan Singh & Sons,9888360719,Gurdaspur,Punjab,"9,877,770,799",3,PB02CC6622
Rattan Singh & Sons,9888360719,Gurdaspur,Punjab,"9,877,770,799",3,PB35Q9325
RAWAL COACH,9815798353,Panchkula,Haryana,"8,685,977,952",9,HR68C8738
GSK GRK Bus Service,9815647357,Gurdaspur,Punjab,"9,877,770,799",3,PB11CM6654
GSK GRK Bus Service,9815647357,Gurdaspur,Punjab,"9,877,770,799",3,PB06C4547
GSK GRK Bus Service,9815647357,Gurdaspur,Punjab,"9,877,770,799",3,PB06BJ1060
Raviraj Travels,9977923254,Datia,Madhya Pradesh,"9,630,086,892",1,MP41ZE3986
Verma Tour And Travels,7018182353,Solan,Himachal Pradesh,"8,219,618,713",1,HP15E6764
Una Highway,9418406744,Una,Himachal Pradesh,"9,317,712,349",1,HP72B6644
Devansh Buses,9716110244,,,"8,750,710,855",1,1367788544
Una Highway,9418406744,Una,Himachal Pradesh,"9,317,712,349",3,HP72B8644
Una Highway,9418406744,Una,Himachal Pradesh,"9,317,712,349",3,HP72B7744
Una Highway,9418406744,Una,Himachal Pradesh,"9,317,712,349",3,HP72B8844
Sardar Bus Service,7973074649,Patiala,Punjab,"9,317,712,349",1,PB11AY9657
Patiala Highway Bus Express Pvt Ltd,9814424125,Patiala,Punjab,"9,317,712,349",1,PB11DF9025
Jai Makali Bus Service,9887596807,Hanumangarh,Rajasthan,"8,750,710,855",1,RJ49PA0073
Rajindera Bus Service,9816794301,Kangra,Himachal Pradesh,"9,877,770,799",1,HP38D1447
Malik Bus Service,7357312156,Karnal,Haryana,"9,996,295,954",1,HR67C2089
Kaila Devi Express Seva,9414150639,Dausa,Rajasthan,"8,668,903,073",2,RJ14PF5234
Kaila Devi Express Seva,9414150639,Dausa,Rajasthan,"8,668,903,073",2,RJ29PA3026
Ramesh Apnibus Travels,8003665709,,,"8,003,665,709",1,RJ14RMDEMO
Bajrang Travels,9260976533,Lakhimpur Kheri,Uttar Pradesh,"9,984,196,569",1,UP31BT9451
DEMO Apnibus,8875476060,Gurugram,Haryana,0,1,CG04ME2000
MH TPT (Barnala),9464553094,Faridkot,Punjab,"9,814,201,669",2,PB29M7536
Chouhan Travels,9131191911,Sehore,Madhya Pradesh,"7,987,327,084",2,MP04PA7758
Chouhan Travels,9131191911,Sehore,Madhya Pradesh,"7,987,327,084",2,MP39P1257
CHHABRA BUS SERVICE,9794885555,Jhansi,Uttar Pradesh,"9,399,400,234",1,UP93BT1737
Shashank Apni Bus Travel,9616045267,,Uttar Pradesh,"9,616,045,267",1,UP70DEMO2
Vikash Travels,7339815607,Sikar,Rajasthan,"8,741,969,313",1,RJ14PD7531
Chauhan Transport,9805623007,Rajgarh,Madhya Pradesh,"8,278,786,847",1,HP16C2211
Ashu Bus,8091727532,Sirmaur,Himachal Pradesh,"8,278,786,847",1,HP17C7786
Pachori Travels,9675762377,Aligarh,Uttar Pradesh,"8,006,051,819",1,UP81FT8958
Shri Ram Travels,9997608444,Bareilly,Uttar Pradesh,"9,955,688,153",1,UP25GT8177
Jai Jogi Travels,8265003134,Solan,Himachal Pradesh,"8,219,618,713",1,HP64A6725
Mahalaxmi Travels,8989651704,Mandsaur,Madhya Pradesh,"7,697,352,660",1,MP14PA0170
Attri Bus Service,9017650176,Panchkula,Haryana,"8,685,997,952",4,HR68C3600
Attri Bus Service,9017650176,Panchkula,Haryana,"8,685,997,952",4,HR68C3400
Attri Bus Service,9017650176,Panchkula,Haryana,"8,685,997,952",4,HR46G3600
Attri Bus Service,9017650176,Panchkula,Haryana,"8,685,997,952",4,HR68C3700
Shree Nath Travels,8619998639,Bharatpur,Rajasthan,"9,571,349,967",1,RJ05PA7443
Manoj,9009031311,Betul,Madhya Pradesh,"8,668,903,073",1,MP48P7786
Vaibhav Apni Bus Travels,8668903073,,,"8,668,903,073",1,MP48DEMO
Chulbul Bus Service,8881515527,Prayagraj,Uttar Pradesh,"9,616,045,267",1,UP70NT8231
Anand Bus Service,7888554801,Amritsar,Punjab,"9,041,995,581",1,PB03AA0711
Brijesh Kumar Singh,9307155187,Bahraich,Uttar Pradesh,"9,453,213,600",1,UP40T9138
SINGH WAHINI,9918610681,Gonda,Uttar Pradesh,"9,554,991,685",1,UP43BT9642
P.S Jodha,9460781501,Bikaner,Rajasthan,0,1,RJ13PA5614
Neelkanth Traval,9200123491,Rewa,Madhya Pradesh,"7,987,327,084",1,MP13ZW8222
Daljit Singh,9463769137,Hoshiarpur,Punjab,"9,814,201,669",2,PB13AW6173
Daljit Singh,9463769137,Hoshiarpur,Punjab,"9,814,201,669",2,PB19M1173
New Golden Bus Service,9841500017,Moga,Punjab,"9,814,201,669",1,PB03AP5941
Dogra Bus Service,9816800055,Kangra,Himachal Pradesh,"8,427,665,807",1,HP53D2725
Jagmeet Singh,9996518832,,,"9,306,314,980",3,HR37C6266
Baiji Transport Service,9855138726,Kapurthala,Punjab,"7,717,425,499",1,PB11BK8817
Malviya Travels,9424439400,Bhopal,Madhya Pradesh,"8,251,840,422",1,MP32P0577
Jai Shree Balaji Bus Service,7988538509,,,"9,034,236,488",1,HR63E0351
Hari Om Tour & Travels,9817753568,Solan,Himachal Pradesh,"8,219,618,713",1,HP62A1807
Narayan Travels,9424979368,Balaghat,Madhya Pradesh,"8,305,999,978",7,MP50P1155
Narayan Travels,9424979368,Balaghat,Madhya Pradesh,"8,305,999,978",7,MP50P0269
Narayan Travels,9424979368,Balaghat,Madhya Pradesh,"8,305,999,978",7,MP50P0706
Narayan Travels,9424979368,Balaghat,Madhya Pradesh,"8,305,999,978",7,MP50ZF6483
Narayan Travels,9424979368,Balaghat,Madhya Pradesh,"8,305,999,978",7,MP50P0293
The Paramhans Travels,8960000870,Rohtak,Haryana,"9,034,236,488",7,HR46E0097
The Paramhans Travels,8960000870,Rohtak,Haryana,"9,034,236,488",1,HR46F9536
Narayan Travels,9424979368,Balaghat,Madhya Pradesh,"8,305,999,978",7,MP50ZD5059
Narayan Travels,9424979368,Balaghat,Madhya Pradesh,"8,305,999,978",7,MP50P0264
KRISHNA BUS SERVICE,9857541150,Mandi,Himachal Pradesh,"9,805,254,456",2,HP62A3468
KRISHNA BUS SERVICE,9857541150,Mandi,Himachal Pradesh,"9,805,254,456",2,HP65A7227
Maa Lakshmi Jagdamba Travels,9506618189,Gonda,Uttar Pradesh,"8,896,208,310",1,UP43BT1818
Rangra Bus Service,8894155581,Hamirpur,Himachal Pradesh,"7,018,809,624",3,HP67A5281
New Anjali,7807483448,Kullu,Himachal Pradesh,"8,278,786,847",1,HP357989
Manoj Travels,9812873737,Gurugram,Haryana,"9,315,883,000",1,HR55AQ8103
Pawan Travels,7089038297,Balaghat,Madhya Pradesh,"8,305,999,978",2,MP50P4050
Pawan Travels,7089038297,Balaghat,Madhya Pradesh,"8,305,999,978",2,MP09FA8333
Khaira Transport,9956755284,Lakhimpur Kheri,Uttar Pradesh,"9,984,196,569",1,UP27T0967
Rangra Bus Service,8894155581,Hamirpur,Himachal Pradesh,"7,018,809,624",3,HP67A1681
Vishal Shankul,9893448512,Narmadapuram,Madhya Pradesh,"7,000,771,571",2,MP05P0440
Vishal Shankul,9893448512,Narmadapuram,Madhya Pradesh,"7,000,771,571",2,MP05P0439
Khatu Shyam Tour & Travels,8059227034,Gurugram,Haryana,"9,813,090,607",1,HR55AR4277
Shubham Travels,9425745555,Dhar,Madhya Pradesh,"9,425,728,553",1,MP11P5569
Mehar Singh,9928888849,Sri Ganganagar,Rajasthan,"8,107,303,491",1,RJ13PA9422
Pawan Travels,7089038297,Balaghat,Madhya Pradesh,"8,305,999,978",3,MP50ZG1728
Durga Bus Service,9416393142,Jind,Haryana,"7,404,072,059",1,HR56C2064
Sher Singh,7023501034,Alwar,Rajasthan,"7,240,080,687",2,RJ02PA5054
Sher Singh,7023501034,Alwar,Rajasthan,"7,240,080,687",2,RJ02PA3696
Dixit Bus,8219498196,Solan,Himachal Pradesh,"8,278,786,847",3,HP64C1957
Dixit Bus,8219498196,Solan,Himachal Pradesh,"8,278,786,847",3,HP641757
Pawan Travels,7089038297,Balaghat,Madhya Pradesh,"8,305,999,978",3,MP50ZD6297
Meenu Coach,8091188628,Sirmaur,Himachal Pradesh,"8,278,786,947",1,HP71A4376
Chahal Bus Service,8005679726,Hanumangarh,Rajasthan,"7,689,996,832",1,RJ13PA9313
Afsar Tour And Travels,8577850185,Prayagraj,Uttar Pradesh,"9,717,101,668",1,UP26AT0571
GSK GRK Bus Service,9815647357,Gurdaspur,Punjab,"9,877,770,799",1,PB06BA5274
Dixit Bus,8219498196,Solan,Himachal Pradesh,"8,278,786,847",3,HP642957
Darshan Bus Service,9418454595,Kangra,Himachal Pradesh,"9,877,770,799",1,HP38C7595
Pradeep Travels,8078682914,Bundi,Rajasthan,"7,014,449,479",1,RJ13PA7248
Pawan Travels,7089038297,Balaghat,Madhya Pradesh,"8,305,999,978",1,MP50P1297
Javed Apni Bus Demo,8824657567,,,"8,824,657,567",1,RJ14DEMO
Khushi Bus Service,8950860232,Rohtak,Haryana,"9,315,883,000",1,HR46F6565
GKR & GSK Bus Service,9815946937,Gurdaspur,Punjab,"9,041,995,581",1,PB06V0939
PR Mundhan,9784385942,Barmer,Rajasthan,"9,799,862,695",1,RJ04PA7881
Sandeep Bus Service,7394858687,Prayagraj,Uttar Pradesh,"9,616,045,267",5,UP70FT0437
Sandeep Bus Service,7394858687,Prayagraj,Uttar Pradesh,"9,616,045,267",5,UP70MT5296
Sandeep Bus Service,7394858687,Prayagraj,Uttar Pradesh,"9,616,045,267",5,UP70FT8814
Chandel Bus,9816044674,Solan,Himachal Pradesh,"8,427,665,807",5,HP12C8806
Chandel Bus,9816044674,Solan,Himachal Pradesh,"8,427,665,807",5,HP12C5656
Chandel Bus,9816044674,Solan,Himachal Pradesh,"8,427,665,807",5,HP723033
Chawla Motors,9509582951,Sri Ganganagar,Rajasthan,"7,689,996,832",4,RJ13PA8441
Chawla Motors,9509582951,Sri Ganganagar,Rajasthan,"7,689,996,832",4,RJ13PA7783
Pradeep Travels,8078682914,Bundi,Rajasthan,"7,014,449,479",1,RJ13PA7782
Siddh Baba Travels,7014119135,Dausa,Rajasthan,"9,571,349,967",1,RJ14PE2881
Patidar Tour And Travels,9644744894,Khargone,Madhya Pradesh,"9,589,428,193",4,MP13ZE6677
Patidar Tour And Travels,9644744894,Khargone,Madhya Pradesh,"9,589,428,193",4,MP13ZE6699
Patidar Tour And Travels,9644744894,Khargone,Madhya Pradesh,"9,589,428,193",4,MP10ZD9971
Patidar Tour And Travels,9644744894,Khargone,Madhya Pradesh,"9,589,428,193",4,MP10P0894
Davinder Singh,9501703250,Jalandhar,Punjab,"9,814,201,669",1,PB08CP0861
Sharad Gautam,9580724862,Amethi,Uttar Pradesh,"6,393,664,106",1,UP33T4075
Verma Tour And Travels,7018182353,Solan,Himachal Pradesh,"8,219,618,713",1,HP643882
Kaushal Travels,9425138654,Balaghat,Madhya Pradesh,"7,987,327,084",5,MP50P0392
Kaushal Travels,9425138654,Balaghat,Madhya Pradesh,"7,987,327,084",5,MP50P0391
Kaushal Travels,9425138654,Balaghat,Madhya Pradesh,"7,987,327,084",5,MP50P0335
Kaushal Travels,9425138654,Balaghat,Madhya Pradesh,"7,987,327,084",5,MP50P3554
Kaushal Travels,9425138654,Balaghat,Madhya Pradesh,"7,987,327,084",5,MP50ZG4954
Jaiswal Travels,9826460261,Harda,Madhya Pradesh,"7,000,771,571",5,MP47P1561
Mankotia Bus Service,9805012447,Una,Himachal Pradesh,"9,805,254,456",2,HP72C5450
Mankotia Bus Service,9805012447,Una,Himachal Pradesh,"9,805,254,456",2,HP677783
Bhajan Lal,9413029837,Barmer,Rajasthan,"9,799,862,695",1,RJ04PA7848
Dixit Bus Service,7807475813,Solan,Himachal Pradesh,"8,278,786,847",2,HP64C1557
Sandeep Bus Service,7394858687,Prayagraj,Uttar Pradesh,"9,616,045,267",5,UP70ET9621
Bal Majitha Transport,9464119107,Amritsar,Punjab,"9,041,995,581",1,PB02AK9987
Ms Travels,9549701526,Sri Ganganagar,Rajasthan,"9,772,283,812",1,RJ13PA4636
Alok Bus Services,7235996252,Gonda,Uttar Pradesh,"8,005,100,830",1,UP43AT7956
Gungun Coach,8628012346,Kinnaur,Himachal Pradesh,"8,278,786,847",1,HP26A7501
Kaliyani Bus Service,9882451770,Una,Himachal Pradesh,"9,805,254,456",1,HP72A1370
Dixit Bus Service,7807475813,Solan,Himachal Pradesh,"8,278,786,847",2,HP642581
MAYANK TPT,9418006339,Solan,Himachal Pradesh,"8,219,618,713",1,HP64B3922
SHYAM TRAVELS,7891195278,Nagaur,Rajasthan,"7,568,612,974",2,RJ14PB9810
SHYAM TRAVELS,7891195278,Nagaur,Rajasthan,"7,568,612,974",2,RJ14PB6810
Shekhawat Travels,8384991549,Bikaner,Rajasthan,"8,107,303,491",6,RJ07PA8656D
Shekhawat Travels,8384991549,Bikaner,Rajasthan,"8,107,303,491",6,RJ07PC0065D
Shekhawat Travels,8384991549,Bikaner,Rajasthan,"8,107,303,491",6,RJ07PA8697D
Shekhawat Travels,8384991549,Bikaner,Rajasthan,"8,107,303,491",6,RJ07PC6465
Shekhawat Travels,8384991549,Bikaner,Rajasthan,"8,107,303,491",6,RJ37PA3282
Shekhawat Travels,8384991549,Bikaner,Rajasthan,"8,107,303,491",6,RJ37PA3281
धुंधवाल Bus Sarvice,9610873870,Hanumangarh,Rajasthan,"9,116,836,667",1,RJ49PA0870
Lalit Tyagi,9758256160,Bulandshahr,Uttar Pradesh,"8,081,725,226",1,UP15FT0671
Rajdeep Apni Bus Travell,7580913780,,,"7,580,913,780",1,MP04DFMO
Rajneesh,8839989906,Bhopal,Madhya Pradesh,"8,668,903,073",4,MP48ZF9940
Rajneesh,8839989906,Bhopal,Madhya Pradesh,"8,668,903,073",4,MP48P6786
Rajneesh,8839989906,Bhopal,Madhya Pradesh,"8,668,903,073",4,MP48ZF9928
Rajneesh,8839989906,Bhopal,Madhya Pradesh,"8,668,903,073",4,MP48P1411
Sumit Arya,9424430140,Betul,Madhya Pradesh,"8,668,903,073",2,MP48ZD6555
Sumit Arya,9424430140,Betul,Madhya Pradesh,"8,668,903,073",2,MP48P2577
Devansh Buses,9716110244,,,"9,716,110,244",3,MP46ZE4356
Prince Motors,9857800046,Una,Himachal Pradesh,"8,427,665,807",1,HP72B3946
Arun Demo,9575654358,,,"9,575,654,358",1,MP07DEMO
Anju Tour & Travels,9418104177,Solan,Himachal Pradesh,"8,219,618,713",1,HP63F0577
Pegwar Travels,9893720496,Bhopal,Madhya Pradesh,"7,987,327,084",2,MP04PA2966
Yahya Travels,8084362156,Bhopalganj,Bihar,"9,110,013,131",1,BR28P3888
A K Travels,7832886927,Solan,Himachal Pradesh,"8,219,618,713",1,HP643221
Nayak Bus Service,9649106825,Sri Ganganagar,Rajasthan,"9,116,836,667",1,RJ13PA9441
Gurusaheb Travels,9713514904,Betul,Madhya Pradesh,"8,668,903,073",2,MP12P2555
Gurusaheb Travels,9713514904,Betul,Madhya Pradesh,"8,668,903,073",2,MP48P0270
Kanchan Apni Bus Travel Demo ,7000041569,,,"7,000,041,569",1,MP09DEMO
Pegwar Travels,9893720496,Bhopal,Madhya Pradesh,"7,987,327,084",2,MP09FA3955
New Malwa Transport Bti,9465300014,Bathinda,Punjab,"9,877,674,046",1,PB03BQ4409
Surajyaluxmi Bus Service,9816900211,Kullu,Himachal Pradesh,"7,018,591,533",1,HP34B1397
LBS,9911811718,Sonipat,Haryana,"9,315,883,000",1,HR69F2909
MPS,9919878060,Pratapgarh,Uttar Pradesh,"9,717,101,668",2,UP41AT2361D
Jai Buth Baba Travel,8824014160,,,"9,785,293,759",3,RJ09PA5777
MPS,9919878060,Pratapgarh,Uttar Pradesh,"9,717,101,668",2,UP53GT4198
Tanwar Bus Services,9816498378,Solan,Himachal Pradesh,"8,219,618,713",1,HP630222
Shadil Bus Sey,8219007003,Solan,Himachal Pradesh,"8,278,786,847",2,HP14A3909
Shadil Bus Sey,8219007003,Solan,Himachal Pradesh,"8,278,786,847",2,HP64A7239
Suraj Singh Apnibus Travels,8059301401,Bhiwani,Haryana,"8,059,301,401",1,HR61DEMO1
Pradeep Apni Bus Travel,8920452205,,,"8,920,452,205",1,UP16DEMO
Bhawani Travels,7678092317,Kota,Rajasthan,"8,107,321,567",1,MP13ZE2563
Dhaka Transport Company,9929130503,Hanumangarh,Rajasthan,"8,107,303,491",1,RJ13PA6465
Ashok Tour & Travels,7309615176,Ghaziabad,Uttar Pradesh,"8,896,208,310",1,UP61BT9997
Beniwal Bus Service,8504993052,Hanumangarh,Rajasthan,0,1,RJ49PA0526
Deoariya Express,8318220695,Lucknow,Uttar Pradesh,"8,005,100,830",1,UP32YN9101
Kaliyani Bus Service,9882451770,Una,Himachal Pradesh,"9,805,254,456",1,HP72C5870
Akash Apnibus Travels,9193915752,,,"9,193,915,752",1,UP15DEMO1
Jitendra Apni Bus Travel ,9179734569,,,"9,179,734,569",1,MP15DEMO
Jitu Travels,7296857972,,,"7,296,857,972",1,RJ23DLDEMO
Mehta,7018698723,Shimla,Himachal Pradesh,"8,278,786,847",1,HP52E1013
Krishan Bus,9896931271,Jind,Haryana,"9,996,295,954",1,HR56B9048
Mahadev Travels Gudamalani,9694988248,Barmer,Rajasthan,"9,799,862,695",1,RJ04PA6557
Manish Apnibus Travel,7415612531,,,"7,415,612,531",1,MP33DEMO
National Travel,7987216424,Balaghat,Madhya Pradesh,"8,305,999,978",2,MP50P0241
National Travel,7987216424,Balaghat,Madhya Pradesh,"8,305,999,978",2,CG08M0414
BTC Travels,6375456346,Tonk,Rajasthan,"8,741,969,313",2,RJ13PA6866
BTC Travels,6375456346,Tonk,Rajasthan,"8,741,969,313",2,RJ13PA8334
RAWAL COACH,9815798353,Panchkula,Haryana,"8,685,977,952",9,HR68B9837
Hariram Trevels,9928729567,Sri Ganganagar,Rajasthan,"9,116,836,667",1,RJ13PA8787
Sunil Kumar Apni Bus Travels,7814623399,,,"7,814,623,399",1,PB13DEMO1
Pegwar Travels,9893720496,Bhopal,Madhya Pradesh,"7,987,327,084",4,MP20PA0871
Narmada Bus Service,8770866635,Shahdol,Madhya Pradesh,"9,630,086,892",2,MP18ZG0895
Narmada Bus Service,8770866635,Shahdol,Madhya Pradesh,"9,630,086,892",2,CG12X0414
Rupesh Apni Bus Travel ,8319959879,,,"8,319,959,879",1,MP13DEMO
New Walia Bus,8091908990,Kangra,Himachal Pradesh,"8,427,665,807",2,HP68C2220
New Walia Bus,8091908990,Kangra,Himachal Pradesh,"8,427,665,807",2,HP68C2120
Arun Coach,8219209660,Kinnaur,Himachal Pradesh,"8,278,786,847",1,HP621508
Shree Shyam Bus Service,8700023345,Jhajjar,Haryana,"9,315,883,000",1,HR63E8261
Pegwar Travels,9893720496,Bhopal,Madhya Pradesh,"7,987,327,084",2,MP04PA1699
Pegwar Travels,9893720496,Bhopal,Madhya Pradesh,"7,987,327,084",2,MP13P1205
Pradeep Daiya (demo,8829917994,Jodhpur,Rajasthan,"9,716,110,244",2,RJPRDEMO
Shri Krishna Travels,8435939999,Shivpuri,Madhya Pradesh,"9,399,400,234",1,MP33P3382
Dhaka Transport Company,9929130503,Hanumangarh,Rajasthan,"8,107,303,491",1,RJ13PA6645
Darshan Bus Service,9418454595,Kangra,Himachal Pradesh,"9,877,770,799",1,HP38F7368
Aryan'S,9816301502,Sirmaur,Himachal Pradesh,"8,278,786,847",5,HP64D0502
Aryan'S,9816301502,Sirmaur,Himachal Pradesh,"8,278,786,847",5,HP16B1502
Masand Bus Service,9805360482,Kangra,Himachal Pradesh,"9,816,110,804",3,HP6B4449
Masand Bus Service,9805360482,Kangra,Himachal Pradesh,"9,816,110,804",3,HP68A0299
Masand Bus Service,9805360482,Kangra,Himachal Pradesh,"9,816,110,804",3,HP68B0299
Rajindera Bus Service,9816794301,Kangra,Himachal Pradesh,"9,877,770,799",3,HP38H3442
Rajindera Bus Service,9816794301,Kangra,Himachal Pradesh,"9,877,770,799",3,HP38H2402
Rajindera Bus Service,9816794301,Kangra,Himachal Pradesh,"9,877,770,799",3,HP68A3555
Surinder travel,9877674046,,,"9,317,712,349",1,PB03AF7615
Muskan Travels,9165512000,Mahasamund,Chhattisgarh,"8,482,885,925",4,CG06GP9995
Muskan Travels,9165512000,Mahasamund,Chhattisgarh,"8,482,885,925",4,CG06HB9994
Muskan Travels,9165512000,Mahasamund,Chhattisgarh,"8,482,885,925",4,CG06GR9996
Muskan Travels,9165512000,Mahasamund,Chhattisgarh,"8,482,885,925",4,CG06GZ9997
Deol Bus,9501871989,Gurdaspur,Punjab,"9,041,995,581",1,PB06Q9586
Jai Shree Maa Bhadariya Rai,7073217215,Jaisalmer,Rajasthan,"9,799,862,695",1,RJ19PB0241
HUSAN DEEP SINGH,7837259995,Sri Ganganagar,Rajasthan,"7,980,350,026",1,RJ13PB5257
Gurusaheb Travels,9713514904,Betul,Madhya Pradesh,"8,668,903,073",1,MP48P0146
SHYAM TRAVELS,7891195278,Nagaur,Rajasthan,"7,568,612,974",6,RJ04PA4846
SHYAM TRAVELS,7891195278,Nagaur,Rajasthan,"7,568,612,974",6,RJ04PA4866
SHYAM TRAVELS,7891195278,Nagaur,Rajasthan,"7,568,612,974",6,RJ04PA4064
SHYAM TRAVELS,7891195278,Nagaur,Rajasthan,"7,568,612,974",6,RJ04PA4845
SHYAM TRAVELS,7891195278,Nagaur,Rajasthan,"7,568,612,974",6,RJ04PA4836
Surya Travels,7007734718,Ayodhya,Uttar Pradesh,"8,005,100,830",1,UP42BT1855
Chaudhary Bus Service,8196900044,Amritsar,Punjab,"9,041,995,581",1,PB02DV0393
Mahalaxmi Travels,8989651704,Mandsaur,Madhya Pradesh,"7,697,352,660",1,MP14PA0670
Abhishek Travels,8081725226,Ghaziabad,Uttar Pradesh,"9,716,110,244",2,UP15DT1964
Abhishek Travels,8081725226,Ghaziabad,Uttar Pradesh,"9,716,110,244",2,UP15ET6579
Abhishek Travels,8081725226,Ghaziabad,Uttar Pradesh,"9,716,110,244",2,UP87T1815
Abhishek Travels,8081725226,Ghaziabad,Uttar Pradesh,"9,716,110,244",2,UP15ET6577
Abhishek Travels,8081725226,Ghaziabad,Uttar Pradesh,"9,716,110,244",2,UP15DT2364
Shivam Travels,9599056807,Delhi,Delhi,"9,341,643,122",1,AR01T0629
SHYAM TRAVELS,7891195278,Nagaur,Rajasthan,"7,568,612,974",6,RJ04PA4825
Nitul Demo,7987327084,Devra,Madhya Pradesh,"8,130,102,782",1,DEMONIT
Navratan Trevals,7018513096,Kangra,Himachal Pradesh,"9,816,110,804",2,HP68A2680
Manish sharma,7000771571,,,"8,506,042,002",1,MPR7XDEMO
Bharat CTS Ltd,9050021507,Panipat,Haryana,"9,996,295,954",1,HR67C1960
GSK GRK Bus Service,9815647357,Gurdaspur,Punjab,"9,877,770,799",1,PB06V1175
Bramhani Pariwahan,9981150004,Ujjain,Madhya Pradesh,"7,697,352,660",2,MP09FA8919
Bramhani Pariwahan,9981150004,Ujjain,Madhya Pradesh,"7,697,352,660",2,MH27A9996
Ramshyam Travels,6265001016,Bhind,Madhya Pradesh,"8,839,543,201",1,MP30ZD5574
Ashok Tour & Travels,7309615176,Ghaziabad,Uttar Pradesh,"8,896,208,310",3,UP61BT9990
Ashok Tour & Travels,7309615176,Ghaziabad,Uttar Pradesh,"8,896,208,310",3,UP61BT5132
Ashok Tour & Travels,7309615176,Ghaziabad,Uttar Pradesh,"8,896,208,310",3,UP61BT9099
Abhishek Travels,8081725226,Ghaziabad,Uttar Pradesh,"9,716,110,244",2,UP13CT0466
Abhishek Travels,8081725226,Ghaziabad,Uttar Pradesh,"9,716,110,244",2,UP22T5701
Abhishek Travels,8081725226,Ghaziabad,Uttar Pradesh,"9,716,110,244",2,UP13CT6375
Abhishek Travels,8081725226,Ghaziabad,Uttar Pradesh,"9,716,110,244",2,UP13CT2822
Abhishek Travels,8081725226,Ghaziabad,Uttar Pradesh,"9,716,110,244",2,UP15BT4453
Abhishek Travels,8081725226,Ghaziabad,Uttar Pradesh,"9,716,110,244",2,UP17T4671
Abhishek Travels,8081725226,Ghaziabad,Uttar Pradesh,"9,716,110,244",2,UP17T6346
Abhishek Travels,8081725226,Ghaziabad,Uttar Pradesh,"9,716,110,244",2,UP17T8194
Abhishek Travels,8081725226,Ghaziabad,Uttar Pradesh,"9,716,110,244",2,UP15HT2001
Abhishek Travels,8081725226,Ghaziabad,Uttar Pradesh,"9,716,110,244",2,UP15ET6580
BL,9352671077,Hanumangarh,Rajasthan,"8,107,303,491",1,RJ31PA4745
S R T Bus Service,8120442829,Balaghat,Madhya Pradesh,"8,305,999,978",2,MP50P0599
S R T Bus Service,8120442829,Balaghat,Madhya Pradesh,"8,305,999,978",2,MP50P0501
Saiyyed Yusuf Ali,9111780221,Betul,Madhya Pradesh,"8,668,903,073",1,MP48P2911
Jai Buth Baba Travel,8824014160,,,"9,785,293,759",3,RJ09PA6261
Aryan'S,9816301502,Sirmaur,Himachal Pradesh,"8,278,786,847",5,HP64D1402
Shekhawat Travels,9680531656,Bikaner,Rajasthan,"8,107,303,491",6,RJ07PC6465
Shekhawat Travels,9680531656,Bikaner,Rajasthan,"8,107,303,491",6,RJ07PA8697
Madhuri Travels (Krishna),7838484559,Lakhimpur Kheri,Uttar Pradesh,"8,896,208,310",1,UP31BT1199
Kangra Ex Service Man Tpt Co,8219950778,Kangra,Himachal Pradesh,"8,427,665,807",2,HP68A3035
Baiji Transport Service,9855138726,Kapurthala,Punjab,"7,717,425,499",2,PB07BS1726
Baiji Transport Service,9855138726,Kapurthala,Punjab,"7,717,425,499",2,PB11CB2595
Ahlawat Bus,9992171781,Rohtak,Haryana,"9,315,883,000",1,HR46F6751
Afsar Tour And Travels,8577850185,Prayagraj,Uttar Pradesh,"9,717,101,668",2,UP70JT8821
Afsar Tour And Travels,8577850185,Prayagraj,Uttar Pradesh,"9,717,101,668",2,UP70NT6822
Arora Bus Service,9914099851,Jalandhar,Punjab,"7,717,425,499",1,PB08EU3140
PR Travels DEMO,8427665807,Mohali,Punjab,"9,716,110,244",2,HP40F5137
Bal Majitha Transport,9464119107,Amritsar,Punjab,"9,041,995,581",2,PB02AR9969
Bal Majitha Transport,9464119107,Amritsar,Punjab,"9,041,995,581",2,PB13AW8350
Anshuman Travels,7991347490,Gonda,Uttar Pradesh,"8,896,208,310",2,RJ29PA2340
Anshuman Travels,7991347490,Gonda,Uttar Pradesh,"8,896,208,310",2,UP17AT5561
Shekhawat Travels,9680531656,Bikaner,Rajasthan,"8,107,303,491",6,RJ07PC0065
Shekhawat Travels,9680531656,Bikaner,Rajasthan,"8,107,303,491",6,RJ07PB3051
Gangarathi,7523034868,Ayodhya,Uttar Pradesh,"8,005,100,830",1,UP42ET2476
Nagesh Kumar	Travels,7973972638,Gurdaspur,Punjab,"7,717,425,499",2,PB08ED7161
Vishal Shankul,9893448512,Narmadapuram,Madhya Pradesh,"7,000,771,571",1,MP05P0411
Rama Coach,7018416397,Shimla,Himachal Pradesh,"8,278,786,847",1,HP62A1069
Beniwal Travels,9783324381,Hanumangarh,Rajasthan,"9,784,398,449",2,RJ49PA0883
Beniwal Travels,9783324381,Hanumangarh,Rajasthan,"9,784,398,449",2,RJ13PA6549
Sahni Travels,8268299099,Amritsar,Punjab,"9,041,995,581",1,PB03BF7431
Khakh Travels,9351296714,Sri Ganganagar,Rajasthan,"8,107,303,491",1,RJ13PA7131
Shiva Transport,9816743706,Chamba,Himachal Pradesh,"8,278,786,847",2,HP696395
Shiva Transport,9816743706,Chamba,Himachal Pradesh,"8,278,786,847",2,HP73A2165
Shekhawat Travels,9680531656,Bikaner,Rajasthan,"8,107,303,491",6,RJ37PA3281
Darshan Bus Service,9418454595,Kangra,Himachal Pradesh,"9,877,770,799",1,HP68B0219
JAI MAA JAGDAMBE,7295058785,Jamui,Bihar,"9,110,013,131",1,BR52P6751
Sharma Bus Service,9816667935,Solan,Himachal Pradesh,"8,278,786,847",1,HP64D3338
Jarial Bus,7807672373,Hamirpur,Himachal Pradesh,"7,018,809,624",1,HP55C9151
Sudeshkumar Apni Bus Trevels,9996699705,,,"9,996,699,705",1,HR02DEMO1
SONU KUMAR APNI BUS TRAVELS,7500979707,,,"7,500,979,707",1,UP11DEMO2
RK Travels,9950814249,Jalore,Rajasthan,"9,799,862,695",4,RJ04PA8535
RK Travels,9950814249,Jalore,Rajasthan,"9,799,862,695",4,RJ46PA1505
RK Travels,9950814249,Jalore,Rajasthan,"9,799,862,695",4,RJ04PA7886
RK Travels,9950814249,Jalore,Rajasthan,"9,799,862,695",4,RJ19PB3721
Attri Bus Service,9017650176,Panchkula,Haryana,"8,685,997,952",1,HR68C3500
Jai Buth Baba Travel,8824014160,,,"9,785,293,759",3,RJ09PA5678
Balaji Travels,9828894281,,,"7,042,099,979",2,RJ29TA0557
Royal Bus Service,7876747000,Jind,Haryana,"9,996,295,954",2,HR56B9705
Royal Bus Service,7876747000,Jind,Haryana,"9,996,295,954",2,HR56B3776
New Sahara Travels,9670861101,Vikas Nagar,Uttar Pradesh,"8,896,208,310",2,UP32ZN8893
Om Sai Ram Travel,9131102043,Datia,Madhya Pradesh,"9,630,086,892",1,MP07P1192
Kiran Travels,7470547058,Mahasamund,Chhattisgarh,"8,085,396,896",2,CG07E4466
Kiran Travels,7470547058,Mahasamund,Chhattisgarh,"8,085,396,896",2,CG06HB9519
Gursewak Singh,7626859159,Bathinda,Punjab,"9,877,674,046",1,PB03AT2665
Maharaja Bus Service,7807425025,Kullu,Himachal Pradesh,"6,280,281,750",1,HP34B2425
Raj Bus ,9779881019,Tarn Taran,Punjab,"9,041,995,581",2,PB02CC4801
Hari Gobind Bus,7009483660,Sri Muktsar Sahib,Punjab,"9,814,201,669",1,PB22K2302
Pradeep Bus Service,9522141111,Jhabua,Madhya Pradesh,"9,589,428,193",2,MP45P1899
Pradeep Bus Service,9522141111,Jhabua,Madhya Pradesh,"9,589,428,193",2,MP45ZE0927
Sahun,8005523736,Alwar,Rajasthan,"7,240,080,687",1,RJ02PA9428
Sonu Bus Service,9816809776,Chamba,Himachal Pradesh,"8,278,786,847",1,HP737386
Rahul ApniBus Travels,9599962095,Gurugram,Haryana,"8,750,710,855",1,DEMOUK
Meenu Coach,9882896562,Shimla,Himachal Pradesh,"8,278,786,847",7,HP63A3476
Meenu Coach,9882896562,Shimla,Himachal Pradesh,"8,278,786,847",7,HP62A0776
Meenu Coach,9882896562,Shimla,Himachal Pradesh,"8,278,786,847",7,HP711629
Meenu Coach,9882896562,Shimla,Himachal Pradesh,"8,278,786,847",7,HP62A1505
Meenu Coach,9882896562,Shimla,Himachal Pradesh,"8,278,786,847",7,HP711630
Meenu Coach,9882896562,Shimla,Himachal Pradesh,"8,278,786,847",7,HP716487
Meenu Coach,9882896562,Shimla,Himachal Pradesh,"8,278,786,847",7,HP62A1248
Asiatic Tpt. Service P Ltd,9418014979,Chamba,Himachal Pradesh,"9,877,770,799",1,PB02BM9985
VTC Transport,9418045007,Kullu,Himachal Pradesh,"8,219,990,300",2,HP666007
VTC Transport,9418045007,Kullu,Himachal Pradesh,"8,219,990,300",2,HP667107
Bhawani Singh,9950764445,Jaisalmer,Rajasthan,"9,982,218,368",2,AR01R2838
Bhawani Singh,9950764445,Jaisalmer,Rajasthan,"9,982,218,368",2,BR03PA9393
Abhishek Travels,8081725226,Ghaziabad,Uttar Pradesh,"9,716,110,244",2,UP13BT1791
Surinder travel,9877674046,,,"9,716,110,244",2,PB03AT2665
Rajiv Kumar Apnibus,9814201669,,Punjab,"9,317,712,349",1,PBDEMO2
Kashmi Bus Service,7018814495,Sirmaur,Himachal Pradesh,"8,278,786,847",1,HP17C4286
Samajhota,9418367786,Sirmaur,Himachal Pradesh,"8,219,618,713",1,HP17C9186
Burman Travels,9340080600,Barwani,Madhya Pradesh,"7,974,097,527",4,MP46ZD9040
Burman Travels,9340080600,Barwani,Madhya Pradesh,"7,974,097,527",4,MP46ZC9040
Burman Travels,9340080600,Barwani,Madhya Pradesh,"7,974,097,527",4,MP46ZE8004
Burman Travels,9340080600,Barwani,Madhya Pradesh,"7,974,097,527",4,MP46ZC8004
Muskan Travels,9165512000,Mahasamund,Chhattisgarh,"8,482,885,925",1,CG06HD9996
Pegwar Travels,9893720496,Bhopal,Madhya Pradesh,"7,987,327,084",4,MP04ZV7359
Pegwar Travels,9893720496,Bhopal,Madhya Pradesh,"7,987,327,084",4,MP04ZU7735
RAWAL COACH,9815798353,Panchkula,Haryana,"8,685,977,952",9,HR37D2663
Mukesh Kumar,9350187175,Rohtak,Haryana,"9,315,883,000",1,HR46E8620
Amit Kumar demo,9315883000,Rohtak,Haryana,"9,716,110,244",2,HR46E6464
Rajiv Kumar Apnibus,9814201669,,Punjab,"9,716,110,244",2,PB30R9136
Rajiv Kumar Apnibus,9814201669,,Punjab,"9,317,712,349",1,PB30R9236
Sahun,8005523736,Alwar,Rajasthan,"7,240,080,687",1,RJ59PA0056
Ram Kumar Travels,9636282964,Bikaner,Rajasthan,"8,107,303,491",1,RJ07PA9882
New Banga,9805476155,Sirmaur,Himachal Pradesh,"8,219,618,713",1,HP69A1225
Pegwar Travels,9893720496,Bhopal,Madhya Pradesh,"7,987,327,084",4,MP20PA0472
Pegwar Travels,9893720496,Bhopal,Madhya Pradesh,"7,987,327,084",4,MP04PA9945
Shekhawat Travels,9680531656,Bikaner,Rajasthan,"8,107,303,491",6,RJ37PA3282
Surinder travel,9877674046,,,"9,317,712,349",1,PB03DEMO
Chinu,9817211115,Solan,Himachal Pradesh,"8,219,618,713",1,HP64C3115
Apnibus Travels,8349862344,,,"8,349,862,344",1,MP09AHDEMO
Sagar Mal Sharma,9649614251,Bikaner,Rajasthan,"7,568,612,974",1,MP14ZE3005
NATH TRAVELS,6377086065,Jaisalmer,Rajasthan,"9,982,218,368",1,RJ15PA1698
CHHABRA BUS SERVICE,9794885555,Jhansi,Uttar Pradesh,"9,399,400,234",2,UP93ET0684
Salasar Bus Transport Company,9813680448,Hisar,Haryana,"7,404,072,059",10,HR39D6312
Salasar Bus Transport Company,9813680448,Hisar,Haryana,"7,404,072,059",10,HR39C8995
Salasar Bus Transport Company,9813680448,Hisar,Haryana,"7,404,072,059",10,HR56B4396
Daksh Coach,9882211011,Solan,Himachal Pradesh,"8,278,786,847",1,HP64A8111
Sai Travels,9993492786,Raipur,Chhattisgarh,"7,697,352,660",2,CG04PC5600
Sai Travels,9993492786,Raipur,Chhattisgarh,"7,697,352,660",2,CG04PC5800
Manoj Apnibus Travels,9529460100,,,"9,529,460,100",1,RJ32DEMO
Avnishsingh Travels,8433207970,,Uttar Pradesh,"8,433,207,970",1,DL3SBY81DEMO
Kangra Ex Service Man Tpt Co,8219950778,Kangra,Himachal Pradesh,"7,018,809,624",1,HP40C5137
Sandeep Bus Service,7394858687,Prayagraj,Uttar Pradesh,"9,616,045,267",5,UP70HT7739
CHHABRA BUS SERVICE,9794885555,Jhansi,Uttar Pradesh,"9,399,400,234",2,UP93ET0683
Salasar Bus Transport Company,9813680448,Hisar,Haryana,"7,404,072,059",10,HR56B9050
Jayveer Trevels,8769841764,Hanumangarh,Rajasthan,"9,116,836,667",1,RJ49PA1110
Nain Bus Service,9466052902,Fatehabad,Haryana,"9,813,090,607",1,HR62A7850
Suresh Kanwar,8503949805,Bikaner,Rajasthan,"7,568,612,974",1,RJ31PA3757
Salasar Bus Transport Company,9813680448,Hisar,Haryana,"7,404,072,059",10,HR56B5472
Salasar Bus Transport Company,9813680448,Hisar,Haryana,"7,404,072,059",10,HR56B3358
Naruka Travels,9509350049,Alwar,Rajasthan,"7,240,080,687",1,RJ02PA5840
MPS,9919878060,Pratapgarh,Uttar Pradesh,"9,717,101,668",1,UP72AT0398D
Keladevi Express,9799522282,Sawai Madhopur,Rajasthan,"7,568,612,974",3,RJ14PF1227
Keladevi Express,9799522282,Sawai Madhopur,Rajasthan,"7,568,612,974",3,RJ14PE4421
Keladevi Express,9799522282,Sawai Madhopur,Rajasthan,"7,568,612,974",3,RJ10PA6389
Salasar Bus Transport Company,9813680448,Hisar,Haryana,"7,404,072,059",10,HR56B6697
Salasar Bus Transport Company,9813680448,Hisar,Haryana,"7,404,072,059",10,HR56B2522
Salasar Bus Transport Company,9813680448,Hisar,Haryana,"7,404,072,059",10,HR56B1131
Rangra Bus Service,8894155581,Hamirpur,Himachal Pradesh,"7,018,809,624",2,HP67A4081
Bal Majitha Transport,9464119107,Amritsar,Punjab,"9,041,995,581",1,PB07M8316
PR Mundhan,9784385942,Barmer,Rajasthan,"9,799,862,695",1,RJ04PA7881
New Friend Bus,9816819377,Kangra,Himachal Pradesh,"8,427,665,807",1,HP683107
shyam singh,8875094192,,,"8,233,385,859",1,RJ46PA1656
Rajesh Meena demo,7737294523,Kota,Rajasthan,"9,716,110,244",2,RJ20PA8962
MEENU COACH,9805731812,Sirmaur,Himachal Pradesh,"8,278,786,847",3,
MEENU COACH,9805731812,Sirmaur,Himachal Pradesh,"8,278,786,847",3,HP717601
MEENU COACH,9805731812,Sirmaur,Himachal Pradesh,"8,278,786,847",3,HP717576
IPS Bus,6262002244,Balaghat,Madhya Pradesh,"8,085,396,896",2,MP50P0603
PR Travels DEMO,8427665807,Mohali,Punjab,"9,716,110,244",2,HP36D2069
IPS Bus,6262002244,Balaghat,Madhya Pradesh,"8,085,396,896",2,MP13P6677
Ankit Travels,8475048601,,Uttar Pradesh,"8,475,048,601",1,UP23DEMO
Kashmi Bus Service,7018081700,Sirmaur,Himachal Pradesh,"8,278,786,847",2,HP893994
Asif Apni Bus Trevalls,8770859061,,,"8,770,859,061",1,MP10DEMO1
Sharma Travels,9760084833,Aligarh,Uttar Pradesh,"8,006,051,819",1,UP81FT7035
Raj Bus,8894420015,Kinnaur,Himachal Pradesh,"8,278,786,847",1,HP25A1815
Sau Travels,9636193351,Barmer,Rajasthan,"9,799,862,695",1,RJ04PA5222
Gausiya Travels,7388375811,Jhansi,Uttar Pradesh,"9,399,400,234",1,UP93ET0632
Tanwar Bus Services,9816498378,Solan,Himachal Pradesh,"8,219,618,713",1,HP64D1222
Shyam Apni Bus Travels,7597151412,,,"7,597,151,412",1,RJ17DEMO1
Kumail Ahmad,9792345742,Ayodhya,Uttar Pradesh,"8,005,100,830",1,UP45T3485
Bhai Behlo Highways,9877792002,Mansa,Punjab,"9,877,674,046",2,PB31P2537
Sardul Singh,9855258888,Gurdaspur,Punjab,"9,041,995,581",1,PB11AF9037
Pegwar Travels,9893720496,Bhopal,Madhya Pradesh,"7,987,327,084",4,MP04T7740
Simar Bus Service,9300427963,Chhindwara,Madhya Pradesh,"9,770,320,844",1,MP28ZF3646
Mangal Bus Service,8219345908,Kangra,Himachal Pradesh,"9,877,770,799",1,HP651646
Son Of India,9826284489,Indore,Madhya Pradesh,"9,425,728,553",1,MP09DH8012
Pavan Apni Bus,9116836667,,Rajasthan,"9,116,836,667",1,RJ31PASDEMO
Kashmi Bus Service,7018081700,Sirmaur,Himachal Pradesh,"8,278,786,847",2,HP715971
Jagdeep Apni Bus Travel,7000678089,,,"7,000,678,089",1,MP05DEMO1
Devansh Bus Service,8708754632,Jind,Haryana,"7,404,072,059",1,HR56B6714
Bal Majitha Transport,9464119107,Amritsar,Punjab,"9,041,995,581",1,PB06D9585
MPS,9919878060,Pratapgarh,Uttar Pradesh,"9,717,101,668",1,UP72BT7248D
Harish,8819922784,Rajgarh,Madhya Pradesh,"7,000,771,571",2,MP09FA8930
Sanjay ApniBus Travel,7610034034,,,"7,610,034,034",1,RJ45DEMO1
Santhok Bus,9855284880,Amritsar,Punjab,"9,041,995,581",1,PB29L9923
Aryan'S,9816301502,Sirmaur,Himachal Pradesh,"8,278,786,847",5,HP64D1502
vivek kumar Srivastava,9717101668,,Uttar Pradesh,"8,506,042,002",1,UP72XDEMO
Gurunanak Bus Transport Company,8003259304,Sri Ganganagar,Rajasthan,"8,107,303,491",1,RJ13PA9350
Dahiya Deluxe,9671946595,Sonipat,Haryana,"9,996,295,954",1,HR69C4422
Kapil Apni Bus Travelsl,9982218368,,,"9,982,218,368",1,RJ15DEMO1
Mohit Apnibus Travels,7456836959,,,"7,456,836,959",1,UP21DEMO2
Sisai Bus Service,9054257000,Hisar,Haryana,"9,813,090,607",1,HR39E1367
Abdul satar demo,7837804183,,,"9,716,110,244",2,PB13XDEMO
Surinder travel,9877674046,,,"9,716,110,244",2,PB19H5007
Jai Shree Maa Bhadariya Rai,7073217215,Jaisalmer,Rajasthan,"9,799,862,695",1,RJ19PC2465
Sajan Bus Service,9625566600,Mandi,Himachal Pradesh,"9,805,254,456",1,HP31D3120
Rathore Travels,9109338595,Alirajpur,Madhya Pradesh,"7,974,097,527",5,MP69P0145
Rathore Travels,9109338595,Alirajpur,Madhya Pradesh,"7,974,097,527",5,MP69P0151
Rathore Travels,9109338595,Alirajpur,Madhya Pradesh,"7,974,097,527",5,MP69P0141
Rathore Travels,9109338595,Alirajpur,Madhya Pradesh,"7,974,097,527",5,MP69P0153
Pradeep Bus Service,9522141111,Jhabua,Madhya Pradesh,"7,697,352,660",2,MP45ZD7722
Rathore Travels,9109338595,Alirajpur,Madhya Pradesh,"7,974,097,527",5,MP09FA9616
PR Travels DEMO,8427665807,Mohali,Punjab,"9,716,110,244",2,HP675139
Rajindera Bus Service,9816794301,Kangra,Himachal Pradesh,"9,877,770,799",1,HP38C0766
Pradeep Bus Service,9522141111,Jhabua,Madhya Pradesh,"7,697,352,660",2,MP13ZE3866
Daukiya Travels,9511599909,Pali,Rajasthan,"9,799,862,695",1,RJ19PA5311
Akbar Apnibus Travel ,7014449479,,,"7,014,449,479",1,RJ26DEMO1
Chandel Bus Service,9805205299,Mandi,Himachal Pradesh,"9,805,254,456",1,HP31A7599
M K  Batala Bus,9915427003,Gurdaspur,Punjab,"9,041,995,581",1,PB06AU2312
Guleria Travels,9816663016,Mandi,Himachal Pradesh,"9,805,254,456",1,HP65A5616
Rama Coach,7018416397,Shimla,Himachal Pradesh,"8,278,786,847",1,HP63E1069
Golu,7689996832,Alwar,Rajasthan,"9,716,110,244",2,RJ02PA4395
Parveen,8397979770,Rohtak,Haryana,"9,315,883,000",2,HR46F6513
Parveen,8397979770,Rohtak,Haryana,"9,315,883,000",2,HR46F2353
Harish,8819922784,Rajgarh,Madhya Pradesh,"7,000,771,571",2,RJ20PB1694
Aryan'S,9816301502,Sirmaur,Himachal Pradesh,"8,278,786,847",5,HP16C1602
SONY DELUXE,8797415161,Gaya,Bihar,"9,110,013,131",1,BR02PB6112
Pradeep Bus Service,9522141111,Jhabua,Madhya Pradesh,"7,697,352,660",1,MP45P0927
Rai Bus Service,7440792209,Sehore,Madhya Pradesh,"7,000,771,571",1,MP37P1020
Ram Kumar Travels,9636282964,Bikaner,Rajasthan,"8,107,303,491",1,RJ31PA4823
Rajnish Kumar,9464119107,Gurugram,Haryana,"9,041,995,581",1,PB03V1727
N T,9672100001,Sri Muktsar Sahib,Punjab,"9,814,201,669",10,PB03BL4701
PRAVEEN TRAVELS,9026484539,Pratapgarh,Uttar Pradesh,"9,519,038,043",1,UP51AT9451
Patial Bus Service,9779294245,Pathankot,Punjab,"9,877,770,799",1,PB07AS5770
Somani Tour And Travels,9414684989,,,0,10,AR11B9797
Rajiv Kumar Apnibus,9814201669,,Punjab,"9,716,110,244",2,PB30D9436
Kartik Bus,9817184732,Bilaspur,Himachal Pradesh,"8,219,990,300",1,HP675469
Salasar Bus Transport Company,9813680448,Hisar,Haryana,"7,404,072,059",13,HR39E6097
Salasar Bus Transport Company,9813680448,Hisar,Haryana,"7,404,072,059",13,HR39E2563
Salasar Bus Transport Company,9813680448,Hisar,Haryana,"7,404,072,059",13,HR56B2769
Salasar Bus Transport Company,9813680448,Hisar,Haryana,"7,404,072,059",13,HR56C5386
Salasar Bus Transport Company,9813680448,Hisar,Haryana,"7,404,072,059",13,HR39E4936
Salasar Bus Transport Company,9813680448,Hisar,Haryana,"7,404,072,059",13,HR39E8632
Salasar Bus Transport Company,9813680448,Hisar,Haryana,"7,404,072,059",13,HR56B3852
Salasar Bus Transport Company,9813680448,Hisar,Haryana,"7,404,072,059",13,HR56B0799
Salasar Bus Transport Company,9813680448,Hisar,Haryana,"7,404,072,059",13,HR56B9516
Salasar Bus Transport Company,9813680448,Hisar,Haryana,"7,404,072,059",13,HR39D6965
Jitendra Travels,8890005744,Bikaner,Rajasthan,"8,107,303,491",4,RJ07PB4155
Jitendra Travels,8890005744,Bikaner,Rajasthan,"8,107,303,491",4,RJ31PA4894
Jitendra Travels,8890005744,Bikaner,Rajasthan,"8,107,303,491",4,RJ07PB5077
Jitendra Travels,8890005744,Bikaner,Rajasthan,"8,107,303,491",4,RJ07PA8777
Salasar Bus Transport Company,9813680448,Hisar,Haryana,"7,404,072,059",13,HR56B6822
Dara Singh,9828235538,Sri Ganganagar,Rajasthan,"9,610,161,200",1,RJ13PA3881
Sahni Bus Service,8360172606,Gurdaspur,Punjab,"9,877,770,799",2,PB06AW9489
Sahni Bus Service,8360172606,Gurdaspur,Punjab,"9,877,770,799",2,PB06V2319
K.S भदावर,9592514218,Bhind,Madhya Pradesh,"8,085,396,896",1,MP06P0734
Baba Tour & Travels,8889206820,Koriya,Chhattisgarh,"7,898,799,411",2,CG30B4376
Baba Tour & Travels,8889206820,Koriya,Chhattisgarh,"7,898,799,411",2,CG15AB1376
Afsar Tour And Travels,8577850185,Prayagraj,Uttar Pradesh,"9,717,101,668",1,UP70FT4141
DEMO Apnibus,8875476060,Gurugram,Haryana,"9,716,110,244",2,TEST6719
DEMO Apnibus,8875476060,Gurugram,Haryana,"9,716,110,244",2,CG04ME2888
DEMO Apnibus,8875476060,Gurugram,Haryana,"9,716,110,244",2,DEMO DEMO TE
DEMO Apnibus,8875476060,Gurugram,Haryana,"9,716,110,244",2,DEVANSHDEMOI
National Travel,7987216424,Balaghat,Madhya Pradesh,"8,305,999,978",1,MP50ZC9501
Vijendra,9584368330,Narmadapuram,Madhya Pradesh,"8,668,903,073",2,MP05P0410
Uttar Pradesh Express,9793074270,Farrukhabad,Uttar Pradesh,"9,335,331,848",2,UP76K7189
Uttar Pradesh Express,9793074270,Farrukhabad,Uttar Pradesh,"9,335,331,848",2,UP82T0515
Sandhu Bus Service,9878586548,Jalandhar,Punjab,"9,878,835,391",1,PB03AF6448
Muskan Travels,9165512000,Mahasamund,Chhattisgarh,"8,482,885,925",3,CG06HB7775
Muskan Travels,9165512000,Mahasamund,Chhattisgarh,"8,482,885,925",3,CG06GY9994
Muskan Travels,9165512000,Mahasamund,Chhattisgarh,"8,482,885,925",3,CG06HB8884
Vijendra,9584368330,Narmadapuram,Madhya Pradesh,"8,668,903,073",2,MP05P0310
Gursewak Singh,7626859159,Bathinda,Punjab,"9,877,674,046",1,PB03AW1883
STC,8503974005,Hanumangarh,Rajasthan,"7,568,612,974",1,RJ13PA9469
Ammy demo,7888896965,Ambala,Haryana,"9,716,110,244",2,HR37D7100
Rahul demo,9812145824,Bhiwani,Haryana,"9,716,110,244",2,HR63E7031
Raj Bus Sarvice,7355871997,Bharatpur,Rajasthan,"9,571,349,967",2,RJ05PA6926
Shekhawat Travels,9414989777,Bikaner,Rajasthan,"8,107,303,491",4,RJ07PA3521
Shekhawat Travels,9414989777,Bikaner,Rajasthan,"8,107,303,491",4,RJ07PA8382
Shekhawat Travels,9414989777,Bikaner,Rajasthan,"8,107,303,491",4,RJ07PA9765
Shekhawat Travels,9414989777,Bikaner,Rajasthan,"8,107,303,491",4,RJ07PA3301
Satish Travels,7071326000,Jind,Haryana,"9,996,295,954",3,HR56B8372
Satish Travels,7071326000,Jind,Haryana,"9,996,295,954",3,HR56B8429
Satish Travels,7071326000,Jind,Haryana,"9,996,295,954",3,HR56B2273
The Paramhans Travels,8960000870,Rohtak,Haryana,"9,315,883,000",2,HR46E0097
The Paramhans Travels,8960000870,Rohtak,Haryana,"9,315,883,000",2,HR46G0097
Raj Bus Sarvice,7355871997,Bharatpur,Rajasthan,"9,571,349,967",2,RJ05PA6925
Simran Express,9931875200,Gaya,Bihar,"7,052,584,981",1,BR02PC0524
Shiv Sharda Travels,9407271701,Sehore,Madhya Pradesh,"8,251,840,422",1,MP37ZF2988
Pardhan Travels,9812172100,Hisar,Haryana,"9,813,090,607",2,HR39E4000
Rahul demo,9812145824,Bhiwani,Haryana,"9,716,110,244",2,HR63E3165
Popular Travels,9165636633,Surguja,Chhattisgarh,"8,770,340,280",8,CG15EA7112
Popular Travels,9165636633,Surguja,Chhattisgarh,"8,770,340,280",8,CG15AB1586
Popular Travels,9165636633,Surguja,Chhattisgarh,"8,770,340,280",8,CG15AB1186
Popular Travels,9165636633,Surguja,Chhattisgarh,"8,770,340,280",8,CG15AB0321
Verma Travels,9816140073,Solan,Himachal Pradesh,"8,278,786,847",1,HP64D3005
Rahul Bus Service,9926687066,Chhindwara,Madhya Pradesh,"9,770,320,844",2,MP28P0458
Salasar Bus Transport Company,9813680448,Hisar,Haryana,"7,404,072,059",13,HR39E7542
Kartar Singh,7018108624,Mandi,Himachal Pradesh,"9,805,254,456",1,HP314299
जय मां खैरी ट्रेवल्स,7697222145,Datia,Madhya Pradesh,"9,630,086,892",1,MP07ZX2979
Popular Travels,9165636633,Surguja,Chhattisgarh,"8,770,340,280",8,CG15AB0386
Popular Travels,9165636633,Surguja,Chhattisgarh,"8,770,340,280",8,CG15EA7886
Popular Travels,9165636633,Surguja,Chhattisgarh,"8,770,340,280",8,CG15AB0886
Popular Travels,9165636633,Surguja,Chhattisgarh,"8,770,340,280",8,CG12X0361
Ajeet Apni bus Travel,8607216244,,,"9,716,110,244",2,RJ02DEMO
Sandeep Chaudhary,9783101494,Alwar,Rajasthan,"7,689,996,832",3,RJ02PA8565
PR Travels DEMO,8427665807,Mohali,Punjab,"9,716,110,244",2,HP23D3105
Thakur Bus Service,8219656499,Solan,Himachal Pradesh,"8,278,786,847",2,HP64C2909
Thakur Bus Service,8219656499,Solan,Himachal Pradesh,"8,278,786,847",2,HP64C3809
Chahal Bus Service,8005679726,Hanumangarh,Rajasthan,"7,689,996,832",1,RJ13PA9150
Raghuvanshi Bus Service,7018049167,Solan,Himachal Pradesh,"8,278,786,847",2,HP14B6566
Raghuvanshi Bus Service,7018049167,Solan,Himachal Pradesh,"8,278,786,847",2,HP64B3366
Balwant Singh,8502977089,Hanumangarh,Rajasthan,"9,610,161,200",1,RJ13PA6380
Royal Bus Service,9459998190,Kullu,Himachal Pradesh,"6,280,281,750",1,HP66A5745
Shekhawat Travels,9414989777,Bikaner,Rajasthan,0,2,RJ07PA3301
Jhala Travels,8094456174,Bikaner,Rajasthan,"8,107,303,491",1,RJ07PA8407
Abhishek Travels,8081725226,Ghaziabad,Uttar Pradesh,"9,716,110,244",2,UP80HT7740
Mahipal Bus Services,9813782882,Jhajjar,Haryana,"9,812,145,824",1,HR63E3165
Rahul apnibus travels,7888520452,Patiala,Punjab,"9,716,110,244",2,PB03AF7328
Chandan Dan,9571445428,Bikaner,Rajasthan,"8,107,303,491",1,RJ07PA9167
Agrawal Travels,9575703131,Balaghat,Madhya Pradesh,"8,305,999,978",2,MP50ZD4821
Agrawal Travels,9575703131,Balaghat,Madhya Pradesh,"8,305,999,978",2,MP50P1055
Naryal Bus Service,9015427578,chamba,Himachal Pradesh,"8,278,786,847",2,HP48B6566
Naryal Bus Service,9015427578,chamba,Himachal Pradesh,"8,278,786,847",2,HP731481
Himmat Singh,9358388507,Baghpat,Uttar Pradesh,"8,081,725,226",9,UP17T4070
Sudhir Apnibus Travels,7898799411,,,"7,898,799,411",1,MP53DEMO
Payal Bus Service,9816058911,Hamirpur,Himachal Pradesh,"8,427,665,807",1,HP673206
Afsar Tour And Travels,8577850185,Prayagraj,Uttar Pradesh,"9,717,101,668",1,UP70NT6822
Bhoopendra Travels,8755713591,Agra,Uttar Pradesh,"8,949,835,997",1,RJ20PB1637
Durga Motor Service,9617020089,Bilaspur,Chhattisgarh,"8,770,340,280",1,CG15EB1904
PRAVEEN TRAVELS,9026484539,Pratapgarh,Uttar Pradesh,"9,519,038,043",1,UP53CT7613
Chugh Trevals,9460393330,Sri Ganganagar,Rajasthan,"9,829,715,298",1,RJ13PA5005
Honey Apnibus Travel,9084511934,,Uttar Pradesh,"9,084,511,934",1,UP11DEMO
Zamidara Travels,9983482101,Sri Ganganagar,Rajasthan,"9,772,283,812",1,RJ13PB5457
Mushkan Travels,8824431938,Alwar,Rajasthan,"7,240,080,687",2,RJ02PA4071
Paliwal Travals,8269282364,Shajapur,Madhya Pradesh,"8,949,835,997",1,GJ16AU2641
Maa Sharda Travel,9617713011,Jabalpur,Madhya Pradesh,"9,301,180,960",2,MP49ZE9792
Rameshwar lal,8769964440,Sri Ganganagar,Rajasthan,"8,432,203,584",1,RJ13PA8501D
Aman Sandhu,7347208484,Jalandhar,Punjab,"9,878,835,391",2,PB07R5579
Ved Travels,9816403809,Sirmaur,Himachal Pradesh,"8,278,786,847",1,HP71A3809
Sambhav Test,9685338171,,,"7,358,636,570",1,test874
Maa Sharda Travel,9617713011,Jabalpur,Madhya Pradesh,"9,301,180,960",2,MP49ZE9892
Uppal Gulmare Travels,9876282297,Gurdaspur,Punjab,"9,041,995,581",1,PB13D6577
Sandeep Singh,7986515632,Hoshiarpur,Punjab,"9,877,770,799",1,HP677580
Shree Baijnath Bus Service,9981463333,Shajapur,Rajasthan,"8,949,835,997",1,MP09FA7481
Nandan Travels,7879337879,Seoni,Madhya Pradesh,"9,770,320,844",2,MP22P5001
Butter Bus,9463038994,Sri Muktsar Sahib,Punjab,"9,814,201,669",1,PB30R0586
Nav Durga Coop,9255453399,Rohtak,Haryana,"9,315,883,000",1,HR46F2244
Ruby Mander Trasnport Services,7009618528,Sangrur,Punjab,"7,837,804,183",5,PB10CK2271
Ruby Mander Trasnport Services,7009618528,Sangrur,Punjab,"7,837,804,183",5,PB23T1622
Ruby Mander Trasnport Services,7009618528,Sangrur,Punjab,"7,837,804,183",5,PB13V9759
Ruby Mander Trasnport Services,7009618528,Sangrur,Punjab,"7,837,804,183",5,PB13AR9959
Ruby Mander Trasnport Services,7009618528,Sangrur,Punjab,"7,837,804,183",5,PB13AF8159
Sunil Singh,7500138373,Agra,Uttar Pradesh,"9,634,836,450",1,UP50GT4688
Avinash ApniBus Travels,8482885925,,,"9,716,110,244",2,MH49AVDEMO
Aman Sandhu,7347208484,Jalandhar,Punjab,"9,878,835,391",1,PB07Y2140
Meena Travels,9783980055,Dausa,Rajasthan,"9,571,349,967",1,NULLDD
Nitin Travels,9713016999,Barwani,Madhya Pradesh,"9,589,428,193",3,MP46ZC2007
Nitin Travels,9713016999,Barwani,Madhya Pradesh,"9,589,428,193",3,MP09FA7914
Kulwant Bus Service,7568513625,Sri Ganganagar,Rajasthan,"9,772,283,812",1,RJ13PA7718
Dhaka Coach,9991550067,Rohtak,Haryana,"9,315,883,000",1,HR43D4373
Deepak Bus Service,9805389898,Kullu,Himachal Pradesh,"6,280,281,750",1,HP66A3448
Sunder Lal Bishnoi,8302638662,Bikaner,Rajasthan,"8,107,303,491",1,RJ07PB7921
Deeva Bus,7986867524,Barnala,Punjab,"9,877,770,799",1,
Zamidara Tours Travels,8875482809,Sri Ganganagar,Rajasthan,"9,610,161,200",3,RJ13PA9510
Zamidara Tours Travels,8875482809,Sri Ganganagar,Rajasthan,"9,610,161,200",3,RJ13PA5603
Rajdhani Express,9610552750,Sri Ganganagar,Rajasthan,"9,610,161,200",2,AR11C0003
Rajdhani Express,9610552750,Sri Ganganagar,Rajasthan,"9,610,161,200",2,AR11C0005
Zamidara Tours Travels,8875482809,Sri Ganganagar,Rajasthan,"9,610,161,200",3,RJ13PB5603
Nitin Travels,9713016999,Barwani,Madhya Pradesh,"9,589,428,193",1,MP46P2007
Nitin Travels,9713016999,Barwani,Madhya Pradesh,"9,589,428,193",1,MP09FA7914
Nitin Travels,9713016999,Barwani,Madhya Pradesh,"9,589,428,193",1,MP46ZC2007
AZAD BUS,9418114827,Hamirpur,Himachal Pradesh,"8,427,665,807",1,HP673933
Sandeep Yadav,9548339908,Agra,Uttar Pradesh,"8,081,725,226",1,UP80JT9238
Kaushal Travels,9425138654,Balaghat,Madhya Pradesh,"7,987,327,084",3,MP50P0339
Kaushal Travels,9425138654,Balaghat,Madhya Pradesh,"7,987,327,084",3,MP50ZD4954
Krishna Bus Service,9812459244,Bhiwani,Haryana,"9,812,145,824",1,HR61D2699
Ratan Express,9919958484,Gonda,Uttar Pradesh,"8,896,208,310",1,UP43BT9952
NAVEEN MEEL,9352436409,Sikar,Rajasthan,"8,432,203,584",1,RJ14PE1019
Jai Maa Kaila Devi Travals,9414942013,Bharatpur,Rajasthan,"8,949,835,997",1,RJ05PB5028D
Kuljindeer Singh,8872529665,Bathinda,Punjab,"9,877,674,046",2,PB31J8655
Paliwal Travals,8269282364,Shajapur,Madhya Pradesh,"8,949,835,997",1,MP70ZC5084
Vinay Rajeev Bus Service,9218522000,Kangra,Himachal Pradesh,"9,877,770,799",1,HP68B3942
Deshwal Bus Service,9813536100,Panipat,Haryana,"9,996,295,954",1,HR45E0361
Meenu Coach,9882896562,Shimla,Himachal Pradesh,"8,278,786,847",2,HP62A0976
Meenu Coach,9882896562,Shimla,Himachal Pradesh,"8,278,786,847",2,HP62A3476
Anurag Verma,9782553218,Sri Ganganagar,Rajasthan,"8,432,203,584",3,RJ13PA5686
GSK GRK Bus Service,9815647357,Gurdaspur,Punjab,"9,877,770,799",1,PB06V8774
Popular Travels,9165636633,Surguja,Chhattisgarh,"8,770,340,280",1,CG15AB0486
RAJ KUMAR,9041846336,Jalandhar,Punjab,"7,717,425,499",1,PBO3BA1576
Public Demand,7807723421,Solan,Himachal Pradesh,"8,219,618,713",1,HP64B0222
Harpreet Singh,9887953204,Sri Ganganagar,Rajasthan,"9,610,161,200",1,RJ13PA9168
Pranjal Travels,9329212574,Surguja,Chhattisgarh,"8,770,340,280",1,CG07E1300
Shekhawat Travels,8384991549,Bikaner,Rajasthan,"8,107,303,491",5,RJ07PB1529
Shekhawat Travels,8384991549,Bikaner,Rajasthan,"8,107,303,491",5,RJ07PB1528
Sandhu Bus,9782200047,Sri Ganganagar,Rajasthan,"7,689,996,832",1,RJ13PA8771
RATAN HR TRAVELS,7742503034,Jaipur,Rajasthan,"8,949,835,997",2,RJ23PC0052
Chahat Bus,9935458414,Prayagraj,Uttar Pradesh,"9,717,101,668",2,UP70DT0477
Anurag Verma,9782553218,Sri Ganganagar,Rajasthan,"8,432,203,584",3,RJ13PA9253
Anurag Verma,9782553218,Sri Ganganagar,Rajasthan,"8,432,203,584",3,RJ13PA9648
Mahalaxmi Travels,7860029202,Lucknow,Uttar Pradesh,"8,896,208,310",1,UP32YN9146
Chahat Bus,9935458414,Prayagraj,Uttar Pradesh,"9,717,101,668",2,UP70CT1809
Shekhawat Travels,8384991549,Bikaner,Rajasthan,"8,107,303,491",5,RJ50PA0155
Shekhawat Travels,8384991549,Bikaner,Rajasthan,"8,107,303,491",5,RJ13PA9501
Vijay Transport,9754414414,Surguja,Chhattisgarh,"8,770,340,280",1,
GS Sodha Travels,9784117736,Jaislamer,Rajasthan,"8,107,303,491",1,RJ19PC3912
Kuljindeer Singh,8872529665,Bathinda,Punjab,"9,877,674,046",2,PB31J5421
The Paramhans Travels,8960000870,Rohtak,Haryana,"9,315,883,000",3,HR46F0097
The Paramhans Travels,8960000870,Rohtak,Haryana,"9,315,883,000",3,HR46F9700
The Paramhans Travels,8960000870,Rohtak,Haryana,"9,315,883,000",3,HR46E0097
Pushpraj,9685580758,Betul,Madhya Pradesh,"8,668,903,073",1,MP48P1857
Dhanesar Transport,9814700145,Sangrur,Punjab,"7,837,804,183",1,PB13BF9245
Vijay demo,9425728553,,,"9,341,643,122",1,DEMOB8553
Jai Mallinath Travels,8290721291,Barmer,Rajasthan,"9,799,862,695",1,RJ22PA6390
PINK Bus Service,9417600607,Bathinda,Punjab,"9,877,674,046",2,PB03AP0574
PINK Bus Service,9417600607,Bathinda,Punjab,"9,877,674,046",2,PB03V0834
N T,9672100001,Sri Muktsar Sahib,Punjab,"9,814,201,669",10,PB22G9190
N T,9672100001,Sri Muktsar Sahib,Punjab,"9,814,201,669",10,PB22Y9937
N T,9672100001,Sri Muktsar Sahib,Punjab,"9,814,201,669",10,PB30R9937
N T,9672100001,Sri Muktsar Sahib,Punjab,"9,814,201,669",10,PB03W3609
N T,9672100001,Sri Muktsar Sahib,Punjab,"9,814,201,669",10,PB30AB9737
N T,9672100001,Sri Muktsar Sahib,Punjab,"9,814,201,669",10,PB30H9978
RATAN HR TRAVELS,7742503034,Jaipur,Rajasthan,"8,949,835,997",2,RJ41PB0052
GARIB NAWAZ TOUR & TRAVELS,8871786721,Raipur,Chhattisgarh,"8,482,885,925",2,CG23E0156
N T,9672100001,Sri Muktsar Sahib,Punjab,"9,814,201,669",10,PB03BL4701
GARIB NAWAZ TOUR & TRAVELS,8871786721,Raipur,Chhattisgarh,"8,482,885,925",2,CG08M7866
Dharmender Kumar,9927937355,Agra,Uttar Pradesh,"8,081,725,226",2,UP80ET3971
N T,9672100001,Sri Muktsar Sahib,Punjab,"9,814,201,669",10,PB04AE9737
N T,9672100001,Sri Muktsar Sahib,Punjab,"9,814,201,669",10,PB04AD9737
Nitin Travels,9713016999,Barwani,Madhya Pradesh,"9,589,428,193",3,MP46P2007
Ankitapnibustravels,9630086892,,,"9,630,086,892",1,MP32DEMO
PR Travels DEMO,8427665807,Mohali,Punjab,"9,317,712,349",1,DEMOSHIMLA
Ali Bus Service,9424490786,Betul,Madhya Pradesh,"7,987,327,084",1,MP48P5111
Gourav Travels,9131331882,Gwalior,Madhya Pradesh,"8,085,396,896",1,MP13ZS0897
Satish Apni Bus Travel,8717980610,,,"8,717,980,610",1,MP32PDEMO
Safar Travels And Cargo,7230080008,Ajmer,Rajasthan,"7,230,850,582",2,AR11D6555
Safar Travels And Cargo,7230080008,Ajmer,Rajasthan,"7,230,850,582",2,AR11F6555
Vaibhav Apni Bus Travels,8668903073,,,"8,668,903,073",1,MP48DEMO
Isthiyak Apni Bus Travel ,8107321567,,,"8,107,321,567",1,RJ33DEMO
Heera Lal Apni Bus Travel,8569981305,,,"8,569,981,305",1,HR36 DEMO
Dhillon Bus Service,7018786007,Una,Himachal Pradesh,"8,427,665,807",1,HP72D2225
THE NIRWAL BUS SERVICE,9501970091,Hoshiarpur,Punjab,"7,717,425,499",4,PB07AS6965
THE NIRWAL BUS SERVICE,9501970091,Hoshiarpur,Punjab,"7,717,425,499",4,PB07AS4765
THE NIRWAL BUS SERVICE,9501970091,Hoshiarpur,Punjab,"7,717,425,499",4,PB07AS8765
Vinay Rajeev Bus Service,9218522000,Kangra,Himachal Pradesh,"9,317,712,349",1,HP68A3942
THE NIRWAL BUS SERVICE,9501970091,Hoshiarpur,Punjab,"7,717,425,499",4,PB07BG1065
DEMO Apnibus,8875476060,Gurugram,Haryana,"9,341,643,122",9,DMEODEV
DEMO Apnibus,8875476060,Gurugram,Haryana,"9,341,643,122",9,DEMOBUS
DEMO Apnibus,8875476060,Gurugram,Haryana,"9,341,643,122",9,TESTSAMBHAV
DEMO Apnibus,8875476060,Gurugram,Haryana,"9,341,643,122",9,RJ14PADemo
DEMO Apnibus,8875476060,Gurugram,Haryana,"9,341,643,122",9,RJ07PADEM
DEMO Apnibus,8875476060,Gurugram,Haryana,"9,341,643,122",9,RJ07PADEMD1
DEMO Apnibus,8875476060,Gurugram,Haryana,"9,341,643,122",9,RJ07PADEMD3
DEMO Apnibus,8875476060,Gurugram,Haryana,"9,341,643,122",9,RDDEMO1512
DEMO Apnibus,8875476060,Gurugram,Haryana,"9,341,643,122",2,
Ajay Bus Service,7000461302,Shahdol,Madhya Pradesh,"9,669,558,200",1,MP18ZG9222
Salasar Bus Transport Company,9813680448,Hisar,Haryana,"7,404,072,059",2,HR56B2420
Salasar Bus Transport Company,9813680448,Hisar,Haryana,"7,404,072,059",2,HR56B7731
Rahil Bus,9875094092,Kota,Rajasthan,"9,166,477,977",1,RJ20PB2764
MANDER BUS SERVICE,7270013700,Ludhiana,Punjab,"9,878,835,391",1,PB10ES9535
Tourist Bus,9816509136,Bilaspur,Himachal Pradesh,"9,816,509,136",2,HP69A3825
Tourist Bus,9816509136,Bilaspur,Himachal Pradesh,"9,816,509,136",2,HP69A8325
Kamal Yadav,8789246208,,,"9,110,013,131",5,BR02PC2378
Kamal Yadav,8789246208,,,"9,110,013,131",5,DEMOSUDH
Jai Shiv Shankar,9828759326,Udaipur,Rajasthan,"7,230,850,582",1,RJ27PC9369
Geetanjali,9711839276,Meerut,Uttar Pradesh,"8,279,732,727",1,
Ajeet Demo,8607216244,,,"9,341,643,122",1,UP42DEMO
Shree Baijnath Bus Service,9981463333,Shajapur,Rajasthan,"8,949,835,997",3,MP70P0121
Shree Baijnath Bus Service,9981463333,Shajapur,Rajasthan,"8,949,835,997",3,MP04PA2292
Shree Baijnath Bus Service,9981463333,Shajapur,Rajasthan,"8,949,835,997",3,MP70P0157
Lavish Kocher,9672132195,Sri Ganganagar,Rajasthan,"9,610,161,200",1,RJ31PA3339
Lawa Bus Service,9529611900,Sri Ganganagar,Rajasthan,"9,610,161,200",1,RJ13PA4805
Ayush Apnibus Travels,9399400234,,,"9,399,400,234",1,UP93DEMO
Sarbjeet Bus,9878098360,Firozpur,Punjab,"9,814,201,669",2,PB05AB8932
Sarbjeet Bus,9878098360,Firozpur,Punjab,"9,814,201,669",2,PB05AB6832
Aditya apnibus travel,8305999978,,,"8,506,042,002",1,MP65XDEMO
Barak Bus,8059585156,Rohtak,Haryana,"9,315,883,000",1,HR46F0232
Sachin  Demo Services,9644511753,,,"9,644,511,753",1,MP04DEMO
Kharkhada Express,9053533153,Rohtak,Haryana,"9,315,883,000",1,HR39E4828
Deepak Tour And Travels,9805976777,Shimla,Himachal Pradesh,"8,278,786,847",1,HP635068
Apni Bus Gurgoan,9999125490,,,"9,341,643,122",1,SUBH123456
Deepak Bus Service,9805389898,Kullu,Himachal Pradesh,"6,280,281,750",2,HP663448
Harish Apnibus Trevel,9805254456,mandi,Himachal Pradesh,"9,805,254,456",1,HP72K4014
Anjani Kumar Mishra,9161761414,Gonda,Uttar Pradesh,"8,005,100,830",1,UP43BT1414
Jaglan Bus Service,7027625808,Panipat,Haryana,"9,996,295,954",1,HR69D2488
Pradeep Bus Service,9522141111,Jhabua,Madhya Pradesh,"9,589,428,193",2,MP45ZB3306
Jayanti Transport,7018173342,Kangra,Himachal Pradesh,"8,427,665,807",4,HP68B7525
Jayanti Transport,7018173342,Kangra,Himachal Pradesh,"8,427,665,807",4,HP68B2325
Jayanti Transport,7018173342,Kangra,Himachal Pradesh,"8,427,665,807",4,HP68B5925
Jayanti Transport,7018173342,Kangra,Himachal Pradesh,"8,427,665,807",4,HP68A7525
Jai Bhawani Travels,9414384868,Barmer,Rajasthan,"9,799,862,695",1,RJ19PA3691
Vijay Transport,9754414437,Balrampur,Chhattisgarh,"8,770,340,280",3,CG15AB0423
Vijay Transport,9754414437,Balrampur,Chhattisgarh,"8,770,340,280",3,CG15AB0380
Shree Baijnath Bus Service,9981463333,Shajapur,Rajasthan,"8,949,835,997",3,
Shree Baijnath Bus Service,9981463333,Shajapur,Rajasthan,"8,949,835,997",3,
AJEET DEMO,9519038043,,,"9,341,643,122",1,UP55ADEMO
Deepak Bus Service,9805389898,Kullu,Himachal Pradesh,"6,280,281,750",2,HP660109
GSK GRK Bus Service,9815647357,Gurdaspur,Punjab,"9,877,770,799",1,PB09S3265
Gajendra Demo	Gajendra Apni Bus Travel ,8829990007,,,"8,829,990,007",1,RJ27DEMO
Nandkishore Apni Bus,9529611627,,,"9,529,611,627",1,RJ22CA2134
Nitin Apni Bus Travel,8006051819,,,"8,006,051,819",1,UP86NDEMO
Pradeep Bus Service,9522141111,Jhabua,Madhya Pradesh,"9,589,428,193",2,MP45P1177
Kangra Ex Service Man Tpt Co,8219950778,Kangra,Himachal Pradesh,"8,427,665,807",2,HP40C9937
Vijay Transport,9754414437,Balrampur,Chhattisgarh,"8,770,340,280",3,JH03L9727
Shree Balaji Travels,9414100805,Jodhpur,Rajasthan,"7,230,850,582",2,RJ16PA4914
Shree Balaji Travels,9414100805,Jodhpur,Rajasthan,"7,230,850,582",2,RJ16PB4401
SONY DELUXE,8797415161,Gaya,Bihar,"9,519,038,043",2,BR02PC2609
SONY DELUXE,8797415161,Gaya,Bihar,"9,519,038,043",2,
Raman Apni Bus Travels,9958016572,,,"7,404,072,059",1,HR56DEMO2
Sagar Travels,8959176677,Jhabua,Madhya Pradesh,"7,697,352,660",1,MP30P1413
National Travel,7987216424,Balaghat,Madhya Pradesh,"8,305,999,978",1,MP50ZB5501
Hemant Apnibus,9589428193,,,"9,716,110,244",2,MP46P0711
Sansar Bus Service,9418071271,Kangra,Himachal Pradesh,"8,427,665,807",2,HP68B5155
Sansar Bus Service,9418071271,Kangra,Himachal Pradesh,"8,427,665,807",2,HP67A3881
Tarn Taran Jandiala Bus Service,9814536574,Tarn Taran,Punjab,"9,041,995,581",1,PB46M9985
KAMDHENU TRAVELS,7807412000,Kullu,Himachal Pradesh,"6,280,281,750",1,HP663214
Sangwan Travels,8168462315,Jhajjar,Haryana,"9,315,883,000",1,HR63E8915
Tetarwal Bus Service,9636132771,Bikaner,Rajasthan,"7,689,996,832",1,RJ07PB0745
Raja Ram Travel,9589961787,Jabalpur,Madhya Pradesh,"9,589,961,787",1,MP20PA6777
Raja Husain,9929811496,Jhalawar,Rajasthan,"8,949,835,997",1,
Sahun,8005523736,Alwar,Rajasthan,"7,240,080,687",1,RJ02PA5075
NEERAJ KUMAR YADAV,9525223138,Gaya,Bihar,"9,519,038,043",1,BR02PC0085
Ma Triveni Travels,9755807223,Barwani,Madhya Pradesh,"9,589,428,193",2,MP46ZG9751
Marvel Travels,9669478798,Dewas,Madhya Pradesh,"9,589,428,193",5,MP41ZE3344
Mukesh Kumar,9350187175,Rohtak,Haryana,"9,315,883,000",2,HR46E8620
Mukesh Kumar,9350187175,Rohtak,Haryana,"9,315,883,000",2,HR46F5204
SKT,9816015285,Solan,Himachal Pradesh,"8,278,786,847",1,HP694456
Ma Triveni Travels,9755807223,Barwani,Madhya Pradesh,"9,589,428,193",2,MP13ZD8671
Dharmender Kumar,9927937355,Agra,Uttar Pradesh,"8,081,725,226",2,UP80HT7740
Gurbachan Das,9649056818,,,"8,432,203,584",1,RJ56PA5669
Jasvir Singh,9991624182,Hanumangarh,Rajasthan,"9,610,161,200",1,RJ31PA5146
Kanwaljeet Singh,9876989101,Sri Muktsar Sahib,Punjab,"9,814,201,669",1,PB30L9743
Sandeep Pande,8780677942,Surat,Gujarat,"8,299,290,436",1,AR01Q7891
Sandeep Chaudhary,9783101494,Alwar,Rajasthan,"7,689,996,832",3,RJ14PF5729
Sandeep Chaudhary,9783101494,Alwar,Rajasthan,"7,689,996,832",3,RJ02PA4777
Amkash Bus Service,8527540177,Kullu,Himachal Pradesh,"6,280,281,750",3,HP66A3830
Amkash Bus Service,8527540177,Kullu,Himachal Pradesh,"6,280,281,750",3,HP66A5530
Amkash Bus Service,8527540177,Kullu,Himachal Pradesh,"6,280,281,750",3,HP663830
Sikarwal Travels,8384982866,Dholpur,Rajasthan,"9,784,398,449",1,RJ05PA1937
Rajkumar Yadav,9636507725,Alwar,Rajasthan,"7,689,996,832",3,RJ02PA9252
Rajkumar Yadav,9636507725,Alwar,Rajasthan,"7,689,996,832",3,RJ02PB5975
Rajkumar Yadav,9636507725,Alwar,Rajasthan,"7,689,996,832",3,RJ02PB3710
Sai Chhatra Travels,9424058148,Barwani,Madhya Pradesh,"9,589,428,193",1,MP46P2256
Sidharth Demo,6280281750,,,"9,716,110,244",2,HP663830
Sidharth Demo,6280281750,,,"9,716,110,244",2,HP66A3830
Sidharth Demo,6280281750,,,"9,716,110,244",2,HP66A5530
Sahib Khan,9982148973,Alwar,Rajasthan,"7,240,080,687",1,RJ02PA9313
Khalsa Bus Service,9041634380,Sangrur,Punjab,"9,877,674,046",1,PB03BJ4142
Prabhakar,8299290436,,,"9,716,110,244",2,AR01Q7891
Yadav Travels,9826930333,Ujjain,Madhya Pradesh,"7,697,352,660",9,MP13P0416
Yadav Travels,9826930333,Ujjain,Madhya Pradesh,"7,697,352,660",9,MP13P4333
Yadav Travels,9826930333,Ujjain,Madhya Pradesh,"7,697,352,660",9,MP13P3332
Yadav Travels,9826930333,Ujjain,Madhya Pradesh,"7,697,352,660",9,MP13P2333
Rudra Bus Service,9816100975,Una,Himachal Pradesh,"9,878,835,391",1,HP72D6505
Kuljindeer Singh,8872529665,Bathinda,Punjab,"9,877,674,046",1,PB11BU2271
Gautam Bus Service,9857210023,Bilaspur,Himachal Pradesh,"8,427,665,807",4,HP21A6195
Gautam Bus Service,9857210023,Bilaspur,Himachal Pradesh,"8,427,665,807",4,HP69A5023
Gautam Bus Service,9857210023,Bilaspur,Himachal Pradesh,"8,427,665,807",4,HP69A4523
Gautam Bus Service,9857210023,Bilaspur,Himachal Pradesh,"8,427,665,807",4,HP69A9023
Krishna Bus Service,7027727727,Jhajjar,Haryana,"9,812,145,824",1,HR63D6636
Wazid Khan Demo,7240080687,Alwar,Rajasthan,"9,716,110,244",2,RJ02PA9313
Wazid Khan Demo,7240080687,Alwar,Rajasthan,"9,716,110,244",2,RJ02PA5054
Himanshu Tyagi,8741859683,Sri Ganganagar,Rajasthan,"9,772,283,812",1,RJ13PA5883
Aulakh Traval,9803163011,Amritsar,Punjab,"9,041,995,581",1,PB02CR6786
Sarjeet Singh,6375112193,Sri Ganganagar,Rajasthan,"8,432,203,584",1,RJ13PA5730
Nitin  demo,9041995581,Amritsar,Punjab,"9,716,110,244",2,PB02CR6786
Sikander Panjabi,8852958896,Bikaner,Rajasthan,"8,107,303,491",1,RJ07PA8699
Fateh Trasport Co,9872430456,Bathinda,Punjab,"9,814,201,669",1,PB03J9736
Balaji Travels,7000537430,Jhalawar,Rajasthan,"7,737,294,523",1,RJ27PA6940
Rajesh Meena demo,7737294523,Kota,Rajasthan,"9,716,110,244",2,RJ27PA6940
Bg Travels,7878507499,Dausa,Rajasthan,"9,079,026,167",1,RJ11PA3577
Kartars Bus Service,9463709691,Hoshiarpur,Punjab,"8,284,881,473",4,PB29R4661
Kartars Bus Service,9463709691,Hoshiarpur,Punjab,"8,284,881,473",4,PB07BV6791
Kartars Bus Service,9463709691,Hoshiarpur,Punjab,"8,284,881,473",4,PB07AS6924
Kartars Bus Service,9463709691,Hoshiarpur,Punjab,"8,284,881,473",4,PB10ES4302
Harvinder Singh,9416180123,Ambala,Haryana,"7,888,896,965",1,HR37D7100
Sidharth Demo,6280281750,,,"9,716,110,244",2,HP34DEMO
Sandeep Singh,8619475288,Sri Ganganagar,Rajasthan,"9,610,161,200",1,RJ50PA0275
Jhaka Bus Service,9991526101,Jhajjar,Haryana,"9,812,145,824",1,HR63E7031
Kuljindeer Singh,8872529665,Bathinda,Punjab,"9,877,674,046",1,PB31J5421
Guru Nanak Bus Service,9417147567,Sri Muktsar Sahib,Punjab,"9,814,201,669",1,PB31D7221
Rahul demo,8219990300,,,"9,716,110,244",2,HP23DEMO
Jagdish domo,9897890255,,Uttar Pradesh,"9,716,110,244",2,UP80DEMO
SandeepDemo,8219618713,,Himachal Pradesh,"9,716,110,244",2,HP12DEMO
Dara Singh,9828235538,Sri Ganganagar,Rajasthan,"9,610,161,200",1,RJ13PA5755
Sikander Panjabi,8852958896,Bikaner,Rajasthan,"8,107,303,491",2,AR01W0729
Sikander Panjabi,8852958896,Bikaner,Rajasthan,"8,107,303,491",2,RJ07PB3864
Gajanand,9636991635,Sri Ganganagar,Rajasthan,"8,432,203,584",1,RJ31PA4491
Vikash demo,8432203584,Hanumangarh,Rajasthan,"9,716,110,244",2,RJ13PA8501D
Vikash demo,8432203584,Hanumangarh,Rajasthan,"9,716,110,244",2,RJ13PA5638
Vikash demo,8432203584,Hanumangarh,Rajasthan,"9,716,110,244",2,RJ56PA5669
Rakesh Choudharydmo,8107303491,,Rajasthan,"9,716,110,244",2,RJ07PA9167
Rakesh Choudharydmo,8107303491,,Rajasthan,"9,716,110,244",2,RJ07PA8699
Rakesh Choudharydmo,8107303491,,Rajasthan,"9,716,110,244",2,RJ07PB3864
Bg Travels,9414323813,Bharatpur,Rajasthan,"9,079,026,167",1,RJ05PA3385
ADITYA PRATAP SINGH,9074075164,Anuppur,Madhya Pradesh,"9,589,428,193",1,MP65ZB8329
Pawan Pannalal Jaiswal,9405042000,Harda,Madhya Pradesh,"7,000,771,571",3,MP05P0764
Pawan Pannalal Jaiswal,9405042000,Harda,Madhya Pradesh,"7,000,771,571",3,MP05P0387
Pawan Pannalal Jaiswal,9405042000,Harda,Madhya Pradesh,"7,000,771,571",3,MP47ZD9027
Ramesh singh,6398039957,Farrukhabad,Uttar Pradesh,"8,081,725,226",1,UP87T1688
Rahul Pal,9350607011,Ghaziabad,Uttar Pradesh,"8,081,725,226",1,UP23H9332
Balwinder singh,7087907722,Amritsar,Punjab,"9,041,995,581",1,PB02DY8805
Pitambara Bus Service,9418637471,Kangra,Himachal Pradesh,"8,427,665,807",1,HP83A8671
Deepak Singh Devera,9667758288,Kota,Rajasthan,"8,058,181,801",1,RJ20PB2241
AADIL BUS TREVAL DEMO,8058181801,,,"9,716,110,244",2,RJ20PB2241
Nitin  demo,9041995581,Amritsar,Punjab,"9,716,110,244",2,PB02DY8805
Manish sharma,7000771571,,,"9,716,110,244",2,MPR7XDEMO
Manish sharma,7000771571,,,"9,716,110,244",2,MP47ZD9027
Pawan Pannalal Jaiswal,9405042000,Harda,Madhya Pradesh,"7,000,771,571",2,MP10ZE4002
Pawan Pannalal Jaiswal,9405042000,Harda,Madhya Pradesh,"7,000,771,571",2,MP47P0399
Manish sharma,7000771571,,,"9,716,110,244",2,MP05P0764
Manish sharma,7000771571,,,"9,716,110,244",2,MP05P0387
Manish sharma,7000771571,,,"9,716,110,244",2,MP10ZE4002
Manish sharma,7000771571,,,"9,716,110,244",2,MP47P0399
Dev Parivhan,9816055236,Kangra,Himachal Pradesh,"8,427,665,807",1,HP685790
Metro Travels,9261491661,Jaipur,Rajasthan,"9,784,398,449",1,RJ14PD3556
Sudhir apnibus travels,8285409320,Ghaziabad,Uttar Pradesh,"9,716,110,244",2,UP14XDEMO
Anshul apnibus Travel,9717841045,,,"9,716,110,244",2,UP19XDEMO
Rajeev Rana,9129300022,,,"8,427,665,807",2,HP68A2810
Rajeev Rana,9129300022,,,"8,427,665,807",2,HP68A2810
Satya Dev,9456005053,Etah,Uttar Pradesh,"8,081,725,226",2,UP87T1620
Satya Dev,9456005053,Etah,Uttar Pradesh,"8,081,725,226",2,UP87T1699
Sanjay apnibus travel,7974097527,Dhar,Madhya Pradesh,"9,716,110,244",2,DEMOSANJAY
Prabhakar,8299290436,,,"9,716,110,244",2,UP70MTDEMO
Nikit Apnibus Travels,8770340280,,,"9,716,110,244",2,MP40XDEMO
Ravi apni bus travel,7906122801,,Uttar Pradesh,"9,716,110,244",2,UP75XDEMO
Laxman kumar demo,9772283812,,,"9,716,110,244",2,RJ13PA5883
Gurmeet Singh,7877939404,Hanumangarh,Rajasthan,"9,772,283,812",1,RJ13PA9313
Fateh Trasport Co,9872430456,Bathinda,Punjab,"9,814,201,669",3,PB03P9636
Fateh Trasport Co,9872430456,Bathinda,Punjab,"9,814,201,669",3,PB30D9436
Fateh Trasport Co,9872430456,Bathinda,Punjab,"9,814,201,669",3,PB03T9336
Laxman kumar demo,9772283812,,,"9,716,110,244",2,RJ13PA9313
Gurmall Bus Service (Regd.),9872848989,Jalandhar,Punjab,"7,717,425,499",2,PB08BM3811
Gurmall Bus Service (Regd.),9872848989,Jalandhar,Punjab,"7,717,425,499",2,PB08CB7811
Kuljindeer Singh,8872529665,Bathinda,Punjab,"9,877,674,046",1,PB31J8655
Krishna apnibus travel,7717425499,,,"9,716,110,244",2,PB08BM3811
Krishna apnibus travel,7717425499,,,"9,716,110,244",2,PB08CB7811
Baljinder Bus Service,9814028313,Jalandhar,Punjab,"7,717,425,499",3,PB08BP6081
Baljinder Bus Service,9814028313,Jalandhar,Punjab,"7,717,425,499",3,PB06K1947
Baljinder Bus Service,9814028313,Jalandhar,Punjab,"7,717,425,499",3,PB08EN6081
Khakh Travels,9351296714,Sri Ganganagar,Rajasthan,"8,432,203,584",1,RJ13PA6500
Krishna apnibus travel,7717425499,,,"9,716,110,244",2,PB08EN6081
Krishna apnibus travel,7717425499,,,"9,716,110,244",2,PB08BP6081
Krishna apnibus travel,7717425499,,,"9,716,110,244",2,PB06K1947
Vikash demo,8432203584,Hanumangarh,Rajasthan,"9,716,110,244",2,RJ13PA5730
Satya Dev,9456005053,Etah,Uttar Pradesh,"8,081,725,226",1,UP82AT8208
Sau Travels,9636193351,Barmer,Rajasthan,"9,799,862,695",1,RJ04PA6868
Golden Temple Transport,9872193835,Jalandhar,Punjab,"9,878,835,391",1,PB08AJ7381
Bheelraj Pooja Travles,6377465832,Dungarpur,Rajasthan,"7,230,850,582",1,RJ12PA4448
Ridhana Express,7404373690,Rohtak,Haryana,"9,315,883,000",1,HR46F2104
Somani Tour And Travels,9414684989,,,0,10,RJ27PA1253
Kartars Bus Service,9463709691,Hoshiarpur,Punjab,"8,284,881,473",1,PB10ES4314
Sisodiya Travels,7297860355,Jaisalmer,Rajasthan,"7,689,996,832",1,RJ07PB5127
Lakhveer Bus Service,9610275143,Sri Ganganagar,Rajasthan,"9,772,283,812",1,RJ13PA6775
Laxman kumar demo,9772283812,,,"9,716,110,244",2,RJ13PA6775
Advance Tpt Service,9418079911,Kangra,Himachal Pradesh,"8,427,665,807",1,HP68B5387
Ajay apnibus travel,9301180960,,,"9,716,110,244",2,MP20XDEMO
Shiv Shankar Travels,8209654353,Ajmer,Rajasthan,"9,784,398,449",1,RJ01PA6254
Devender apni bus travells,8284881473,,,"9,716,110,244",2,PB07AS6924
Jai Ambey Maa Travals,9509953807,Bharatpur,Rajasthan,"9,079,026,167",1,RJ05PA6828
Brc Bus Service,9050029050,Jhajjar,Haryana,"9,315,883,000",5,HR63C3589
Khakh Travels,9351296714,Sri Ganganagar,Rajasthan,"8,432,203,584",1,RJ13PA5757
Vikash demo,8432203584,Hanumangarh,Rajasthan,"9,716,110,244",2,RJ31PA4491
Indrapal Singh demo,9079026167,Udaipur,Rajasthan,"9,716,110,244",2,RJ11PA3577
Mamta,7300910364,Hapur,Uttar Pradesh,"8,279,732,727",1,UP14PT4635
Kuldeep Bus Service,6283024288,Pathankot,Punjab,"9,877,770,799",1,PB35Q8375
Sumit Bus,9877770799,Path6,Punjab,"9,716,110,244",2,PB13BG7093
Robin Dhiman,9467201819,Kurukshetra,Haryana,"7,888,896,965",1,HR37D7458
Sumit Bus,9877770799,Path6,Punjab,"9,716,110,244",2,PB07AS5770
Ammy demo,7888896965,Ambala,Haryana,"9,716,110,244",2,HR37D7458
Krishna apnibus travel,7717425499,,,"9,716,110,244",2,PB08XDEMO
Payal Bus Service,9816058911,Hamirpur,Himachal Pradesh,"8,427,665,807",2,HP675139
Payal Bus Service,9816058911,Hamirpur,Himachal Pradesh,"8,427,665,807",2,HP675139
Aditya apnibus travel,8305999978,,,"9,716,110,244",2,MP65XDEMO
Rakesh Choudharydmo,8107303491,,Rajasthan,"9,716,110,244",2,AR01W0729
Nitin apnibus Travel,8278786847,,Himachal Pradesh,"9,716,110,244",2,HP03DEMO
Jai Mallinath Travels,8290721291,Barmer,Rajasthan,"9,799,862,695",1,RJ22PA6390
Mohan kumar,7018809624,,Himachal Pradesh,"9,716,110,244",2,HP22DEMO
Sandeep Singh,8619475288,Sri Ganganagar,Rajasthan,"9,610,161,200",2,RJ23PB6888
Sandeep Singh,8619475288,Sri Ganganagar,Rajasthan,"9,610,161,200",2,RJ07PA8436
vivek kumar Srivastava,9717101668,,Uttar Pradesh,"9,716,110,244",2,UP72XDEMO
Bablu Maliya,9610161200,,,"9,716,110,244",2,RJ31PA5146
Bablu Maliya,9610161200,,,"9,716,110,244",2,RJ50PA0275
Somani Tour And Travels,9414684989,,,0,10,RJ12PA4737
Bablu Maliya,9610161200,,,"9,716,110,244",2,RJ13PA5755
Fateh Trasport Co,9872430456,Bathinda,Punjab,"9,814,201,669",3,PB03AX7735
Fateh Trasport Co,9872430456,Bathinda,Punjab,"9,814,201,669",3,PB03AT8936
Kartars Bus Service,9463709691,Hoshiarpur,Punjab,"8,284,881,473",4,PB29R4662
Kartars Bus Service,9463709691,Hoshiarpur,Punjab,"8,284,881,473",4,PB11BK8655
Kartars Bus Service,9463709691,Hoshiarpur,Punjab,"8,284,881,473",4,PB07AS8391
Kartars Bus Service,9463709691,Hoshiarpur,Punjab,"8,284,881,473",4,PB07BG3391
Devender apni bus travells,8284881473,,,"9,716,110,244",2,PB07BV6791
Devender apni bus travells,8284881473,,,"9,716,110,244",2,PB29R4661
Jujhar Constructions And Travels Pvt. Ltd.,8427999077,Ludhiana,Punjab,"9,317,712,349",12,PB13BB4141
Mandeep Bus Service,9817912055,Bathinda,Punjab,0,18,PB03AA7748
Devender apni bus travells,8284881473,,,"9,716,110,244",2,PB10ES4302
Devender apni bus travells,8284881473,,,"9,716,110,244",2,PB10ES4314
Devender apni bus travells,8284881473,,,"9,716,110,244",2,PB29R4662
Devender apni bus travells,8284881473,,,"9,716,110,244",2,PB11BK8655
Devender apni bus travells,8284881473,,,"9,716,110,244",2,PB07AS8391
Devender apni bus travells,8284881473,,,"9,716,110,244",2,PB07BG3391
Karmjit Singh,9877170007,Barnala,Punjab,"9,877,674,046",2,PB19E3007
Karmjit Singh,9877170007,Barnala,Punjab,"9,877,674,046",2,PB19H5007
Dhaka Transport Company,7297096519,Bundi,Rajasthan,"8,233,385,859",1,RJ13PA7249
Rathore Bus,9982997070,Sri Ganganagar,Rajasthan,"7,689,996,832",1,RJ07PB2997
Golu,7689996832,Alwar,Rajasthan,"9,716,110,244",2,RJ02PA8565
Hovan Shakti Travels,9610824646,Dungarpur,Rajasthan,"7,230,850,582",1,RJ12PA7470
Sanjay Dalal,9416050048,Rohtak,Haryana,"9,315,883,000",1,HR46F9444
Adnan Demo,7230850582,,,"9,716,110,244",2,RJ12PA4448
Hifzan Ali,7737919878,Kota,Rajasthan,"8,233,385,859",1,RJ13PA6762
Rahat demo,8233385859,Tonk,Rajasthan,"9,716,110,244",2,RJ13PA6969
Thakur Travels,9020000095,Hamirpur,Himachal Pradesh,"8,427,665,807",2,HP678785
Thakur Travels,9020000095,Hamirpur,Himachal Pradesh,"8,427,665,807",2,HP83A1601
Aman Travels,9724345559,Banswara,Rajasthan,"7,230,850,582",1,MP44ZE4888
Adnan Demo,7230850582,,,"9,716,110,244",2,RJ12PA7470
Adnan Demo,7230850582,,,"9,716,110,244",2,MP44ZE4888
Harish Chander,9417583500,Fazilka,Punjab,"8,432,203,584",1,RJ13PA0120
Rahat demo,8233385859,Tonk,Rajasthan,"9,716,110,244",2,RJ46PA1899
Vikash demo,8432203584,Hanumangarh,Rajasthan,"9,716,110,244",2,RJ13PA6500
GURJEET SINGH,6283899932,Firozpur,Punjab,"9,878,835,391",1,PB30D2485
Harish Meena,9024620639,Alwar,Rajasthan,"7,240,080,687",1,RJ29PA2522
Gursewak Singh,7626859159,Bathinda,Punjab,"9,877,674,046",1,PB03AP2865
Pranay apni bus travells,7000129212,Indore,Madhya Pradesh,"9,716,110,244",2,MP09XDEMO
Wazid Khan Demo,7240080687,Alwar,Rajasthan,"9,716,110,244",2,RJ02PA3696
Wazid Khan Demo,7240080687,Alwar,Rajasthan,"9,716,110,244",2,RJ29PA2522
Surinder travel,9877674046,,,"9,716,110,244",2,PB03BJ4142
Surinder travel,9877674046,,,"9,716,110,244",2,PB11BU2271
Jujhar Constructions And Travels Pvt. Ltd.,8427999077,Ludhiana,Punjab,"9,317,712,349",12,PB13BB2121
Sher Singh,7023501034,Alwar,Rajasthan,"7,240,080,687",1,RJ02PA4486
Yash Travals,9414376142,Bharatpur,Rajasthan,"9,079,026,167",1,RJ05PA6870
New Friend Bus,9816819377,Kangra,Himachal Pradesh,"8,427,665,807",3,HP67A1777
Manish Rana Demo,8279732727,,,"9,716,110,244",2,UP15DEMO
Bt Travels,9911224484,Sonipat,Haryana,"8,081,725,226",1,BR02PC2364
Indrapal Singh demo,9079026167,Udaipur,Rajasthan,"9,716,110,244",2,RJ05PA3385
Indrapal Singh demo,9079026167,Udaipur,Rajasthan,"9,716,110,244",2,RJ05PA6828
Beniwal Travels,9950946328,Barmer,Rajasthan,"9,799,862,695",1,RJ04PA4540
Dhillon Bus Service,9876856295,Patiala,Punjab,"9,877,674,046",2,PB11AF8442
Dhillon Bus Service,9876856295,Patiala,Punjab,"9,877,674,046",2,PB11BF8442
Surinder travel,9877674046,,,"9,716,110,244",2,PB31J5421
Surinder travel,9877674046,,,"9,716,110,244",2,PB31J8655
Apnibus,9634836450,,,"9,716,110,244",2,UP80XDEMO
Rahul apnibus travels,7888520452,Patiala,Punjab,"9,716,110,244",2,PB11XDEMO
SANTOSH APNIBUS TRAVELS,9588950646,,,"9,716,110,244",2,RJ10XDEMO
Hanuman Travels,9529851234,Jaipur,Rajasthan,"9,784,398,449",1,RJ14PD4182
Apnibus,9784398449,,,"9,716,110,244",2,RJ05PA1937
Apnibus,9784398449,,,"9,716,110,244",2,RJ14PD3556
Marvel Travels,9669478798,Dewas,Madhya Pradesh,"9,589,428,193",2,MP41P1480
Marvel Travels,9669478798,Dewas,Madhya Pradesh,"9,589,428,193",2,MP41ZE3344
Hemant Apnibus,9589428193,,,"9,716,110,244",2,MP46P2256
Hemant Apnibus,9589428193,,,"9,716,110,244",2,MP65ZB8329
Hemant Apnibus,9589428193,,,"9,716,110,244",2,MP65ZB8329
Hemant Apnibus,9589428193,,,"9,716,110,244",2,MP46P2007
Hemant Apnibus,9589428193,,,"9,716,110,244",2,MP09FA8907
Hemant Apnibus,9589428193,,,"9,716,110,244",2,MP41P1480
Manoj Kumar,7011363176,Bulandshahr,Uttar Pradesh,"8,081,725,226",2,UP13CT0466
Manoj Kumar,7011363176,Bulandshahr,Uttar Pradesh,"8,081,725,226",2,UP13CT3444
Thakur Travels,9020000095,Hamirpur,Himachal Pradesh,"8,427,665,807",4,HP83A6016
Thakur Travels,9020000095,Hamirpur,Himachal Pradesh,"8,427,665,807",4,HP68B3443
Thakur Travels,9020000095,Hamirpur,Himachal Pradesh,"8,427,665,807",4,HP83A6616
Thakur Travels,9816418687,Hamirpur,Himachal Pradesh,"8,427,665,807",4,HP36C8569
Thakur Travels,9816418687,Hamirpur,Himachal Pradesh,"8,427,665,807",4,HP36D2069
Jujhar Constructions And Travels Pvt. Ltd.,8427999077,Ludhiana,Punjab,"9,317,712,349",12,PB10JD1534
Thakur Travels,9816418687,Hamirpur,Himachal Pradesh,"8,427,665,807",4,HP19C5863
Thakur Travels,9816418687,Hamirpur,Himachal Pradesh,"8,427,665,807",4,HP68A3195
PR Travels DEMO,8427665807,Mohali,Punjab,"9,716,110,244",2,HP693105
Khakh Travels,9351296714,Sri Ganganagar,Rajasthan,"8,432,203,584",1,RJ13PA5654
Miglani Travels,9351200912,Ganganagar,Rajasthan,0,2,RJ13PA7150
Vikash demo,8432203584,Hanumangarh,Rajasthan,"9,716,110,244",2,RJ13PA5757
Vikash demo,8432203584,Hanumangarh,Rajasthan,"9,716,110,244",2,RJ13PA0120
Vikash demo,8432203584,Hanumangarh,Rajasthan,"9,716,110,244",2,RJ13PA5654
PR Travels DEMO,8427665807,Mohali,Punjab,"9,716,110,244",2,HP69A5505
Barwal Bus Service,9928476744,Kota,Rajasthan,"7,737,294,523",1,RJ20PA8962
Wazid Khan Demo,7240080687,Alwar,Rajasthan,"9,716,110,244",2,RJ02PA4486
Wazid Khan Demo,7240080687,Alwar,Rajasthan,"9,716,110,244",2,RJ02PA8995
Shri Ram Bus Service,9728941041,Jhajjar,Haryana,"9,315,883,000",3,HR46E6464
Shri Ram Bus Service,9728941041,Jhajjar,Haryana,"9,315,883,000",3,HR46E6464
Shri Ram Bus Service,9728941041,Jhajjar,Haryana,"9,315,883,000",3,HR46E6464
Shree Shyam Travels,9350117738,Jaipur,Rajasthan,"9,784,398,449",1,RJ18PA4681
Sumit Bus,9877770799,Path6,Punjab,"9,716,110,244",2,PB35Q8375
Manish Rana Demo,8279732727,,,"9,716,110,244",2,UP14PT4635
Apnibus,9784398449,,,"9,716,110,244",2,RJ01PA6254
Apnibus,9784398449,,,"9,716,110,244",2,RJ14PD4182
Rahat demo,8233385859,Tonk,Rajasthan,"9,716,110,244",2,RJ13PA6762
Rahat demo,8233385859,Tonk,Rajasthan,"9,716,110,244",2,RJ13PA7249
Dhaka Coach,9991550067,Rohtak,Haryana,"9,315,883,000",2,HR63D8404
Dhaka Coach,9991550067,Rohtak,Haryana,"9,315,883,000",2,HR46F1907
Poonam Travels,8290184749,Barmer,Rajasthan,"9,799,862,695",1,RJ19PC3107
Ravidas Travels,9872305000,Bathinda,Punjab,"9,877,674,046",1,PB03BH6184
Surinder travel,9877674046,,,"9,716,110,244",2,PB19E3007
Surinder travel,9877674046,,,"9,716,110,244",2,PB03AP2865
Surinder travel,9877674046,,,"9,716,110,244",2,PB11AF8442
Chuna Ram Demo,9799862695,Barmer,Rajasthan,"9,716,110,244",2,RJ04PA6868
Chuna Ram Demo,9799862695,Barmer,Rajasthan,"9,716,110,244",2,RJ22PA6390
Chuna Ram Demo,9799862695,Barmer,Rajasthan,"9,716,110,244",2,RJ04PA4540
Chuna Ram Demo,9799862695,Barmer,Rajasthan,"9,716,110,244",2,RJ19PC3107
PR Travels DEMO,8427665807,Mohali,Punjab,"9,716,110,244",2,DEMOLOCAL
Poonam Travels,8290184749,Barmer,Rajasthan,"9,799,862,695",1,RJ04PA4277
Ritika Bus Service,9129725099,Hamirpur,Himachal Pradesh,"8,427,665,807",1,HP679799
Chuna Ram Demo,9799862695,Barmer,Rajasthan,"9,716,110,244",2,RJ04PA4277
Akshay Meena,8875876989,Alwar,Rajasthan,"7,689,996,832",1,RJ02PA9169
Mahlawat Travals,9828261079,Bharatpur,Rajasthan,"9,079,026,167",1,RJ05PB0555
Golu,7689996832,Alwar,Rajasthan,"9,716,110,244",2,RJ02PA4777
Golu,7689996832,Alwar,Rajasthan,"9,716,110,244",2,RJ14PF5729
Golu,7689996832,Alwar,Rajasthan,"9,716,110,244",2,RJ02PB5975
Golu,7689996832,Alwar,Rajasthan,"9,716,110,244",2,RJ02PB3710
Golu,7689996832,Alwar,Rajasthan,"9,716,110,244",2,RJ02PA9252
Indrapal Singh demo,9079026167,Udaipur,Rajasthan,"9,716,110,244",2,RJ05PA6870
Golu,7689996832,Alwar,Rajasthan,"9,716,110,244",2,RJ07PB5127
Golu,7689996832,Alwar,Rajasthan,"9,716,110,244",2,RJ07PB2997
Indrapal Singh demo,9079026167,Udaipur,Rajasthan,"9,716,110,244",2,RJ05PB0555
Sood Express,9418488404,Kangra,Himachal Pradesh,"8,427,665,807",1,HP68A2710
Shri Ram Bus Service,9728941041,Jhajjar,Haryana,"9,315,883,000",7,HR46F4770
Shri Ram Bus Service,9728941041,Jhajjar,Haryana,"9,315,883,000",7,HR46F1400
Shri Ram Bus Service,9728941041,Jhajjar,Haryana,"9,315,883,000",7,HR46F2903
Shri Ram Bus Service,9728941041,Jhajjar,Haryana,"9,315,883,000",7,HR46G2782
Shri Ram Bus Service,9728941041,Jhajjar,Haryana,"9,315,883,000",7,HR46F2911
Shri Ram Bus Service,9728941041,Jhajjar,Haryana,"9,315,883,000",7,HR46F0819
Shri Ram Bus Service,9728941041,Jhajjar,Haryana,"9,315,883,000",7,HR46E6915
Rajasthan Bus Service,9680578816,,,0,4,RJ29PA2432
Dhaka Coach,9991550067,Rohtak,Haryana,"9,315,883,000",1,HR46E8611
Amit Kumar demo,9315883000,Rohtak,Haryana,"9,716,110,244",2,HR46F2104
Amit Kumar demo,9315883000,Rohtak,Haryana,"9,716,110,244",2,HR63C3589
Amit Kumar demo,9315883000,Rohtak,Haryana,"9,716,110,244",2,HR46F9444
Amit Kumar demo,9315883000,Rohtak,Haryana,"9,716,110,244",2,HR46F1529
Amit Kumar demo,9315883000,Rohtak,Haryana,"9,716,110,244",2,HR46E1076
Amit Kumar demo,9315883000,Rohtak,Haryana,"9,716,110,244",2,HR46F2911
Amit Kumar demo,9315883000,Rohtak,Haryana,"9,716,110,244",2,HR46E8611
Amit Kumar demo,9315883000,Rohtak,Haryana,"9,716,110,244",2,HR63D8404
Amit Kumar demo,9315883000,Rohtak,Haryana,"9,716,110,244",2,HR46F1907
Fateh Trasport Co,9872430456,Bathinda,Punjab,"9,814,201,669",3,PB03AC8836
Fateh Trasport Co,9872430456,Bathinda,Punjab,"9,814,201,669",3,PB30R9236
Fateh Trasport Co,9872430456,Bathinda,Punjab,"9,814,201,669",3,PB30R9136
Aman Sandhu,7347208484,Jalandhar,Punjab,"9,878,835,391",2,PB07X3977
Harmanpreet Singh,9464125582,Jalandhar,Punjab,"9,878,835,391",1,PB08AK2311
Gagandeep ,9878835391,Jalandhar,Punjab,"9,716,110,244",2,HP72D6505
Gagandeep ,9878835391,Jalandhar,Punjab,"9,716,110,244",2,PB03AF6448
Miglani Travels,9351200912,Ganganagar,Rajasthan,0,2,RJ13PA8353
Gagandeep ,9878835391,Jalandhar,Punjab,"9,716,110,244",2,PB30D2485
Gagandeep ,9878835391,Jalandhar,Punjab,"9,716,110,244",2,PB08AJ7381
Gagandeep ,9878835391,Jalandhar,Punjab,"9,716,110,244",2,PB08AK2311
Gagandeep ,9878835391,Jalandhar,Punjab,"9,716,110,244",2,PB07R5579
Amit Kumar demo,9315883000,Rohtak,Haryana,"9,716,110,244",2,HR46F4770
Amit Kumar demo,9315883000,Rohtak,Haryana,"9,716,110,244",2,HR46G2782
Amit Kumar demo,9315883000,Rohtak,Haryana,"9,716,110,244",2,HR46F1400
Bablu Maliya,9610161200,,,"9,716,110,244",2,RJ13PA3881
Bablu Maliya,9610161200,,,"9,716,110,244",2,RJ23PB6888
Rajiv Kumar Apnibus,9814201669,,Punjab,"9,716,110,244",2,PB30L9743
Rajiv Kumar Apnibus,9814201669,,Punjab,"9,716,110,244",2,PB03J9736
Rajiv Kumar Apnibus,9814201669,,Punjab,"9,716,110,244",2,PB31D7221
Rajiv Kumar Apnibus,9814201669,,Punjab,"9,716,110,244",2,PB03AT8936
Rajiv Kumar Apnibus,9814201669,,Punjab,"9,716,110,244",2,PB03T9336
Rajiv Kumar Apnibus,9814201669,,Punjab,"9,716,110,244",2,PB03P9636
Vikash demo,8432203584,Hanumangarh,Rajasthan,"9,716,110,244",2,RJ13PA8259
Bablu Maliya,9610161200,,,"9,716,110,244",2,RJ07PA8436
Vikash demo,8432203584,Hanumangarh,Rajasthan,"9,716,110,244",2,RJ31PA5181
Rajiv Kumar Apnibus,9814201669,,Punjab,"9,716,110,244",2,PB03AX7735
Gagandeep ,9878835391,Jalandhar,Punjab,"9,716,110,244",2,PB07X3977
Pinky Bus Service,9950508857,Bundi,Rajasthan,"7,737,294,523",1,RJ08PA2506
Nirdesh Kumar,9675598593,Etah,Uttar Pradesh,"8,081,725,226",1,UP13BT1791
Nahata Travels,8005504406,Hanumangarh,Rajasthan,"9,599,056,807",4,RJ13PA7056
Nahata Travels,8005504406,Hanumangarh,Rajasthan,"9,599,056,807",4,RJ49PA0961
Chetak Travelling Agency,9414163289,Udaipur,Rajasthan,"8,302,172,832",2,RJ27PA7276
Chetak Travelling Agency,9414163289,Udaipur,Rajasthan,"8,302,172,832",2,RJ27PA7277
Rajesh Meena demo,7737294523,Kota,Rajasthan,"9,716,110,244",2,RJ20PA8962
Shivam Travels,9599056807,Delhi,Delhi,"9,716,110,244",2,RJ49PA0961
Rajesh Meena demo,7737294523,Kota,Rajasthan,"9,716,110,244",2,RJ08PA2506
Dhaka Coach,9991550067,Rohtak,Haryana,"9,315,883,000",1,HR46F9655
New Friend Bus,9816819377,Kangra,Himachal Pradesh,"8,427,665,807",3,HP67A8777
New Friend Bus,9816819377,Kangra,Himachal Pradesh,"8,427,665,807",3,HP68A7577
PR Travels DEMO,8427665807,Mohali,Punjab,"9,716,110,244",2,HP673105
PR Travels DEMO,8427665807,Mohali,Punjab,"9,716,110,244",2,HP21A6195
PR Travels DEMO,8427665807,Mohali,Punjab,"9,716,110,244",2,HP69A5023
Gursewak Singh,7626859159,Bathinda,Punjab,"9,877,674,046",1,PB03AT2665
Amit Kumar demo,9315883000,Rohtak,Haryana,"9,716,110,244",2,HR46E6915
Surinder travel,9877674046,,,"9,716,110,244",2,PB11BF8442
Surinder travel,9877674046,,,"9,716,110,244",2,PB03BH6184
PR Travels DEMO,8427665807,Mohali,Punjab,"9,716,110,244",2,HP69A4523
PR Travels DEMO,8427665807,Mohali,Punjab,"9,716,110,244",2,HP69A9023
Nahata Travels,8005504406,Hanumangarh,Rajasthan,"9,599,056,807",4,RJ49PA0524
PR Travels DEMO,8427665807,Mohali,Punjab,"9,716,110,244",2,HP68A2810
Mohit ApniBus Travels,8302172832,,,"9,716,110,244",2,RJ27PA7276
Mohit ApniBus Travels,8302172832,,,"9,716,110,244",2,RJ27PA7277
Ramkumar,9799105188,Sri Ganganagar,Rajasthan,"7,689,996,832",1,RJ07PB7804D
Golu,7689996832,Alwar,Rajasthan,"9,716,110,244",2,RJ02PA9169
Kanshana Travels,9413107325,Bharatpur,Rajasthan,"9,079,026,167",1,RJ29PA3105
Golu,7689996832,Alwar,Rajasthan,"9,716,110,244",2,RJ19PC3107
Indrapal Singh demo,9079026167,Udaipur,Rajasthan,"9,716,110,244",2,RJ29PA3105
Rahul demo,7976873043,,,"9,716,110,244",2,RJ22DEMO
Yudhveer demo,9996295954,,Haryana,"9,716,110,244",2,HR06XDEMO
Ankit demo,7697352660,,,"9,716,110,244",2,MP43PDEMO
Rahul Pal,9350607011,Ghaziabad,Uttar Pradesh,"8,081,725,226",1,UP22T5701
Ramesh Bus Service,9813942422,Jhajjar,Haryana,"9,812,145,824",1,HR66B0376
C.K Parihar Travles,8949304824,Bikaner,Rajasthan,"7,689,996,832",1,RJ07PC2429
Rahul demo,9812145824,Bhiwani,Haryana,"9,716,110,244",2,HR63D6636
Rahul demo,9812145824,Bhiwani,Haryana,"9,716,110,244",2,HR66B0376
Rahul demo,9812145824,Bhiwani,Haryana,"9,716,110,244",2,HR844004
Golu,7689996832,Alwar,Rajasthan,"9,716,110,244",2,RJ07PB7804D
Aman Travels,9024516970,Sawai Madhopur,Rajasthan,"9,784,398,449",1,RJ07PA6399
Apnibus,9784398449,,,"9,716,110,244",2,RJ18PA4681
Surinder Singh,9779457608,Rupnagar,Punjab,"8,427,665,807",1,PB12F8552
PR Travels DEMO,8427665807,Mohali,Punjab,"9,716,110,244",2,HP53A9419
Sai Chhatra Travels,9424058148,Barwani,Madhya Pradesh,"9,589,428,193",1,MP46P1256
PR Travels DEMO,8427665807,Mohali,Punjab,"9,716,110,244",2,HP83A8671
PR Travels DEMO,8427665807,Mohali,Punjab,"9,716,110,244",2,HP685790
Hemant Apnibus,9589428193,,,"9,716,110,244",2,MP41ZE3344
Hemant Apnibus,9589428193,,,"9,716,110,244",2,MP46P1256
Mittal Bus Service,9929333003,Sri Ganganagar,Rajasthan,"7,689,996,832",1,RJ13PA9121
Golu,7689996832,Alwar,Rajasthan,"9,716,110,244",2,RJ07PC2429
Golu,7689996832,Alwar,Rajasthan,"9,716,110,244",2,RJ13PA9121
Manoj Kumar,7011363176,Bulandshahr,Uttar Pradesh,"8,081,725,226",1,UP13CT2822
Umar mohd,9582038938,Bulandshahr,Uttar Pradesh,"8,081,725,226",1,UP13CT6375
Abhishek Travels,8081725226,Ghaziabad,Uttar Pradesh,"9,716,110,244",2,UP50GT4688
Abhishek Travels,8081725226,Ghaziabad,Uttar Pradesh,"9,716,110,244",2,UP80ET3971
Sumit Demo,7980350026,,,"9,716,110,244",2,HR26PADEMO
Suhag Travles,9813133113,Rohtak,Haryana,"9,315,883,000",1,HR46F1616
Amit Kumar demo,9315883000,Rohtak,Haryana,"9,716,110,244",2,HR46F2903
Kundu Bus Service,9138383848,Rohtak,Haryana,"9,315,883,000",1,HR46D3848
Amit Kumar demo,9315883000,Rohtak,Haryana,"9,716,110,244",2,HR46F0819
Shivam Travels,9599056807,Delhi,Delhi,"9,716,110,244",2,RJ49PA0524
Shivam Travels,9599056807,Delhi,Delhi,"9,716,110,244",2,RJ18PB2636
Sumanraj Tour & Travels,9413969093,Jaipur,Rajasthan,"9,784,398,449",1,RJ14PF7575
Shivam Travels,9599056807,Delhi,Delhi,"9,716,110,244",2,RJ13PA7056
Shivam Travels,9599056807,Delhi,Delhi,"9,716,110,244",2,RJ13PB3151
Rahul Tour And Travellers,8619356711,Bhilwara,Rajasthan,"9,929,103,307",1,RJ13PA6186
Apnibus,9784398449,,,"9,716,110,244",2,RJ14PF7575
Sunil Travels,9929103307,,,"9,716,110,244",2,RJ13PA6186
Apnibus,9784398449,,,"9,716,110,244",2,RJ07PA6399
Wazid Khan Demo,7240080687,Alwar,Rajasthan,"9,716,110,244",2,RJ02PA8246
Wazid Khan Demo,7240080687,Alwar,Rajasthan,"9,716,110,244",2,RJ59PA0056
Manoj travel,9252607007,,,"9,716,110,244",2,RJ07DEMO
Mayank apnibus travel,8955148149,,,"9,716,110,244",2,RJ10DEMO
Advance Tpt Service,9418079911,Kangra,Himachal Pradesh,"8,427,665,807",2,HP832694
Advance Tpt Service,9418079911,Kangra,Himachal Pradesh,"8,427,665,807",2,HP40F5137
PR Travels DEMO,8427665807,Mohali,Punjab,"9,716,110,244",2,HP68B5387
PR Travels DEMO,8427665807,Mohali,Punjab,"9,716,110,244",2,HP67A6283
PR Travels DEMO,8427665807,Mohali,Punjab,"9,716,110,244",2,HP678785
PR Travels DEMO,8427665807,Mohali,Punjab,"9,716,110,244",2,HP83A1601
PR Travels DEMO,8427665807,Mohali,Punjab,"9,716,110,244",2,HP36B5299
PR Travels DEMO,8427665807,Mohali,Punjab,"9,716,110,244",2,HP83A6016
PR Travels DEMO,8427665807,Mohali,Punjab,"9,716,110,244",2,HP83A1600
PR Travels DEMO,8427665807,Mohali,Punjab,"9,716,110,244",2,HP83A6616
PR Travels DEMO,8427665807,Mohali,Punjab,"9,716,110,244",2,HP36C8569
PR Travels DEMO,8427665807,Mohali,Punjab,"9,716,110,244",2,HP19C5863
PR Travels DEMO,8427665807,Mohali,Punjab,"9,716,110,244",2,HP68A3195
PR Travels DEMO,8427665807,Mohali,Punjab,"9,716,110,244",2,HP68B3443
Amit Kumar demo,9315883000,Rohtak,Haryana,"9,716,110,244",2,HR46F9655
Amit Kumar demo,9315883000,Rohtak,Haryana,"9,716,110,244",2,HR46D3848
Amit Kumar demo,9315883000,Rohtak,Haryana,"9,716,110,244",2,HR46F1616
Neeraj Mittal,8868884474,Meerut,Uttar Pradesh,"8,081,725,226",20,UP15DT1964
Neeraj Mittal,8868884474,Meerut,Uttar Pradesh,"8,081,725,226",20,UP15ET6580
Neeraj Mittal,8868884474,Meerut,Uttar Pradesh,"8,081,725,226",20,UP17T6346
Neeraj Mittal,8868884474,Meerut,Uttar Pradesh,"8,081,725,226",20,UP15ET6579
Neeraj Mittal,8868884474,Meerut,Uttar Pradesh,"8,081,725,226",20,UP15DT5674
Neeraj Mittal,8868884474,Meerut,Uttar Pradesh,"8,081,725,226",20,UP17D3491
Neeraj Mittal,8868884474,Meerut,Uttar Pradesh,"8,081,725,226",20,UP15AT6326
Neeraj Mittal,8868884474,Meerut,Uttar Pradesh,"8,081,725,226",20,UP17T4671
Neeraj Mittal,8868884474,Meerut,Uttar Pradesh,"8,081,725,226",20,UP15DT3964
Neeraj Mittal,8868884474,Meerut,Uttar Pradesh,"8,081,725,226",20,UP17T3005
Neeraj Mittal,8868884474,Meerut,Uttar Pradesh,"8,081,725,226",20,UP15DT3974
Neeraj Mittal,8868884474,Meerut,Uttar Pradesh,"8,081,725,226",20,UP15DT2374
Neeraj Mittal,8868884474,Meerut,Uttar Pradesh,"8,081,725,226",20,UP17T8194
Neeraj Mittal,8868884474,Meerut,Uttar Pradesh,"8,081,725,226",20,UP87T1815
Neeraj Mittal,8868884474,Meerut,Uttar Pradesh,"8,081,725,226",20,UP15BT4453
Neeraj Mittal,8868884474,Meerut,Uttar Pradesh,"8,081,725,226",20,UP15ET6577
Neeraj Mittal,8868884474,Meerut,Uttar Pradesh,"8,081,725,226",20,UP15HT2001
Neeraj Mittal,8868884474,Meerut,Uttar Pradesh,"8,081,725,226",20,UP15DT2364
Neeraj Mittal,8868884474,Meerut,Uttar Pradesh,"8,081,725,226",20,UP17T4742
PR Travels DEMO,8427665807,Mohali,Punjab,"9,716,110,244",2,HP683107
PR Travels DEMO,8427665807,Mohali,Punjab,"9,716,110,244",2,HP679799
PR Travels DEMO,8427665807,Mohali,Punjab,"9,716,110,244",2,HP68A2710
PR Travels DEMO,8427665807,Mohali,Punjab,"9,716,110,244",2,HP68A7577
PR Travels DEMO,8427665807,Mohali,Punjab,"9,716,110,244",2,HP40C9937
PR Travels DEMO,8427665807,Mohali,Punjab,"9,716,110,244",2,HP67A1777
PR Travels DEMO,8427665807,Mohali,Punjab,"9,716,110,244",2,HP67A8777
PR Travels DEMO,8427665807,Mohali,Punjab,"9,716,110,244",2,PB12F8552
Abhishek Travels,8081725226,Ghaziabad,Uttar Pradesh,"9,716,110,244",2,UP87T1688
Abhishek Travels,8081725226,Ghaziabad,Uttar Pradesh,"9,716,110,244",2,UP23H9332
Abhishek Travels,8081725226,Ghaziabad,Uttar Pradesh,"9,716,110,244",2,UP87T1620
Abhishek Travels,8081725226,Ghaziabad,Uttar Pradesh,"9,716,110,244",2,UP87T1699
Abhishek Travels,8081725226,Ghaziabad,Uttar Pradesh,"9,716,110,244",2,UP82AT8208
Abhishek Travels,8081725226,Ghaziabad,Uttar Pradesh,"9,716,110,244",2,BR02PC2364
Abhishek Travels,8081725226,Ghaziabad,Uttar Pradesh,"9,716,110,244",2,UP13CT3444
Abhishek Travels,8081725226,Ghaziabad,Uttar Pradesh,"9,716,110,244",2,UP15DT3964
Abhishek Travels,8081725226,Ghaziabad,Uttar Pradesh,"9,716,110,244",2,UP17T4742
Abhishek Travels,8081725226,Ghaziabad,Uttar Pradesh,"9,716,110,244",2,UP15DT5674
Abhishek Travels,8081725226,Ghaziabad,Uttar Pradesh,"9,716,110,244",2,UP17T3005
Abhishek Travels,8081725226,Ghaziabad,Uttar Pradesh,"9,716,110,244",2,UP15AT6326
Abhishek Travels,8081725226,Ghaziabad,Uttar Pradesh,"9,716,110,244",2,UP17D3491
Abhishek Travels,8081725226,Ghaziabad,Uttar Pradesh,"9,716,110,244",2,UP15DT2374
Chachan Mahariya Travels,9509709007,Hanumangarh,Rajasthan,"9,599,056,807",6,AR01T0629
Chachan Mahariya Travels,9509709007,Hanumangarh,Rajasthan,"9,599,056,807",6,MP44ZC8329
Chachan Mahariya Travels,9509709007,Hanumangarh,Rajasthan,"9,599,056,807",6,MP44ZC7329
Chachan Mahariya Travels,9509709007,Hanumangarh,Rajasthan,"9,599,056,807",6,MP44ZE4144
Chachan Mahariya Travels,9509709007,Hanumangarh,Rajasthan,"9,599,056,807",6,MP44ZE9929
Chachan Mahariya Travels,9509709007,Hanumangarh,Rajasthan,"9,599,056,807",6,MP44ZE9939
Sran Travelers,7357030073,Sri Ganganagar,Rajasthan,"7,689,996,832",1,RJ13PA7159
Shivam Travels,9599056807,Delhi,Delhi,"9,716,110,244",2,RJ13PA7282
Shivam Travels,9599056807,Delhi,Delhi,"9,716,110,244",2,MP44ZE4144
Shivam Travels,9599056807,Delhi,Delhi,"9,716,110,244",2,MP44ZC7329
Shivam Travels,9599056807,Delhi,Delhi,"9,716,110,244",2,MP44ZC8329
Shivam Travels,9599056807,Delhi,Delhi,"9,716,110,244",2,MP44ZE9939
Shivam Travels,9599056807,Delhi,Delhi,"9,716,110,244",2,MP44ZE9929
Golu,7689996832,Alwar,Rajasthan,"9,716,110,244",2,RJ13PA7159
Jai Maa Travels,9799271379,Bharatpur,Rajasthan,"9,079,026,167",1,RJ05PA7314
Rewa Kripa Travels,9424057427,Barwani,Madhya Pradesh,"9,589,428,193",3,MP46P0711
PR Travels DEMO,8427665807,Mohali,Punjab,"9,716,110,244",2,HP832694
Indrapal Singh demo,9079026167,Udaipur,Rajasthan,"9,716,110,244",2,RJ05PA7314
Umar mohd,9582038938,Bulandshahr,Uttar Pradesh,"8,081,725,226",1,UP15BT6151
Abhishek Travels,8081725226,Ghaziabad,Uttar Pradesh,"9,716,110,244",2,UP15DT1974
Rajesh Travels,9826570469,Barwani,Madhya Pradesh,"9,589,428,193",1,MP13ZJ0983
Dinesh,9355125258,Bulandshahr,Uttar Pradesh,"8,081,725,226",1,UP13BT9994
Abhishek Travels,8081725226,Ghaziabad,Uttar Pradesh,"9,716,110,244",2,UP15DT3974
Rahul demo,9812145824,Bhiwani,Haryana,"9,716,110,244",2,HRRAHULDEMO
Naveen Jangra Demo,7206022974,Jind,Haryana,"9,716,110,244",2,HRNAVEENDEMO
Ajmer Singh,8437902302,Bathinda,Punjab,"9,877,674,046",1,PB03AF7615
Hemant Apnibus,9589428193,,,"9,716,110,244",2,MP13ZJ0983
Dutta Road Line,8628897486,Una,Himachal Pradesh,"8,427,665,807",3,HP72C8186
Dutta Road Line,8628897486,Una,Himachal Pradesh,"8,427,665,807",3,HP72B3186
Dutta Road Line,8628897486,Una,Himachal Pradesh,"8,427,665,807",3,HP728186
PR Travels DEMO,8427665807,Mohali,Punjab,"9,716,110,244",2,HP675139
PR Travels DEMO,8427665807,Mohali,Punjab,"9,716,110,244",2,HP72C8186
PR Travels DEMO,8427665807,Mohali,Punjab,"9,716,110,244",2,HP72B3186
PR Travels DEMO,8427665807,Mohali,Punjab,"9,716,110,244",2,HP728186
Manoj Kumar,7011363176,Bulandshahr,Uttar Pradesh,"8,081,725,226",1,UP13AT2897
Abhishek Travels,8081725226,Ghaziabad,Uttar Pradesh,"9,716,110,244",2,UP15BT6151
Abhishek Travels,8081725226,Ghaziabad,Uttar Pradesh,"9,716,110,244",2,UP13BT9994
Jhala Travles 8890171758,8769171765,Jaisalmer,Rajasthan,"7,689,996,832",1,RJ07PB1571
Golu,7689996832,Alwar,Rajasthan,"9,716,110,244",2,RJ07PB1571
Sai Chhatra Travels,9424058148,Barwani,Madhya Pradesh,"9,589,428,193",5,MP13ZF2156
Sai Chhatra Travels,9424058148,Barwani,Madhya Pradesh,"9,589,428,193",5,MP46P1356
Sai Chhatra Travels,9424058148,Barwani,Madhya Pradesh,"9,589,428,193",5,MP46P4356
Sai Chhatra Travels,9424058148,Barwani,Madhya Pradesh,"9,589,428,193",5,MP46ZE4356
Sai Chhatra Travels,9424058148,Barwani,Madhya Pradesh,"9,589,428,193",5,MP10ZE9756
Chuna Ram Demo,9799862695,Barmer,Rajasthan,"9,716,110,244",2,RJCRDEMO
Mukesh Demo,8398022777,Rewari,Haryana,"9,716,110,244",2,HRMSDEMO
Vikash demo,8432203584,Hanumangarh,Rajasthan,"9,716,110,244",2,RJVIKASHDEMO
Hamender sharma demo,6350437714,Sawai Madhopur,Rajasthan,"9,716,110,244",2,SHARMADEMO
Golu,7689996832,Alwar,Rajasthan,"9,716,110,244",2,RJ13PA6624
Kundu Transport Service,9813923094,Panipat,Haryana,"9,050,099,000",1,HR67D5826
Abhinandan Tour & Travels,9636961586,Udaipur,Rajasthan,"7,230,850,582",1,RJ27PA6007
Rahul ApniBus Travels,9599962095,Gurugram,Haryana,"9,716,110,244",2,DEMOUK-RR
Adnan Demo,7230850582,,,"9,716,110,244",2,RJ27PA6007
Rahat demo,8233385859,Tonk,Rajasthan,"9,716,110,244",2,RJRAHATDEMO
Amit Kumar demo,9315883000,Rohtak,Haryana,"9,716,110,244",2,HRAMIT DEMO
Naresh kumar demo,9782944502,Jalore,Rajasthan,"9,716,110,244",2,RJ NARESH DEMO
PR Travels DEMO,8427665807,Mohali,Punjab,"9,716,110,244",2,HP721246
PR Travels DEMO,8427665807,Mohali,Punjab,"9,716,110,244",2,HP721146
Rajnish Kumar,9341643122,Gurugram,Haryana,"9,716,110,244",2,RJ26DEMO
DEMO Apnibus,8875476060,Gurugram,Haryana,"7,296,857,972",1,RDDEMO1412
DEMO Apnibus,8875476060,Gurugram,Haryana,"7,296,857,972",1,RDDEMO1412
DEMO Apnibus,8875476060,Gurugram,Haryana,"7,296,857,972",1,RDDEMO1412
DEMO Apnibus,8875476060,Gurugram,Haryana,"7,296,857,972",1,DMEODEV
Manpreet Singh Sandhu,7231800005,Faridkot,Punjab,"9,814,201,669",2,PB04AE2098
Manpreet Singh Sandhu,7231800005,Faridkot,Punjab,"9,814,201,669",2,PB04AE3098
Rajiv Kumar Apnibus,9814201669,,Punjab,"9,716,110,244",2,PB03AC8836
Gaurav Sharma,9870651030,Meerut,Uttar Pradesh,"8,081,725,226",1,UP15ET7020
Abhishek Travels,8081725226,Ghaziabad,Uttar Pradesh,"9,716,110,244",2,UP13AT2897
Abhishek Travels,8081725226,Ghaziabad,Uttar Pradesh,"9,716,110,244",2,DEMOBUS3
Jitu Travels,7296857972,,,"9,716,110,244",2,RDDEMO1512
Jai Maa Co,9805872499,Una,Himachal Pradesh,"9,814,201,669",1,HP72B4799
Gurmall Bus Service (Regd.),9872848989,Jalandhar,Punjab,"9,814,201,669",2,PB08CH9711
Gurmall Bus Service (Regd.),9872848989,Jalandhar,Punjab,"9,814,201,669",2,PB08CB0511
Jai Makali Bus Service,9887596807,Hanumangarh,Rajasthan,"7,689,996,832",1,RJ49PA0073
Gagandeep ,9878835391,Jalandhar,Punjab,"9,878,835,391",1,PBGAGANDEMO
sharma travel demo,8949835997,Bharatpur,Rajasthan,"8,949,835,997",1,RJ46PA1656
sharma travel demo,8949835997,Bharatpur,Rajasthan,"9,716,110,244",2,RJNAVDEMO
Nitin  demo,9041995581,Amritsar,Punjab,"9,716,110,244",2,PB02DEMO
Qayyum Travels Demo,8209809580,Biswanath,Assam,"9,716,110,244",2,RJXXDEMO
Jitu Travels,7296857972,,,"9,716,110,244",2,RDDEMO1412
Jitu Travels,7296857972,,,"9,716,110,244",2,DEMODEV
Metab,8439206680,Bulandshahr,Uttar Pradesh,"8,081,725,226",1,UP13AT6161
Mandeep Bus Service,9817912055,Bathinda,Punjab,0,18,PB03AC0648
Marvel Travels,9669478798,Dewas,Madhya Pradesh,"9,589,428,193",5,MP41ZD1611
Marvel Travels,9669478798,Dewas,Madhya Pradesh,"9,589,428,193",5,MP41ZF6914
Marvel Travels,9669478798,Dewas,Madhya Pradesh,"9,589,428,193",5,MP41ZD3344
Marvel Travels,9669478798,Dewas,Madhya Pradesh,"9,589,428,193",5,MP41ZE3311
Thurwal Travels,9660271611,Dausa,Rajasthan,"7,627,037,105",1,RJ14PG5102
Rajwinder Bus service,8427364774,Jalandhar,Punjab,"8,427,364,774",1,PB08DH1728
Rajesh Meena demo,7737294523,Kota,Rajasthan,"7,737,294,523",1,RAJESH DEMO
Ammy demo,7888896965,Ambala,Haryana,"7,888,896,965",1,HR DEMO BUS
Choudhary travels,7426936914,Bikaner,Rajasthan,"7,689,996,832",1,RJ13PA6063
Vishambhar,9983555083,Dholpur,Rajasthan,"9,784,398,449",1,RJ11PA4589
Siddh Baba Travels,7014119135,Dausa,Rajasthan,"9,784,398,449",2,RJ14PC9020
Siddh Baba Travels,7014119135,Dausa,Rajasthan,"9,784,398,449",2,RJ14PE2881
Daka Travles,9950785278,Barmer,Rajasthan,"7,689,996,832",1,RJ04PA4929
Gursawak Singh,9464600045,Bathinda,Punjab,"9,814,201,669",1,PB03BF3253
Jiyaji Travels,9425992777,Neemuch,Madhya Pradesh,"8,750,710,855",1,MP44ZD8877
Aman Travels,9024516970,Sawai Madhopur,Rajasthan,"9,784,398,449",1,RJ14PF1378
Amarjeet Singh tarwal demo,7877620003,,,"7,877,620,003",1,DEMOAMAR
Rewa Kripa Travels,9424057427,Barwani,Madhya Pradesh,"9,589,428,193",5,MP46ZC8001
Rewa Kripa Travels,9424057427,Barwani,Madhya Pradesh,"9,589,428,193",5,MP46P0473
Rewa Kripa Travels,9424057427,Barwani,Madhya Pradesh,"9,589,428,193",5,MP04PA2638
Rewa Kripa Travels,9424057427,Barwani,Madhya Pradesh,"9,589,428,193",5,GJ01DV8287
Jujhar Constructions And Travels Pvt. Ltd.,8427999077,Ludhiana,Punjab,"9,317,712,349",12,PB13BJ4100
Rewa Kripa Travels,9424057427,Barwani,Madhya Pradesh,"9,589,428,193",5,MP46P3339
Beniwal Bus Service,8504993052,Hanumangarh,Rajasthan,"9,599,056,807",10,RJ13PA7120
Beniwal Bus Service,8504993052,Hanumangarh,Rajasthan,"9,599,056,807",10,RJ49PA1169
Beniwal Bus Service,8504993052,Hanumangarh,Rajasthan,"9,599,056,807",10,RJ49PA0729
Beniwal Bus Service,8504993052,Hanumangarh,Rajasthan,"9,599,056,807",10,RJ31PB3090
Beniwal Bus Service,8504993052,Hanumangarh,Rajasthan,"9,599,056,807",10,RJ49PA0086
Beniwal Bus Service,8504993052,Hanumangarh,Rajasthan,"9,599,056,807",10,RJ49PA1255
Beniwal Bus Service,8504993052,Hanumangarh,Rajasthan,"9,599,056,807",10,RJ49PA1102
Beniwal Bus Service,8504993052,Hanumangarh,Rajasthan,"9,599,056,807",10,RJ49PA1101
Beniwal Bus Service,8504993052,Hanumangarh,Rajasthan,"9,599,056,807",10,RJ49PA1254
Matoria Bus Services,9414949922,Hanumangarh,Rajasthan,"9,599,056,807",22,RJ49PA0512
Matoria Bus Services,9414949922,Hanumangarh,Rajasthan,"9,599,056,807",22,RJ49PA0964
Matoria Bus Services,9414949922,Hanumangarh,Rajasthan,"9,599,056,807",22,RJ49PA0938
Matoria Bus Services,9414949922,Hanumangarh,Rajasthan,"9,599,056,807",22,AR01T0131
Matoria Bus Services,9414949922,Hanumangarh,Rajasthan,"9,599,056,807",22,RJ49PA0511
Matoria Bus Services,9414949922,Hanumangarh,Rajasthan,"9,599,056,807",22,AR01U0111
Matoria Bus Services,9414949922,Hanumangarh,Rajasthan,"9,599,056,807",22,AR01S0121
Matoria Bus Services,9414949922,Hanumangarh,Rajasthan,"9,599,056,807",22,RJ49PA1414
Matoria Bus Services,9414949922,Hanumangarh,Rajasthan,"9,599,056,807",22,RJ49PA0884
Matoria Bus Services,9414949922,Hanumangarh,Rajasthan,"9,599,056,807",22,RJ49PA0663
Matoria Bus Services,9414949922,Hanumangarh,Rajasthan,"9,599,056,807",22,RJ49PA0001
Matoria Bus Services,9414949922,Hanumangarh,Rajasthan,"9,599,056,807",22,RJ49PA0930
Matoria Bus Services,9414949922,Hanumangarh,Rajasthan,"9,599,056,807",22,RJ49PA0664
Matoria Bus Services,9414949922,Hanumangarh,Rajasthan,"9,599,056,807",22,RJ49PA0288
Matoria Bus Services,9414949922,Hanumangarh,Rajasthan,"9,599,056,807",22,RJ49PA0286
Matoria Bus Services,9414949922,Hanumangarh,Rajasthan,"9,599,056,807",22,RJ49PA0285
Matoria Bus Services,9414949922,Hanumangarh,Rajasthan,"9,599,056,807",22,RJ49PA0284
Matoria Bus Services,9414949922,Hanumangarh,Rajasthan,"9,599,056,807",22,RJ49PA1401
Matoria Bus Services,9414949922,Hanumangarh,Rajasthan,"9,599,056,807",22,RJ49PA0287
Matoria Bus Services,9414949922,Hanumangarh,Rajasthan,"9,599,056,807",22,RJ49PA1400
Matoria Bus Services,9414949922,Hanumangarh,Rajasthan,"9,599,056,807",22,RJ49PA0314
Matoria Bus Services,9414949922,Hanumangarh,Rajasthan,"9,599,056,807",22,RJ49PA0886
Devansh Buses,9716110244,,,"9,716,110,244",2,MP46P1356
Devansh Buses,9716110244,,,"9,716,110,244",2,MP46P4356
Anita Maya Travels,9772215005,Dungarpur,Rajasthan,"7,230,850,582",10,RJ12PB1555
Anita Maya Travels,9772215005,Dungarpur,Rajasthan,"7,230,850,582",10,RJ12PB0755
Anita Maya Travels,9772215005,Dungarpur,Rajasthan,"7,230,850,582",10,RJ12PA5965
Anita Maya Travels,9772215005,Dungarpur,Rajasthan,"7,230,850,582",10,RJ12PA5955
Anita Maya Travels,9772215005,Dungarpur,Rajasthan,"7,230,850,582",10,RJ12PA5945
Anita Maya Travels,9772215005,Dungarpur,Rajasthan,"7,230,850,582",10,RJ12PA5775
Anita Maya Travels,9772215005,Dungarpur,Rajasthan,"7,230,850,582",10,RJ12PA5777
Anita Maya Travels,9772215005,Dungarpur,Rajasthan,"7,230,850,582",10,RJ12PB5500
Anita Maya Travels,9772215005,Dungarpur,Rajasthan,"7,230,850,582",10,RJ12PA8555
Anita Maya Travels,9772215005,Dungarpur,Rajasthan,"7,230,850,582",10,RJ12PA9555
Jhala travels 80RD,8890301100,Bikaner,Rajasthan,"7,689,996,832",1,RJ07PB1450
M/S Chirag Travels,9414122974,Pali,Rajasthan,"9,119,145,156",1,RJ22PA3178
Yadav Bus Service,9166859743,Alwar,Rajasthan,"9,599,056,807",2,RJ32PB3611
Yadav Bus Service,9166859743,Alwar,Rajasthan,"9,599,056,807",2,RJ32PA3611
Gill Travels,9587706512,Sri Ganganagar,Rajasthan,"7,689,996,832",2,RJ13PA9049
Gill Travels,9587706512,Sri Ganganagar,Rajasthan,"7,689,996,832",2,RJ13PA8588
Shabir travels demo,7627037105,,,"7,627,037,105",1,SHABIRDEMO
Lawa Bus Service,9529611900,Sri Ganganagar,Rajasthan,"9,784,398,449",1,RJ13PA3029
Pradeep Travels,9425101414,Jabhua,Rajasthan,"9,589,428,193",2,MP09FA8014
Pradeep Travels,9425101414,Jabhua,Rajasthan,"9,589,428,193",2,MP45ZG9922
Chaudhary Transport Company,9352155346,Sri Ganganagar,Rajasthan,"9,599,962,095",2,RJ13PA6217
Chaudhary Transport Company,9352155346,Sri Ganganagar,Rajasthan,"9,599,962,095",2,RJ13PB6217
Parmar Bus,7018549137,,Himachal Pradesh,"8,427,665,807",1,HP67A9787
Rajasthan Gramin Bus Seva,9929932461,Chaksu,Rajasthan,"7,689,996,832",1,RJ23PB4374
Nazim,8439029803,Bulandshahr,Uttar Pradesh,"8,081,725,226",1,UP13AT0901
Parmar Bus Service,8219508700,Hamirpur,Himachal Pradesh,"8,427,665,807",2,HP67A7787
Parmar Bus Service,8219508700,Hamirpur,Himachal Pradesh,"8,427,665,807",2,HP67A1887
Akhilesh Travel,9050099000,,Haryana,"9,050,099,000",1,AK DEMO
Malwa Bus Service (Regd.),9815800066,Moga,Punjab,"9,814,201,669",15,PB04AC7766
Laxmi Bus,6367895519,,,"9,785,293,759",1,RJ09PA7106
Malwa Bus Service (Regd.),9815800066,Moga,Punjab,"9,814,201,669",15,PB04AB4466
Malwa Bus Service (Regd.),9815800066,Moga,Punjab,"9,814,201,669",15,PB03AA5378
Malwa Bus Service (Regd.),9815800066,Moga,Punjab,"9,814,201,669",15,PB08BN6096
Malwa Bus Service (Regd.),9815800066,Moga,Punjab,"9,814,201,669",15,PB29L9266
Malwa Bus Service (Regd.),9815800066,Moga,Punjab,"9,814,201,669",15,PB19H9707
Malwa Bus Service (Regd.),9815800066,Moga,Punjab,"9,814,201,669",15,PB29M9666
Malwa Bus Service (Regd.),9815800066,Moga,Punjab,"9,814,201,669",15,PB30H6178
Malwa Bus Service (Regd.),9815800066,Moga,Punjab,"9,814,201,669",15,PB30E9648
Malwa Bus Service (Regd.),9815800066,Moga,Punjab,"9,814,201,669",15,PB29F9823
Malwa Bus Service (Regd.),9815800066,Moga,Punjab,"9,814,201,669",15,PB29J8766
Malwa Bus Service (Regd.),9815800066,Moga,Punjab,"9,814,201,669",15,PB30H9966
Malwa Bus Service (Regd.),9815800066,Moga,Punjab,"9,814,201,669",15,PB29J9766
Malwa Bus Service (Regd.),9815800066,Moga,Punjab,"9,814,201,669",15,PB19H9307
Malwa Bus Service (Regd.),9815800066,Moga,Punjab,"9,814,201,669",15,PB29K9566
Sodha Bus Service,9660956939,Jaisalmer,Rajasthan,"9,599,056,807",15,RJ15PA1706
Sodha Bus Service,9660956939,Jaisalmer,Rajasthan,"9,599,056,807",15,RJ19PA7511
Sodha Bus Service,9660956939,Jaisalmer,Rajasthan,"9,599,056,807",15,RJ15PA2269
Sodha Bus Service,9660956939,Jaisalmer,Rajasthan,"9,599,056,807",15,RJ15PA2757
Sodha Bus Service,9660956939,Jaisalmer,Rajasthan,"9,599,056,807",15,RJ15PA2747
Sodha Bus Service,9660956939,Jaisalmer,Rajasthan,"9,599,056,807",15,RJ19PA5418
Sodha Bus Service,9660956939,Jaisalmer,Rajasthan,"9,599,056,807",15,RJ07PA7035
Sodha Bus Service,9660956939,Jaisalmer,Rajasthan,"9,599,056,807",15,RJ46PA1489
Sodha Bus Service,9660956939,Jaisalmer,Rajasthan,"9,599,056,807",15,RJ46PA1478
Sodha Bus Service,9660956939,Jaisalmer,Rajasthan,"9,599,056,807",15,RJ46PA1479
Sodha Bus Service,9660956939,Jaisalmer,Rajasthan,"9,599,056,807",15,RJ15PA2247
Sodha Bus Service,9660956939,Jaisalmer,Rajasthan,"9,599,056,807",15,RJ04PA4855
Sodha Bus Service,9660956939,Jaisalmer,Rajasthan,"9,599,056,807",15,AR11D2849
Sodha Bus Service,9660956939,Jaisalmer,Rajasthan,"9,599,056,807",15,RJ15PA2893
Ravi,7217494401,Shamli,Uttar Pradesh,"8,081,725,226",4,UP14KT1398
Ravi,7217494401,Shamli,Uttar Pradesh,"8,081,725,226",4,UP14NT6812
Ravi,7217494401,Shamli,Uttar Pradesh,"8,081,725,226",4,UP14QT4969
praveen demo 1,9309230091,,,"8,107,440,024",1,DEMOPR
Hans Raj,9782827323,Alwar,Rajasthan,"9,599,962,095",1,RJ32PA2892
Hargobind Highways Service,9155500005,Patiala,Punjab,"9,877,674,046",2,PB13AR0681
Hargobind Highways Service,9155500005,Patiala,Punjab,"9,877,674,046",2,PB13AL7175
Sanjay Travels,7665342910,Sri Ganganagar,Rajasthan,"7,689,996,832",1,RJ13PA8106
Mahashakti Travels,9630236888,Ujjain,Madhya Pradesh,"8,750,710,855",1,MP13ZF7995
Sushil Bus,9929346437,Bikaner,Rajasthan,"7,689,996,832",1,RJ13PA9705
New People Bus Service,9877779173,Sri Muktsar Sahib,Punjab,"9,814,201,669",1,PB10HD9511
Rahul Ahire,9644505775,Barwani,Madhya Pradesh,"9,589,428,193",1,MP13ZC8729
Dilip ApniBus Travels,9119145156,,,"9,119,145,156",1,DEMODILIP
Sachin,8266919940,Bulandshahr,Uttar Pradesh,"8,081,725,226",1,UP38T6777
Adnan Demo,7230850582,,,"7,230,850,582",1,ADNAN BUS DEMO
Hardik Vaishnav,9653922219,Banswara,Rajasthan,"9,653,922,219",1,HARDIKDEMOBUS
Ss Bishnoi,9079978754,Sri Ganganagar,Rajasthan,"7,689,996,832",1,RJ49PA0426
Mahashakti Travels,7828414242,Mandsaur,Madhya Pradesh,"8,750,710,855",2,MP44P0451
Mahashakti Travels,7828414242,Mandsaur,Madhya Pradesh,"8,750,710,855",2,MP14PA0351
Laxmi Bus Service,9758593003,Bulandshahr,Uttar Pradesh,"8,081,725,226",1,UP13AT1329
Bheem Singh Meena,9983448080,Sawai Madhopur,Rajasthan,"7,357,118,200",1,RJ09PA4515
Chandel Bus,9816044674,Solan,Himachal Pradesh,"8,427,665,807",5,HP123586
Chandel Bus,9816044674,Solan,Himachal Pradesh,"8,427,665,807",5,HP12G8806
Chawla Motors,9509582951,Sri Ganganagar,Rajasthan,"7,689,996,832",4,RJ13PA6200
Chawla Motors,9509582951,Sri Ganganagar,Rajasthan,"7,689,996,832",4,RJ13PA6962
Raghuvendra,8376998560,Delhi,Delhi,"8,081,725,226",2,UP23T4418
Prince Motors,9857800046,Una,Himachal Pradesh,"8,427,665,807",3,HP72D2146
Prince Motors,9857800046,Una,Himachal Pradesh,"8,427,665,807",3,HP72D5446
Prince Motors,9857800046,Una,Himachal Pradesh,"8,427,665,807",3,HP72D4600
Mahashakti Travels,9630236888,Ujjain,Madhya Pradesh,"8,750,710,855",1,MP70P0317
Shakti Travels,9828391901,Jaipur,Rajasthan,"9,784,398,449",1,RJ14PD6346
Friends Bus,9816042361,Solan,Himachal Pradesh,"8,427,665,807",5,HP12F9261
Friends Bus,9816042361,Solan,Himachal Pradesh,"8,427,665,807",5,HP93A9261
Friends Bus,9816042361,Solan,Himachal Pradesh,"8,427,665,807",5,HP12D5561
Friends Bus,9816042361,Solan,Himachal Pradesh,"8,427,665,807",5,HP12E9261
Friends Bus,9816042361,Solan,Himachal Pradesh,"8,427,665,807",5,HP933765
Thakur Bus Service,9418931000,Hamirpur,Himachal Pradesh,"8,427,665,807",2,HP67A5431
Thakur Bus Service,9418931000,Hamirpur,Himachal Pradesh,"8,427,665,807",2,HP67A5331
Mandeep Bus Service,9817912055,Bathinda,Punjab,0,18,PB03X5548
The Bhadu Bus,9587257000,Sri Ganganagar,Rajasthan,"7,689,996,832",1,RJ13PA5826
Mohit ApniBus Travels,9716110244,,,"8,750,710,855",10,DEMOBUS1ZA
Devansh Buses,9716110244,,,"8,750,710,855",2,DEVABSG
Rajkumar Shisodia,9311280937,Ghaziabad,Uttar Pradesh,"8,081,725,226",1,UP14AH9640
Gurunanak Bus Service,9649501818,Sri Ganganagar,Rajasthan,0,1,RJ13PB4555
Mayur Travels Sumerpur,9829258905,Pali,Rajasthan,"9,928,669,516",1,RJ57PA0207
Rajkumar Shisodia,9311280937,Ghaziabad,Uttar Pradesh,"8,081,725,226",1,UP13AT5959D
Rishabh Bus Private Limited,9829844527,Gurugram,Haryana,"7,737,765,533",1,AR01R4755
Rishabh Bus Private Limited,9829844527,Gurugram,Haryana,"7,737,765,533",2,MP44ZE7733
Rishabh Bus Private Limited,9829844527,Gurugram,Haryana,"7,737,765,533",2,MP44ZE3377
Amit Kumar,7737461075,Alwar,Rajasthan,"7,357,118,200",1,RJ18PB7131
Sekhawat Travles Lodsar,9511586515,Nagaur,Rajasthan,"7,689,996,832",1,RJ07PB3121
City Bus Service,7303362141,Gautam Buddha Nagar dadri,Uttar Pradesh,"8,081,725,226",1,UP70ET4839
Hargobind Highways Service,9155500005,Patiala,Punjab,"9,877,674,046",3,PB11AH9143
Hargobind Highways Service,9155500005,Patiala,Punjab,"9,877,674,046",3,PB13BT2975
Hargobind Highways Service,9155500005,Patiala,Punjab,"9,877,674,046",3,PB13AL2475
Jitendera Tourist,9816054161,Solan,Himachal Pradesh,"8,427,665,807",1,HP939161
kamlesh,9928768456,Lal shot,Rajasthan,0,1,RJ23PA8750
Dubeyji Bus Service,9821136434,Farrukhabad,Uttar Pradesh,"8,081,725,226",2,UP13DT0208
Chandra Travels,7073580242,Barmer,Rajasthan,"9,928,669,516",1,GJ09AU9056
Krishna Travels,9414815497,Pali,Rajasthan,"9,928,669,516",1,RJ09PA7519
Parmar Bus Service,8219508700,Hamirpur,Himachal Pradesh,"9,317,712,349",2,HP67A2087
Parmar Bus Service,8219508700,Hamirpur,Himachal Pradesh,"9,317,712,349",2,HP67A0287
Harsana,7877243787,Karauli,Rajasthan,0,2,RJ29PA2443
Dubeyji Bus Service,9821136434,Farrukhabad,Uttar Pradesh,"8,081,725,226",2,UP14HT3780
Balwan Singh,9805930505,Hoshiarpur,Punjab,"8,427,665,807",1,HP68B9500
Arjun Travels,8989811211,Ratlam,Madhya Pradesh,"8,750,710,855",2,MP13R2786
Bhadu Highways,9982847726,Hanumangarh,Rajasthan,"7,689,996,832",1,RJ31PA4441
Laxmi Bus Service,9758593003,Bulandshahr,Uttar Pradesh,"8,081,725,226",1,UP13BT7171
Rajesh Travels,9826570469,Barwani,Madhya Pradesh,"9,589,428,193",1,MP13ZD8677
Harsana,7877243787,Karauli,Rajasthan,0,2,RJ25PA1843
Darshan Singh Randhawa,9815401757,Ludhiana,Punjab,"9,814,201,669",2,PB08CP0861
Darshan Singh Randhawa,9815401757,Ludhiana,Punjab,"9,814,201,669",2,PB10ES7605
Vinay Choudhary,8218694401,Hapur,Uttar Pradesh,"8,081,725,226",1,UP14PT9315
Ikram Khan,9917782565,Ghaziabad,Uttar Pradesh,"8,081,725,226",1,UP13CT3499
Laxmi Bus Service,9758593003,Bulandshahr,Uttar Pradesh,"8,081,725,226",1,UP13CT2823
G B Travels,9660527394,Karauli,Rajasthan,"9,599,056,807",1,RJ09PA4513
New Golden Bus Service,9841500017,Moga,Punjab,"9,814,201,669",1,PB10JP5353
Daleep Singh Tanwar,9460075754,Bikaner,Rajasthan,0,1,RJ21PA3011
Mandeep Bus Service,9817912055,Bathinda,Punjab,0,18,PB03UU0548
Mandeep Bus Service,9817912055,Bathinda,Punjab,0,18,PB03AA6648
Mandeep Bus Service,9817912055,Bathinda,Punjab,0,18,PB03X5548
Mandeep Bus Service,9817912055,Bathinda,Punjab,0,18,PB03BM1778
Mandeep Bus Service,9817912055,Bathinda,Punjab,0,18,PB03W0648
Mandeep Bus Service,9817912055,Bathinda,Punjab,0,18,PB03AJ9348
Mandeep Bus Service,9817912055,Bathinda,Punjab,0,18,PB03X7748
Mandeep Bus Service,9817912055,Bathinda,Punjab,0,18,PB03AA7748
Mandeep Bus Service,9817912055,Bathinda,Punjab,0,18,PB03AC6648
Mandeep Bus Service,9817912055,Bathinda,Punjab,0,18,PB03AC6648
Mandeep Bus Service,9817912055,Bathinda,Punjab,0,18,PB03AF1578
Mandeep Bus Service,9817912055,Bathinda,Punjab,0,18,PB03AA6648
Mandeep Bus Service,9817912055,Bathinda,Punjab,0,18,PB03AC0648
Mandeep Bus Service,9817912055,Bathinda,Punjab,0,18,PB03AY2339
Mandeep Bus Service,9817912055,Bathinda,Punjab,0,18,PB29M7466
Rajesh Travels,9826570469,Barwani,Madhya Pradesh,"9,589,428,193",1,MP09DM6399
Garg Motars,9829442321,Nagaur,Rajasthan,"9,599,056,807",1,RJ05PB6599
Mankotia Bus Service,9882681000,Una,Himachal Pradesh,"9,317,712,349",1,HP72A8081
New Golden Bus Service,9841500017,Moga,Punjab,"9,814,201,669",1,PB30K8678
Wel Come Travels,9571922175,Barmer,Rajasthan,"9,928,669,516",1,RJ04PA3188
Kan Singh,9549399890,Barmer,Rajasthan,"9,928,669,516",1,RJ04PA6923
Shiv Shakti Travels,9979879709,Rajkot,Gujarat,"8,750,710,855",2,GJ14Z3155
Shiv Shakti Travels,9979879709,Rajkot,Gujarat,"8,750,710,855",2,GJ03BZ2639
G S Sodha Travels,9610843915,Barmer,Rajasthan,"9,928,669,516",1,RJ39PA1862
Lakhbir Singh,8437869061,Kapurthala,Punjab,"9,814,201,669",1,PB07BG4581
Una Highway,9418406744,Una,Himachal Pradesh,"9,317,712,349",2,HP72D8844
Una Highway,9418406744,Una,Himachal Pradesh,"9,317,712,349",2,HP72B5544
Yadav Bus Service,9166859743,Alwar,Rajasthan,"8,058,299,803",2,RJ32PA2782
Yadav Bus Service,9166859743,Alwar,Rajasthan,"8,058,299,803",2,HR47G4511
M/S Chirag Travels,9414122974,Pali,Rajasthan,"9,928,669,516",6,RJ22PA5628
M/S Chirag Travels,9414122974,Pali,Rajasthan,"9,928,669,516",6,RJ22PA5250
M/S Chirag Travels,9414122974,Pali,Rajasthan,"9,928,669,516",6,RJ22PA1542
M/S Chirag Travels,9414122974,Pali,Rajasthan,"9,928,669,516",6,RJ22PA1357
M/S Chirag Travels,9414122974,Pali,Rajasthan,"9,928,669,516",6,RJ22PA5572
M/S Chirag Travels,9414122974,Pali,Rajasthan,"9,928,669,516",6,RJ22PA5032
New Walia Bus,8091908990,Kangra,Himachal Pradesh,"8,427,665,807",1,HP68C1820
Pal Bus Service,9855447771,Sangrur,Punjab,"9,877,674,046",1,PB13AW3571
kamlesh,9928768456,Lal shot,Rajasthan,0,1,RJ09PA4434
Rathore Travels,9983555640,Nagaur,Rajasthan,"9,599,056,807",1,RJ37PA3175
Guru Nanak Bus Service,9915704662,Faridkot,Punjab,"9,814,201,669",1,PB19H3399
Navrang Travels,9829036120,Kota,Rajasthan,"9,599,962,095",1,COUNTER RESEION
Una Highway,9418406744,Una,Himachal Pradesh,"9,317,712,349",2,HP725744
Una Highway,9418406744,Una,Himachal Pradesh,"9,317,712,349",2,HP72A6744
Pooniya Travels,9166922483,Barmer,Rajasthan,"9,928,669,516",1,RJ19PB9682
Kohinoor Bus Service,9997393031,Bulandshahr,Uttar Pradesh,"8,081,725,226",1,UP13CT0553
Vashisht Bus,9816495165,Una,Himachal Pradesh,"8,427,665,807",1,HP72B5565
Uttar Pradesh Parivar,7042561545,Ghaziabad,Uttar Pradesh,"8,081,725,226",1,UP22T7226
Bishnoi Travels,9996997161,Ganganagar,Rajasthan,0,4,RJ13PA6423
Bishnoi Travels,9996997161,Ganganagar,Rajasthan,0,4,RJ13PA5739
Bishnoi Travels,9996997161,Ganganagar,Rajasthan,0,4,RJ13PB5739
Bishnoi Travels,9996997161,Ganganagar,Rajasthan,0,4,RJ13PB2229
Shernibus Service,8750509100,Khurja,Uttar Pradesh,"8,081,725,226",1,UP13CT1071
Sandeep Travels Demo,8963055868,,,0,1,UP13CT1071
Jujhar Constructions And Travels Pvt. Ltd.,8427999077,Ludhiana,Punjab,"9,317,712,349",12,PB10JE5662
Jujhar Constructions And Travels Pvt. Ltd.,8427999077,Ludhiana,Punjab,"9,317,712,349",12,PB13BJ3700
Jujhar Constructions And Travels Pvt. Ltd.,8427999077,Ludhiana,Punjab,"9,317,712,349",12,PB13BJ2900
Jujhar Constructions And Travels Pvt. Ltd.,8427999077,Ludhiana,Punjab,"9,317,712,349",12,PB04AA3519
Jujhar Constructions And Travels Pvt. Ltd.,8427999077,Ludhiana,Punjab,"9,317,712,349",12,PB13BB0808
Jujhar Constructions And Travels Pvt. Ltd.,8427999077,Ludhiana,Punjab,"9,317,712,349",12,PB13BB0707
Jujhar Constructions And Travels Pvt. Ltd.,8427999077,Ludhiana,Punjab,"9,317,712,349",12,PB13BJ1700
M/S Ganesh Travels,9509771111,Kota,Rajasthan,"7,357,118,200",5,MP09FA7216
Jai Tarvels,9509771111,,,"7,357,118,200",5,RJ20PB1179
M/S Ganesh Travels,9509771111,Kota,Rajasthan,"7,357,118,200",5,RJ13PA6644
M/S Ganesh Travels,9509771111,Kota,Rajasthan,"7,357,118,200",5,RJ20PB1678
M/S Ganesh Travels,9509771111,Kota,Rajasthan,"7,357,118,200",5,RJ20PB1177
Shaheed Baba Deep Singh Ji Bus,9914432895,Firozpur,Punjab,"9,814,201,669",1,PB03AC9299
Hardyal Singh Gill,9700007631,Moga,Punjab,"2,842,115,905",2,PB29P4455
Chauhan Tour & Travels,9993334629,Dewas,Madhya Pradesh,"9,599,056,807",4,MP41P1615
Chauhan Tour & Travels,9993334629,Dewas,Madhya Pradesh,"9,599,056,807",4,MP41ZE9555
Chauhan Tour & Travels,9993334629,Dewas,Madhya Pradesh,"9,599,056,807",4,MP42P0587
Chauhan Tour & Travels,9993334629,Dewas,Madhya Pradesh,"9,599,056,807",4,MP41ZE9666
Gurpreet Singh,9888146861,Jalandhar,Punjab,"9,814,201,669",1,PB08CU6061
Nagesh Kumar,7973972638,Gurdaspur,Punjab,"9,814,201,669",1,PB08CP0761
Chaudary Travels,9610797957,Barmer,Rajasthan,"9,928,669,516",2,RJ46PA2599
Chaudary Travels,9610797957,Barmer,Rajasthan,"9,928,669,516",2,RJ04PA6000
New Golden Bus Service,9841500017,Moga,Punjab,"9,814,201,669",1,PB10JH5353
Chawla Motors,9509582951,Sri Ganganagar,Rajasthan,0,3,RJ13PA5777
Chawla Motors,9509582951,Sri Ganganagar,Rajasthan,0,3,RJ13PA5185
Chawla Motors,9509582951,Sri Ganganagar,Rajasthan,0,3,RJ13PA6672
Jhala Travels,9982420969,Bikaner,Rajasthan,0,2,RJ07PA8645
Jhala Travels,9982420969,Bikaner,Rajasthan,0,2,RJ09PA4596
Vinay Rajeev Bus Service,9218522000,Kangra,Himachal Pradesh,"9,317,712,349",1,HP68B1242
Vinay Rajeev Bus Service,9218522000,Kangra,Himachal Pradesh,"9,317,712,349",1,HP393142
Chauhan Tour & Travels,9993334629,Dewas,Madhya Pradesh,"9,599,056,807",2,MP41P1582
Chauhan Tour & Travels,9993334629,Dewas,Madhya Pradesh,"9,599,056,807",2,MP41P0582
Rk Travels,9783338033,Bhilwara,Rajasthan,"9,785,293,759",2,RJ06PA7637
Rk Travels,9783338033,Bhilwara,Rajasthan,"9,785,293,759",2,RJ06PA6306
Jhala travels 80RD,8890301100,Bikaner,Rajasthan,0,1,RJ07PB7860
Jai Bhawani Travels,9784777097,Jaisalmer,Rajasthan,"9,928,669,516",4,RJ39PA2159
Jai Bhawani Travels,9784777097,Jaisalmer,Rajasthan,"9,928,669,516",4,RJ04PB2159
Jai Bhawani Travels,9784777097,Jaisalmer,Rajasthan,"9,928,669,516",4,AR01T2159
Jai Bhawani Travels,9784777097,Jaisalmer,Rajasthan,"9,928,669,516",4,AR01T6159
Rathod Traveles,7733051245,Churu,Rajasthan,"9,599,056,807",1,RJ07PA8925
Baba Kahla Ji Tpt. Co.,9914300395,Sangrur,Punjab,"9,877,674,046",1,PB13BR9995
Jai Bhawani Travels,9784777097,Jaisalmer,Rajasthan,"9,928,669,516",1,RJ19PB5495
Sohana Motors,9779555398,Bathinda,Punjab,0,2,PB03BN3830
Sohana Motors,9779555398,Bathinda,Punjab,0,2,PB03BG0942
Sisodiya Bus Service,9772256000,Bikaner,Rajasthan,"9,599,056,807",1,RJ07PB4218
Gnt Bus,9779500618,Bathinda,Punjab,0,9,PB03AX9678
Gnt Bus,9779500618,Bathinda,Punjab,0,9,PB03AT0778
Gnt Bus,9779500618,Bathinda,Punjab,0,9,PB03AJ4578
Gnt Bus,9779500618,Bathinda,Punjab,0,9,PB03BM9578
Gnt Bus,9779500618,Bathinda,Punjab,0,9,PB03BG0953
Gnt Bus,9779500618,Bathinda,Punjab,0,9,PB03BK4578
Gnt Bus,9779500618,Bathinda,Punjab,0,9,PB03BT2778
Gnt Bus,9779500618,Bathinda,Punjab,0,9,PB03BK7778
Gnt Bus,9779500618,Bathinda,Punjab,0,9,PB03BU0278
Ravidas Travels,9872305000,Bathinda,Punjab,0,9,PB03AJ1374
Ravidas Travels,9872305000,Bathinda,Punjab,0,9,PB03BM3101
Ravidas Travels,9872305000,Bathinda,Punjab,0,9,PB03BF4729
Ravidas Travels,9872305000,Bathinda,Punjab,0,9,PB03AJ0474
Ravidas Travels,9872305000,Bathinda,Punjab,0,9,PB03BB0574
Ravidas Travels,9872305000,Bathinda,Punjab,0,9,PB03AJ4766
Ravidas Travels,9872305000,Bathinda,Punjab,0,9,PB03AF6674
Ravidas Travels,9872305000,Bathinda,Punjab,0,9,PB03BC9574
Ravidas Travels,9872305000,Bathinda,Punjab,0,9,PB03BC6874
Sahu Travls,9636380801,Kota,Rajasthan,"9,001,302,060",1,RJ20PB4444
New Malwa Transport Bti,9465300014,Bathinda,Punjab,"9,610,835,788",11,PB03BL2209
New Malwa Transport Bti,9465300014,Bathinda,Punjab,"9,610,835,788",11,PB03BF4409
New Malwa Transport Bti,9465300014,Bathinda,Punjab,"9,610,835,788",11,PB03BR7409
New Malwa Transport Bti,9465300014,Bathinda,Punjab,"9,610,835,788",11,PB03AJ6809
New Malwa Transport Bti,9465300014,Bathinda,Punjab,"9,610,835,788",11,PB03BG5509
New Malwa Transport Bti,9465300014,Bathinda,Punjab,"9,610,835,788",11,PB03AJ3707
New Malwa Transport Bti,9465300014,Bathinda,Punjab,"9,610,835,788",11,PB03AF6851
New Malwa Transport Bti,9465300014,Bathinda,Punjab,"9,610,835,788",11,PB03AF8916
New Malwa Transport Bti,9465300014,Bathinda,Punjab,"9,610,835,788",11,PB03BL4710
New Malwa Transport Bti,9465300014,Bathinda,Punjab,"9,610,835,788",11,PB03BL4709
New Malwa Transport Bti,9465300014,Bathinda,Punjab,"9,610,835,788",11,PB03BK1409
Ravidas Travels,9872305000,Bathinda,Punjab,0,3,PB03BN9574
Ravidas Travels,9872305000,Bathinda,Punjab,0,3,PB03BN4574
Ravidas Travels,9872305000,Bathinda,Punjab,0,3,PB03BP9574
Bullar Bus,9878531668,Mansa,Punjab,"8,963,055,868",1,PB03BH7525
Rana Bus Service,9816814812,Kangra,Himachal Pradesh,"8,427,665,807",1,HP68A0320
Jhunir Bus,9570599705,Mansa,Punjab,"8,963,055,868",3,PB31P3605
Jhunir Bus,9570599705,Mansa,Punjab,"8,963,055,868",3,PB31L6605
Jhunir Bus,9570599705,Mansa,Punjab,"8,963,055,868",3,PB29R9500
Vinay Rajeev Bus Service,9218522000,Kangra,Himachal Pradesh,"9,317,712,349",7,HP681242
Vinay Rajeev Bus Service,9218522000,Kangra,Himachal Pradesh,"9,317,712,349",7,HP68B1242
Vinay Rajeev Bus Service,9218522000,Kangra,Himachal Pradesh,"9,317,712,349",7,HP393142
Vinay Rajeev Bus Service,9218522000,Kangra,Himachal Pradesh,"9,317,712,349",7,HP68A3742
Vinay Rajeev Bus Service,9218522000,Kangra,Himachal Pradesh,"9,317,712,349",7,HP68B3942
Vinay Rajeev Bus Service,9218522000,Kangra,Himachal Pradesh,"9,317,712,349",7,HP68B2442
Lok parvihan,9351836642,Jaipur,Rajasthan,0,1,RJ07PA5166
Ghuman Bus,9814808841,Sangrur,Punjab,"9,877,674,046",3,PB13BJ0841
Ghuman Bus,9814808841,Sangrur,Punjab,"9,877,674,046",3,PB13AW8841
Ghuman Bus,9814808841,Sangrur,Punjab,"9,877,674,046",3,PB13BR8841
Rathore Travels,9982368468,Barmer,Rajasthan,"9,928,669,516",1,RJ04PA7054
Rathore Travels,9001900419,Barmer,Rajasthan,"8,058,299,803",1,RJ04PA4007
Gurunanak Bus Service,9649501818,Sri Ganganagar,Rajasthan,0,2,RJ13PA8892
Gurunanak Bus Service,9649501818,Sri Ganganagar,Rajasthan,0,2,RJ13PB7355
Devansh Buses,9716110244,,,"8,750,710,855",1,11122334444
Ms Brar Bus Service,7976435224,Sri Ganganagar,Rajasthan,0,2,RJ13PA8077
Ms Brar Bus Service,7976435224,Sri Ganganagar,Rajasthan,0,2,RJ13PA8184
New Sani Bus Service,9816012899,Una,Himachal Pradesh,"8,427,665,807",1,HP683409
Devansh Buses,9716110244,,,"8,750,710,855",1,SDASD
Devansh Buses,9716110244,,,"8,750,710,855",1,272727
Shaheed Baba Deep Singh Ji Bus,9914432895,Firozpur,Punjab,"9,814,201,669",1,PB30K1878
Graduate Bus Service,7018354583,Una,Himachal Pradesh,"8,427,665,807",1,HP72C9748
Una Highway,9418406744,Una,Himachal Pradesh,"9,317,712,349",2,HP72B7644
Una Highway,9418406744,Una,Himachal Pradesh,"9,317,712,349",2,HP72A6644
Rishi Bus Service,8351830001,Una,Himachal Pradesh,"9,317,712,349",1,HP72C7898
Bhawani Travels,9982669223,Barmer,Rajasthan,"9,317,712,349",3,NL01B2152
Bhawani Travels,9982669223,Barmer,Rajasthan,"9,317,712,349",3,NL01B2151
Bhawani Travels,9982669223,Barmer,Rajasthan,"9,317,712,349",3,RJ19PB3271
Darvesh Bus Service Shri Muktsar Shaib,9915346725,Sri Muktsar Sahib,Punjab,"9,317,712,349",5,PB30K9925
Darvesh Bus Service Shri Muktsar Shaib,9915346725,Sri Muktsar Sahib,Punjab,"9,317,712,349",5,PB03AF6516
Darvesh Bus Service Shri Muktsar Shaib,9915346725,Sri Muktsar Sahib,Punjab,"9,317,712,349",5,PB30K3678
Darvesh Bus Service Shri Muktsar Shaib,9915346725,Sri Muktsar Sahib,Punjab,"9,317,712,349",5,PB04AF9925
Darvesh Bus Service Shri Muktsar Shaib,9915346725,Sri Muktsar Sahib,Punjab,"9,317,712,349",5,PB30K0925
Shakti Travels,9828262412,,,"8,750,710,855",2,RJ34PA3171
Puneet Bus Service,9815156925,Mansa,Punjab,"9,814,201,669",2,PB08EF2079
Puneet Bus Service,9815156925,Mansa,Punjab,"9,814,201,669",2,PB03AX7305
Sidhu Highways Regd,8804700021,Sangrur,Punjab,"9,317,712,349",1,PB13AR9621
Shiv Motor,8196900195,Patiala,Punjab,"8,750,710,855",14,PB11DF3695
Shiv Motor,8196900195,Patiala,Punjab,"8,750,710,855",14,PB11DC3495
Shiv Motor,8196900195,Patiala,Punjab,"8,750,710,855",14,PB11CF8445
Shiv Motor,8196900195,Patiala,Punjab,"8,750,710,855",14,PB11CX3895
Shiv Motor,8196900195,Patiala,Punjab,"8,750,710,855",14,PB11CU5295
Shiv Motor,8196900195,Patiala,Punjab,"8,750,710,855",14,PB11CT4195
Shiv Motor,8196900195,Patiala,Punjab,"8,750,710,855",14,PB11BK0395
Shiv Motor,8196900195,Patiala,Punjab,"8,750,710,855",14,PB11DD4795
Shiv Motor,8196900195,Patiala,Punjab,"8,750,710,855",14,PB11DP6795
Shiv Motor,8196900195,Patiala,Punjab,"8,750,710,855",14,PB11CB2595
Shiv Motor,8196900195,Patiala,Punjab,"8,750,710,855",14,PB11BA3695
Chahal Bus Service,9915726355,Mansa,Punjab,"9,317,712,349",2,PB31L6055
Shiv Motor,8196900195,Patiala,Punjab,"8,750,710,855",14,PB03AC5605
Mann Bus Service,9878500027,Moga,Punjab,"9,814,201,669",1,PB29M8661
Shiv Motor,8196900195,Patiala,Punjab,"8,750,710,855",3,PB11CT4395
Shiv Motor,8196900195,Patiala,Punjab,"8,750,710,855",3,PB11CR1895
Shiv Motor,8196900195,Patiala,Punjab,"8,750,710,855",2,PB11CR3095
Shiv Motor,8196900195,Patiala,Punjab,"8,750,710,855",2,PB11CT3295
The New Malwa Bus Service,9814775920,Amritsar,Punjab,"9,814,201,669",1,PB02CR9985
New Dashmesh,9256000071,Faridkot,Punjab,"9,317,712,349",1,PB04AC3375
Jam Travels,8804000024,,,"9,317,712,349",1,GJ03BT4788
Jujhar Constructions And Travels Pvt. Ltd.,8427999077,Ludhiana,Punjab,"9,317,712,349",5,PB10JW1225
Jujhar Constructions And Travels Pvt. Ltd.,8427999077,Ludhiana,Punjab,"9,317,712,349",5,PB04AB4907
Jujhar Constructions And Travels Pvt. Ltd.,8427999077,Ludhiana,Punjab,"9,317,712,349",5,PB10JE5662
Jujhar Constructions And Travels Pvt. Ltd.,8427999077,Ludhiana,Punjab,"9,317,712,349",5,PB10JV8171
The Kartar Bus service Limited,9815066000,Jalandhar,Punjab,"9,814,201,669",1,PB08CP8451
Sidhu Highways Regd,8804700021,Sangrur,Punjab,"9,317,712,349",1,PB13BJ6581
Prab Bus Service,9915763263,Moga,Punjab,"9,814,201,669",1,PB10EG5578
Dhillon Trevals,8360811136,Amritsar,Punjab,"9,317,712,349",3,PB02CR4878
Dhillon Trevals,8360811136,Amritsar,Punjab,"9,317,712,349",3,PB02CC7290
Dhillon Trevals,8360811136,Amritsar,Punjab,"9,317,712,349",3,PB02AS9938
DEMO Apnibus,8875476060,Gurugram,Haryana,0,1,TESTSAMBHAV
The Kartar Bus service Limited,9815066000,Jalandhar,Punjab,"9,814,201,669",1,PB08EG4251
Godara Bus Service,9812043918,Hanumangarh,Rajasthan,0,3,RJ10PA6006
Godara Bus Service,9812043918,Hanumangarh,Rajasthan,0,3,RJ10PA7386
Godara Bus Service,9812043918,Hanumangarh,Rajasthan,0,3,RJ10PA7804
G S Soda,9784117736,,,0,1,RJ07PB1625
Matoria Bus Services,9414949922,Hanumangarh,Rajasthan,0,2,AR01S0121
Matoria Bus Services,9414949922,Hanumangarh,Rajasthan,0,2,RJ49PA0122
Jujhar Constructions And Travels Pvt. Ltd.,8427999077,Ludhiana,Punjab,"9,317,712,349",75,PB11CP9487
Jujhar Constructions And Travels Pvt. Ltd.,8427999077,Ludhiana,Punjab,"9,317,712,349",75,PB10JZ8134
Jujhar Constructions And Travels Pvt. Ltd.,8427999077,Ludhiana,Punjab,"9,317,712,349",75,PB07BV6507
Jujhar Constructions And Travels Pvt. Ltd.,8427999077,Ludhiana,Punjab,"9,317,712,349",75,PB10JC4571
Jujhar Constructions And Travels Pvt. Ltd.,8427999077,Ludhiana,Punjab,"9,317,712,349",75,PB03AY2348
Jujhar Constructions And Travels Pvt. Ltd.,8427999077,Ludhiana,Punjab,"9,317,712,349",75,PB04AC7167
Jujhar Constructions And Travels Pvt. Ltd.,8427999077,Ludhiana,Punjab,"9,317,712,349",75,PB10FV8806
Jujhar Constructions And Travels Pvt. Ltd.,8427999077,Ludhiana,Punjab,"9,317,712,349",75,PB03AY2355
Jujhar Constructions And Travels Pvt. Ltd.,8427999077,Ludhiana,Punjab,"9,317,712,349",75,PB10JS2271
Jujhar Constructions And Travels Pvt. Ltd.,8427999077,Ludhiana,Punjab,"9,317,712,349",75,PB10FV8801
Jujhar Constructions And Travels Pvt. Ltd.,8427999077,Ludhiana,Punjab,"9,317,712,349",75,PB13BJ5544
Jujhar Constructions And Travels Pvt. Ltd.,8427999077,Ludhiana,Punjab,"9,317,712,349",75,PB13BF7900
Jujhar Constructions And Travels Pvt. Ltd.,8427999077,Ludhiana,Punjab,"9,317,712,349",75,PB29X4199
Jujhar Constructions And Travels Pvt. Ltd.,8427999077,Ludhiana,Punjab,"9,317,712,349",75,PB10FV8804
Jujhar Constructions And Travels Pvt. Ltd.,8427999077,Ludhiana,Punjab,"9,317,712,349",75,PB10GK3103
Jujhar Constructions And Travels Pvt. Ltd.,8427999077,Ludhiana,Punjab,"9,317,712,349",75,PB07BV6501
Jujhar Constructions And Travels Pvt. Ltd.,8427999077,Ludhiana,Punjab,"9,317,712,349",75,PB10GK0209
Jujhar Constructions And Travels Pvt. Ltd.,8427999077,Ludhiana,Punjab,"9,317,712,349",75,PB13BJ5599
Jujhar Constructions And Travels Pvt. Ltd.,8427999077,Ludhiana,Punjab,"9,317,712,349",75,PB04AC7179
Jujhar Constructions And Travels Pvt. Ltd.,8427999077,Ludhiana,Punjab,"9,317,712,349",75,PB10KA1398
Jujhar Constructions And Travels Pvt. Ltd.,8427999077,Ludhiana,Punjab,"9,317,712,349",75,PB04AC7181
Jujhar Constructions And Travels Pvt. Ltd.,8427999077,Ludhiana,Punjab,"9,317,712,349",75,PB04AC7396
Jujhar Constructions And Travels Pvt. Ltd.,8427999077,Ludhiana,Punjab,"9,317,712,349",75,PB04AB4903
Jujhar Constructions And Travels Pvt. Ltd.,8427999077,Ludhiana,Punjab,"9,317,712,349",75,PB13BF1900
Jujhar Constructions And Travels Pvt. Ltd.,8427999077,Ludhiana,Punjab,"9,317,712,349",75,PB10JT3304
Jujhar Constructions And Travels Pvt. Ltd.,8427999077,Ludhiana,Punjab,"9,317,712,349",75,PB07BV6546
Jujhar Constructions And Travels Pvt. Ltd.,8427999077,Ludhiana,Punjab,"9,317,712,349",75,PB07BV6567
Jujhar Constructions And Travels Pvt. Ltd.,8427999077,Ludhiana,Punjab,"9,317,712,349",75,PB10HZ3235
Jujhar Constructions And Travels Pvt. Ltd.,8427999077,Ludhiana,Punjab,"9,317,712,349",75,PB04AC7359
Jujhar Constructions And Travels Pvt. Ltd.,8427999077,Ludhiana,Punjab,"9,317,712,349",75,PB10JA3088
Jujhar Constructions And Travels Pvt. Ltd.,8427999077,Ludhiana,Punjab,"9,317,712,349",75,PB10GK1283
Jujhar Constructions And Travels Pvt. Ltd.,8427999077,Ludhiana,Punjab,"9,317,712,349",75,PB13BF4700
Jujhar Constructions And Travels Pvt. Ltd.,8427999077,Ludhiana,Punjab,"9,317,712,349",75,PB07BV6539
Jujhar Constructions And Travels Pvt. Ltd.,8427999077,Ludhiana,Punjab,"9,317,712,349",75,PB29X4667
Jujhar Constructions And Travels Pvt. Ltd.,8427999077,Ludhiana,Punjab,"9,317,712,349",75,PB10FV8808
Jujhar Constructions And Travels Pvt. Ltd.,8427999077,Ludhiana,Punjab,"9,317,712,349",75,PB07BQ4100
Jujhar Constructions And Travels Pvt. Ltd.,8427999077,Ludhiana,Punjab,"9,317,712,349",75,PB04AC6583
Jujhar Constructions And Travels Pvt. Ltd.,8427999077,Ludhiana,Punjab,"9,317,712,349",75,PB13BJ6300
Jujhar Constructions And Travels Pvt. Ltd.,8427999077,Ludhiana,Punjab,"9,317,712,349",75,PB10GK0210
Jujhar Constructions And Travels Pvt. Ltd.,8427999077,Ludhiana,Punjab,"9,317,712,349",75,PB13BJ5588
Jujhar Constructions And Travels Pvt. Ltd.,8427999077,Ludhiana,Punjab,"9,317,712,349",75,PB04AC7319
Jujhar Constructions And Travels Pvt. Ltd.,8427999077,Ludhiana,Punjab,"9,317,712,349",75,PB10JF2057
Jujhar Constructions And Travels Pvt. Ltd.,8427999077,Ludhiana,Punjab,"9,317,712,349",75,PB10JA2596
Jujhar Constructions And Travels Pvt. Ltd.,8427999077,Ludhiana,Punjab,"9,317,712,349",75,PB10JA2597
Jujhar Constructions And Travels Pvt. Ltd.,8427999077,Ludhiana,Punjab,"9,317,712,349",75,PB10JE8931
Jujhar Constructions And Travels Pvt. Ltd.,8427999077,Ludhiana,Punjab,"9,317,712,349",75,PB07BV6510
Jujhar Constructions And Travels Pvt. Ltd.,8427999077,Ludhiana,Punjab,"9,317,712,349",75,PB65AW5007
Jujhar Constructions And Travels Pvt. Ltd.,8427999077,Ludhiana,Punjab,"9,317,712,349",75,PB04AC7175
Jujhar Constructions And Travels Pvt. Ltd.,8427999077,Ludhiana,Punjab,"9,317,712,349",75,PB10HX2273
Jujhar Constructions And Travels Pvt. Ltd.,8427999077,Ludhiana,Punjab,"9,317,712,349",75,PB10JJ4469
Jujhar Constructions And Travels Pvt. Ltd.,8427999077,Ludhiana,Punjab,"9,317,712,349",75,PB03AY2352
Jujhar Constructions And Travels Pvt. Ltd.,8427999077,Ludhiana,Punjab,"9,317,712,349",75,PB07BV6536
Jujhar Constructions And Travels Pvt. Ltd.,8427999077,Ludhiana,Punjab,"9,317,712,349",75,PB10JJ2934
Jujhar Constructions And Travels Pvt. Ltd.,8427999077,Ludhiana,Punjab,"9,317,712,349",75,PB07BV6532
Jujhar Constructions And Travels Pvt. Ltd.,8427999077,Ludhiana,Punjab,"9,317,712,349",75,PB07BV6797
Jujhar Constructions And Travels Pvt. Ltd.,8427999077,Ludhiana,Punjab,"9,317,712,349",75,PB03AX6400
Jujhar Constructions And Travels Pvt. Ltd.,8427999077,Ludhiana,Punjab,"9,317,712,349",75,PB65AW5009
Jujhar Constructions And Travels Pvt. Ltd.,8427999077,Ludhiana,Punjab,"9,317,712,349",75,PB65AW5008
Jujhar Constructions And Travels Pvt. Ltd.,8427999077,Ludhiana,Punjab,"9,317,712,349",75,PB10HX2293
Jujhar Constructions And Travels Pvt. Ltd.,8427999077,Ludhiana,Punjab,"9,317,712,349",75,PB10JZ9265
Jujhar Constructions And Travels Pvt. Ltd.,8427999077,Ludhiana,Punjab,"9,317,712,349",75,PB10JB2833
Jujhar Constructions And Travels Pvt. Ltd.,8427999077,Ludhiana,Punjab,"9,317,712,349",75,PB10JE2343
Jujhar Constructions And Travels Pvt. Ltd.,8427999077,Ludhiana,Punjab,"9,317,712,349",75,PB13BJ5533
Jujhar Constructions And Travels Pvt. Ltd.,8427999077,Ludhiana,Punjab,"9,317,712,349",75,PB04AF2303
Jujhar Constructions And Travels Pvt. Ltd.,8427999077,Ludhiana,Punjab,"9,317,712,349",75,PB10HX2287
Jujhar Constructions And Travels Pvt. Ltd.,8427999077,Ludhiana,Punjab,"9,317,712,349",75,PB10HX2267
Jujhar Constructions And Travels Pvt. Ltd.,8427999077,Ludhiana,Punjab,"9,317,712,349",75,PB07BV6528
Jujhar Constructions And Travels Pvt. Ltd.,8427999077,Ludhiana,Punjab,"9,317,712,349",75,PB04AF3910
Jujhar Constructions And Travels Pvt. Ltd.,8427999077,Ludhiana,Punjab,"9,317,712,349",75,PB04AC7177
Jujhar Constructions And Travels Pvt. Ltd.,8427999077,Ludhiana,Punjab,"9,317,712,349",75,PB10JB3419
Jujhar Constructions And Travels Pvt. Ltd.,8427999077,Ludhiana,Punjab,"9,317,712,349",75,PB10HX2256
Jujhar Constructions And Travels Pvt. Ltd.,8427999077,Ludhiana,Punjab,"9,317,712,349",75,PB10JC4574
Jujhar Constructions And Travels Pvt. Ltd.,8427999077,Ludhiana,Punjab,"9,317,712,349",75,PB04AE8659
Sri Guruananak Travels,9783737785,Sri Ganganagar,Rajasthan,0,1,RJ13PA5758
Khurana Bus Service,7508798544,Jalandhar,Punjab,"9,317,712,349",1,PB08FF1999
Amrit,8288965152,Hoshiarpur,Punjab,"9,814,201,669",1,PB07CA7233
Godara Bus Service,9812043918,Hanumangarh,Rajasthan,0,1,RJ10PA9555
The Kartar Bus service Limited,9815066000,Jalandhar,Punjab,"9,814,201,669",2,PB08EN3451
The Kartar Bus service Limited,9815066000,Jalandhar,Punjab,"9,814,201,669",2,PB08EG7851
Syani Travels,6375202216,Bikaner,Rajasthan,"7,737,765,533",1,RJ07PB5900
PR Travels DEMO,8427665807,Mohali,Punjab,"9,317,712,349",2,JUJHARDEMO2
PR Travels DEMO,8427665807,Mohali,Punjab,"9,317,712,349",1,HR26DG4936
Walia Bus Service,9855339777,Kapurthala,Punjab,"9,814,201,669",1,PB08BC9461
Matoria Bus Services,9414949922,Hanumangarh,Rajasthan,0,3,RJ49PA0174
Matoria Bus Services,9414949922,Hanumangarh,Rajasthan,0,3,RJ49PA0937
Matoria Bus Services,9414949922,Hanumangarh,Rajasthan,0,3,RJ49PA0002
Keladevi Express,9799522282,Sawai Madhopur,Rajasthan,0,1,RJ07PA4949
New Deep Bus Service,9023582514,Sri Muktsar Sahib,Punjab,0,1,PB04AC7178
Sidhu Highways Regd,8804700021,Sangrur,Punjab,"9,317,712,349",1,PB13S0208
Gtc Transport Company,9166162312,Sri Ganganagar,Rajasthan,0,1,RJ13PA5730
Chetak Travelling Agency,9414163289,Udaipur,Rajasthan,"8,750,710,855",4,RJ27PA7276
Chetak Travelling Agency,9414163289,Udaipur,Rajasthan,"8,750,710,855",4,RJ27PA7277
Chetak Travelling Agency,9414163289,Udaipur,Rajasthan,"8,750,710,855",4,RJ27PA7273
kamlesh,9928768456,Lal shot,Rajasthan,0,1,RJ09PA4921
Manpreet Bus Service,9815594020,Sri Muktsar Sahib,Punjab,"9,317,712,349",1,PB03AA8535
Darvesh Bus Service Shri Muktsar Shaib,9915346725,Sri Muktsar Sahib,Punjab,"9,317,712,349",2,PB04AE9525
Darvesh Bus Service Shri Muktsar Shaib,9915346725,Sri Muktsar Sahib,Punjab,"9,317,712,349",2,PB30R0525
Kela Devi Express,9783979899,Sawai Madhopur,Rajasthan,"8,058,299,803",1,RJ13PA5873
Sidhu Service,9463123521,Sangrur,Punjab,"9,317,712,349",2,PB13AL0921
Sidhu Service,9463123521,Sangrur,Punjab,"9,317,712,349",2,PB13X9421
Vijay Tour And Travels,9928112135,Sri Ganganagar,Rajasthan,0,1,RJ13PA6737
Ask Bhai Bhai Travels,9772612671,Churu,Rajasthan,"8,750,710,855",1,RJ10PB5051
N T,9672100001,Sri Muktsar Sahib,Punjab,"9,317,712,349",13,PB03BL4701
N T,9672100001,Sri Muktsar Sahib,Punjab,"9,317,712,349",13,PB07AL5879
N T,9672100001,Sri Muktsar Sahib,Punjab,"9,317,712,349",13,PB04AA9737
N T,9672100001,Sri Muktsar Sahib,Punjab,"9,317,712,349",13,PB30N9937
N T,9672100001,Sri Muktsar Sahib,Punjab,"9,317,712,349",13,PB22G9190
N T,9672100001,Sri Muktsar Sahib,Punjab,"9,317,712,349",13,PB31L8235
N T,9672100001,Sri Muktsar Sahib,Punjab,"9,317,712,349",13,PB19D9685
N T,9672100001,Sri Muktsar Sahib,Punjab,"9,317,712,349",13,PB30R8737
N T,9672100001,Sri Muktsar Sahib,Punjab,"9,317,712,349",13,PB04AE9737
N T,9672100001,Sri Muktsar Sahib,Punjab,"9,317,712,349",13,PB30R6578
N T,9672100001,Sri Muktsar Sahib,Punjab,"9,317,712,349",13,PB04AD9737
N T,9672100001,Sri Muktsar Sahib,Punjab,"9,317,712,349",13,PB30L9737
N T,9672100001,Sri Muktsar Sahib,Punjab,"9,317,712,349",1,PB30N8737
Amrit,8288965152,Hoshiarpur,Punjab,"9,814,201,669",3,PB04AG9737
Amrit,8288965152,Hoshiarpur,Punjab,"9,814,201,669",3,PB30R9737
Amrit,8288965152,Hoshiarpur,Punjab,"9,814,201,669",3,PB04AF9737
N T,9672100001,Sri Muktsar Sahib,Punjab,"9,317,712,349",3,PB30N9737
N T,9672100001,Sri Muktsar Sahib,Punjab,"9,317,712,349",3,PB22Y9937
N T,9672100001,Sri Muktsar Sahib,Punjab,"9,317,712,349",3,PB31J7778
Chetak Travelling Agency,9414163289,Udaipur,Rajasthan,"8,750,710,855",4,RJ27PA7275
Chetak Travelling Agency,9414163289,Udaipur,Rajasthan,"8,750,710,855",4,RJ27PA7274
Chetak Travelling Agency,9414163289,Udaipur,Rajasthan,"8,750,710,855",4,RJ27PA7270
Chetak Travelling Agency,9414163289,Udaipur,Rajasthan,"8,750,710,855",4,RJ27PA7269
Vijay Travels,9598810990,Churu,Rajasthan,"8,750,710,855",1,RJ10PA7145
Vijay Tour And Travels,9928112135,Sri Ganganagar,Rajasthan,0,1,RJ13PA6283
Apnibus,9911500747,,,"9,341,643,122",1,PB07BY7233
Sonu Travels,9829399851,Jaipur,Rajasthan,0,1,RJ14PG3637
Rajasthan Bus Service,9351304819,,,"8,058,299,803",1,RJ09PA4877
Brar Bus Service,9414653115,Sri Ganganagar,Rajasthan,"8,750,710,855",1,RJ13PB9441
Apni bus,9636386091,Jaipur,Rajasthan,"9,341,643,122",4,NL07B0935
Apni bus,9636386091,Jaipur,Rajasthan,"9,341,643,122",4,NL07B0780
Apni bus,9636386091,Jaipur,Rajasthan,"9,341,643,122",4,NL07B0926
Apni bus,9636386091,Jaipur,Rajasthan,"9,341,643,122",4,MP44ZC8757
Rajasthan Bus Service,9351304819,,,"8,058,299,803",1,RJ01PA2684
Priyanshi Travel,8104684620,,,"9,079,718,415",1,RJ32PA3310
Mandeep Bus Service,9817912055,Bathinda,Punjab,0,3,PB03AS8527
Mandeep Bus Service,9817912055,Bathinda,Punjab,0,3,PB03BM1778
Royal Mahima Travles,9928134197,Bikaner,Rajasthan,"9,610,835,788",1,RJ07PC0036
Darvesh Bus Service Shri Muktsar Shaib,9915346725,Sri Muktsar Sahib,Punjab,"9,317,712,349",3,PB05V9768
Darvesh Bus Service Shri Muktsar Shaib,9915346725,Sri Muktsar Sahib,Punjab,"9,317,712,349",3,PB03AF8504
Darvesh Bus Service Shri Muktsar Shaib,9915346725,Sri Muktsar Sahib,Punjab,"9,317,712,349",3,PB05V9767
Guliya Travels,8708600743,,,"9,341,643,122",1,HR47DEMO
Keladevi Express,9799522282,Sawai Madhopur,Rajasthan,0,2,RJ09PA4043
Lucky Bana ट्रेवल,9829500930,Dausa,Rajasthan,"7,042,099,979",1,RJ14PG0451
Dhillon Bus Service,9463234307,Fazilka,Punjab,"8,750,710,855",2,RJ13PA6066
Dhillon Bus Service,9463234307,Fazilka,Punjab,"8,750,710,855",2,RJ13PA5884
Dev  Bus Service,7027970306,Rohtak,Haryana,"9,034,236,488",3,HR46F6368
Dev  Bus Service,7027970306,Rohtak,Haryana,"9,034,236,488",3,HR46F7892
Dev  Bus Service,7027970306,Rohtak,Haryana,"9,034,236,488",3,HR46F8805
Meena Travels,9783980055,Dausa,Rajasthan,0,1,RJ09PA4358
Shree Karni Kripa Tour And Travels,9119133907,Jaipur,Rajasthan,"8,058,299,803",1,RJ52PA2122
Rajasthan Gramin Bus Seva,9929932461,Chaksu,Rajasthan,0,1,RJ41PA0636
Nikhil Express,8685967151,,,"9,034,236,488",4,HR63C2881
Nikhil Express,8685967151,,,"9,034,236,488",4,HR840256
Pandey Travls,9799760001,,,"9,001,302,060",1,RJ20PC1818
Shri Ganesh,9416121819,,,"9,306,314,980",2,HR37A0005
Shri Ganesh,9416121819,,,"9,306,314,980",2,HR37D7458
Gobin Bus Service,7889109156,MANSA,Punjab,"8,963,055,868",1,PB03AZ5921
Jai Shree Balaji Bus Service,7988538509,,,"9,034,236,488",1,HR46D  5231
Virk Bus Service,8708625541,,,"9,306,314,980",1,HR37E3272
Apnibus,9317712349,,,"9,341,643,122",1,PB22DEMO
Surendra Singh Travel,9079739138,Dausa,Rajasthan,"7,042,099,979",1,RJ14PE7194
Bullar Bus,9878531668,Mansa,Punjab,"8,963,055,868",1,PB03AP8409
Shree Shyam Travels,9350117738,,,"8,058,299,803",1,RJ02PA3272
Amloha,9468351852,,,"9,306,314,980",1,HR58A9626
Jagmeet Singh,9996518832,,,"9,306,314,980",3,HR656130
Jagmeet Singh,9996518832,,,"9,306,314,980",3,HR65A5271
Poonia Ji Travels,9024042125,Churu,Rajasthan,"8,750,710,855",1,RJ10PB8539
Shri Ram Bus Service,9728941041,Jhajjar,Haryana,"9,034,236,488",5,HR63E7733
Mittal Bus Service,9929333003,Sri Ganganagar,Rajasthan,"8,750,710,855",2,RJ30PA2663
Shri Ram Bus Service,9728941041,Jhajjar,Haryana,"9,034,236,488",17,HR46E1076
Shri Ram Bus Service,9728941041,Jhajjar,Haryana,"9,034,236,488",17,HR46F4770D
Shri Ram Bus Service,9728941041,Jhajjar,Haryana,"9,034,236,488",17,HR63D0910D
Shri Ram Bus Service,9728941041,Jhajjar,Haryana,"9,034,236,488",17,HR46F2903
Shri Ram Bus Service,9728941041,Jhajjar,Haryana,"9,034,236,488",17,HR46F2911
Shri Ram Bus Service,9728941041,Jhajjar,Haryana,"9,034,236,488",17,HR46F0819D
Shri Ram Bus Service,9728941041,Jhajjar,Haryana,"9,034,236,488",17,HR46E 6915
Shri Ram Bus Service,9728941041,Jhajjar,Haryana,"9,034,236,488",17,HR46F9472D
Shri Ram Bus Service,9728941041,Jhajjar,Haryana,"9,034,236,488",17,HR46 1529
Shri Ram Bus Service,9728941041,Jhajjar,Haryana,"9,034,236,488",17,HR46F5278D
Vijay Travels,9598810990,Churu,Rajasthan,"8,750,710,855",1,RJ09PA6259
Dhaka Coach,9991550067,Rohtak,Haryana,"9,034,236,488",9,HR46F1907
Dhaka Coach,9991550067,Rohtak,Haryana,"9,034,236,488",9,HR46F2963
Dhaka Coach,9991550067,Rohtak,Haryana,"9,034,236,488",9,HR63D0374
Dhaka Coach,9991550067,Rohtak,Haryana,"9,034,236,488",9,HR63D3815
Dhaka Coach,9991550067,Rohtak,Haryana,"9,034,236,488",9,HR43D4373
Dhaka Coach,9991550067,Rohtak,Haryana,"9,034,236,488",9,HR63E3838
Dhaka Coach,9991550067,Rohtak,Haryana,"9,034,236,488",9,HR46E8611
Dhaka Coach,9991550067,Rohtak,Haryana,"9,034,236,488",9,HR46D5821
The Paramhans Travels,8960000870,Rohtak,Haryana,"9,034,236,488",1,HR46F9797
The Paramhans Travels,8960000870,Rohtak,Haryana,"9,034,236,488",7,HR46C5697
The Paramhans Travels,8960000870,Rohtak,Haryana,"9,034,236,488",7,HR46F9700
The Paramhans Travels,8960000870,Rohtak,Haryana,"9,034,236,488",7,HR46F0097
STARLINE TRAVELS,7014074474,,,"8,058,299,803",2,RJ23PB1449
STARLINE TRAVELS,7014074474,,,"8,058,299,803",2,RJ23PB0523
New Kamra,8104143020,Hanumangarh,Rajasthan,"9,610,835,788",1,RJ13PA1641
Shekhawat Travels,9414989777,Bikaner,Rajasthan,0,1,RJ07PA8382
Poonia Travels,7426061547,,,"7,737,765,533",1,RJ19PA4175
Gnt Bus,9779500618,Bathinda,Punjab,0,1,PB03BT2778
Sandhu Bus Service,9829467678,Hanumangarh,Rajasthan,"8,750,710,855",1,RJ31PA4765
Gora Frends Bus,9872476511,Mansa,Punjab,"8,963,055,868",3,PB13Q5786
Gora Frends Bus,9872476511,Mansa,Punjab,"8,963,055,868",3,PB31L9611
Gora Frends Bus,9872476511,Mansa,Punjab,"8,963,055,868",3,PB19E6281
Jhunir Bus,9570599705,Mansa,Punjab,"8,963,055,868",2,PB03BM5105
थुरवाल Travel,8058550160,Sawai Madhopur,Rajasthan,"7,042,099,979",1,RJ34PA4075
Sekhawat Travels,9414416293,Bikaner,Rajasthan,0,1,RJ07PB5432
Mandeep Bus Service,9817912055,Bathinda,Punjab,0,1,PB03W0648
Mandeep Bus Service,9817912055,Bathinda,Punjab,0,1,PB03AA7648
Raka Bahiya Travels,9812515715,Bhiwani,Haryana,"8,963,055,868",1,RJ19PB5600
Mittal Bus Service,9929333003,Sri Ganganagar,Rajasthan,"8,750,710,855",2,RJ13PA7421
Honey Travels,9357403781,Mansa,Punjab,"8,963,055,868",1,HR57A4319
Akshay Kripa Travels Sujangarh,9983290201,Churu,Rajasthan,"8,963,055,868",1,RJ21PA1361
Ajay Dholawas,7240660852,,Rajasthan,"7,042,099,979",1,RJ29PA1406
Palak Travels,9829877727,Udaipur,Rajasthan,0,1,RJ27PB2718
Raka Bhaiya Travels,9467200003,Bhiwani,Haryana,0,2,RJ19PB5600
Raka Bhaiya Travels,9467200003,Bhiwani,Haryana,0,2,RJ18PA8220
Kannu Travels,9024848129,Bikaner,Rajasthan,0,1,RJ13PB2171
Brar Bus Service,9414653115,Sri Ganganagar,Rajasthan,"8,750,710,855",3,RJ07PA8701
Brar Bus Service,9414653115,Sri Ganganagar,Rajasthan,"8,750,710,855",3,RJ13PA9441A
Brar Bus Service,9414653115,Sri Ganganagar,Rajasthan,"8,750,710,855",3,RJ14PB8441
Rathore Travels,9166837500,,,"9,341,643,122",1,AR01T6939
New Deep Bus Service,9023582514,Sri Muktsar Sahib,Punjab,0,16,PB04V7678
New Deep Bus Service,9023582514,Sri Muktsar Sahib,Punjab,0,16,PB04AD1964
New Deep Bus Service,9023582514,Sri Muktsar Sahib,Punjab,0,16,PB05AP9304
New Deep Bus Service,9023582514,Sri Muktsar Sahib,Punjab,0,16,PB04AC0878
New Deep Bus Service,9023582514,Sri Muktsar Sahib,Punjab,0,16,PB04AC5178
New Deep Bus Service,9023582514,Sri Muktsar Sahib,Punjab,0,16,PB04AC7148
New Deep Bus Service,9023582514,Sri Muktsar Sahib,Punjab,0,16,PB03AX8542
New Deep Bus Service,9023582514,Sri Muktsar Sahib,Punjab,0,16,PB04AA2578
New Deep Bus Service,9023582514,Sri Muktsar Sahib,Punjab,0,16,PB04AB9578
New Deep Bus Service,9023582514,Sri Muktsar Sahib,Punjab,0,16,PB04AC5748
New Deep Bus Service,9023582514,Sri Muktsar Sahib,Punjab,0,16,PB04AG0578
New Deep Bus Service,9023582514,Sri Muktsar Sahib,Punjab,0,16,PB04AG0648
New Deep Bus Service,9023582514,Sri Muktsar Sahib,Punjab,0,16,PB04AC6548
New Deep Bus Service,9023582514,Sri Muktsar Sahib,Punjab,0,16,PB04AC6648
Minakshi Travel,9694808595,,,0,1,RJ26DEMO
Sema Bus Service,6280876663,,,"7,737,765,533",1,PB07AS2165
Beniwal Bus Service,8504993052,Hanumangarh,Rajasthan,0,1,RJ49PA1255
Sharan Travels,8875460000,Jhunjhunu,Rajasthan,"8,963,055,868",1,RJ53PA1316
Priyanshi Treval,9680001025,Dausa,Rajasthan,"7,042,099,979",1,RJ14PD8883
Shakti Travels,7023148640,Jaipur,Rajasthan,"8,058,299,803",1,RJ14PG6465DD
Jalal Bus Service,9876369518,Bhatinda,Punjab,"8,750,710,855",1,PB03AJ4896
Mandeep Bus Service,9817912055,Bathinda,Punjab,0,5,PB03UU0548
Mandeep Bus Service,9817912055,Bathinda,Punjab,0,5,PB03X5548
Shree Shyam Travels,8058773308,Jaipur,Rajasthan,"8,058,299,803",1,RJ29PA3692
Pinky Travels,9983836415,Bikaner,Rajasthan,"9,610,835,788",1,RJ07PA6673
Beniwal Bus Service,8949825223,Hanumangarh,Rajasthan,"8,750,710,855",1,RJ13PB6549
Behaleem Travels,9680230766,,,"9,001,302,060",1,RJ20PB0763
थुरवाल Travel,8058550160,Sawai Madhopur,Rajasthan,"7,042,099,979",1,RJ14PD4634
New Malwa Transport Bti,9465300014,Bathinda,Punjab,"9,610,835,788",1,PB03BK1409
Minakshi Travel,9694808595,,,0,1,RJ25PA3682
थुरवाल Travel,8058550160,Sawai Madhopur,Rajasthan,"7,042,099,979",1,RJ14PF2058
Beniwal Bus Service,8504993052,Hanumangarh,Rajasthan,0,2,RJ49PA0881
Jayan meena,9660998762,Dausa,Rajasthan,"7,042,099,979",1,RJ14PE6076
The Ambala Bus Syndicate Pvt. Ltd. Ropar,7648800003,Chandigarh,Chandigarh,"8,750,710,855",3,PB12T2283
The Ambala Bus Syndicate Pvt. Ltd. Ropar,7648800003,Chandigarh,Chandigarh,"8,750,710,855",3,PB12T2284
Ar Jhakhar,9460546827,,,"8,963,055,868",2,RJ04PA2442
Ar Jhakhar,9460546827,,,"8,963,055,868",2,RJ04PA7019
Deva Chaudhary Bus Service,9414894217,,Rajasthan,"9,610,835,788",1,RJ10PA2711
Choudhary Bus Service,7404764508,,,"8,750,710,855",1,RJ18PB0596
Ravindra Bus T (P) Ltd,9671300777,Hisar,Haryana,0,1,HR629921
Pinky Travles,9413388227,,,"9,610,835,788",1,RJ07PA8635
Vishwakarma Travels,7688815552,,,"8,963,055,868",1,RJ18PB2857
Hari Travels,9001559764,,Rajasthan,"7,737,765,533",1,RJ31PB0041
Kaila Devi Parivahan Seva,9478339754,,,"8,058,299,803",1,RJ09PA4725
Choudhary Anand Travels,9829640451,Sri Ganganagar,Rajasthan,"8,750,710,855",2,RJ13PB2329
Beniwal Bus Service,8949825223,Hanumangarh,Rajasthan,"8,750,710,855",1,RJ49PB0883
G.S Sodha Travels,9549950370,,,"8,963,055,868",1,RJ19PB5577
Shree Dev Travels,9672225219,Karauli,Rajasthan,"7,042,099,979",1,RJ34PB2144
Satguru Travels,8222829722,,,"8,750,710,855",1,Hr628630
Bhiwadi Express,7012813178,Alwar,Rajasthan,"8,058,299,803",1,RJ13PA6115
Choudhary Travels,9929382299,,,"8,963,055,868",1,AR01T1199
Sharma Travels,9414415877,Sawai Madhopur,Rajasthan,"8,058,299,803",1,RJ34PA5051
Shree Hari Travels,9413601481,Hanumangarh,Rajasthan,"8,750,710,855",3,RJ27PB4114
Shree Hari Travels,9413601481,Hanumangarh,Rajasthan,"8,750,710,855",3,RJ49PB1055
Malhotra Bus Service,9314792368,,,0,1,RJ02PA3929
Malhotra Bus Service,9314792368,,,0,1,RJ02PA4104
Sharma Travels,9414415877,Sawai Madhopur,Rajasthan,"8,058,299,803",1,RJ23PA5790
Hari Travels,6378092513,Bikaner,Rajasthan,0,1,RJ10PA6035
Koachar Travels,9887200006,Hanumangarh,Rajasthan,"7,737,765,533",1,RJ18PA2324
Safar Travels And Cargo,9660080008,,Rajasthan,"8,441,987,775",1,AR11B5655
Shri Aai Nath Travels,9783772582,,,"8,955,697,982",1,RJ46PA0472
Rk Travel,9887895235,,,"8,441,987,775",4,RJ01PA2378
Rk Travel,9887895235,,,"8,441,987,775",4,RJ01PA4610
Aai Nath Travels,9660863449,,,"8,955,697,982",1,RJ19PA5799
Maa Nagnarai Travels,9983621125,,Rajasthan,"8,955,697,982",1,RJ19PA3407
Vicky Bus,9549983093,,,"8,952,998,194",3,RJ02PA4295
Vicky Bus,9549983093,,,"8,952,998,194",3,RJ12PA1786
Vicky Bus,9549983093,,,"8,952,998,194",3,RJ02PA3687
Sunil,8619947180,,,"7,014,329,821",1,RJ21PA3030
B.R Travels,9950329515,,,"8,955,697,982",25,MP44ZB0051
B.R Travels,9950329515,,,"8,955,697,982",25,AR01T2817
B.R Travels,9950329515,,,"8,955,697,982",25,GJ14Z6435
B.R Travels,9950329515,,,"8,955,697,982",25,AR01TT9717
B.R Travels,9950329515,,,"8,955,697,982",25,AR06B9717
B.R Travels,9950329515,,,"8,955,697,982",25,AR01B0717
B.R Travels,9950329515,,,"8,955,697,982",25,RJ19PB9429
B.R Travels,9950329515,,,"8,955,697,982",25,RJ19PC9393
B.R Travels,9950329515,,,"8,955,697,982",25,AR01Q9393
B.R Travels,9950329515,,,"8,955,697,982",25,AR11C5151
B.R Travels,9950329515,,,"8,955,697,982",25,AR11C1515
B.R Travels,9950329515,,,"8,955,697,982",25,AR019393
B.R Travels,9950329515,,,"8,955,697,982",25,GJ14Z6464
B.R Travels,9950329515,,,"8,955,697,982",25,AR06BB0717
B.R Travels,9950329515,,,"8,955,697,982",25,AR01T2718
B.R Travels,9950329515,,,"8,955,697,982",25,AR01M8429
B.R Travels,9950329515,,,"8,955,697,982",25,AR06B2718
B.R Travels,9950329515,,,"8,955,697,982",25,AR01T9771
B.R Travels,9950329515,,,"8,955,697,982",25,AR03T9717
Teekam Meena,9782651623,Dausa,Rajasthan,"7,042,099,979",1,RJ29PA2392
Shrma Bus,9772379802,,,"8,952,998,194",3,RJ02PA3535
Shrma Bus,9772379802,,,"8,952,998,194",3,RJ02PA5760
Shrma Bus,9772379802,,,"8,952,998,194",3,RJ02PA3565
Rajkumar Bus,9784256843,,,"9,166,477,977",4,RJ12PA6758
Rajkumar Bus,9784256843,,,"9,166,477,977",4,RJ51PA0175
Rajkumar Bus,9784256843,,,"9,166,477,977",4,RJ20PB2061
Rajkumar Bus,9784256843,,,"9,166,477,977",4,RJ08PA1421
Rajkumar Bus,9784256843,,,"9,166,477,977",4,RJ27PA9603
Rajkumar Bus,9784256843,,,"9,166,477,977",4,RJ20PB1597
Nagra Bus,6367178994,,,"9,166,477,977",1,RJ20PB1730
Jai Shrinath Ji Ki Travels,8696697777,,,"9,166,477,977",8,RJ20PA3507
Jai Shrinath Ji Ki Travels,8696697777,,,"9,166,477,977",8,RJ20PA7777
Jai Shrinath Ji Ki Travels,8696697777,,,"9,166,477,977",8,RJ20PB0977
Jai Shrinath Ji Ki Travels,8696697777,,,"9,166,477,977",8,RJ20PA5877
Jai Shrinath Ji Ki Travels,8696697777,,,"9,166,477,977",8,RJ20PA6177
Jai Shrinath Ji Ki Travels,8696697777,,,"9,166,477,977",8,RJ20PA8877
Jai Maa Karni Travels,7357577667,,Madhya Pradesh,"8,963,055,868",1,RJ09PB2023
D.S Bhati Travels,9660063040,,,"8,955,697,982",2,RJ19PA5053
D.S Bhati Travels,9660063040,,,"8,955,697,982",2,RJ19PC0634
Shrma Bus,9772379802,,,"8,952,998,194",3,RJ02PA6181
Shrma Bus,9772379802,,,"8,952,998,194",3,RJ02PA6182
Shrma Bus,9772379802,,,"8,952,998,194",3,RJ02PA5467
Pareta Bus 2,8955240758,,,"9,166,477,977",2,RJ17PA3096
Pareta Bus 2,8955240758,,,"9,166,477,977",2,RJ28PA2415
Shri Sainath Shri Krishna,9251000892,,,"8,955,697,982",10,RJ19PA4411
Shri Sainath Shri Krishna,9251000892,,,"8,955,697,982",10,RJ46PA0472
Shri Sainath Shri Krishna,9251000892,,,"8,955,697,982",10,RJ19PC2407
Shri Sainath Shri Krishna,9251000892,,,"8,955,697,982",10,RJ22PA4497
Balaji Bus Service,9660491136,,,"7,042,099,979",1,RJ29PA2991
Sahu Bus,6376284996,,,"7,014,329,821",4,RJ18PB2857
Sahu Bus,6376284996,,,"7,014,329,821",4,RJ18PB2731
Sahu Bus,6376284996,,,"7,014,329,821",4,RJ18PB2683
Karwasra Bus Service,8696458001,,,"7,014,329,821",2,RJ18PA3165
Karwasra Bus Service,8696458001,,,"7,014,329,821",2,RJ18PA4599
Kamal Bus Service,8696790336,,,"7,014,329,821",2,RJ32PA1906
Kissan Travels,9887868566,,,"7,014,329,821",4,RJ18PB3027
Kissan Travels,9887868566,,,"7,014,329,821",4,RJ23PB1867
Radhika Bus,7240793541,,,"7,014,329,821",2,RJ23PA7611
Radhika Bus,7240793541,,,"7,014,329,821",2,RJ23PB0477
Arya Bus Service,9587005592,,,"7,014,329,821",1,RJ18PB1401
Ankan,9571966955,,,"9,166,477,977",1,RJ20PB1040
Balaji Bus Service,9660491136,,,"7,042,099,979",1,RJ29PA2991
Arvind Travels,9660953572,,,"7,014,329,821",2,RJ18PB3263
Arvind Travels,9660953572,,,"7,014,329,821",2,RJ18PB1003
Shree Krishna Traval,9694298501,,,"8,441,987,775",1,RJ42PA0377
Sakhala Travel (Rajasthan Lok Parivahan),9950545443,,,"8,441,987,775",1,RJ01PA2016
Shree Krishna Traval,9694298501,,,"8,441,987,775",1,RJ42PA0730
Bhati Travels,9521481534,,,"7,014,329,821",1,RJ18PB2307
Shekhawat Travels,7627041072,,,"7,014,329,821",3,RJ18PB2824
Shekhawat Travels,7627041072,,,"7,014,329,821",3,RJ29PA1773
Shekhawat Travels,7627041072,,,"7,014,329,821",3,RJ23PB3258
Shaktawat Bus Service Bhindar,9521323903,,,"9,887,005,855",1,RJ27PB5018
D. P Travels,9772700648,,,"7,023,234,803",1,RJ14PE6182
Koachar Travels,9991624182,Hanumangarh,Rajasthan,"7,737,765,533",1,RJ31PA4728
Miglani Travels,9351290012,Ganganagar,Rajasthan,"9,610,835,788",1,RJ13PA8374
Amaan Bus,9001804080,,,"9,166,477,977",3,RJ20PB0389
Amaan Bus,9001804080,,,"9,166,477,977",3,RJ20PB1825
Amaan Bus,9001804080,,,"9,166,477,977",3,RJ20PB2242
Jalal Bus Service,9463215001,Bathinda,Punjab,0,1,PB03AF0996
Shree Ganesh Travels Lrr Siyol,9929917476,,,"8,963,055,868",1,MP14ZE1773
Shree Ganesh Travels Lrr Siyol,9929917476,,,"8,963,055,868",1,MP14ZE2573
Agarwy,9887662876,,,"9,166,477,977",3,RJ20PA4562
Agarwy,9887662876,,,"9,166,477,977",3,RJ20PB1898
Agarwy,9887662876,,,"9,166,477,977",3,RJ20PB0576
Rk Travels,8824178846,,,"9,785,293,759",1,RJ09PA0005
Shrinarshig,9166593347,,,"9,166,477,977",1,RJ20PB1607
Sangita Travels,9929634822,,,"9,166,477,977",4,RJ20PA5457
Sangita Travels,9929634822,,,"9,166,477,977",4,RJ20PB1993
Sangita Travels,9929634822,,,"9,166,477,977",4,RJ20PB1659
Sangita Travels,9929634822,,,"9,166,477,977",4,RJ20PA6453
Pawan Pareek,9694016812,,,0,1,RJ37PA1188
Bagdiya Bus Service,9829917977,,,"7,014,329,821",4,RJ18PA2091
Bagdiya Bus Service,9829917977,,,"7,014,329,821",4,RJ10PA5111
Bagdiya Bus Service,9829917977,,,"7,014,329,821",4,RJ23PB4590
Bagdiya Bus Service,9829917977,,,"7,014,329,821",4,RJ18PB1324
Lr Bus Service,9460250350,,,"8,955,697,982",8,RJ39PA1993
Om Shanti Travels,8949596909,,,"9,887,005,855",15,RJ09PA5590
Om Shanti Travels,8949596909,,,"9,887,005,855",15,RJ09PA3817
Om Shanti Travels,8949596909,,,"9,887,005,855",15,RJ09PA5381
Om Shanti Travels,8949596909,,,"9,887,005,855",15,RJ09PA5587
Om Shanti Travels,8949596909,,,"9,887,005,855",15,NL07B0828
Pawan Putra Travels,8740918042,,,"8,955,697,982",5,RJ19PB8955
Pawan Putra Travels,8740918042,,,"8,955,697,982",5,RJ21PA1121
Sangita Travels,9929634822,,,"9,166,477,977",5,RJ20PB0538
Sangita Travels,9929634822,,,"9,166,477,977",5,RJ27TA9786
Sangita Travels,9929634822,,,"9,166,477,977",5,RJ20PB2207
Tak Travel,9610928035,,,"9,785,293,759",2,RJ06PA7436
Rajsthan Lok Parivahan,7689829761,Alwar,Rajasthan,0,1,RJ02PA3896
Rk Travel,9887895235,,,"8,441,987,775",1,RJ01PA4610
Balaji Travels,9828894281,,,"7,042,099,979",1,RJ32PA1970
Sukhmani Travels,8437712048,Bathinda,Punjab,"8,750,710,855",1,PB03BB5348
Om Shanti Travels,8949596909,,,"9,887,005,855",2,NL07B0781
Om Shanti Travels,8949596909,,,"9,887,005,855",2,NL07B0758
Rajasthan Gramin Bus Seva,9929932461,Chaksu,Rajasthan,0,1,RJ32PA1865
Shree Krishna Traval,9950591737,,,"8,441,987,775",1,RJ07PA4458
Jagdamba Traval,9929420465,,,"8,441,987,775",1,RJ23PA9484
Rowdy Rathore Travels,8432046471,,,"8,058,299,803",1,RJ14PE9556
Rajasthan Bus Service,9680578816,,,0,1,RJ27PB3132
Mhadev Traval,9610840902,,,"8,441,987,775",3,RJ23PC1600
Mhadev Traval,9610840902,,,"8,441,987,775",3,RJ37PB1600
Mhadev Traval,9610840902,,,"8,441,987,775",3,RJ21PA1848
Manda Travel Company,7014599229,,,"7,737,765,533",2,RJ50PA0305
Manda Travel Company,7014599229,,,"7,737,765,533",2,RJ07PA6045
Choudhary Traval,9549341437,,,"8,441,987,775",2,RJ07PB5471
Kela Devi Express,9664204123,,Rajasthan,0,2,RJ09PA4376
Kela Devi Express,9664204123,,Rajasthan,0,2,RJ09PE4959
Arora Ji Tour And Travels,8926742000,,,"8,952,998,194",1,RJ29PA3599
Shree Krishna Travals,9829449141,,,"8,441,987,775",2,RJ37PA1989
Chaudhary Treval,8000486571,,,"7,042,099,979",2,RJ29TA3166
Chaudhary Treval,8000486571,,,"7,042,099,979",2,RJ29TA3139
Shree Kalyan Ji Traval,9783543121,,,"8,441,987,775",1,RJ21PA1578
Sharma Travels,9414415877,Sawai Madhopur,Rajasthan,"8,058,299,803",6,RJ23PA5790
Sharma Bus Service,9413331924,,,"9,252,526,852",1,RJ34PA4720
Shekhawat Bus Service,9602342961,,,"9,610,835,788",2,RJ07PB3141
Saini Bus,9602954056,,,"6,375,903,107",2,RJ29PA2512
Saini Bus,9602954056,,,"6,375,903,107",2,RJ29PA0828
Jawala Jobner Travel,9636022296,,,"9,252,526,852",1,RJ32PA3268
Rawat Toure And Travel,7023335081,,,"9,252,526,852",4,RJ32PA2394
Rawat Toure And Travel,7023335081,,,"9,252,526,852",4,RJO5PA4520
Fagana Tour And Travels,9929461767,,,"7,014,329,821",3,RJ18PA9095
Fagana Tour And Travels,9929461767,,,"7,014,329,821",3,RJ53PA0026
Jawala Jobner Travel Company,9636996771,,,"9,252,526,852",2,RJ02PA3080
Charbhuja Travel,9414812311,,,"9,785,293,759",2,RJ06PA7247
Mahendar Travels,94144 2097,,,"9,166,533,257",3,RJ17PA1734
Mahendar Travels,94144 2097,,,"9,166,533,257",3,RJ20PB2730
Rk Travels,8824178846,,,"9,785,293,759",2,RJ21PA3729
Rk Travels,8824178846,,,"9,785,293,759",2,RJ09PA3306
Shekhawat Bus Service,9602342961,,,"9,610,835,788",1,RJ32PA1741
Syani Belasar,7610054073,,,"7,737,765,533",1,RJ07PA9618
Meena Tour And Travels,8824377514,,,"7,014,329,821",1,RJ10PA2702
Deepak Travel Mandaver,9414024320,,,"9,252,526,852",5,RJ51PA0990
Mahendar Travels,94144 2097,,,"9,166,533,257",6,RJ30PA1399
Mahendar Travels,94144 2097,,,"9,166,533,257",6,RJ17PA3372
Shiv Shakti Travels,7427814639,,,"9,785,293,759",4,RJ19PB8670
Sogani Traval/Pareek Traval,9166343895,,,"8,441,987,775",1,RJ42PA0003
Lakecity Travels,8107772277,,,"9,887,005,855",1,AR01Q3000
Lakecity Travels,8107772277,,,"9,887,005,855",4,RJ27PC0030
Nakuka Tour And Travel,7737127405,,,"7,042,099,979",2,RJ34PA3638
Quazi Toor And Travels,9549597495,,,"9,785,293,759",1,RJ06PA5751
Bheru Bhawani Travels,9680219276,,,"9,887,005,855",5,RJ30PA3748
Marudhar Travels,8107639705,,,"7,737,765,533",2,AR01T2645
Shubham Travels Reengus,9101244082,,,"8,058,299,803",5,RJ23PB8627
Shubham Travels Reengus,9101244082,,,"8,058,299,803",5,RJ23PA9123
Shubham Travels Reengus,9101244082,,,"8,058,299,803",5,RJ23PB2136
Shree Ganesh Travels,7073359890,,,"8,963,055,868",4,AR11C2706
Shree Ganesh Travels,7073359890,,,"8,963,055,868",4,AR01T2706D
Tiwari Travels,8875461494,,,"7,023,234,803",4,RJ05PA5290
Tiwari Travels,8875461494,,,"7,023,234,803",4,RJ05PA3319
Marudhar Travels,8107639705,,,"7,737,765,533",1,AR01Q5645
Deepak Singh Devera,9667758288,Kota,Rajasthan,"9,166,477,977",4,RJ20PB1654
Deepak Singh Devera,9667758288,Kota,Rajasthan,"9,166,477,977",4,RJ20PB0683
Esharwal Bus Service,9772929329,,,"9,610,835,788",2,RJ07PB3893
Jhala Travels,7742392812,,,"9,887,005,855",4,RJ14PE1727
Kalera Travels,9414407272,,,"7,042,099,979",1,RJ29PA2786
Shree Krishna Travels,9983329461,,,"9,785,293,759",8,MP44ZB8802
Shree Krishna Travels,9983329461,,,"9,785,293,759",8,MP44ZB8818
Shree Krishna Travels,9983329461,,,"9,785,293,759",8,MP44ZB8807
Veer Teja Traval,9887771115,,,"8,441,987,775",1,RJ37PA0001
Shree Krishna Travels,7737226420,,,"9,785,293,759",5,RJ35PA0845
Mohan Travels,9414251415,,,"9,887,005,855",5,RJ27PA7177
Mohan Travels,9414251415,,,"9,887,005,855",5,RJ27PB0089
Mohan Travels,9414251415,,,"9,887,005,855",5,RJ30PA3628
S L Banguda,6367014628,,,"9,610,835,788",2,RJ07PA4407
S L Banguda,6367014628,,,"9,610,835,788",2,RJ19PB1863
Maa Kaila Devi Express,9602626226,,,0,2,RJ09PA4926
Shiv Shakti Travels,7427814639,,,"9,785,293,759",5,RJ51PA0660
Shiv Shakti Travels,7427814639,,,"9,785,293,759",5,RJ58PA0016
Shiv Shakti Travels,7427814639,,,"9,785,293,759",5,RJ06PA2915
Shiv Shakti Travels,7427814639,,,"9,785,293,759",5,RJ51PA0476
Rajasthan Gramin Bus Seva,9929932461,Chaksu,Rajasthan,0,5,RJ07PA4822
Jai Bhawani 3,9829037489,Kota,Rajasthan,"9,166,477,977",6,RJ20PA5959
Jai Bhawani 3,9829037489,Kota,Rajasthan,"9,166,477,977",6,RJ20PA7693
Jai Bhawani 3,9829037489,Kota,Rajasthan,"9,166,477,977",6,RJ20PB1665
Mahadev Traval,9828728361,,,"8,441,987,775",1,RJ37PA1325
Dhani Meena Toure And Travel,8387916877,,,"9,252,526,852",1,RJ29PA1582
S L Banguda,6367014628,,,"9,610,835,788",1,RJ21PA4210
Radhakrishan,8426921680,,,"9,166,477,977",1,RJ20PA6147
Shreenath Trvels,9887244798,,,"9,166,533,257",1,RJ09PB3677
Hamid,9929545040,,,"9,166,477,977",1,RJ20PB1602
Rajasthan Gramin Bus Seva,9829950173,,,0,3,RJ45PA0531
Prem Bus Sarvice,7733000424,,,"8,118,879,223",2,RJ18PB1834
Rathore Travels-Danwara,7568255179,,,"8,750,710,855",4,RJ19PC1249
Rathore Travels-Danwara,7568255179,,,"8,750,710,855",4,RJ19PA6476
Rathore Travels-Danwara,7568255179,,,"8,750,710,855",4,RJ19PA6537
Rathore Travels-Danwara,7568255179,,,"8,750,710,855",4,RJ19PA8633
Maa Ashapura,9414341344,,,"8,955,697,982",4,RJ19PC2568
Hamid Travels,9166999981,,,"9,166,477,977",2,RJ20PB0391
Hamid Travels,9166999981,,,"9,166,477,977",2,RJ20PA6199
Dukiya Traval,9571120214,,,"8,441,987,775",1,RJ18PA3228
Dhani Meena Sharma Tour And Travels,7877010780,,,"9,252,526,852",1,RJ40PA2167
Dhani Meena Toure And Travel,8387916877,,,"9,252,526,852",2,RJ18PB2811
Dhani Meena Toure And Travel,8387916877,,,"9,252,526,852",2,RJ40PA2167
Maa Jogniya Travels,9829894560,,,"9,785,293,759",1,RJ06PA3135
So Dharniya Travels,7690902935,,,"9,610,835,788",1,RJ50PA0893
Jay Bhawani Tour And Travels,6375579439,,,"8,058,299,803",5,RJ51PA0066
Jay Bhawani Tour And Travels,6375579439,,,"8,058,299,803",5,RJ41PA0007
Bavuti Travels,7891563784,,,"7,023,234,803",1,RJ34PA2240
Metro Travels,6378489156,,,"8,963,055,868",3,RJ53PA0057
Metro Travels,6378489156,,,"8,963,055,868",3,RJ18PA2702
Metro Travels,6378489156,,,"8,963,055,868",3,RJ05PA2292
Narang Travels,8955352333,,,"8,118,879,223",3,RJ18PB0931
Narang Travels,8955352333,,,"8,118,879,223",3,RJ29PA3373
Narang Travels,8955352333,,,"8,118,879,223",3,RJ29PA3153
Shreenath Trvels,9887244798,,,"9,166,533,257",3,RJ17PA3117
Shreenath Trvels,9887244798,,,"9,166,533,257",3,RJ17PA3137
Shreenath Trvels,9887244798,,,"9,166,533,257",3,RJ17PA1424
Narang Travels,8058257008,,,"7,023,234,803",4,RJ09PB6577
Narang Travels,8058257008,,,"7,023,234,803",4,RJ05PA5656
Narang Travels,8058257008,,,"7,023,234,803",4,UP17T8337
Narang Travels,8058257008,,,"7,023,234,803",4,UP70ET0005
I.B.M. Travels,9079045127,,,0,2,RJ07PA6961
Jay Shree Siddh Baba Travels,7014440396,,,"8,058,299,803",3,RJ32PA2161
Jay Shree Siddh Baba Travels,7014440396,,,"8,058,299,803",3,RJ14PC9020
Sheikh Tour And Travels,8387920479,,,"9,785,293,759",3,RJ06PB2627
Sheikh Tour And Travels,8387920479,,,"9,785,293,759",3,RJ06PB0479
Sheikh Tour And Travels,8387920479,,,"9,785,293,759",3,RJ06PA3311
Lakhana Bus Service,9672389838,,,"9,252,526,852",1,RJ29PA1630
Lakhana Bus Service,9672389838,,,"9,252,526,852",4,RJ02PA4153
Lakhana Bus Service,9672389838,,,"9,252,526,852",4,HR46F7333
Lakhana Bus Service,9672389838,,,"9,252,526,852",4,RJ40PA1149
Lakhana Bus Service,9672389838,,,"9,252,526,852",4,RJ36PA2499
Yash Travals,9414376142,Bharatpur,Rajasthan,"7,023,234,803",5,RJ29PA3277
Yash Travals,9414376142,Bharatpur,Rajasthan,"7,023,234,803",5,RJ14PC8729
Yash Travals,9414376142,Bharatpur,Rajasthan,"7,023,234,803",5,RJ27PA2300
Yash Travals,9414376142,Bharatpur,Rajasthan,"7,023,234,803",5,RJ05PA9977
Yash Travals,9414376142,Bharatpur,Rajasthan,"7,023,234,803",5,RJ05PA3596
Chaturvedi Travels,9414223521,Bharatpur,Rajasthan,"7,023,234,803",1,RJ05PA3800
Shailendra Tour And Travels,9785345180,,,"8,118,879,223",1,RJ05PA2626
Janu Bus Service,9413643131,,,"7,014,329,821",1,RJ18PA7172
Hari Travels,9001559764,,Rajasthan,"7,737,765,533",1,RJ50PA0197
Khan Bus Service,9982034178,,,"7,737,765,533",3,RJ07PA4498
Khan Bus Service,9982034178,,,"7,737,765,533",3,RJ02PA3401
Khan Bus Service,9982034178,,,"7,737,765,533",3,RJ19PA3805
Dhaka Bus Service,9829869646,,,"9,610,835,788",1,RJ50PA5617
Deepak Bus,9414705955,,,"6,375,903,107",4,RJ02PA4685
Deepak Bus,9414705955,,,"6,375,903,107",4,RJ02PA6383
Deepak Bus,9414705955,,,"6,375,903,107",4,RJ51PA0585
Deepak Bus,9414705955,,,"6,375,903,107",4,RJ35PA0561
Surender Travels,9214569835,,,"8,750,710,855",1,RJ23PB1046
Shree Charbhuja Travels,8104895205,,,"9,785,293,759",2,RJ27PB2529
Maruti Nandan Travels,7976133400,,,"9,887,005,855",4,RJ30PA3740
Maruti Nandan Travels,7976133400,,,"9,887,005,855",4,RJ20PB2576
Maruti Nandan Travels,7976133400,,,"9,887,005,855",4,RJ30PA3672
Maruti Nandan Travels,7976133400,,,"9,887,005,855",4,RJ18PB2096
Tatarwal Travels,9079919583,,,"7,014,329,821",3,RJ51PA0517
Tatarwal Travels,9079919583,,,"7,014,329,821",3,RJ25PA2525
Tatarwal Travels,9079919583,,,"7,014,329,821",3,RJ18PA4904
New Bhatewara Travels,9950733958,,,"9,887,005,855",2,RJ27PA9048
New Bhatewara Travels,9950733958,,,"9,887,005,855",2,RJ27PA6566
Thakur Bus Service,8278750887,Bilaspur,Himachal Pradesh,"8,219,990,300",1,HP23D2319
Choudhary Travels,8219672011,Sirmaur,Himachal Pradesh,"8,219,618,713",1,HP176003
New Bhatewara Travels,9950733958,,,"9,887,005,855",5,RJ09PA3037
New Bhatewara Travels,9950733958,,,"9,887,005,855",5,RJ09PB1129
New Bhatewara Travels,9950733958,,,"9,887,005,855",5,RJ27PA9511
New Bhatewara Travels,9950733958,,,"9,887,005,855",5,RJ27PB5387
New Bhatewara Travels,9950733958,,,"9,887,005,855",5,RJ27PA9484
Chetak Travels,9950510882,,,0,1,RJ18PB1631
Bhati Travel,6378702090,,,"8,952,998,194",1,RJ14PF3998
Garg Travels,9649474849,,,"7,023,234,803",5,RJ18PB0629
Garg Travels,9649474849,,,"7,023,234,803",5,RJ14PB6378
Neelkanth Travels,9414174657,,,"9,887,005,855",8,RJ27PA9077
Neelkanth Travels,9414174657,,,"9,887,005,855",8,RJ30PA3539
Neelkanth Travels,9414174657,,,"9,887,005,855",8,RJ14PE0293
Neelkanth Travels,9414174657,,,"9,887,005,855",8,RJ30PA4092
Jakhar And Chouhan Travels,8094077021,,,"8,955,697,982",1,AR11C4577
Chahar Travels,9660302217,,,"7,737,765,533",1,RJ07PB0173
Shekhawat Bus Service,9588004653,,,"7,689,053,603",2,RJ14PD9011
Shekhawat Bus Service,9588004653,,,"7,689,053,603",2,RJ14PD8999
Kaliyaree Travel,9983299260,,,"9,785,293,759",7,RJ09PA6766
Sancheti Bus Service,9828257025,,,"9,610,835,788",2,RJ07PA5106
Sancheti Bus Service,9828257025,,,"9,610,835,788",2,RJ07PA2510
Veena Travels,8696179432,,,"8,955,697,982",4,RJ19PB8484
Chaudhary Travels,9928425738,,,"7,023,234,803",7,RJ05PA5367
Chaudhary Travels,9928425738,,,"7,023,234,803",7,RJ02PA5708
Chaudhary Travels,9928425738,,,"7,023,234,803",7,RJ05PA3266
Om Shanti Travels,8949596909,,,"9,887,005,855",8,RJ09PA5581
Shree Krishana Travels,9682307717,,,"8,058,299,803",5,RJ23PB0523
Shree Krishana Travels,9682307717,,,"8,058,299,803",5,RJ10PA7171
Shree Krishana Travels,9682307717,,,"8,058,299,803",5,RJ18PB1752
Shree Krishana Travels,9682307717,,,"8,058,299,803",5,RJ23PB1449
Jai Maa Travels,8386815609,,,0,1,RJ25PA1843
Meena Bus Service,9784890277,,,"9,252,526,852",1,RJ02PA6221
Nirvan Bus Service,6378786342,,,"9,252,526,852",1,RJ02PA3606
B L Sharma Bus Service,8058685409,,,"9,252,526,852",1,RJ02PA4287
Ramesh Ji,9214900568,,,"8,441,987,775",1,RJ27PB4746
Shree Mahalaxmi Travels,6367000917,,,"8,058,299,803",5,RJ18PB 0200
Shree Mahalaxmi Travels,6367000917,,,"8,058,299,803",5,NL01B2178
Shree Mahalaxmi Travels,6367000917,,,"8,058,299,803",5,NL01B2175
Shree Mahalaxmi Travels,6367000917,,,"8,058,299,803",5,RJ31PA4344
Salasar Bus Transport Company,9813680448,Hisar,Haryana,"7,404,072,059",10,HR56B0210
Bg Travels,9929073898,,Rajasthan,"7,023,234,803",7,RJ05PA3420
Bg Travels,9929073898,,Rajasthan,"7,023,234,803",7,RJ05PA3273
Bg Travels,9929073898,,Rajasthan,"7,023,234,803",7,RJ05PA3369
Kailash Travels,9414171535,,,"9,887,005,855",3,RJ30PA2772
Kailash Travels,9414171535,,,"9,887,005,855",3,RJ30PA1476
Kailash Travels,9414171535,,,"9,887,005,855",3,RJ30PA3305
Ankit Travels,9414023073,,,"7,023,234,803",4,UP17T3232
Laxmi Bus,9414174608,,,"9,887,005,855",3,RJ30PA4031
Laxmi Bus,9414174608,,,"9,887,005,855",3,RJ30PA2947
Laxmi Bus,9414174608,,,"9,887,005,855",3,RJ30PA0771
Laxmi Travels,8003339048,,,"9,887,005,855",9,RJ27PA2228
Laxmi Travels,8003339048,,,"9,887,005,855",9,RJ30PA3735
Laxmi Travels,8003339048,,,"9,887,005,855",9,RJ27PB3194
Laxmi Travels,8003339048,,,"9,887,005,855",9,RJ30PA3629
Ashoka Bus Service,9805926544,Sirmaur,Himachal Pradesh,"8,278,786,847",1,HP71A7094
Laxmi Travels,8003339048,,,"9,887,005,855",9,RJ30PA4143
Laxmi Travels,8003339048,,,"9,887,005,855",9,RJ30PA2850
Laxmi Travels,8003339048,,,"9,887,005,855",9,RJ30PA4093
Mateshwari Travels,9785850768,,,"9,785,293,759",2,RJ06PA7277
Seenu Travels,8107414574,,,"8,963,055,868",2,RJ18PA9640
Seenu Travels,8107414574,,,"8,963,055,868",2,RJ18PB2373
Rk Travels,9783338033,Bhilwara,Rajasthan,"9,785,293,759",1,RJ06PA7126
Hariom Travels,9783634223,,,"9,887,005,855",6,RJ30PA2437
Sharma Bus Service,9782539317,,,"6,375,903,107",4,RJ14PF3759
Sharma Bus Service,9782539317,,,"6,375,903,107",4,RJ14PF3762
Sharma Bus Service,9782539317,,,"6,375,903,107",4,RJ02PA5681
Sharma Bus Service,9782539317,,,"6,375,903,107",4,RJ29PA3033
Kasana Travels,8875350650,,,"7,023,234,803",2,RJ05PA1127
Kasana Travels,8875350650,,,"7,023,234,803",2,RJ05PB1127
Chodhri Travels,9166100918,,,"8,118,879,223",2,RJ18PA7051
Shree Mahalaxmi Travels,6367000917,,,"8,058,299,803",10,AR11C7811
Shree Mahalaxmi Travels,6367000917,,,"8,058,299,803",10,AR11C1178
Shree Mahalaxmi Travels,6367000917,,,"8,058,299,803",10,UP83BT1015
Shree Mahalaxmi Travels,6367000917,,,"8,058,299,803",10,AR06B8680
Poswal Travels,8104739485,,,"7,042,099,979",2,RJ29TA0915
Shri Kalyan Tailor,8000936139,,,"9,785,293,759",1,RJ58PA0065
Sharma Bus Service,9782356350,,,"8,952,998,194",1,RJ02PA5681
Bhargav Bus Service,8239574300,,,"7,737,765,533",1,RJ50PA3777
Kalika Tourist,9950925886,,,"9,887,005,855",3,RJ27PA7232
Rathore Tourist,99280 2569,,,"8,441,987,775",4,RJ01PA5976
Rathore Tourist,99280 2569,,,"8,441,987,775",4,RJ27PA9755
Ajay Travels,9782000818,,,"9,887,005,855",9,RJ27PA9075
Ajay Travels,9782000818,,,"9,887,005,855",9,RJ27PA9056
Ajay Travels,9782000818,,,"9,887,005,855",9,RJ12PA1386
Om Shanti Travels,8949596909,,,"9,887,005,855",15,RJ09PA5371
Om Shanti Travels,8949596909,,,"9,887,005,855",15,RJ09PA4147
Laxmi Travels,9610639399,,,"8,441,987,775",2,RJ01PA6065
Kr Travels,7240224721,,,"8,952,998,194",3,RJ32PA2592
Kr Travels,7240224721,,,"8,952,998,194",3,RJ06PA6551
Kr Travels,7240224721,,,"8,952,998,194",3,RJ18PA7814
Sawliya Travels,7722907819,,,"9,166,533,257",1,MP14P0369
Bheru Bhawani Bus,9950508920,,,"9,887,005,855",1,RJ09PA3530
Choudhary Travels,9982241281,,,"9,252,526,852",2,RJ02PA6100
Choudhary Travels,9982241281,,,"9,252,526,852",2,RJ02PA3949
Kanshana Travels,9413107325,Bharatpur,Rajasthan,"8,118,879,223",3,RJ29PA3230
Thekedar Travels,9057512716,,Rajasthan,0,1,UP85AE9954
Parashar Travels,6376739491,Bharatpur,Rajasthan,0,4,RJ05PA2671
Parashar Travels,6376739491,Bharatpur,Rajasthan,0,4,RJ32PA2200
Soopa Travels,9549942727,,,"8,118,879,223",6,RJ11PA5518
Salasar Darbar,8387808786,,,"8,441,987,775",1,RJ21PA3061
Lakecity Travels,8107772277,,,"9,887,005,855",10,AR11C2551
Lakecity Travels,8107772277,,,"9,887,005,855",10,RJ27PB0030
Lakecity Travels,8107772277,,,"9,887,005,855",10,AR01T4040
Guru Kirpa Travels,9414252694,,,"7,042,099,979",1,RJ29TA0472
Vikram singh,8769700777,Bikaner,Rajasthan,"9,610,835,788",1,RJ07PA7821
Choudhary Bus,9772067403,,,"6,375,903,107",1,RJ02PA7353
Krr Travels,9588274545,,,"9,252,526,852",2,RJ06PA5651
Choudhary Bus,9772067403,,,"6,375,903,107",1,RJ02PA4487
Choudhary Bus,9772067403,,,"6,375,903,107",1,RJ32PA2392
Shree Joshi,9414838540,,,"9,785,293,759",3,RJ06PB2105
Shree Joshi,9414838540,,,"9,785,293,759",3,RJ06PA6803
Shree Joshi,9414838540,,,"9,785,293,759",3,RJ06PA2502
Kalera Travels,9414407272,,,"7,042,099,979",6,RJ29PA3096
Kalera Travels,9414407272,,,"7,042,099,979",6,RJ26PA0312
Kalera Travels,9414407272,,,"7,042,099,979",6,RJ05PA1479
Kalera Travels,9414407272,,,"7,042,099,979",6,RJ14PC7964
Marothiya Travals,9829997872,,,"8,441,987,775",1,RJ21PA1422
Beniwal Bus,9672964695,Barmer,Rajasthan,"9,799,862,695",15,NL07B9595
Rajdhani Express,9736360006,Sirmaur,Himachal Pradesh,"8,219,618,713",1,HP17H3006
MAMTA TRAVELS,9828708069,Sri Ganganagar,Rajasthan,"7,568,612,974",1,RJ07PA5507
Chaudhary,8829049937,Sawai Madhopur,Rajasthan,"9,571,349,967",1,RJ14PG3726
Jarial Bus,9816757358,Hamirpur,Himachal Pradesh,"7,018,809,624",2,HP55D4490
Jarial Bus,9816757358,Hamirpur,Himachal Pradesh,"7,018,809,624",2,HP67A7190
Pundir Pundir 87,9817300087,Sirmaur,Himachal Pradesh,"8,219,618,713",1,HP17C8287
Shiv Bole Yatra Company,9829330119,Dausa,Rajasthan,"8,741,969,313",1,RJ23PA9768
Javed Ali,9414909325,Sawai Madhopur,Rajasthan,"1,495,071,186",2,RJ09PA4853
Chetan Bus,9418491773,Mandi,Himachal Pradesh,"1,493,245,529",2,HP650990
Shirgul Travels,9459168000,Sirmaur,Himachal Pradesh,"8,219,618,713",2,HP718868
Shirgul Travels,9459168000,Sirmaur,Himachal Pradesh,"8,219,618,713",2,HP850868
Chetan Bus,9418491773,Mandi,Himachal Pradesh,"1,493,245,529",2,HP651890
Anuj Apni Bus,9899061737,"Shakarpur, East Delhi, Delhi",Delhi,"9,899,061,737",1,UP51DEMO2
Suraj Dixit Apni Bus Travels,7081682200,Bahraich,Uttar Pradesh,"7,081,682,200",1,UP40DEMO1
MPS,9919878060,Pratapgarh,Uttar Pradesh,"9,717,101,668",1,UP53GT1112
TONY EXPRESS DEMO,9456258522,Gurugram,Haryana,"9,456,258,522",1,DEMO24
Dutta Motor ,8894554010,Una,Himachal Pradesh,"1,494,951,155",2,HP67A1399
Dutta Motor ,8894554010,Una,Himachal Pradesh,"1,494,951,155",2,HP72D1399
Gangarathi Fauji,9838908000,Ambedkar Nagar,Uttar Pradesh,"8,896,208,310",1,UP42CT9596
Karan Singh ,8219304918,Kangra,Himachal Pradesh,"9,877,770,799",1,HP72B0194
K S PALIYE TOUR & TRAVELS,7054003767,Lakhimpur Kheri,Uttar Pradesh,"9,554,991,685",1,UP31BT3767
Hari Gobind Bus,7009483660,Sri Muktsar Sahib,Punjab,"9,814,201,669",1,PB22K6911
Gadwal Tour & Travel,9571414666,Sri Ganganagar,Rajasthan,"8,107,303,491",1,RJ13PA6197
Rai Bus Service,7440792209,Sehore,Madhya Pradesh,"7,000,771,571",1,MP09FA9949
Raj Bus service,9855517544,Ludhiana,Punjab,"9,855,517,544",1,PB10DEMO1
Patial Bus Service,9805000875,Bilaspur,Himachal Pradesh,"8,219,990,300",3,HP673105
Vaishnavi Travels,9453139262,Pratapgarh,Uttar Pradesh,"9,717,101,668",1,UP72AT3012
Patial Bus Service,9805000875,Bilaspur,Himachal Pradesh,"8,219,990,300",3,HP693105
New Sahara Travels,9670861101,Vikas Nagar,Uttar Pradesh,"8,896,208,310",2,UP32WN8893
Jarial Bus,9817007734,Hamirpur,Himachal Pradesh,"7,018,809,624",1,HP55D1790
Javed Ali,9414909325,Sawai Madhopur,Rajasthan,"1,495,071,186",2,RJ25PB5556
Udayvir Travles,8607770085,Gurugram,Haryana,"9,315,883,000",5,HR55AC3875
Udayvir Travles,8607770085,Gurugram,Haryana,"9,315,883,000",5,HR55AU3195
Udayvir Travles,8607770085,Gurugram,Haryana,"9,315,883,000",5,HR55AH3349
Udayvir Travles,8607770085,Gurugram,Haryana,"9,315,883,000",5,HR55Y5530
Udayvir Travles,8607770085,Gurugram,Haryana,"9,315,883,000",5,HR55AB1088
Parihar Travles,9636167644,Bikaner,Rajasthan,"8,107,303,491",1,RJ31PA9129
Raj Bus ,9779881019,Tarn Taran,Punjab,"9,041,995,581",2,PB02DU3673
Gurunanak Bus Transport Company,8003259304,Sri Ganganagar,Rajasthan,"8,107,303,491",1,RJ13PA6380
Lalit Bus,9813020054,Karnal,Haryana,"9,996,295,954",1,HR56B6364
Mehar Singh Bus Service ,8930017851,Hisar,Haryana,"7,404,072,059",1,HR39E8140
Raghuvanshi Bus Service ,9816101579,Bilaspur,Himachal Pradesh,"8,278,786,847",2,HP07F1579
Raghuvanshi Bus Service ,9816101579,Bilaspur,Himachal Pradesh,"8,278,786,847",2,HP62B1579
Mankotia Bus Service ,9816086381,Una,Himachal Pradesh,"9,805,254,456",1,HP72D0381
Dalbir Singh,9914647307,Ludhiana,Punjab,"9,878,835,391",1,PB10CK2621
Shri Pati Travels,8004636969,Chitrakoot,Uttar Pradesh,"9,616,045,267",1,UP96AT5566
Chhabra Travels,9424904444,Dhar,Madhya Pradesh,"7,974,097,527",3,MP45ZG9248
Gurmukh Singh ,9896429630,Ambala,Haryana,"9,996,699,705",1,HR37D7173
K S PALIYE TOUR & TRAVELS,8423570047,Lakhimpur Kheri,Uttar Pradesh,"9,554,991,685",1,UP31T7367
Om Travel,9817070023,Chamba,Himachal Pradesh,"9,805,472,672",1,HP73A4719
Hussain Bus Service,9418887786,Bilaspur,Himachal Pradesh,"8,219,990,300",1,HP89B3786
Chauhan Bus Service,8261891525,Chamba,Himachal Pradesh,"9,805,472,672",1,HP67A5285
Chhabra Travels,9424904444,Dhar,Madhya Pradesh,"7,974,097,527",3,MP11P0842
Shivaay,8181869400,Prayagraj,Uttar Pradesh,"9,616,045,267",1,UP70FT5940
Gurjar Travels ,7974901244,Jhabua,Madhya Pradesh,"7,697,352,660",1,MP45ZG9097
Mittal Travels,9509329193,Sri Ganganagar,Rajasthan,"8,000,304,871",1,RJ13PA9635
Dhiman,9736208500,Hamirpur,Himachal Pradesh,"8,219,990,300",1,HP675612
Gurunanak Bus Service,9649501818,Sri Ganganagar,Rajasthan,"8,107,303,419",1,RJ13PA9455
Raj Bus,9781171302,Tarn Taran,Punjab,"9,041,995,581",1,PB04AD7495
Rana Bus Service,9805133405,Chamba,Himachal Pradesh,"9,877,770,799",1,HP733782
Neelu Traval,8462841660,Bhopal,Madhya Pradesh,"7,987,327,084",1,MP04PA2904
Dubey Travals ,9425446189,Seoni,Madhya Pradesh,"9,770,320,844",1,MP22P0996
Jaswal Bus Service ,9805357660,Una,Himachal Pradesh,"9,805,254,456",1,HP727596
Katna Bus Service,8263904085,Hamirpur,Himachal Pradesh,"8,219,990,300",1,HP67A4551
Unemployed Bus Service ,9816026646,Una,Himachal Pradesh,"9,877,770,799",1,HP72B9646
Kuldeep,9811845006,Gurugram,Haryana,"9,996,295,954",1,HR55AT7170
Shivhare Travels,7898722348,Narmadapuram,Madhya Pradesh,"7,000,771,571",9,MP05P0352
Shivhare Travels,7898722348,Narmadapuram,Madhya Pradesh,"7,000,771,571",9,MP05P0406
Shivhare Travels,7898722348,Narmadapuram,Madhya Pradesh,"7,000,771,571",9,MP09FA6446
Simran Express ,9546296032,Gaya,Bihar,"9,110,013,131",1,BR02PB9087
Vansh Motors,7018442389,Solan,Himachal Pradesh,"8,219,990,300",2,HP69A4077
Brij Mohan Bedi,9816896555,Kangra,Himachal Pradesh,"9,816,110,804",1,HP39G9055
Shrinath Travels,9414187977,Kota,Rajasthan,"7,014,449,479",1,RJ20PC5877
Mandhor Corporative Society ,9896797313,Ambala,Haryana,"9,996,699,705",1,HR37E3207
Devendra  Travels,9887953199,Dholpur,Rajasthan,"8,741,969,313",1,RJ14PD2569
P.R.T.C,9350554872,Rewari,Haryana,"9,529,460,100",1,RJ14PG0515
Vansh Motors,7018442389,Solan,Himachal Pradesh,"8,219,990,300",2,HP69A8686
Happy Travels,9816371857,Solan,Himachal Pradesh,"8,219,618,713",1,HP64C8444
Kashyap Bus Service,7876753632,Bilaspur,Himachal Pradesh,"8,219,990,300",1,HP696899
Deepak Bus Service,9805389898,Kullu,Himachal Pradesh,"7,018,591,533",1,HP66B0819
Rajwinder Bus,9815874947,Amritsar,Punjab,"9,041,995,581",1,PB02CR5674
Parmod Travels,9050542505,Sirsa,Rajasthan,"9,529,460,100",1,RJ14PE1631
N T,9672100001,Sri Muktsar Sahib,Punjab,"9,317,712,349",3,PB30A9546
Kochar Bus Service,9414033061,Sri ganaganagar,Rajasthan,"8,000,304,871",3,RJ13PA9355
Khushi Travels,7722953981,Dhar,Madhya Pradesh,"8,770,859,061",1,MP11ZG3994
N T,9672100001,Sri Muktsar Sahib,Punjab,"9,814,201,669",4,PB04AD6195
N T,9672100001,Sri Muktsar Sahib,Punjab,"9,814,201,669",4,PB30A9546
N T,9672100001,Sri Muktsar Sahib,Punjab,"9,814,201,669",4,PB30R9937
N T,9672100001,Sri Muktsar Sahib,Punjab,"9,814,201,669",4,PB30H9687
Kharian Bus Service ,9050163673,Sirsa,Haryana,"7,404,072,059",1,HR64A4378
Harsana,7877243787,Karauli,Rajasthan,"8,741,969,313",1,RJ34PA4196
Mehta Transport Co.Operative Society,9418056107,Solan,Himachal Pradesh,"8,278,786,847",2,HP63B0909
Muskan Bus,7007216192,Basti,Uttar Pradesh,"8,689,825,611",1,UP42AT7895
Mahadev Travels,8544755510,Sirmaur,Himachal Pradesh,"8,219,618,713",1,HP71A9254
Bajrang Travels,9260976533,Lakhimpur Kheri,Uttar Pradesh,"9,984,196,569",1,UP11AT8985
GKR & GSK Bus Service,9815946937,Gurdaspur,Punjab,"9,041,995,581",1,PB11BU9925
Simran Express ,9546296032,Gaya,Bihar,"9,110,013,131",1,BR02PB8483
Rajta Coach,9816402008,Shimla,Himachal Pradesh,"8,278,786,847",1,HP09A6390
Puri Bus Service ,7650092848,Una,Himachal Pradesh,"9,805,254,456",2,HP72C7336
Joga Singh Vpo Chalal Kala Gurdaspur,9815707931,Gurdaspur,Punjab,"9,041,995,581",1,PB06AD6592
Puri Bus Service ,7650092848,Una,Himachal Pradesh,"9,805,254,456",2,HP72D7236
Prasoon Demo,9035851327,jhajjar,Haryana,"9,035,851,327",1,MPDEMO
Parmod Travels,9050542505,Sirsa,Rajasthan,"9,529,460,100",1,RJ13PA9140
Jaswal Bus Service ,7807121623,Una,Himachal Pradesh,"9,805,254,456",1,HP67A0669D
Basuki  Bus,7018821429,Kullu,Himachal Pradesh,"7,018,591,533",1,HP66A0295
GSS Co Pvt Ltd,9416516799,Rohtak,Haryana,"9,315,883,000",1,HR46G9491
Rahul Bus Service,9926687066,Chhindwara,Madhya Pradesh,"9,770,320,844",2,MP28P0370
Rahul Bus Service,9926687066,Chhindwara,Madhya Pradesh,"9,770,320,844",2,MP28P0343
MURTI,8146055556,Fazilka,Punjab,"9,878,835,391",1,RJ31PA4852
DEMO Apnibus,8875476060,Gurugram,Haryana,"9,341,643,122",9,RJ69:DevTest
Shree Ganesh Travels,8947896332,,,"8,963,055,868",18,RJ39PA8888
Kaila Devi Express Seva,9414150639,Dausa,Rajasthan,"8,741,969,313",1,RJ07PA5413
Khandelwal Travels,8889360111,Dhar,Madhya Pradesh,"1,493,369,528",7,MP46ZE5554
Choudhary Bus,9772067403,,,"6,375,903,107",1,RJ02PA4333
Shekhawat Travels,9414429198,Bikaner,Rajasthan,0,3,RJ37PA3175
Shekhawat Travels,9414429198,Bikaner,Rajasthan,0,3,RJ37PA3160
Guru Nanak Bus Service ,6284368284,Ludhiana,Punjab,"9,878,835,391",3,PB10FV7081
Guru Nanak Bus Service ,6284368284,Ludhiana,Punjab,"9,878,835,391",3,PB13BE4269
Guru Nanak Bus Service ,6284368284,Ludhiana,Punjab,"9,878,835,391",3,PB29R5011
Verma Travels ,7509062252,Bhopal,Madhya Pradesh,"7,987,327,084",4,MP37P0477
New Anjali Bus Service ,7018672694,Kangra,Himachal Pradesh,"9,877,770,799",1,HP65A0241
DEMO Apnibus,8875476060,Gurugram,Haryana,"9,341,643,122",2,DEMOBUS5
Dhaka Transport Company,9929130503,Hanumangarh,Rajasthan,"8,107,303,491",1,RJ13PA7764
Verma Travels ,7509062252,Bhopal,Madhya Pradesh,"7,987,327,084",4,MP04PA3877
Verma Travels ,7509062252,Bhopal,Madhya Pradesh,"7,987,327,084",4,MP04PA2295
Chaudhari Bus,9926605882,,,"9,166,477,977",4,RJ27PB2637
Chaudhari Bus,9926605882,,,"9,166,477,977",4,AR01U2002
Chaudhari Bus,9926605882,,,"9,166,477,977",4,AR01V1001
Rohit Kumar Chasta,8224846051,Mandsaur,Madhya Pradesh,"9,166,533,257",6,MP44LA1125
Manoj Bus Service,9784213248,,,"9,252,526,852",1,RJ29PA1562
Chaudhary Travels,8502996630,,,"7,042,099,979",3,RJ29PA3083
Pahat Tour And Travels,9660802005,,,"8,952,998,194",2,RJ49PA1118
Lok Parivan Bus,7073809468,,,"9,252,526,852",1,RAHULDEMO
Hari Travels,9001559764,,Rajasthan,"7,737,765,533",3,RJ31PB0041
Shree Krishana Travels,9682307717,,,"8,058,299,803",5,RJ02PA3700
Rajasthan Bus Service,9680578816,,,0,4,RJ14PE7748
Yadav Tour And Travels,8875333999,,,"7,042,099,979",1,RJ06PB0115
Md Mahar,7976011303,,,"8,955,697,982",4,RJ19PC1635
Kamal Singh Gurjar,9414185917,,,"7,042,099,979",2,RJ14PD8721
Ravi Bus,9079817486,,,"9,166,477,977",1,RJ20PB1582
Sk Travels Shahpura,9828120421,,,"9,785,293,759",2,RJ51PA0358
Saran Bus Service,9928718402,,,"7,737,765,533",2,RJ50PA4777
Saran Bus Service,9928718402,,,"7,737,765,533",2,RJ50PA2977
Khwaja Ki Deewani,9887825797,,,"9,166,477,977",1,RJ20PB0373
Bhagwati Travels,9828645452,,,"7,689,053,603",1,RJ14PB4012
Basanti Bus,8890164716,,,"9,887,005,855",1,RJ12PA6406
Kumawat Travels,6376899211,,,"7,737,765,533",2,RJ14PB2655
Jabasariya Bus Service,9509674140,,,"7,014,329,821",2,RJ18PA7435
Shree Shyam Travels,9829124815,,,"8,058,299,803",3,RJ23PA7800
Shree Shyam Travels,9829124815,,,"8,058,299,803",3,RJ23PB4433
Shree Shyam Travels,9829124815,,,"8,058,299,803",3,RJ23PB5600
Shree Shyam Travels,9829124815,,,"8,058,299,803",1,RJ18PA4124
Daimaa Travels,7792033212,,,"7,042,099,979",3,RJ14PE6734
Daimaa Travels,7792033212,,,"7,042,099,979",3,RJ36PA2502
Toshina Ajmer,9772054437,,,"8,441,987,775",1,RJ50PA0005
I.B.M. Travels,9079045127,,,0,3,RJ50PA0001
Banna Ji Treval,9468861475,,,"7,042,099,979",2,RJ32PA1808
Banna Ji Treval,9468861475,,,"7,042,099,979",2,RJ29PA3074
Kumawat Bus Service,6350235397,,,"9,610,835,788",1,RJ07PA6181
Shree Devnarayan,9799018308,,,"9,785,293,759",1,RJ06PA1887
Sai Yatra Com.,7746018527,,,"9,166,477,977",15,RJ27PB1001
Sai Yatra Com.,7746018527,,,"9,166,477,977",15,RJ28PA1681
Sai Yatra Com.,7746018527,,,"9,166,477,977",15,RJ20PB5192
Sai Yatra Com.,7746018527,,,"9,166,477,977",15,RJ20PB0999
Sai Yatra Com.,7746018527,,,"9,166,477,977",15,RJ28PA2681
Sai Yatra Com.,7746018527,,,"9,166,477,977",15,RJ28PA3999
Sai Yatra Com.,7746018527,,,"9,166,477,977",15,RJ25PA3449
Sai Yatra Com.,7746018527,,,"9,166,477,977",15,RJ28PA0999
Sai Yatra Com.,7746018527,,,"9,166,477,977",15,RJ20PB2999
Sai Yatra Com.,7746018527,,,"9,166,477,977",15,RJ18PB1319
Pinky Travels,9414933867,,,"7,737,765,533",1,RJ50PA0597
Maa Ashapura Bus,8690713149,,,"9,887,005,855",1,RJ27PA9840
Mahadev Bus,9799641327,,,"9,887,005,855",1,RJ27PA7880
Rajasthan Bus Service,9680578816,,,0,2,RJ26PA0850
Rajasthan Bus Service,9680578816,,,0,2,RJ28PA0682
C.K Parihar Travels,9785107541,,,"8,963,055,868",6,RJ07PB0146
C.K Parihar Travels,9785107541,,,"8,963,055,868",6,RJ07PB9071
C.K Parihar Travels,9785107541,,,"8,963,055,868",6,RJ07PA8765
C.K Parihar Travels,9785107541,,,"8,963,055,868",6,RJ10PA3547
C.K Parihar Travels,9785107541,,,"8,963,055,868",6,RJ07PB9035
Bhawna Travels,8955515396,,,0,1,RJ07PA8414
Shree Sai Travels,9571259941,,,"9,887,005,855",5,RJ27PA7736
Shree Sai Travels,9571259941,,,"9,887,005,855",5,RJ12PA3700
Rajasthan Bus Service,9680578816,,,0,4,RJ01PA2684
Rajasthan Bus Service,9680578816,,,0,4,RJ14PD7614
Rajasthan Bus Service,9680578816,,,0,4,RJ14PE6798
Rajasthan Bus Service,9680578816,,,0,4,RJ01PA2561
Jhajjar Travels,9057219298,,,"7,737,765,533",1,RJ21PA1046
Chamunda Travels,7742537571,,,"7,737,765,533",1,RJ50PA0690
Sancheti Bus Service,9828257025,,,"9,610,835,788",1,RJ50PA0034
Pinky Travels,8290451045,,,"9,610,835,788",1,RJ07PA2225
Saran Bus Service,9828571081,,,"7,737,765,533",1,RJ07PA5039
Shree Jai Bhawani,9958352735,,,"9,887,005,855",1,RJ27PA8085
Lucky Travels,9460956264,,,"7,014,329,821",3,RJ18PB1395
Maa Ashapura Travels,9828141927,,,"9,887,005,855",2,RJ12PA3721
Mahalaxmi Travels,7014810668,,,"9,610,835,788",1,RJ07PA8421
Shree Hari Travels,9660102173,Hanumangarh,Rajasthan,0,1,RJ13PA5750
Laxmi Travels,9414231540,,,"8,619,178,126",2,RJ25PA2107
Abhi Travel,9829428088,,,"9,785,293,759",1,RJ06PB0348
Shree Devi Travel,7023735751,,,"9,785,293,759",1,RJ06PA2683
Kajri Travels,8209972602,,,"9,166,477,977",1,RJ20PB1511
Mahalaxmi Travel,9929904823,,,"9,785,293,759",1,RJ06PA7023
Khetarpal Travels,9460861564,,,"7,737,765,533",2,RJ07PA7567
Mogi Travels,9680117672,,,"8,058,299,803",1,RJ23PB0858
Shah,8875681026,,,"9,166,477,977",1,RJ02PA2767
Sk Tour And Travels,9928518757,,,"8,058,299,803",2,RJ14PE6207
Chandra Raj Travels,9664309229,,,"8,955,697,982",4,AR06A9730
Chandra Raj Travels,9664309229,,,"8,955,697,982",4,RJ19PC0531
Sohana Motors,9779555398,Bathinda,Punjab,0,1,PB03BG0942
Baser Bus,9414737353,,,"9,887,005,855",7,RJ12PA3824
Baser Bus,9414737353,,,"9,887,005,855",7,RJ27PB2968
Baser Bus,9414737353,,,"9,887,005,855",7,RJ27PB3711
Baser Bus,9414737353,,,"9,887,005,855",7,RJ27PA6315
Baser Bus,9414737353,,,"9,887,005,855",7,RJ27PB1665
Lucky Tour And Travels,7878963040,,,"7,014,329,821",2,RJ18PA9573
Bana Travels,9571484437,,,"7,737,765,533",3,RJ07PA7813
Bana Travels,9571484437,,,"7,737,765,533",3,RJ07PA6293
B.G Travels,9799057603,,,"7,023,234,803",4,RJ11PA1922
B.G Travels,9799057603,,,"7,023,234,803",4,RJ11PA2868
Kanchan Travel,9352245830,,,"9,785,293,759",1,RJ06PA5193
Citizan Travels,7568026908,,,"9,166,533,257",1,RJ17PA2538
Balaji Traval,8233393678,,,"8,441,987,775",2,RJ14PD5207
Balaji Traval,8233393678,,,"8,441,987,775",2,RJ21PA1281
Chaturvedi Travels,9414223521,Bharatpur,Rajasthan,"7,023,234,803",4,RJ12PA3420
Bhati Travels,6375777795,,,"9,610,835,788",1,RJ07PB0229
Krishna Travels,8003545808,,,"9,887,005,855",2,RJ27PB3477
Krishna Travels,8003545808,,,"9,887,005,855",2,RJ27PA3246
Geetanjali Bus Service,9828082082,,,"9,887,005,855",4,RJ27PB4688
Geetanjali Bus Service,9828082082,,,"9,887,005,855",4,RJ27PB3192
Geetanjali Bus Service,9828082082,,,"9,887,005,855",4,RJ27PB5624
Geetanjali Bus Service,9828082082,,,"9,887,005,855",4,RJ14PE7888
Nankram Meena,9166996624,,,"7,042,099,979",1,RJ25PA3368
Choudhary Travels,9950490330,,,"9,785,293,759",4,RJ06PA2285
Choudhary Travels,9950490330,,,"9,785,293,759",4,RJ06PA6412
Choudhary Travels,9950490330,,,"9,785,293,759",4,RJ51PA0657
Patel Travels,8005728410,,,"9,887,005,855",1,AR01T3855
Data Ki Deewani,8764016746,,,"9,785,293,759",2,RJ06PA6052
Data Ki Deewani,8764016746,,,"9,785,293,759",2,RJ06PA7318
Choudhary Travels,9785279017,,,"8,058,299,803",4,RJ32PA2972
Shree Panchmukhi Darbar Travels,9829153654,,,"9,785,293,759",1,RJ06PA7020
Sailani Tours & Travels,9414111352,,,0,4,RJ09PA6159
Sailani Tours & Travels,9414111352,,,0,4,RJ09PA6924
Citizan Travels,7568026908,,,"9,166,533,257",3,RJ17PA0374
Safar Travels And Cargo,9660080008,,Rajasthan,"8,441,987,775",10,AR11C5556
Safar Travels And Cargo,9660080008,,Rajasthan,"8,441,987,775",10,AR11D5556
Safar Travels And Cargo,9660080008,,Rajasthan,"8,441,987,775",10,AR11D5655
Safar Travels And Cargo,9660080008,,Rajasthan,"8,441,987,775",10,AR11E5556
Safar Travels And Cargo,9660080008,,Rajasthan,"8,441,987,775",10,AR01U6555
Safar Travels And Cargo,9660080008,,Rajasthan,"8,441,987,775",1,AR11E5556
Singh Travels,7568280670,,,"7,023,234,803",4,RJ18PA8225
Singh Travels,7568280670,,,"7,023,234,803",4,RJ05PA2762
Singh Travels,7568280670,,,"7,023,234,803",4,RJ11PA2448
Deepak Singh Devera,9667758288,Kota,Rajasthan,"9,166,477,977",2,RJ20PA7707
Deepak Singh Devera,9667758288,Kota,Rajasthan,"9,166,477,977",2,RJ20PB2241
Rajguru Travels,9414158925,,,"9,887,005,855",12,AR01S6379
Rajguru Travels,9414158925,,,"9,887,005,855",12,RJ27PC4379
Rajguru Travels,9414158925,,,"9,887,005,855",12,AR01T0779
Rajguru Travels,9414158925,,,"9,887,005,855",12,AR01T6579
Rajguru Travels,9414158925,,,"9,887,005,855",12,AR11C2501
Rajguru Travels,9414158925,,,"9,887,005,855",12,RJ27PC4579
Rajguru Travels,9414158925,,,"9,887,005,855",12,AR01T1679
Rajguru Travels,9414158925,,,"9,887,005,855",12,AR11D7279
Rajguru Travels,9414158925,,,"9,887,005,855",12,AR01Q8179
Rajguru Travels,9414158925,,,"9,887,005,855",12,RJ27PB1479
Rajguru Travels,9414158925,,,"9,887,005,855",12,AR11C7279
Rajguru Travels,9414158925,,,"9,887,005,855",12,AR01T0979
Gorisya Travels,9460369401,,,"8,963,055,868",20,AR01T4747
Gorisya Travels,9460369401,,,"8,963,055,868",20,RJ19PA5100
Gorisya Travels,9460369401,,,"8,963,055,868",20,AR013737
Jhala Travels,7014156649,,,0,8,RJ27PA6813
Jhala Travels,7014156649,,,0,8,MP44ZB7304
Vinayak Travels,6378787275,Bharatpur ,Rajasthan,"7,023,234,803",1,RJ11PA5564
Sishodiya,9982100700,,,"9,166,477,977",2,RJ20PA5815
Jamway Travels,9079838186,,,"8,393,990,942",1,RJ01PA6254
Panchariya Travels,9783311206,,,"7,737,765,533",3,RJ07PA4920
Panchariya Travels,9783311206,,,"7,737,765,533",3,RJ21PA3888
Panchariya Travels,9783311206,,,"7,737,765,533",3,RJ07PA5480
Panchariya Travels,8824118173,,,"7,737,765,533",1,RJ50PA0117
Yadav Tour And Travels,8875333999,,,"7,042,099,979",9,RJ29PA2482
Yadav Tour And Travels,8875333999,,,"7,042,099,979",9,RJ32PA2199
Yadav Tour And Travels,8875333999,,,"7,042,099,979",9,RJ19PB7979
Yadav Tour And Travels,8875333999,,,"7,042,099,979",9,DD01K9998
Yadav Tour And Travels,8875333999,,,"7,042,099,979",9,RJ30PA1983
Yadav Tour And Travels,8875333999,,,"7,042,099,979",9,RJ29PA2219
Budiya Travels,9602570972,,,"9,610,835,788",3,RJ07PB2929
Shree Ganesh Travels,8947896332,,,"8,963,055,868",18,AR06A9083
Shree Ganesh Travels,8947896332,,,"8,963,055,868",18,AR11D3888
Shree Ganesh Travels,8947896332,,,"8,963,055,868",18,AR01T3888
Shree Ganesh Travels,8947896332,,,"8,963,055,868",18,NNL01B4567
Shree Ganesh Travels,8947896332,,,"8,963,055,868",18,RJ39PB8888
Shree Ganesh Travels,8947896332,,,"8,963,055,868",18,AR01R7888
Ranthanbore Express,9772144544,,,0,4,RJ14PC1739
Ranthanbore Express,9772144544,,,0,4,RJ14PA3321
Om Travels,7568663331,,,"8,441,987,775",6,RJ27PB6663
Om Travels,7568663331,,,"8,441,987,775",6,AR11C6663
Om Travels,7568663331,,,"8,441,987,775",6,RJ27PC6366
Om Travels,7568663331,,,"8,441,987,775",6,AR11B6663
Om Travels,7568663331,,,"8,441,987,775",6,RJ03PA6663
Om Travels,7568663331,,,"8,441,987,775",6,RJ27PB6366
Vinayak Travels,6378787275,Bharatpur ,Rajasthan,"7,023,234,803",2,RJ40PA0125
Vinayak Travels,6378787275,Bharatpur ,Rajasthan,"7,023,234,803",2,RJ05PA3220
Mogra Travels,8094314444,,,"9,887,005,855",12,RJ06PA6975
Mogra Travels,8094314444,,,"9,887,005,855",12,RJ51PA0151
Mogra Travels,8094314444,,,"9,887,005,855",12,RJ06PB0191
Mogra Travels,8094314444,,,"9,887,005,855",12,RJ06PA2111
Mogra Travels,8094314444,,,"9,887,005,855",12,RJ27PB5008
Mogra Travels,8094314444,,,"9,887,005,855",12,RJ06PA6191
Shrinath Travels Nakoda,9414155282,,,"9,887,005,855",4,AR01Q7673
Shrinath Travels Nakoda,9414155282,,,"9,887,005,855",4,AR01T2737
Shree Ganesh Travels,6377005150,,,"8,058,299,803",1,RJ18PB0357
Munjal Travels,9417592421,Sri Ganganagar,Rajasthan,0,2,RJ13PA5657
Munjal Travels,9417592421,Sri Ganganagar,Rajasthan,0,2,RJ13PA5627
Chouhan Travels,9414771764,,,"9,166,533,257",4,RJ17PA1222
Chouhan Travels,9414771764,,,"9,166,533,257",4,RJ12PA1756
Kailash Travels,7688919888,,,0,3,RJ30PA0774
Kailash Travels,7688919888,,,0,3,RJ30PA3771
Kailash Travels,7688919888,,,0,3,RJ27PB0298
Munjal Travels,9417592421,Sri Ganganagar,Rajasthan,0,8,RJ13PA7706
Munjal Travels,9417592421,Sri Ganganagar,Rajasthan,0,8,PB03AF7502
Samrathal Travels,9166547166,,,"7,737,765,533",2,RJ07PA5167
Roopam Travels,7868113290,,,"9,610,835,788",2,RJ50PA0125
Roopam Travels,7868113290,,,"9,610,835,788",2,RJ50PB0125
Rahul Travels,7737000010,,,"8,058,299,803",2,RJ18PB2819
Munjal Travels,9417592421,Sri Ganganagar,Rajasthan,0,6,RJ13PB0100
Munjal Travels,9417592421,Sri Ganganagar,Rajasthan,0,6,RJ13PA5780
Munjal Travels,9417592421,Sri Ganganagar,Rajasthan,0,6,RJ13PA8787
Munjal Travels,9417592421,Sri Ganganagar,Rajasthan,0,6,RJ13PA6396
Pinky Travels,9414933867,,,"7,737,765,533",1,RJ50PA0195
S Dhaka Travels,9636200442,,,"9,610,835,788",2,RJ07PA5615
S Dhaka Travels,9636200442,,,"9,610,835,788",2,RJ07PB2662
Mittal Travels,7014199340,Sri Ganganagar,Rajasthan,"8,963,055,868",1,RJ13PA8520
Dhadharwal Travels,6378584367,,,"7,042,099,979",2,RJ14PD8475
Dhadharwal Travels,6378584367,,,"7,042,099,979",2,RJ29PA1325
Vishwakarma Travels,9461479542,,,"9,610,835,788",3,RJ07PA4857
Khan Travels,9928427775,,,"7,737,765,533",1,RJ07PA9426
Chauhan Travels,9588296847,,,"9,610,835,788",1,RJ13PA3215
Priyanshi Travels,9587535351,Alwar,Rajasthan,0,5,RJ02PA4500
Priyanshi Travels,9587535351,Alwar,Rajasthan,0,5,RJ32PA2568
Priyanshi Travels,9587535351,Alwar,Rajasthan,0,5,HR47D4522
Gorisya Travels,9460369401,,,"8,963,055,868",10,RJ19PB3800
Rpts Travels,7742039629,,,0,1,RJ19PB7411
Daleep Singh Tanwar,9460075754,Bikaner,Rajasthan,0,3,RJ49PA0341
Rakesh Bus Service,8952088806,,,"9,166,477,977",8,RJ20PB2093
Rakesh Bus Service,8952088806,,,"9,166,477,977",8,RK20PB0513
Rakesh Bus Service,8952088806,,,"9,166,477,977",8,RJ20PB2731
Rakesh Bus Service,8952088806,,,"9,166,477,977",8,RJ20PB1393
Krishna Motors,9950254715,,,"9,887,005,855",2,RJ14PD2059
Sishodiya,9982100700,,,"9,166,477,977",10,AR01T0372
Sishodiya,9982100700,,,"9,166,477,977",10,RJ20PA9323
Sishodiya,9982100700,,,"9,166,477,977",10,RJ09PA6011
Sishodiya,9982100700,,,"9,166,477,977",10,MP31P1006
Sishodiya,9982100700,,,"9,166,477,977",10,RJ20PA9306
Sishodiya,9982100700,,,"9,166,477,977",10,RJ20PA9307
Sishodiya,9982100700,,,"9,166,477,977",10,RJ20PA9469
Ashok Bus Service,9414418844,,,0,3,AR01Q2925
Ranbanka Tours & Travels,9414831383,,,"9,887,005,855",3,RJ12PA0807
Ranbanka Tours & Travels,9414831383,,,"9,887,005,855",3,RJ27PA9667
Bishnoi Travel,9983385027,Bikaner,Rajasthan,"8,750,710,855",1,RJ13PA5750
Bishnoi Travel,9983385027,Bikaner,Rajasthan,"8,750,710,855",1,RJ07PB1639
Rajnandini Tour & Travels,9929141751,,,0,5,RJ09PA5757
Rajnandini Tour & Travels,9929141751,,,0,5,RJ09PA6957
Rajnandini Tour & Travels,9929141751,,,0,5,RJ09PB3657
Shaktawat Travels,9694193761,,,"9,887,005,855",2,RJ09PB0961
Shree Mateshwari Bus Mangalwar,9929261238,,,"9,887,005,855",1,RJ35PA1168
Shree Mateshwari Bus Mangalwar,9929261238,,,"9,887,005,855",3,RJ09PA4395
Shree Mateshwari Bus Mangalwar,9929261238,,,"9,887,005,855",3,RJ09PA9079
Shree Mateshwari Bus Mangalwar,9929261238,,,"9,887,005,855",3,RJ43PA0579
Malhotra Bus Service,9314792368,,,0,1,RJ02PA4104
Shree Ganesh Travels Vr,9784386217,,,"8,963,055,868",13,AR01O2365
Shree Ganesh Travels Vr,9784386217,,,"8,963,055,868",13,AR01T8969
Shree Ganesh Travels Vr,9784386217,,,"8,963,055,868",13,RJ19PB8967
Shree Ganesh Travels Vr,9784386217,,,"8,963,055,868",13,AR01TN2365
Shree Ganesh Travels Vr,9784386217,,,"8,963,055,868",13,AR01Q2365
Shree Ganesh Travels Vr,9784386217,,,"8,963,055,868",13,AE11C1328
Shree Ganesh Travels Vr,9784386217,,,"8,963,055,868",13,AR01T2365
Shree Ganesh Travels Vr,9784386217,,,"8,963,055,868",13,RJ19PB8968
Shree Ganesh Travels Vr,9784386217,,,"8,963,055,868",13,AR01T1328
Janta Shatabdi Travels,9314960571,,,"8,058,299,803",5,RJ03PA6428
Janta Shatabdi Travels,9314960571,,,"8,058,299,803",5,UP83AT4197
Om Travels,8386824547,,,"8,955,697,982",7,RJ06PA4155
Om Travels,8386824547,,,"8,955,697,982",7,UP80FT1163
Om Travels,8386824547,,,"8,955,697,982",7,UP08FT1164
Om Travels,8386824547,,,"8,955,697,982",7,UP80ET1426
Om Travels,8386824547,,,"8,955,697,982",7,RJ20PB1214
Shaktawat Travels,9799834132,,,"9,887,005,855",1,RJ09PA5457
Shree Nath Travels,9413315633,,,"9,887,005,855",5,RJ09PA5347
Shree Nath Travels,9413315633,,,"9,887,005,855",5,RJ09TA2163
Shree Nath Travels,9413315633,,,"9,887,005,855",5,RJ09PA6180
Shree Nath Travels,9413315633,,,"9,887,005,855",5,RJ09PA5677
R S Naruka,8440851087,,,"8,393,990,942",1,RJ29PA2702
Chaudhary Travels,9602410829,,,"7,737,765,533",1,RJ18PA8672
Gurunanak Travels,9414957781,,,"9,166,533,257",10,RJ17PA3410
Gurunanak Travels,9414957781,,,"9,166,533,257",10,RJ17PA3307
Gurunanak Travels,9414957781,,,"9,166,533,257",10,RJ17PA3064
Gurunanak Travels,9414957781,,,"9,166,533,257",10,RJ20PA5000
Gurunanak Travels,9414957781,,,"9,166,533,257",10,RJ17PA2943
Gurunanak Travels,9414957781,,,"9,166,533,257",10,RJ17PA2657
Gurunanak Travels,9414957781,,,"9,166,533,257",10,RJ17PA3001
Ashok Bus Service,9414418844,,,0,2,RJ35PA2923
Ashok Bus Service,9414418844,,,0,2,RJ12PA3168
Shree Malinath,9928162850,,,"8,963,055,868",7,NL07B0837
Shree Malinath,9928162850,,,"8,963,055,868",7,NL07B0838
Shree Malinath,9928162850,,,"8,963,055,868",7,RJ39PA1710
Shree Malinath,9928162850,,,"8,963,055,868",7,RJ39PA1711
Shree Malinath,9928162850,,,"8,963,055,868",7,AR01T0606
Shree Malinath,9928162850,,,"8,963,055,868",7,RJ39PA1208
Shagun Travels,9855478880,,,"8,058,299,803",5,RJ07PB5151
Shagun Travels,9855478880,,,"8,058,299,803",5,AR01Q7400
Shagun Travels,9855478880,,,"8,058,299,803",5,AR06B4640
Shree Hari Travels,9413601481,Hanumangarh,Rajasthan,"8,750,710,855",10,RJ49PA1098
Shree Janta Tour & Travels,9928715386,,,0,12,RJ27PA7736
Shree Janta Tour & Travels,9928715386,,,0,12,RJ12PB0788
Shree Janta Tour & Travels,9928715386,,,0,12,RJ18PA7177
Shree Janta Tour & Travels,9928715386,,,0,12,RJ27PB2682
Shree Janta Tour & Travels,9928715386,,,0,12,RJ27PB8871
Rajnandini Tour & Travels,9929141751,,,0,20,RJ09PA5257
Rajnandini Tour & Travels,9929141751,,,0,20,RJ09PA6457
Rajnandini Tour & Travels,9929141751,,,0,20,RJ09PB6157
Rajnandini Tour & Travels,9929141751,,,0,20,RJ09PA3657
Rajnandini Tour & Travels,9929141751,,,0,20,RJ09PA6157
Sailani Tours & Travels,9414111352,,,0,15,RJ09PA6600
Hadoti Bus,9079750945,,,"9,166,477,977",1,RJ32PA1942
Zamindar Travels,9785898116,,,"8,750,710,855",2,RJ13PA5819
Zamindar Travels,9785898116,,,"8,750,710,855",2,RJ13PA5817
Shivam Bus Service,7424842430,,,"9,887,005,855",5,RJ35PA1213
Sonu Bus Service,9001242769,Pratapgarh,Rajasthan,"9,887,005,855",11,RJ35PA0625
Sonu Bus Service,9001242769,Pratapgarh,Rajasthan,"9,887,005,855",11,RJ09PA5223
Purshottam Bus Service,9799782823,,,"9,887,005,855",12,RJ35PA1118
Janta Shatabdi Travels,9314960571,,,"8,058,299,803",2,BR01TPQ2791
Janta Shatabdi Travels,9314960571,,,"8,058,299,803",2,AR01R2221
Virat Travels,9413528812,,Rajasthan,0,6,RJ44PA0276
Virat Travels,9413528812,,Rajasthan,0,6,RJ50PA1617
Blue City,7023700681,,,"8,955,697,982",2,AR11D0012
Shaheli Bus,7891254671,Dausa,Rajasthan,"7,042,099,979",2,RJ29PA2338
Sanjay Travels,9251473422,,,"9,950,023,468",4,AR01T4475
Sanjay Travels,9251473422,,,"9,950,023,468",4,AR01T4476
Sanjay Travels,9251473422,,,"9,950,023,468",4,AR06B4604
V.K Jain Travels,9772404245,,,"8,955,697,982",10,RJ19PB0070
V.K Jain Travels,9772404245,,,"8,955,697,982",10,RJ06PB2923
Beniwal Travels,7568684747,,,"8,963,055,868",9,RJ46PA2499
Beniwal Travels,7568684747,,,"8,963,055,868",9,NL07B9595
Beniwal Travels,7568684747,,,"8,963,055,868",9,RJ19PB6695
Beniwal Travels,7568684747,,,"8,963,055,868",9,AR01T1538
Beniwal Travels,7568684747,,,"8,963,055,868",9,NL07B9695
Shivam Travels,9636454534,,,"9,828,553,832",2,RJ27PB0771
V.K. Nandu Travels,7976840113,,,"9,887,005,855",4,RJ07PB3939
V.K. Nandu Travels,7976840113,,,"9,887,005,855",4,RJ07PB6531
Shree Mahaveer Travels,9829239940,,,"8,058,299,803",4,AR01T5821
Shree Mahaveer Travels,9829239940,,,"8,058,299,803",4,NL07B0815
Shree Mahaveer Travels,9829239940,,,"8,058,299,803",4,AR01T9381
Shubham Travels,9680752754,,,"7,042,099,979",2,RJ14PE6000
V.K Jain Travels,9772404245,,,"8,955,697,982",25,RJ01R2900
V.K Jain Travels,9772404245,,,"8,955,697,982",25,RJ06PS2923
V.K Jain Travels,9772404245,,,"8,955,697,982",25,RJ19PB8212
V.K Jain Travels,9772404245,,,"8,955,697,982",25,RJ19PB5016
V.K Jain Travels,9772404245,,,"8,955,697,982",25,AR11D12933
Chaudhary Travels Baana,9784222025,,,0,1,RJ13PA5668
Mayur Travels,7737734472,,,"8,504,999,630",2,RJ22PA3852
Mayur Travels,7737734472,,,"8,504,999,630",2,RJ22PA2334
Parashar Travels,6376739491,Bharatpur,Rajasthan,0,7,RJ11PA4688
Parashar Travels,6376739491,Bharatpur,Rajasthan,0,7,RJ05PA5050
Parashar Travels,6376739491,Bharatpur,Rajasthan,0,7,RJ05PA3600
Parashar Travels,6376739491,Bharatpur,Rajasthan,0,7,RJ32PA2157
Starbus Travels,6376879511,,,"8,504,999,630",1,RJ22PA4248
Bhagwati Travels,9587361010,,,"8,963,055,868",4,AR01T9889
Shree Mahaveer Travels,9829239940,,,"8,058,299,803",5,RJ14PE2151
Jai Shiv Shankar,9828759326,Udaipur,Rajasthan,"9,887,005,855",4,RJ27PA9369
Jai Shiv Shankar,9828759326,Udaipur,Rajasthan,"9,887,005,855",4,RJ27PC9369
Malhotra Bus Service,9314792368,,,0,12,RJ32PA2649
Malhotra Bus Service,9314792368,,,0,12,RJ32PA2643
Malhotra Bus Service,9314792368,,,0,12,RJ34PA2494
Ashok Bus Service,9414418844,,,0,15,AR11D2925
Ashok Bus Service,9414418844,,,0,15,RJ35PA1168
Ashok Bus Service,9414418844,,,0,15,AR11D2933
Ashok Bus Service,9414418844,,,0,15,AR01Q2923
Chandra Raj Travels,9664309229,,,"8,955,697,982",24,RJ46PA1497
Chandra Raj Travels,9664309229,,,"8,955,697,982",24,RJ21PA3796
Chandra Raj Travels,9664309229,,,"8,955,697,982",24,AR01P7826
Chandra Raj Travels,9664309229,,,"8,955,697,982",24,AR01M8430
Chandra Raj Travels,9664309229,,,"8,955,697,982",24,AR01P7825
Chandra Raj Travels,9664309229,,,"8,955,697,982",24,AR01P7827
Chandra Raj Travels,9664309229,,,"8,955,697,982",24,AR01P7828
Chandra Raj Travels,9664309229,,,"8,955,697,982",24,NL01B1463
Chandra Raj Travels,9664309229,,,"8,955,697,982",24,RJ18PB3233
Shree Mahaveer Travels Jaipur,9518625338,,,"8,058,299,803",3,AR01T9445
Chaudhary Travels Baana,9784222025,,,0,3,RJ49PA0338
Chaudhary Travels Baana,9784222025,,,0,3,RJ10PA6036
Mundra Travels,8118877224,,,0,8,RJ09PA2571
Mundra Travels,8118877224,,,0,8,RJ09PB1701
Mundra Travels,8118877224,,,0,8,RJ09PB0717
Mundra Travels,8118877224,,,0,8,RJ51PA0377
Mundra Travels,8118877224,,,0,8,RJ09PC0201
Mundra Travels,8118877224,,,0,8,RJ09PA6451
Mundra Travels,8118877224,,,0,8,RJ09PA6336
Mundra Travels,8118877224,,,0,8,RJ09PA3303
Mundel Travels,7976999630,,,"9,521,650,546",2,RJ21PA2111
Beniwal Travels,9950946328,Barmer,Rajasthan,"8,963,055,868",1,RJ04PA4540
Baladia Bus Service,8209472311,,,"8,750,710,855",4,RJ02PA4849
Baladia Bus Service,8209472311,,,"8,750,710,855",4,RJ02PA5858
Panwar Travels,9798487424,,,"8,058,299,803",5,RJ27PA9558
Panwar Travels,9798487424,,,"8,058,299,803",5,BR28P3262
Tak Travels,9680027423,,,0,2,RJ19PC0333
Tak Travels,9680027423,,,0,2,RJ22PB0333
Meena Travels,9694249861,,,"7,042,099,979",2,RJ05PA0985
Meena Travels,9694249861,,,"7,042,099,979",2,RJ29PA2688
Shri Charbhuja Travels,9610203092,,,0,4,AR01T5050
Shri Charbhuja Travels,9610203092,,,0,4,NL07B0830
Maruti Nandan Travels,7976133400,,,"9,887,005,855",1,RJ09PB2021
Ambika Tavels,9660693425,,,"8,058,299,803",2,RJ18PB1121
Jilani Travels,8209562415,,,"9,887,005,855",2,RJ27PA6438
Jilani Travels,8209562415,,,"9,887,005,855",2,RJ30PA1461
Panwar Travels,9798487424,,,"8,058,299,803",4,AR06B3541
Panwar Travels,9798487424,,,"8,058,299,803",4,AR06B2889
Panwar Travels,9798487424,,,"8,058,299,803",4,RJ27PC4500
Panwar Travels,9798487424,,,"8,058,299,803",4,RJ27PB1836
Rathor Travels,7232052871,,,"9,521,650,546",1,RJ50PA0395
Rathore Travels,9413683275,Sri Ganganagar,Rajasthan,0,6,RJ07PB3868
Rathore Travels,9413683275,Sri Ganganagar,Rajasthan,0,6,RJ07PB3595
Rathore Travels,9413683275,Sri Ganganagar,Rajasthan,0,6,RJ07PB5595
Rathore Travels,9413683275,Sri Ganganagar,Rajasthan,0,6,RJ07PA8317
Rathore Travels,9413683275,Sri Ganganagar,Rajasthan,0,6,RJ07PB3020
Rathore Travels,9413683275,Sri Ganganagar,Rajasthan,0,6,RJ07PB2766
Shiyag Travels,9414924243,,,"9,521,650,546",1,RJ21PA2716
Parshwnath Bus Service,9660646385,,,"9,887,005,855",1,RJ27PA4310
Khawaja Travels,7878074175,,,"9,887,005,855",2,RJ30PA1526
Khawaja Travels,7878074175,,,"9,887,005,855",2,RJ27PA5075
Ashapura Travels,7850939748,,,"9,887,005,855",1,RJ30PA1109
Rs Travels,9929521550,,,"8,058,299,803",2,HR55AC0088
Rs Travels,9929521550,,,"8,058,299,803",2,HR55AC0888
MS Sodha Travels,7737002321,Barmer,Rajasthan,"8,963,055,868",1,RJ04PA2321
Maruti Nandan Travels,7976133400,,,"9,887,005,855",1,RJ27PA2306
Ajmeri Travels,9829798361,,,"9,887,005,855",4,RJ27PA6696
Ajmeri Travels,9829798361,,,"9,887,005,855",4,RJ27PB0625
Ajmeri Travels,9829798361,,,"9,887,005,855",4,RJ27PB1440
Ajmeri Travels,9829798361,,,"9,887,005,855",4,RJ27PB0180
Shri Mahaveer Tour And Travels,9784372254,,,"8,750,710,855",4,RJ14PF0151
Chandra Travels,8078697998,,,"8,963,055,868",6,RJ19PA4271
Chandra Travels,8078697998,,,"8,963,055,868",6,RJ19PA4271
Chandra Travels,8078697998,,,"8,963,055,868",6,RJ07PB1625
Chandra Travels,8078697998,,,"8,963,055,868",6,RJ07PB1225
Chandra Travels,8078697998,,,"8,963,055,868",6,RJ31PA4527
Tak Travels,9680027423,,,0,2,RJ30PA3746
Tak Travels,9680027423,,,0,2,RJ30PA3741
Pooja Travels,9636522228,,,"7,891,234,899",6,AR06A9830
Pooja Travels,9636522228,,,"7,891,234,899",6,AR06A9577
Pooja Travels,9636522228,,,"7,891,234,899",6,RJ19PA4444
Pooja Travels,9636522228,,,"7,891,234,899",6,RJ19PB7400
Pooja Travels,9636522228,,,"7,891,234,899",6,RJ27PC1500
Kaswan Travels,8690505482,,,0,1,RJ10PA6359
Kaswan Travels,8690505482,,,0,1,RJ07PB5666
Maharani Travels,9887053480,Jaipur,Rajasthan,0,2,HR55AJ0777
Maharani Travels,9887053480,Jaipur,Rajasthan,0,2,HR55AJ0222
Shree Mateshwari Bus Mangalwar,9929261238,,,"9,887,005,855",11,RJ09PA4111
Shree Mateshwari Bus Mangalwar,9929261238,,,"9,887,005,855",11,RJ27PB1288
Shree Mateshwari Bus Mangalwar,9929261238,,,"9,887,005,855",11,RJ09PA6506
Shree Mateshwari Bus Mangalwar,9929261238,,,"9,887,005,855",11,RJ30PA2667
Shree Mateshwari Bus Mangalwar,9929261238,,,"9,887,005,855",11,RJ09PA1083
Shree Mateshwari Bus Mangalwar,9929261238,,,"9,887,005,855",11,RJ09PA4111
Shree Mateshwari Bus Mangalwar,9929261238,,,"9,887,005,855",11,RJ09PC1288
Shree Mateshwari Bus Mangalwar,9929261238,,,"9,887,005,855",11,RJ09PA7178
Shree Mateshwari Bus Service Chikarda,9828737399,,,"9,887,005,855",1,RJ30PA2661
Shree Balaji Travels,8503829989,,,"8,058,299,803",8,UP83BT0640
Shree Balaji Travels,8503829989,,,"8,058,299,803",8,RJ14PE5003
Shree Balaji Travels,8503829989,,,"8,058,299,803",8,RJ27PB0639
Shree Balaji Travels,8503829989,,,"8,058,299,803",8,RJ14PD9000
Shree Balaji Travels,8503829989,,,"8,058,299,803",8,RJ14PE5004
Shree Balaji Travels,8503829989,,,"8,058,299,803",8,RJ27PC1836
Shree Balaji Travels,8503829989,,,"8,058,299,803",8,RJ14PE1089
Shree Balaji Travels,8503829989,,,"8,058,299,803",8,UP22AT1195
Chandra Travels,,,,"8,963,055,868",2,RJ07PA4315
Kaswan Travels,,,,0,1,RJ14PD0784
Kaswan Travels,,,,0,5,RJ19PB7686
Kan trvis,,,,"9,783,176,812",1,SUNIL
Mandliya Travels,,,,"9,166,533,257",35,RJ33PA0411
Mandliya Travels,,,,"9,166,533,257",35,RJ33PA0062
Mandliya Travels,,,,"9,166,533,257",35,RJ33PA0507
Mandliya Travels,,,,"9,166,533,257",35,RJ33PA0226
Mandliya Travels,,,,"9,166,533,257",35,RJ09PA4071
Mandliya Travels,,,,"9,166,533,257",35,RJ27PC0991
Mandliya Travels,,,,"9,166,533,257",35,MP14R0711
Mandliya Travels,,,,"9,166,533,257",35,MP14PA0311
Mandliya Travels,,,,"9,166,533,257",35,RJ33PA0161
Mandliya Travels,,,,"9,166,533,257",35,RJ09PA3131
Mandliya Travels,,,,"9,166,533,257",35,RJ33PA0506
Mandliya Travels,,,,"9,166,533,257",35,MP14PA0311
Mandliya Travels,,,,"9,166,533,257",35,RJ33PA0064
Mandliya Travels,,,,"9,166,533,257",35,MP14P0411
Mandliya Travels,,,,"9,166,533,257",35,RJ33PA0311
Mandliya Travels,,,,"9,166,533,257",35,MP14P0410
Mandliya Travels,,,,"9,166,533,257",35,RJ33PA0163
Mandliya Travels,,,,"9,166,533,257",35,RJ27PA6745
Shree Mateshwari Bus Mangalwar,,,,"9,887,005,855",11,RJ09PA1083
Shree Mateshwari Bus Mangalwar,,,,"9,887,005,855",11,RJ09PA6030
Shree Mateshwari Bus Mangalwar,,,,"9,887,005,855",11,RJ09PA6065
Shree Mateshwari Bus Mangalwar,,,,"9,887,005,855",11,RJ09PA6031
Shree Mateshwari Bus Mangalwar,,,,"9,887,005,855",11,RJ09PA1083
Shree Mateshwari Bus Mangalwar,,,,"9,887,005,855",11,RJ09PA6405
Shree Mateshwari Bus Mangalwar,,,,"9,887,005,855",11,RJ30PA2667
Shree Mateshwari Bus Mangalwar,,,,"9,887,005,855",11,RJ30PA2659
Shree Mateshwari Bus Mangalwar,,,,"9,887,005,855",11,RJ09PA6075
Shree Mateshwari Bus Mangalwar,,,,"9,887,005,855",11,RJ09PA6066
Sangwan Travels,,,,"8,058,299,803",7,RJ18PB2929
Tarad Travels,,,,"9,521,650,546",1,RJ21PA3199
Sangwan Travels,,,,"8,058,299,803",1,RJ18PB3003
Naganaray Travels,,,,"8,393,990,942",1,RJ21PA1413
Yadav Travels,9826930333,Ujjain,Madhya Pradesh,"7,697,352,660",9,MP13P5333
Yadav Travels,9826930333,Ujjain,Madhya Pradesh,"7,697,352,660",9,MP13P1333
Yadav Travels,9826930333,Ujjain,Madhya Pradesh,"7,697,352,660",9,MP13DA1333
Yadav Travels,9826930333,Ujjain,Madhya Pradesh,"7,697,352,660",9,MP13P1687
Afsar Tour And Travels,8577850185,Prayagraj,Uttar Pradesh,"9,717,101,668",1,UP26AT0143
Mehtab Apnibus Travel,7014767273,,,"7,014,767,273",1,RJ19DEMO1
S Kumar Bus Service Lanji,9425822568,Balaghat,Madhya Pradesh,"8,305,999,978",4,MP50P2968
Gangs Travels,9828120626,Bharatpur,Rajasthan,"8,741,969,313",1,RJ05PA3637
Shiva Transport,9816743706,Chamba,Himachal Pradesh,"9,816,110,804",2,HP732474
Shiva Transport,9816743706,Chamba,Himachal Pradesh,"9,816,110,804",2,HP73A1156
Krishna Travels,9919196923,Lakhimpur Kheri,Uttar Pradesh,"9,984,196,569",1,UP25FT9839
MRL,9805745000,Solan,Himachal Pradesh,"8,278,786,847",3,HP678681
MRL,9805745000,Solan,Himachal Pradesh,"8,278,786,847",3,HP15E1175
Harsh Motor,7061207921,Gaya,Bihar,"9,110,013,131",1,BR01PE7850
Ritik Travels,9816038603,Solan,Himachal Pradesh,"8,219,618,713",1,HP643402
Bhatti Bus Service Khatrai,7889005243,Amritsar,Punjab,"9,041,995,581",1,PB03N9004
SONU KUMAR APNI BUS TRAVELS,7500979707,,,"7,500,979,707",1,UP11DEMO1
SOLANKI TRAVELS,9955056382,Gaya,Bihar,"9,110,013,131",1,BR02PC7655
Sagar Mal Sharma,9649614251,Bikaner,Rajasthan,"7,568,612,974",1,AR11D0027
Yogeshdhawan Apnibus,8741969313,,,"8,741,969,313",1,RJ29DAMO
Goldy Bus Service,9817685801,Solan,Himachal Pradesh,"8,278,786,847",1,HP64C2560
Tourist Bus,9418034525,Hamirpur,Himachal Pradesh,"7,018,809,624",2,HP672746
Tourist Bus,9418034525,Hamirpur,Himachal Pradesh,"7,018,809,624",2,HP55D1025
Rakesh Choudharydmo,8107303491,,Rajasthan,"8,107,303,491",1,RJ07PADEMO
GSK GRK Bus Service,9815647357,Gurdaspur,Punjab,"9,041,995,581",1,PB06V1174
GKR & GSK Bus Service,9815946937,Gurdaspur,Punjab,"9,041,995,581",1,PB06AK0939
Shashi Kant,9459000740,Chamba,Himachal Pradesh,"9,816,110,804",2,HP73A3370
Albela Bus Service,8795199344,Chitrakoot,Uttar Pradesh,"8,287,258,471",2,UP96T6339
Choudhary Travels,9816820287,Sirmaur,Himachal Pradesh,"8,278,786,847",1,HP20C7503
Keladevi Express,9799522282,Sawai Madhopur,Rajasthan,"7,568,612,974",1,RJ09PA4969
Phougat Bus,9050005592,Rohtak,Haryana,"9,315,883,000",1,HR56B2132
Shashi Kant,9459000740,Chamba,Himachal Pradesh,"9,816,110,804",2,HP73B0740
Shiva Transport,9816743706,Chamba,Himachal Pradesh,"8,278,786,847",4,HP731178
Shiva Transport,9816743706,Chamba,Himachal Pradesh,"8,278,786,847",4,HP73A6778
Khandelwal Travels,8889360111,Dhar,Madhya Pradesh,"7,974,097,527",1,MP09FA8168
Shiva Transport,9816743706,Chamba,Himachal Pradesh,"8,278,786,847",4,HP731471
HANSRAJ TOUR AND TRAVELS,7309000055,Varanasi,Uttar Pradesh,"6,387,958,107",2,UP67BT1845
Chauhan Bus Service,7876033007,Chamba,Himachal Pradesh,"9,877,770,799",1,HP57A7527
Skyline,8894883299,Solan,Himachal Pradesh,"8,278,786,847",1,HP64C3204
Shiva Transport,9816743706,Chamba,Himachal Pradesh,"8,278,786,847",4,HP733550
HANSRAJ TOUR AND TRAVELS,7309000055,Varanasi,Uttar Pradesh,"6,387,958,107",2,UP67BT4908
Pradhuman Singh Rathore,8890040080,Jodhpur,Rajasthan,"7,568,612,974",1,RJ21PA3738
Salasar Bus Transport Company,9813680448,Hisar,Haryana,"7,404,072,059",13,HR39C5819
Neelu Traval,8462841660,Bhopal,Madhya Pradesh,"7,987,327,084",2,MP04PA2457
Shirgul Travels,9805493154,Sirmaur,Himachal Pradesh,"8,278,786,847",1,HP711641
MH TPT (Barnala),9464553094,Faridkot,Punjab,"9,814,201,669",1,PB13BJ4525
Sukhni Bus Service,8094150573,Hanumangarh,Rajasthan,"8,107,303,491",2,RJ31PA2790
Sukhni Bus Service,8094150573,Hanumangarh,Rajasthan,"8,107,303,491",2,RJ09PA5041
Choudhary Bus Service,9418221040,Chamba,Himachal Pradesh,"9,816,110,804",1,HP73A0740
Royal Coach,9418117633,Solan,Himachal Pradesh,"8,278,786,847",1,HP64B7203
Thakur Bus,7018362281,Solan,Himachal Pradesh,"8,278,786,847",2,HP64B3932
Thakur Bus,7018362281,Solan,Himachal Pradesh,"8,278,786,847",2,HP64A5325
Shiv Shakti Tour & Travels,8894259072,Una,Himachal Pradesh,"9,805,254,456",1,HP72B0668
Khandelwal Travels,8889360111,Dhar,Madhya Pradesh,"1,493,369,528",7,MP09FA6561
Kashmi Bus Service,7018081700,Sirmaur,Himachal Pradesh,"8,219,618,713",2,HP17A6712
Khandelwal Travels,8889360111,Dhar,Madhya Pradesh,"1,493,369,528",7,MP11P1375
Jitendra Apni Bus Travels,8630010947,Hathras,Uttar Pradesh,"8,630,010,947",1,UP86DEMO1
Kamboj buss service,8000304871,Sri ganaganagar,Rajasthan,"8,000,304,871",1,RJ13DEMO1
Akash Upadhyay Apnibustravels,9084303351,Budaun,Uttar Pradesh,"9,084,303,351",1,UP24DEMO1
B.Batala,8725080080,Amritsar,Punjab,"9,041,995,581",2,PB06AK9935
B.Batala,8725080080,Amritsar,Punjab,"9,041,995,581",2,PB06AK0680
D.P.S Travels,8619784763,Dausa,Rajasthan,"8,741,969,313",1,RJ29PB2132
Mukesh Kumar,6367989490,Kota,Rajasthan,"9,116,836,667",1,RJ31PA3101
Khandelwal Travels,8889360111,Dhar,Madhya Pradesh,"1,493,369,528",7,MP11P1341
Shashi Kant,9459000740,Chamba,Himachal Pradesh,"9,816,110,804",1,HP652121
Rakesh,7433971888,Dahod,Gujarat,"7,697,352,660",1,GJ20X8886
Khandelwal Travels,8889360111,Dhar,Madhya Pradesh,"1,493,369,528",7,MP11P0774
Rangra Bus Service,8894155581,Hamirpur,Himachal Pradesh,"7,018,809,624",2,HP67A6681
Mukesh Bus Service,8435966888,Jhabua,Madhya Pradesh,"7,697,352,660",1,MP45ZE8885
Harvindera Bus Service,9816050121,Bilaspur,Himachal Pradesh,"8,219,990,300",1,HP672931
Rangra Bus Service,8894155581,Hamirpur,Himachal Pradesh,"7,018,809,624",1,HP67A8681
Rangra Bus Service,8894155581,Hamirpur,Himachal Pradesh,"7,018,809,624",1,HP67A5081
Beniwal Bus,9672964695,Barmer,Rajasthan,"9,799,862,695",15,RJ19PB6177
Sardul Singh,9855258888,Gurdaspur,Punjab,"9,041,995,581",1,PB06J9697
Beniwal Bus,9672964695,Barmer,Rajasthan,"9,799,862,695",15,RJ19PA9505
Beniwal Bus,9672964695,Barmer,Rajasthan,"9,799,862,695",15,RJ04PA9595
Beniwal Bus,9672964695,Barmer,Rajasthan,"9,799,862,695",15,RJ04PB0695
Beniwal Bus,9672964695,Barmer,Rajasthan,"9,799,862,695",15,RJ39PA0695
Harvindera Bus Service,9816050121,Bilaspur,Himachal Pradesh,"8,219,990,300",1,HP67A8121
Albela Bus Service,8795199344,Chitrakoot,Uttar Pradesh,"8,287,258,471",2,UP96T8181
MH TPT (Barnala),9464553094,Faridkot,Punjab,"9,814,201,669",1,PB29M7636
Mht,7696301175,Hoshiarpur,Punjab,"7,717,425,499",1,PB08CX4561
Beniwal Bus,9672964695,Barmer,Rajasthan,"9,799,862,695",15,RJ19PB6695
Krishna Kumar Yogi,8426925197,Jaipur,Rajasthan,"9,529,460,100",1,RJ14PC5626
Naryal Bus Service,9015427578,chamba,Himachal Pradesh,"8,278,786,847",1,HP47B6566
Prasant ApniBus Travels,9991971884,,,"9,991,971,884",1,HR47DEMO1
Pandit Bus Service,9816365897,Una,Himachal Pradesh,"9,805,254,456",1,HP727563
Mahadev Transport,8894369975,Sirmaur,Himachal Pradesh,"8,219,618,713",1,HP719975
Saini Bus Service,6283494867,Gurdaspur,Punjab,"9,877,770,799",1,PB06AD1300
Kashmi Bus Service,7018081700,Sirmaur,Himachal Pradesh,"8,219,618,713",2,HP71A0672
DEMO Apnibus,8875476060,Gurugram,Haryana,0,1,DEMOBUS
Jagdamani Travels,9816692932,Sirmaur,Himachal Pradesh,"8,219,618,713",1,HP711507
Shilu Bus Sarvice,8502924834,Hanumangarh,Rajasthan,"9,116,836,667",1,RJ49PA1043
Beniwal Bus,9672964695,Barmer,Rajasthan,"9,799,862,695",15,RJ04PA4695
Beniwal Bus,9672964695,Barmer,Rajasthan,"9,799,862,695",15,RJ19PB3266
Beniwal Bus,9672964695,Barmer,Rajasthan,"9,799,862,695",15,RJ19PB3270
Beniwal Bus,9672964695,Barmer,Rajasthan,"9,799,862,695",15,NL07B9695
NOUSHAD Apni Bus Travels,9753419753,Khandwa,Madhya Pradesh,"9,753,419,753",1,MP12DEMO1
Hussain Travels,9418014036,Chamba,Himachal Pradesh,"8,278,786,847",1,HP73A7862
Mehta Transport Co.Operative Society,9418056107,Solan,Himachal Pradesh,"8,278,786,847",2,HP14E8999
Vaishnavi Travels,9453139262,Pratapgarh,Uttar Pradesh,"9,717,101,668",1,UP72AT9726
N.T.C,7340332334,Tonk,Rajasthan,"7,014,449,479",1,RJ18PB4620
Walia Travels,9805166188,Kangra,Himachal Pradesh,"7,018,809,624",2,HP37E6760
Walia Travels,9805166188,Kangra,Himachal Pradesh,"7,018,809,624",2,HP68A1489
Mahipal Singh,9413811110,Udaipur,Rajasthan,"7,568,612,974",1,RJ35PA1285
The Khunga Khoti Society Pvt Ltd,9518040837,Jind,Haryana,"7,404,072,059",1,HR56C1882
Bajrang Travels,9260976533,Lakhimpur Kheri,Uttar Pradesh,"9,984,196,569",1,UP34T5654
Gaurav Bus Service ,8628890070,Una,Himachal Pradesh,"9,805,254,456",1,HP72A1688
Tanmaya ,9817110352,Mandi,Himachal Pradesh,"7,018,591,533",1,HP653190
Piyush ,8427834211,Ludhiana,Punjab,"7,717,425,499",2,PB13BG2375
धुंधवाल Bus Sarvice,9610873870,Hanumangarh,Rajasthan,"9,116,836,667",1,RJ49PA1018
LAJHARI BUS SERVICE,8219318775,Mandi,Himachal Pradesh,"7,018,591,533",1,HP304226
N.P.T,9857384800,Mandi,Himachal Pradesh,"7,018,591,533",2,HP306490
Tripathi Travels ,8090947020,Prayagraj,Uttar Pradesh,"6,387,958,107",1,UP70GT9899
Sanvi Travel ,9336360451,Basti,Uttar Pradesh,"8,689,825,611",1,UP70LT7980
Patial Bus Service,9805000875,Bilaspur,Himachal Pradesh,"8,219,990,300",3,HP23D3105
Piyush ,8427834211,Ludhiana,Punjab,"7,717,425,499",2,PB19W3586
N.P.T,9857384800,Mandi,Himachal Pradesh,"7,018,591,533",2,HP65A2121
Kamal Yadav,8789246208,,,"9,110,013,131",5,DEMOSHIV
Chhabra Travels,9424904444,Dhar,Madhya Pradesh,"7,974,097,527",3,MP11P0793
Kamal Yadav,8789246208,,,"9,110,013,131",5,BR02PB9392
Arora,9716110244,Delhi,Delhi,"9,716,110,244",1,DL9CARMANMAT
Sharma Bus,9318503131,Bilaspur,Himachal Pradesh,"8,219,990,300",1,HP694194
Verma Travels ,7509062252,Bhopal,Madhya Pradesh,"7,987,327,084",4,MP04PA3265
Apnibus Nadbai,9571349967,Bharatpur,Rajasthan,"9,341,643,122",1,DEMOJAL
Saurabh Travels GPS,8840313658,Gonda,Uttar Pradesh,"8,896,208,310",1,UP43BT8027
Rana Bus Service ,9418711261,Chamba,Himachal Pradesh,"9,877,770,799",2,HP732324
Kinfed,9418029201,Kinnaur,Himachal Pradesh,"8,278,786,847",4,HP25B0227
Rajesh Kumar Nai ,9950056390,Bikaner,Rajasthan,"7,568,612,974",2,RJ07PB4111
Kinfed,9418029201,Kinnaur,Himachal Pradesh,"8,278,786,847",4,HP25C1163
Yadav Bus Service,9166859743,Alwar,Rajasthan,"9,529,460,100",1,RJ32PA2456
Beniwal Bus,9672964695,Barmer,Rajasthan,"9,799,862,695",15,RJ04PA4538
Manoj,9518135244,Mahendragarh,Haryana,"9,529,460,100",1,RJ32PB4511
Kinfed,9418029201,Kinnaur,Himachal Pradesh,"8,278,786,847",4,HP25C1136
Shekhawat Travels,9610182550,Bikaner,Rajasthan,"8,107,303,491",2,RJ07PB8397
Sardul Singh,9855258888,Gurdaspur,Punjab,"9,041,995,581",1,PB08EU3874
Rajesh Kumar Nai ,9950056390,Bikaner,Rajasthan,"7,568,612,974",2,RJ07PA4953
Rana Bus Service ,9418711261,Chamba,Himachal Pradesh,"9,877,770,799",2,HP73B3277
Shekhawat Travels,9610182550,Bikaner,Rajasthan,"8,107,303,491",2,RJ07PA7374
K.P. Khaira,9452373247,Lakhimpur Kheri,Uttar Pradesh,"9,984,196,569",1,UP31T2267
Hardyal Singh Gill,9700007631,Moga,Punjab,"9,814,201,669",3,PB04V2862
Kinfed,9418029201,Kinnaur,Himachal Pradesh,"8,278,786,847",4,HP25C1145
Jarial Bus,7807672373,Hamirpur,Himachal Pradesh,"7,018,809,624",1,HP676170
Dev Bus,9728663611,Rohtak,Haryana,"9,315,883,000",1,HR46F7892
Hardyal Singh Gill,9700007631,Moga,Punjab,"9,814,201,669",3,PB05AR0742
Neelkanth Bus,8968960447,Rupnagar,Punjab,"9,878,835,391",2,HP72C5857
Shiv Shakti Bus Service,9805948799,Chamba,Himachal Pradesh,"8,278,786,847",1,HP67A0246
Kundu Bus Service,9138383848,Rohtak,Haryana,"9,315,883,000",1,HR56B1276
Neelkanth Bus,8968960447,Rupnagar,Punjab,"9,878,835,391",2,HP72B0755
Bhardawj Co Op TPT Society Limited Jagadhri,9416226805,Yamunanagar,Haryana,"9,996,699,705",1,HR58B1478
Gramin Lok Parivahan,9785545778,Sawai Madhopur,Rajasthan,"9,529,460,100",1,RJ09PA4850
Ayushman,7973950829,Pathankot,Punjab,"9,877,770,799",1,PB12Y5316
Yogesh Bus Service ,7040300001,Una,Himachal Pradesh,"9,805,254,456",1,HP72D1029
Prajapati Travels ,8305393217,Bhopal,Madhya Pradesh,"7,987,327,084",1,MP04PA2933
Puppu Travels ,9931752940,Nawada,Bihar,"9,110,013,131",1,BR27P4463
Keladevi Express,9799522282,Sawai Madhopur,Rajasthan,"7,568,612,974",3,RJ09PA4045
DHIMAN BUS SERVICE ,7560031231,Kullu,Himachal Pradesh,"7,018,591,533",3,HP49A2113
Keladevi Express,9799522282,Sawai Madhopur,Rajasthan,"7,568,612,974",3,RJ25PB0421
Jagriti Bus Service,8894201951,Bilaspur,Himachal Pradesh,"8,219,990,300",1,HP674733
DHIMAN BUS SERVICE ,7560031231,Kullu,Himachal Pradesh,"7,018,591,533",3,HP49A2313
Keladevi Express,9799522282,Sawai Madhopur,Rajasthan,"7,568,612,974",3,RJ09PA4967
DHIMAN BUS SERVICE ,7560031231,Kullu,Himachal Pradesh,"7,018,591,533",3,HP494957
Saini Bus Service,8218193343,Sirmaur,Himachal Pradesh,"8,278,786,847",1,HP722217
Parmod Bus Service ,9694245030,Hanumangarh,Rajasthan,"9,116,836,667",10,RJ10PA5637
Parmod Bus Service ,9694245030,Hanumangarh,Rajasthan,"9,116,836,667",10,RJ31PA3158
MHT BUS SERVICE ,7973885017,Sirsa,Haryana,"9,877,674,046",2,PB03AW1884
Hardyal Singh Gill,9700007631,Moga,Punjab,"9,814,201,669",3,PB03AJ5174
Keladevi Express,9799522282,Sawai Madhopur,Rajasthan,"7,568,612,974",1,RJ09PA4043
Parmod Bus Service ,9694245030,Hanumangarh,Rajasthan,"9,116,836,667",10,RJ49PA1213
Gurunanak Bus Transport Company,8003259304,Sri Ganganagar,Rajasthan,"8,107,303,491",2,RJ13PA5002
Sodha Bus Service,9660956939,Jaisalmer,Rajasthan,"9,799,862,695",5,RJ15PA2247
Chhikara Bus,9812971718,Jhajjar,Haryana,"9,315,883,000",1,HR63F1823
Sodha Bus Service,9660956939,Jaisalmer,Rajasthan,"9,799,862,695",5,RJ19PC1899
Gurunanak Bus Transport Company,8003259304,Sri Ganganagar,Rajasthan,"8,107,303,491",2,RJ13PA4976
Sodha Bus Service,9660956939,Jaisalmer,Rajasthan,"9,799,862,695",5,RJ19PA5418
Sodha Bus Service,9660956939,Jaisalmer,Rajasthan,"9,799,862,695",5,RJ15PA1706
Sodha Bus Service,9660956939,Jaisalmer,Rajasthan,"9,799,862,695",5,RJ22PA0979
Rana Bus,9780000377,Gurdaspur,Punjab,"9,041,995,581",1,PB06V9558
Parmod Bus Service ,9694245030,Hanumangarh,Rajasthan,"9,116,836,667",10,RJ49PA1176
Kartars Bus Service,9463709691,Hoshiarpur,Punjab,"9,341,643,122",1,PB11BF6655
MH TPT (Barnala),9464553094,Faridkot,Punjab,"9,814,201,669",1,PB07BG4582
Uppal Gulmare Travels,9876282297,Gurdaspur,Punjab,"9,041,995,581",1,PB35Q9835
Pitambara Bus Service,9418637471,Kangra,Himachal Pradesh,"7,018,809,624",1,HP67A2885
Avinash Bus Travel ,9999875550,Delhi ,Delhi,"9,999,875,550",1,DL7SDEMO
MHT BUS SERVICE ,7973885017,Sirsa,Haryana,"9,877,674,046",2,PB03AW1885
Bal Majitha Transport,9464119107,Amritsar,Punjab,"9,041,995,581",1,PB03AF1266
Tripathi Travels ,8090947020,Prayagraj,Uttar Pradesh,"6,387,958,107",1,UP65DT7878
Khushi Travels,7722953981,Dhar,Madhya Pradesh,"8,770,859,061",1,MP43ZH4654
Parmod Bus Service ,9694245030,Hanumangarh,Rajasthan,"9,116,836,667",10,RJ10PA9095
Parmod Bus Service ,9694245030,Hanumangarh,Rajasthan,"9,116,836,667",10,RJ10PA9094
Parmod Bus Service ,9694245030,Hanumangarh,Rajasthan,"9,116,836,667",10,RJ10PA5736
Parmod Bus Service ,9694245030,Hanumangarh,Rajasthan,"9,116,836,667",10,RJ18PA4739
Parmod Bus Service ,9694245030,Hanumangarh,Rajasthan,"9,116,836,667",10,RJ10PA5638
Keladevi Express,9799522282,Sawai Madhopur,Rajasthan,"7,568,612,974",1,RJ09PA4970
Ajrana Express,9671999200,Kurukshetra,Haryana,"9,996,699,705",1,HR65A7508
Naresh Apni Bus Travel,8278880959,Bilaspur,Himachal Pradesh,"8,278,880,959",1,HP69DEMO
DEMO Apnibus,8875476060,Gurugram,Haryana,"9,716,110,244",2,TEST6718
Sandhu Bus Service ,6280600788,Sri Muktsar Sahib,Punjab,"9,814,201,669",1,PB30L9441
Rathore Travels,8890330190,Churu,Rajasthan,"8,107,303,491",1,RJ10PA5899
Piyush Travels,9817344777,Sirmaur,Himachal Pradesh,"8,219,618,713",1,HP16A4558
Bobby Bus Service ,9418145409,Bilaspur,Himachal Pradesh,"9,805,254,456",1,HP697049
Jagwinder aingh,9877339108,Sangrur,Punjab,"9,877,674,046",3,PB13W8221
Thakur Bus Service,9418931000,Hamirpur,Himachal Pradesh,"8,427,665,807",2,HP677531
Jagwinder aingh,9877339108,Sangrur,Punjab,"9,877,674,046",3,PB13BJ5721
Shahur Bus Service ,9855554298,Gurdaspur,Punjab,"9,877,770,799",1,PB06L1110
Kumar Travels,8127070456,Pratapgarh,Uttar Pradesh,"9,717,101,668",3,UP44T2147
Parmaar Bus,9459629915,Hamirpur,Himachal Pradesh,"7,018,809,624",1,HP55A5525
Jagwinder aingh,9877339108,Sangrur,Punjab,"9,877,674,046",3,PB13V7821
T K Singh Vahini Travels,8299202328,Balrampur,Uttar Pradesh,"8,896,208,310",1,UP47AT4437
Avinash Kumar,9934804306,Nawada,Bihar,"9,110,013,131",1,BR52A5613
Meena Travels,9783980055,Dausa,Rajasthan,"9,571,349,967",1,RJ09PA4871
kamlesh,9928768456,Lal shot,Rajasthan,"7,568,612,974",1,RJ23PA8750
Thakur Bus Service,9418931000,Hamirpur,Himachal Pradesh,"8,427,665,807",2,HP67A8531
Kumar Travels,8127070456,Pratapgarh,Uttar Pradesh,"9,717,101,668",3,UP44J9986
Kumar Travels,8127070456,Pratapgarh,Uttar Pradesh,"9,717,101,668",3,UP44J9086
Beniwal Travels,9116495050,Barmer,Rajasthan,"9,799,862,695",2,RJ04PA4545
Gautam Bus Service,9816023423,Bilaspur,Himachal Pradesh,"8,219,990,300",2,HP69A3923
Sant Bus Service,9817164400,Bilaspur,Himachal Pradesh,"8,219,990,300",1,HP69A2199
Pawan Kumar ,9587861501,Hanumangarh,Rajasthan,"8,000,304,871",1,RJ13PA5768
Angrej Singh,7696792385,Pathankot,Punjab,"9,877,674,046",1,PB11CR4753
Lali Devi ,9928048559,Dausa,Rajasthan,"8,741,969,313",1,RJ07PA5413
Harjinder Bus,7526840097,Amritsar,Punjab,"9,041,995,581",1,PB02DF9897
Luxmi Bus,8930420500,Rohtak,Haryana,"9,315,883,000",1,HR46F9462
Tandon Bus,9418111541,Chamba,Himachal Pradesh,"9,805,472,672",1,HP47A7541
KHATRA BUS,8968322472,Ludhiana,Punjab,"9,878,835,391",1,PB11DH4755
KHATRA BUS,9781961202,Patiala,Punjab,"9,878,835,391",1,PB11CS3755
Suresh Kanwar,8503949805,Bikaner,Rajasthan,"7,568,612,974",2,RJ18PB3156
Gautam Bus Service,9816023423,Bilaspur,Himachal Pradesh,"8,219,990,300",2,HP69A3423
Radhika Bus Service,8261811004,Mandi,Himachal Pradesh,"8,278,786,847",1,HP665780
MRL,9805745000,Solan,Himachal Pradesh,"8,278,786,847",1,HP64C5531
Piyer Bus,6280407735,Gurdaspur,Punjab,"9,041,995,581",1,PB06V5528
Kadri Coach,8219303834,Sirmaur,Himachal Pradesh,"8,278,786,847",1,HP17J7086
Ashu Bus,8091727532,Sirmaur,Himachal Pradesh,"8,278,786,847",1,HP17B4707
Beniwal Travels,9116495050,Barmer,Rajasthan,"9,799,862,695",2,RJ04PA2546
Suresh Kanwar,8503949805,Bikaner,Rajasthan,"7,568,612,974",2,MP41ZH5262
Shekhawat Travels,8384991549,Bikaner,Rajasthan,"8,107,303,491",1,RJ13PA9501
Friends Bus Service ,9872606511,Mansa,Punjab,"9,877,674,046",1,PB03BQ3511
Rohit Apnibus Travels,8744821137,Ghaziabad,Uttar Pradesh,"7,000,771,571",1,HP67DEMO1
Kaptan Singh ,9602944835,Alwar,Rajasthan,"9,529,460,100",1,RJ02PA5840
BHOLA EXPRESS,8429459600,Ayodhya,Uttar Pradesh,"9,554,991,685",1,UP42CT4154
Gujrati Travels Apni Bus,8875828243,Jaipur ,Rajasthan,"1,112,223,334",1,RJ14DEMO1
Kashyap bus service,9218511175,Bilaspur,Himachal Pradesh,"8,219,990,300",1,HP23D5407
Rana Bus,9780000377,Gurdaspur,Punjab,"9,041,995,581",1,PB03R4865
Prashar Bus Service,9464595959,Pathankot,Punjab,"9,877,770,799",1,PB06L0059
Maja Bus,9855876738,Tarn Taran,Punjab,"9,041,995,581",1,PB02BJ9461
Aditya Apni Bus Travel ,9893054989,indore ,Madhya Pradesh,"1,134,567,890",1,MP09DEMO1
R K BUS SERVICE ,9993154477,Bhopal,Madhya Pradesh,"7,987,327,084",1,MP04PA0243
54 Bus Owner'S Association,9837840452,Udham Singh Nagar,Uttarakhand,"7,689,996,832",2,UK06PA1508
Afaq Travels,8795473355,Pratapgarh,Uttar Pradesh,"9,717,101,668",1,UP72T6569
Jonsingh Meena ,9414160571,Sawai Madhopur,Rajasthan,"9,529,460,100",1,RJ25PA4319
Yadav Bus Service,8053642011,Mahendragarh,Haryana,"9,315,883,000",1,RJ53PA0243
Manpreet Bus,7347263404,Gurdaspur,Punjab,"9,041,995,581",1,PB06V0167
Thakur Bus Service,9418931000,Hamirpur,Himachal Pradesh,"8,427,665,807",2,HP67A5431
54 Bus Owner'S Association,9837840452,Udham Singh Nagar,Uttarakhand,"7,689,996,832",2,UK12PA0031
54 Bus Owner Association,8126903392,Udham Singh Nagar,Uttarakhand,"7,689,996,832",1,UK03PA0122
Narayan ji,9602618009,Jaipur,Rajasthan,"9,529,460,100",2,RJ14PE0825
54 BUS OWNER'S ASSOCIATION,7778891309,Udham Singh Nagar,Uttarakhand,"7,689,996,832",2,UK04PA2141
54 BUS OWNER'S ASSOCIATION,7505852443,Udham Singh Nagar,Uttarakhand,"7,689,996,832",2,UK06PA1469
54 BUS OWNER'S ASSOCIATION,7505852443,Udham Singh Nagar,Uttarakhand,"7,689,996,832",2,UK06PA1518
Sukhdev Bus Service ,8219149622,Kullu,Himachal Pradesh,"7,018,591,533",2,HP66B7222
Bhinder Bus Service,9464624443,Gurdaspur,Punjab,"9,877,770,799",2,PB06BA5032
Narayan ji,9602618009,Jaipur,Rajasthan,"9,529,460,100",2,RJ14PG0065
Gurvinder Singh,9872000278,Jalandhar,Punjab,"9,878,835,391",1,PB08AJ7381
Hardyal Singh Gill,9700007631,Moga,Punjab,"9,814,201,669",1,PB05AT9555
Bhinder Bus Service,9464624443,Gurdaspur,Punjab,"9,877,770,799",2,PB29R4674
54 BUS OWNER'S ASSOCIATION,7778891309,Udham Singh Nagar,Uttarakhand,"7,689,996,832",2,UK06PA0552
Sukhdev Bus Service ,8219149622,Kullu,Himachal Pradesh,"7,018,591,533",2,HP49A1222
Yadav Bus Service,9166859743,Alwar,Rajasthan,"9,529,460,100",1,RJ32PA2782
SINGH BUS,9696384496,Gonda,Uttar Pradesh,"9,554,991,685",1,UP43BT6490
Hardyal Singh Gill,9700007631,Moga,Punjab,"9,814,201,669",1,PB22K4492
Rahul ApniBus Travels,9599962095,Gurugram,Haryana,"8,750,710,855",1,DEMOUK
54 Bus Owner'S Association ,9927340901,Udham Singh Nagar,Uttarakhand,"7,689,996,832",1,UK04PA2101
54 Bus Owner'S Association,8279515354,Udham Singh Nagar,Uttarakhand,"7,689,996,832",2,UK19PA0103
54 Bus Owner'S Association,9012200211,Udham Singh Nagar,Uttarakhand,"7,689,996,832",1,UK06PA1962
Ajrana Express,9671999200,Kurukshetra,Haryana,"9,996,699,705",1,HR65A3158
Hardyal Singh Gill,9700007631,Moga,Punjab,"9,814,201,669",2,PB22K4497
Hardyal Singh Gill,9700007631,Moga,Punjab,"9,814,201,669",2,PB10GK4499
Bobby Bus Service ,9418145409,Bilaspur,Himachal Pradesh,"9,805,254,456",1,HP67A0749
Maja Bus,9855876738,Tarn Taran,Punjab,"9,041,995,581",1,PB11BA7695
Chutara Ram Bus Service ,6376987588,Barmer,Rajasthan,"9,799,862,695",1,RJ19PC6105
Rabnoor Dadwal Bus,9417831426,Hoshiarpur,Punjab,"9,878,835,391",2,PB07AS5845
Rishi Co. Op Tpt,9518605219,Yamunanagar,Haryana,"9,996,699,705",1,HR58B2324
Thaskameeraji Co Op Tpt,9729501772,Kurukshetra,Haryana,"9,996,699,705",1,HR65A3674
Ajay Travels  Apni Bus,8930565611,Mahendergarh,Haryana,"1,234,567,890",1,HR66DEMO
Sukhchain Bus Service,9478459000,Mansa,Punjab,"1,112,223,334",3,PB31L9968
JAI BABA LAL DASS,8708466303,Hisar,Haryana,"7,404,072,059",1,HR39E9214
54 Bus Owner'S Association,7055321835,Udham Singh Nagar,Uttarakhand,"7,689,996,832",1,UK06PA1526
Asiatic Tpt. Service P Ltd,9418014979,Chamba,Himachal Pradesh,"9,877,770,799",1,HP737584
Sukhchain Bus Service,9478459000,Mansa,Punjab,"1,112,223,334",3,PB31P1788
Honey Bus,9805768120,Kangra,Himachal Pradesh,"7,018,809,624",2,HP684386
54 Bus Owner'S Association,8279515354,Udham Singh Nagar,Uttarakhand,"7,689,996,832",2,UK04PA2011
Sukhchain Bus Service,9478459000,Mansa,Punjab,"1,112,223,334",3,PB31P8225
54 Bus Owner'S Association,9719131058,Udham Singh Nagar,Uttarakhand,"7,689,996,832",1,UK06PA1474
Pehwa National Co Op Society Pehwa,9728366391,Ambala,Haryana,"9,996,699,705",1,HR656130
Alok Bus Service,8318495674,Ghazipur,Uttar Pradesh,"6,387,958,107",1,UP61CT1171
Honey Bus,9805768120,Kangra,Himachal Pradesh,"7,018,809,624",2,HP67A1389
Bal Majitha Transport,9464119107,Amritsar,Punjab,"9,041,995,581",1,PB46F9604
VTC Transport,9418045007,Kullu,Himachal Pradesh,"8,219,990,300",1,HP662007
Rabnoor Dadwal Bus,9417831426,Hoshiarpur,Punjab,"9,878,835,391",2,PB07AL8284
Dashrath,6375763187,Hanumangarh,Rajasthan,"9,116,836,667",1,RJ49PA1183
Ashoka Travels,9816801365,Solan,Himachal Pradesh,"8,219,618,713",1,HP643695
Mohit Kochar,7611990988,Sri Ganganagar,Rajasthan,"1,112,223,334",2,RJ13PA8730
Bala Ji Bus Service ,9416077999,Sirsa,Haryana,"7,404,072,059",2,HR63C9427
Neelkanth Bus,8968960447,Rupnagar,Punjab,"9,878,835,391",1,HP72B5657
Suraj Travels,8826963600,Banda,Uttar Pradesh,"8,896,208,310",1,UP90BT0890
Jagat Bus Service,8091753300,Bilaspur,Himachal Pradesh,"9,805,254,456",1,HP69A1475
Jagtora Bus,9817372107,Kangra,Himachal Pradesh,"7,018,809,624",1,HP36G0411
Mohit Kochar,7611990988,Sri Ganganagar,Rajasthan,"1,112,223,334",2,RJ13PA8703
54 Bus Owner Association ,8938908915,Udham Singh Nagar,Uttarakhand,"7,689,996,832",1,UK06PA1635
Abhay Bus Service,7876436077,Bilaspur,Himachal Pradesh,"8,219,990,300",1,HP696019
Jhabber Bus Service ,9812177710,Sirsa,Haryana,"7,404,072,059",1,HR56B8718
AanyaBus Service,9882031233,Shimla,Himachal Pradesh,"8,278,786,847",1,HP63F1233
Lovepreet Bus Service ,9996812143,Kaithal,Haryana,"9,877,674,046",1,HR64A3421
Kailash Apni Bus Travels,9630704321,Jabalpur ,Madhya Pradesh,"1,134,567,890",1,MP20DEMO2
Arora,9716110244,Delhi,Delhi,"1,234,567,890",2,DL9CK7343
Arora,9716110244,Delhi,Delhi,"1,234,567,890",2,DL9CAR1876
Thakur Bus Service,9418931000,Hamirpur,Himachal Pradesh,"8,427,665,807",2,HP67A5331
Choudhary Travels,8219672011,Sirmaur,Himachal Pradesh,"8,219,618,713",1,HP17B6003
धुंधवाल ट्रेवल्स,9660207321,Hanumangarh,Rajasthan,"9,116,836,667",4,RJ49PA0797
Harman Bus Service,9803369400,Bilaspur,Himachal Pradesh,"9,805,254,456",1,HP695713
Vineet Pandey,9213093608,Gautam Buddha Nagar,Uttar Pradesh,"8,081,725,226",1,AR20B5004
GAHARWAR BUS SERVICE,9425889483,Anuppur,Madhya Pradesh,"1,134,567,890",1,MP18P0409
JBKNT BUS SERVICE,9671405500,Mahendragarh,Haryana,"9,315,883,000",1,HR66C6614
Hardyal Singh Gill,9700007631,Moga,Punjab,"9,814,201,669",3,PB10FV2008
Aasta Bus,8626970896,Chamba,Himachal Pradesh,"9,805,472,672",1,HP68A0657
Shekhawat Travels,9680531656,Bikaner,Rajasthan,"8,107,303,491",1,RJ07PA6177
Safar Dinesh Travels,9918521662,Banda,Uttar Pradesh,"8,896,208,310",1,UP90BT4476
Jai Mallinath Travels,8290721291,Barmer,Rajasthan,"9,799,862,695",1,RJ22PA9797
BHATT TRAVEL,9584732393,Anuppur,Madhya Pradesh,"1,134,567,890",1,MP65P0229
Paris Bus Service,9541310029,Hisar,Haryana,"9,996,295,954",1,RJ10PA6096
Thakur Bus Service,9816637543,Shimla,Himachal Pradesh,"9,041,995,581",1,HP06A1551
Rana Bus,9592480006,Gurdaspur,Punjab,"9,041,995,581",1,PB08T4911
धुंधवाल ट्रेवल्स,9660207321,Hanumangarh,Rajasthan,"9,116,836,667",4,RJ49PA1265
धुंधवाल ट्रेवल्स,9660207321,Hanumangarh,Rajasthan,"9,116,836,667",4,RJ49PA0759
Dawat Bus,9805323982,Chamba,Himachal Pradesh,"9,090,878,787",1,HP731640
Bhinder Bus Service,9464624443,Gurdaspur,Punjab,"9,877,770,799",1,PB06V9432
54 Bus Owner'S Assocation,9927522708,Bareilly,Uttarakhand,"7,689,996,832",1,UK07PA1053
SKT,9816015285,Solan,Himachal Pradesh,"8,278,786,847",1,HP62A2167
Chauhan Bus Service ,9813375786,Karnal,Haryana,"9,996,295,954",1,HR45E8364
Kumar Travels,8127070456,Pratapgarh,Uttar Pradesh,"9,717,101,668",1,UP72AT0705
Hardyal Singh Gill,9700007631,Moga,Punjab,"9,814,201,669",3,PB10BU0425
Gursewak Singh,7626859159,Bathinda,Punjab,"9,877,674,046",1,PB03AP2865
Herendraapnibustravel ,7976267521,Bharatpur ,Rajasthan,"1,112,223,334",1,RJ05DEMO1
Shri Paonta Sahib Highway,9805505959,Sirmaur,Himachal Pradesh,"8,219,618,713",1,HP62B2159
Amritpal,7742338822,Bikaner,Rajasthan,"8,107,303,491",1,RJ07PB7804
Shankar Travels,8544734781,Sirmaur,Himachal Pradesh,"8,278,786,847",2,HP17F7755
Vijay Tour And Travels,9928112135,Sri Ganganagar,Rajasthan,"7,568,612,974",1,RJ13PB0077
Rana Bus,9592480006,Gurdaspur,Punjab,"9,041,995,581",1,PB06V2569
GSK GRK Bus Service,9815647357,Gurdaspur,Punjab,"9,877,770,799",1,PB06J9520
धुंधवाल ट्रेवल्स,9660207321,Hanumangarh,Rajasthan,"9,116,836,667",4,RJ49PA0757
Arsh Bus Service ,8057633313,Udham Singh Nagar,Uttarakhand,"7,689,996,832",1,UK18PA0413
PR Travels DEMO,8427665807,Mohali,Punjab,"9,317,712,349",1,DEMOLOCAL
G.S Sodha Travels,9460128024,Barmer,Rajasthan,"8,107,303,491",1,RJ19PB7536
Hardyal Singh Gill,9700007631,Moga,Punjab,"9,814,201,669",3,PB13BM2885
Kaushal Bus Service,9418088248,Bilaspur,Himachal Pradesh,"9,805,254,456",1,HP69A4800
Shankar Travels,8544734781,Sirmaur,Himachal Pradesh,"8,278,786,847",2,HP17C7216
Madan Mohan ,9785852561,Dausa,Rajasthan,"9,529,460,100",1,RJ13PA6983
YADAV BUS SERVICE ,9926648360,Rajgarh,Madhya Pradesh,"1,134,567,890",1,MP39P0807
Shyam Tour & Travels,9929131826,Jaipur,Rajasthan,"9,784,398,449",1,RJ13PA6984
Mandyal Bus,7018451915,Mandi,Himachal Pradesh,"7,018,809,624",1,HP285539
Chudishwar,9816365655,Sirmaur,Himachal Pradesh,"8,219,618,713",1,HP17B3955
Ankit Transport,9050308972,Sultanpur,Uttar Pradesh,"9,717,101,668",1,UP72T3190
Hawa Singh,9729940077,Kaithal,Haryana,"9,996,295,954",1,HR64A4478
Bala Ji Bus Service ,9416077999,Sirsa,Haryana,"7,404,072,059",2,HR62A4169
Shekhawat Travels,9680531656,Bikaner,Rajasthan,"8,107,303,491",2,RJ13PA4407
ADITYA Bus Service,9857860000,Shimla,Himachal Pradesh,"8,278,786,847",2,HP63A1201
New Shivam Bus Service ,8278705143,Mandi,Himachal Pradesh,"7,018,591,533",1,HP65A1777
NEW PATIALA BUS ,9988600702,Fatehgarh Sahib,Punjab,"9,878,835,391",2,PB23T2689
CHHABRA BUS SERVICE,9794885555,Jhansi,Uttar Pradesh,"9,399,400,234",1,UP93ET0685
Krishna Apnibus Treval ,9669253231,Rewa,Madhya Pradesh,"1,134,567,890",1,MP17DEMO1
NEW PATIALA BUS ,9988600702,Fatehgarh Sahib,Punjab,"9,878,835,391",2,PB23T2589
Ankit Transport,9050308972,Sultanpur,Uttar Pradesh,"9,717,101,668",1,UP72T4426
Bhinder Bus Service,9464624443,Gurdaspur,Punjab,"9,877,770,799",1,PB06BF3132
JBKNT BUS SERVICE,9671405500,Mahendragarh,Haryana,"9,315,883,000",1,HR66C5555
Siddhi Vinyak,9418458000,Mandi,Himachal Pradesh,"8,219,990,300",1,HP28A4334
Devi Singh Travels,8219201915,Hamirpur,Himachal Pradesh,"7,018,809,624",1,HP55D4386
Radhika Bus Service,8261811004,Mandi,Himachal Pradesh,"8,278,786,847",2,HP655970
Avni Travels,9736000068,Sirmaur,Himachal Pradesh,"8,219,618,713",1,HP716868
Radhika Bus Service,8261811004,Mandi,Himachal Pradesh,"8,278,786,847",2,HP657574
The Golden Kiran Co Op Tpt,9996485063,Yamunanagar,Haryana,"9,996,699,705",1,HR58A8382
Deepti Singh Travels ,8953652509,Jalaun,Uttar Pradesh,"9,554,991,685",1,UP92AT1075
Raja Bus Service,9418943000,Pathankot,Punjab,"9,877,770,799",1,HP73B4300
mannath,9337392762,Khurdha,Odisha,"9,090,878,787",1,TJ871HTEST89
Jarial Bus,9817007734,Hamirpur,Himachal Pradesh,"7,018,809,624",1,HP55D8990
Lalaram Bus Service ,9636157998,Barmer,Rajasthan,"9,799,862,695",1,RJ19PD1761
New khaira tpt,9956564556,Lakhimpur Kheri,Uttar Pradesh,"9,554,991,685",1,UP31T9042
Basant Bus Service,8091748275,Hamirpur,Himachal Pradesh,"8,219,990,300",1,HP674976
Rana Bus,9592480006,Gurdaspur,Punjab,"9,041,995,581",1,PB06N9767
Lok Parvahan,8079039292,Dholpur,Rajasthan,"8,107,303,491",1,RJ14PD3667
Bhati Trevals,9587511607,Hanumangarh,Rajasthan,"9,116,836,667",1,RJ10PA9177
Walia Bus Service,8580992011,Mandi,Himachal Pradesh,"8,278,880,959",1,HP65A3537
Rajta Coach,9816402008,Shimla,Himachal Pradesh,"8,278,786,847",1,HP63E6390
Mohit Kumar ,9779909665,Ludhiana,Punjab,"9,878,835,391",1,PB13AR4765
Sodha Bus Service,9660956939,Jaisalmer,Rajasthan,"9,799,862,695",5,RJ19PA4656
Raju Ram,7665002967,Bikaner,Rajasthan,"8,107,303,491",2,RJ07PB5188
Sodha Bus Service,9660956939,Jaisalmer,Rajasthan,"9,799,862,695",5,RJ19PA4182C
Sodha Bus Service,9660956939,Jaisalmer,Rajasthan,"9,799,862,695",5,RJ14PE1899
Sodha Bus Service,9660956939,Jaisalmer,Rajasthan,"9,799,862,695",5,RJ04PA4455
Shankar Travels,8544734781,Sirmaur,Himachal Pradesh,"8,278,786,847",1,HP717755
Sodha Bus Service,9660956939,Jaisalmer,Rajasthan,"9,799,862,695",5,RJ20PB3589
Hardyal Singh Gill,9700007631,Moga,Punjab,"9,814,201,669",1,PB03AJ6874
Raju Ram,7665002967,Bikaner,Rajasthan,"8,107,303,491",2,RJ07PB6181
NEW PATIALA BUS ,9988600702,Fatehgarh Sahib,Punjab,"9,878,835,391",8,PB23T2489
Mohanlal Sanwariya,9993793909,Barwani,Madhya Pradesh,"9,589,428,193",1,MP46P0422
NEW PATIALA BUS ,9988600702,Fatehgarh Sahib,Punjab,"9,878,835,391",8,PB10FV6489
Yadav,9555900198,Bhopal,Madhya Pradesh,"8,251,840,422",1,MP48P0327
New Walia Bus,8091908990,Kangra,Himachal Pradesh,"8,427,665,807",2,HP68C1920
New Walia Bus,8091908990,Kangra,Himachal Pradesh,"8,427,665,807",2,HP68A2765
Narpat Singh Chauhan Apnibus,7424913155,Udaipur ,Rajasthan,"1,112,223,334",1,RAJ27DEMO1
NEW PATIALA BUS ,9988600702,Fatehgarh Sahib,Punjab,"9,878,835,391",8,PB11CJ3689
NEW PATIALA BUS ,9988600702,Fatehgarh Sahib,Punjab,"9,878,835,391",8,PB10FV2389
NEW PATIALA BUS ,9988600702,Fatehgarh Sahib,Punjab,"9,878,835,391",8,PB10FV2289
NEW PATIALA BUS ,9988600702,Fatehgarh Sahib,Punjab,"9,878,835,391",8,PB23T8889
NEW PATIALA BUS ,9988600702,Fatehgarh Sahib,Punjab,"9,878,835,391",8,PB10FV6389
NEW PATIALA BUS ,9988600702,Fatehgarh Sahib,Punjab,"9,878,835,391",8,PB23T1489
BLUE HORSE TRAILERS ,7705020120,Lakhimpur Kheri,Uttar Pradesh,"9,554,991,685",3,UP31T9044
Abhishek Apni Bus Travel,7062404364,Jodhpur ,Rajasthan,"9,090,878,787",1,DEMOABHI
Parmod Bus Service ,9694245030,Hanumangarh,Rajasthan,"9,116,836,667",3,RJ10PA8699
Ajeet Kumar Tiwari,8839672116,Raipur,Chhattisgarh,"9,999,875,550",2,CG23H1091
Prince Tour N Travels,9418890884,Chamba,Himachal Pradesh,"9,877,770,799",1,HP47A1084
Parmod Bus Service ,9694245030,Hanumangarh,Rajasthan,"9,116,836,667",3,RJ13PA8341
Gaurav Bus Service ,8628890070,Una,Himachal Pradesh,"9,805,254,456",1,HP72B1688
Ajeet Kumar Tiwari,8839672116,Raipur,Chhattisgarh,"9,999,875,550",2,CG08AN2011
BLUE HORSE TRAILERS ,7705020120,Lakhimpur Kheri,Uttar Pradesh,"9,554,991,685",3,UP31AT1605
BLUE HORSE TRAILERS ,7705020120,Lakhimpur Kheri,Uttar Pradesh,"9,554,991,685",3,UP31T7070
Arun Apni Bus Travel,9816091865,Sirmour,Himachal Pradesh,"1,213,456,789",1,HP13DEMO1
K.P. Khaira,9452373247,Lakhimpur Kheri,Uttar Pradesh,"9,984,196,569",2,UP31T7367
K.P. Khaira,9452373247,Lakhimpur Kheri,Uttar Pradesh,"9,984,196,569",2,UP31BT3767
Jhala travels 80RD,8890301100,Bikaner,Rajasthan,"8,107,303,491",2,RJ19PC5722
Dhaka Travels,8824930006,Hanumangarh,Rajasthan,"8,107,303,491",1,RJ13PA8025
Parmod Bus Service ,9694245030,Hanumangarh,Rajasthan,"9,116,836,667",3,RJ13PA7715
Thakur Bus,8219352131,Chamba,Himachal Pradesh,"9,805,472,672",1,HP73B1192
Gill Travels,9780007760,Moga,Punjab,"9,814,201,669",7,PB04J9766
Gill Travels,9780007760,Moga,Punjab,"9,814,201,669",7,PB13BJ0781
Jai Bhawani Travel ,9001458010,Bikaner,Rajasthan,"7,568,612,974",1,RJ07PC1501
Gill Travels,9780007760,Moga,Punjab,"9,814,201,669",7,PB22K4491
Gill Travels,9780007760,Moga,Punjab,"9,814,201,669",7,PB22K4496
Gill Travels,9780007760,Moga,Punjab,"9,814,201,669",7,PB04AC5278
Gill Travels,9780007760,Moga,Punjab,"9,814,201,669",7,PB13BH5181
Gadwal Tour & Travel,9571414666,Sri Ganganagar,Rajasthan,"9,610,161,200",1,RJ13PA5783
Pushkar Bus Service,7807882283,Sirmaur,Himachal Pradesh,"8,219,990,300",1,HP71A9939
Paris Bus Service,9541310029,Hisar,Haryana,"9,996,295,954",2,HR62A0827
Satnam Bus Service ,9074200092,Sri Muktsar Sahib,Punjab,"9,814,201,669",2,PB30N8707
Durga Highway,8629857772,Solan,Himachal Pradesh,"8,219,618,713",1,HP14C3142
Jhala travels 80RD,8890301100,Bikaner,Rajasthan,"8,107,303,491",2,RJ07PB1450
Sushil Bus Service,9812096950,Hisar,Haryana,"9,996,295,954",1,RJ49PA1458
Happy Bus Services,9418267450,Solan,Himachal Pradesh,"8,219,618,713",1,HP64A2208
Kapila Bus,7018237900,Hamirpur,Himachal Pradesh,"7,018,809,624",1,HP55B4242
Gill Travels,9780007760,Moga,Punjab,"9,814,201,669",7,PB05Q9333
Satnam Bus Service ,9074200092,Sri Muktsar Sahib,Punjab,"9,814,201,669",2,PB30F9392
Dharmesh,8445300241,Mathura,Uttar Pradesh,"8,006,051,819",1,RJ30PB1706
Himmat Singh,9358388507,Baghpat,Uttar Pradesh,"8,081,725,226",9,RJTEST
Pardhan Travels,9812172100,Hisar,Haryana,"9,813,090,607",2,HR39C4231
Kamal Yadav,8789246208,,,"9,110,013,131",5,DEMONIS
Shree Baijnath Bus Service,9981463333,Shajapur,Rajasthan,"8,949,835,997",3,
Shyam Singh,8875094192,Jaisalmer,Rajasthan,"8,233,385,859",1,RJ46PA1899
S Kumar Bus Service Lanji,9425822568,Balaghat,Madhya Pradesh,"8,305,999,978",4,MH35AJ2997
Pankaj Singh,8960072873,,,"8,005,100,830",1,UP42CT1163
SURJIT SINGH,9914920825,Firozpur,Punjab,"9,878,835,391",1,PB08CP9883
Beniwal Bus,9672964695,Barmer,Rajasthan,"9,799,862,695",15,AR11C6717
OBS,9418150101,Solan,Himachal Pradesh,"8,278,786,847",1,HP11A3610
Brar Buss Service,8306844802,Sri Ganganagar,Rajasthan,"8,000,304,871",1,RJ13PB2285
Khatu Shyam Tour & Travels,8059227034,Gurugram,Haryana,"9,315,883,000",1,HR55AU5400
Nitesh Apnibus Travel,9354773288,Jhansi,Uttar Pradesh,"1,134,567,890",1,UP93DEMO1
Shyam Apnibus Travell,7355603516,Prayagraj,Uttar Pradesh,"2,266,565,656",1,UP70DEMO3
Khattra Bus,7814531266,Sahibzada Ajit Singh Nagar,Punjab,"9,878,835,391",1,PB11CS5156
SATWINDER SINGH,8968181689,Ludhiana,Punjab,"9,878,835,391",1,PB10CE7165
Rohit Travels DEMO,8554965755,Baliya,Uttar Pradesh,"2,266,565,656",1,UP60DEMO1
Shiv Express,9906185991,Mahendragarh,Haryana,"9,315,883,000",1,HR66C3811
B.Batala,8725080080,Amritsar,Punjab,"9,041,995,581",1,PB030L4578
Ankit Transport,9050308972,Sultanpur,Uttar Pradesh,"9,717,101,668",1,UP72T1541
Bhagwan Singh,9829182439,Tonk,Rajasthan,"9,529,460,100",1,RJ52PA0204
NK THAKUR BUS,9816721111,Chamba,Himachal Pradesh,"9,805,472,672",1,HP738717
Patial Bus Service,9805345499,Kangra,Himachal Pradesh,"8,219,990,300",1,HP68C0335
Neelgagan Bus Service ,9816507922,Bilaspur,Himachal Pradesh,"9,805,254,456",1,HP696421
Ankit Transport,9050308972,Sultanpur,Uttar Pradesh,"9,717,101,668",1,UP72T3592
Jhunir Bus,9570599705,Mansa,Punjab,"9,877,674,046",1,PB31L7435
Jarial Bus,9817007734,Hamirpur,Himachal Pradesh,"7,018,809,624",2,HP673590
Jarial Bus,9817007734,Hamirpur,Himachal Pradesh,"7,018,809,624",2,HP55A8090
Manohar Lal Bishnoi ,9783229783,Jodhpur,Rajasthan,"8,107,303,491",1,RJ13PA6972
Kartars Bus Service,9463709691,Hoshiarpur,Punjab,"9,878,835,391",2,PB07CH9491
Jarial Bus,9816757358,Hamirpur,Himachal Pradesh,"7,018,809,624",1,HP67A9890
ADITYA Bus Service,9857860000,Shimla,Himachal Pradesh,"8,278,786,847",2,HP63A2442
MURARI BUS SERVICE,9817333788,Mandi,Himachal Pradesh,"8,278,880,959",1,HP31B5569
Shiv Shakti Express,9416454951,Rewari,Haryana,"9,315,883,000",1,HR843900
Gill Bus Service ,8146219617,Ludhiana,Punjab,"9,814,201,669",11,PB13BM2995
Sodha Bus Service,9660956939,Jaisalmer,Rajasthan,"9,599,056,807",15,RJ19PA4182A
Shahur Bus Service,8360834169,Gurdaspur,Punjab,"9,877,770,799",1,PB06V4917
Ankit Transport,9050308972,Sultanpur,Uttar Pradesh,"9,717,101,668",1,UP72T0278
Sardara Express,9416968252,Jhajjar,Haryana,"9,315,883,000",1,HR66B8497
Kartars Bus Service,9463709691,Hoshiarpur,Punjab,"9,878,835,391",2,PB07BW5891
Muskan Travels,9165512000,Mahasamund,Chhattisgarh,"7,987,327,084",2,CG06HD9995
Tirupati Balaji,9198339074,Ambedkar Nagar,Uttar Pradesh,"9,554,991,685",1,UP32XN7452
Baini Prasaad Bus Service,7412853750,Tonk,Rajasthan,"9,529,460,100",1,RJ13PA7246
Muskan Travels,9165512000,Mahasamund,Chhattisgarh,"7,987,327,084",2,CG06HD9994
Pratap Bus Service,9079785251,Bikaner,Rajasthan,"8,107,303,491",2,RJ07PB7271
Sajid Ali,8239110100,Sawai Madhopur,Rajasthan,"1,112,223,334",1,RJ09PA4853
Mahaveer Bus service,9829372120,Bharatpur,Rajasthan,"1,112,223,334",1,RJ29PA4790
Patiala Express,7626905159,Gurdaspur,Punjab,"9,877,770,799",1,PB07AS6986
Subhashchandra Bus Service ,9829895045,Bikaner,Rajasthan,"8,107,303,491",1,RJ07PC0745
The Golden Kiran Co Op Tpt,9996485063,Yamunanagar,Haryana,"9,996,295,954",1,HR58A8296
Brar Buss Service,8306844802,Sri Ganganagar,Rajasthan,"8,000,304,871",1,RJ13PA7869
Pratap Bus Service,9079785251,Bikaner,Rajasthan,"8,107,303,491",2,RJ07PB6950
Pari Bus Service,7018602775,Shimla,Himachal Pradesh,"8,278,786,847",1,HP63F2635
Varma Travels,9698008700,Sehore,Madhya Pradesh,"7,987,327,084",2,MP04PA2550
Varma Travels,9698008700,Sehore,Madhya Pradesh,"7,987,327,084",2,MP37ZB1919
Gori Putra Travels,9827291196,Dhar,Madhya Pradesh,"7,974,097,527",1,MP13ZX4077
Shitla Bus Service,9625323000,Mandi,Himachal Pradesh,"7,018,591,533",2,HP659460
Captain Bus Service,9736621710,Hamirpur,Himachal Pradesh,"8,219,990,300",1,HP743710
Lakhan Singh,9414312815,Bharatpur,Rajasthan,"1,112,223,334",1,MP14ZH5462
Paris Bus Service,9541310029,Hisar,Haryana,"9,996,295,954",2,RJ10PA6040
Arjun Prise Bus Service,9812723425,Hisar,Haryana,"7,404,072,059",1,RJ49PA1147
LUDHIANA HIGHWAY ,8146159445,Patiala,Punjab,"9,878,835,391",1,PB11CV0725
Parvati Valley Transport Company,9816004051,Kullu,Himachal Pradesh,"7,018,591,533",6,HP66A4051
Shitla Bus Service,9625323000,Mandi,Himachal Pradesh,"7,018,591,533",2,HP654400
Parvati Valley Transport Company,9816004051,Kullu,Himachal Pradesh,"7,018,591,533",6,HP660101
Parvati Valley Transport Company,9816004051,Kullu,Himachal Pradesh,"7,018,591,533",6,HP34F4051
Parvati Valley Transport Company,9816004051,Kullu,Himachal Pradesh,"7,018,591,533",6,HP34B2251
BHATT TRAVEL,9584732393,Anuppur,Madhya Pradesh,"1,134,567,890",1,MP65ZB5222
Parvati Valley Transport Company,9816004051,Kullu,Himachal Pradesh,"7,018,591,533",6,HP66A4451
Ankit Transport,9050308972,Sultanpur,Uttar Pradesh,"9,717,101,668",2,UP72CT6010
Parvati Valley Transport Company,9816004051,Kullu,Himachal Pradesh,"7,018,591,533",6,HP34E4051
Vijay Tour And Travels,9928112135,Sri Ganganagar,Rajasthan,"7,568,612,974",5,RJ13PA6737
Vijay Tour And Travels,9928112135,Sri Ganganagar,Rajasthan,"7,568,612,974",5,RJ13PA4977
Vijay Tour And Travels,9928112135,Sri Ganganagar,Rajasthan,"7,568,612,974",5,RJ13PA6562
NK THAKUR BUS,9816721111,Chamba,Himachal Pradesh,"9,805,472,672",1,HP73A8717
Vijay Tour And Travels,9928112135,Sri Ganganagar,Rajasthan,"7,568,612,974",5,RJ13PA6283
Vijay Tour And Travels,9928112135,Sri Ganganagar,Rajasthan,"7,568,612,974",5,RJ13PA4942
MOHALI BUS SERVICE,9877142164,Jalandhar,Punjab,"9,878,835,391",1,PB08CP9997
Gill Travels,9780007760,Moga,Punjab,"9,814,201,669",2,PB19H4525
Honey Travels,9779777607,Mansa,Punjab,"9,814,201,669",3,PB31L9181
Parpur Bus,8360014704,Moga,Punjab,"9,814,201,669",1,PB11BU5625
Honey Travels,9779777607,Mansa,Punjab,"9,814,201,669",3,PB31G6181
Vijay Tour And Travels,9928112135,Sri Ganganagar,Rajasthan,"7,568,612,974",3,RJ07PA6619
Yashu Bus,8894640905,Sirmaur,Himachal Pradesh,"9,816,091,865",1,HP641504
Gill Travels,9780007760,Moga,Punjab,"9,814,201,669",2,PB19H6781
Vijay Tour And Travels,9928112135,Sri Ganganagar,Rajasthan,"7,568,612,974",3,RJ07PA6690
Vijay Tour And Travels,9928112135,Sri Ganganagar,Rajasthan,"7,568,612,974",3,RJ07PA6686
Shekhawat Travels,9680531656,Bikaner,Rajasthan,"8,107,303,491",2,RJ07PB2174
Nikit Apnibus Travels,8770340280,,,"8,506,042,002",1,MP40XDEMO
Siddharth Bus Service,8707221046,Varanasi,Uttar Pradesh,"6,387,958,107",1,UP65NT9395
Honey Travels,9779777607,Mansa,Punjab,"9,814,201,669",3,PB31Z1879
Rahul Travels,9161900188,Jaunpur,Uttar Pradesh,"9,717,101,668",1,UP72AT0819
Ashwani Travel,9728597895,Kaithal,Haryana,"9,996,295,954",1,HR64A2472
Jashan Bus Service ,9468291610,Sirsa,Haryana,"7,404,072,059",1,HR57A7030
Satish Kumar Meena,9588299226,Sawai Madhopur,Rajasthan,"7,568,612,974",1,RJ09PA4933
Parmod Bus Service ,9694245030,Hanumangarh,Rajasthan,"9,116,836,667",10,RJ49PA1451
Mehak Travels,7000472039,Sagar,Madhya Pradesh,"1,134,567,890",2,MP04PA2421
Dhaka Transport Company,9929130503,Hanumangarh,Rajasthan,"8,107,303,491",2,RJ13PA6822
Priyanka Bus,7509501416,Guna,Madhya Pradesh,"7,389,284,665",1,MP04PA3105
Rajindra Bus Service ,9418178841,Hamirpur,Himachal Pradesh,"9,805,254,456",1,HP21B4551
Bhatiya Bus Service ,9215748479,Sirsa,Haryana,"7,404,072,059",1,HR578857
Kartik Bus Service,9416727377,Sirsa,Haryana,"7,404,072,059",1,HR57A0128
Sahu Travels,8963996219,Bhopal,Madhya Pradesh,"7,987,327,084",1,MH11T9991
Luxmi Bus,8930420500,Rohtak,Haryana,"9,315,883,000",1,HR46F8453
Ramswaroop ,9784111159,Jodhpur ,Rajasthan,"9,090,878,787",1,NL0B22475
Dhaka Transport Company,9929130503,Hanumangarh,Rajasthan,"8,107,303,491",2,RJ13PA7769
Jaswant Singh,8427222720,Ludhiana,Punjab,"9,878,835,391",1,PB10EH1727
Dhillon Bus Service ,9465000466,Bathinda,Punjab,"9,877,674,046",1,PB03BN4666
Belal Apnibus Travel ,9554991685,,Uttar Pradesh,"9,554,991,685",1,UP32PW1236
Dalbir Singh,9914647307,Ludhiana,Punjab,"9,878,835,391",1,PB10CK2621
MAA DURGAA,9918804963,Ambedkar Nagar,Uttar Pradesh,"9,554,991,685",1,UP45BT0059
Rawat Bus Service ,9882199728,Sirmaur,Himachal Pradesh,"8,278,786,847",1,HP713700
Surendra,9827053156,Bhopal,Madhya Pradesh,"7,987,327,084",1,MP04PA170
Siddharth Bus Service,8707221046,Varanasi,Uttar Pradesh,"6,387,958,107",1,UP65GT9395
Sagar Bus,8219481913,Hamirpur,Himachal Pradesh,"7,018,809,624",2,HP67A6742
Priyanka Bus,7509501416,Guna,Madhya Pradesh,"7,389,284,665",1,MP33P1886
Sagar Bus,8219481913,Hamirpur,Himachal Pradesh,"7,018,809,624",2,HP21A6115
Chetan Travels DEMO,7597121174,Udaipur,Rajasthan,0,1,RJ27TADEMO
Ashoka Bus Service,9418013543,Solan,Himachal Pradesh,0,1,HP64D0195
RAJASHTHAN LOK PARIVAHN,8742019902,Jaipur,Rajasthan,0,2,RJ32PA3332
Raju Walia Bus ,8679948679,Kangra,Himachal Pradesh,0,1,HP37C5810
Chunu Travels,9805211256,sirmour,Himachal Pradesh,"9,816,091,865",2,HP17C7015
Chunu Travels,9805211256,sirmour,Himachal Pradesh,"9,816,091,865",2,HP17C7016
MHT Bus,9700008625,Moga,Punjab,0,2,PB08CP2968
Vikash Travels,9660687222,Jhunjhunu,Rajasthan,0,4,RJ59PA7031
Vikash Travels,9660687222,Jhunjhunu,Rajasthan,0,4,HR47F3612
राठौर ट्रेवल्स ,9664013760,Sri Ganganagar,Rajasthan,0,1,RJ13PA597
GHOSI EXPRESS,8756276945,Ambedkar Nagar,Uttar Pradesh,0,1,UP45BT6177
Gill Bus Service ,8146219617,Ludhiana,Punjab,"9,814,201,669",1,PB03AY0114
Vikash Travels,9660687222,Jhunjhunu,Rajasthan,0,3,HR47F3612
Rinku Travels,7014561051,Jaipur,Rajasthan,0,3,NL07B0786
Kapila Bus,7018237900,Hamirpur,Himachal Pradesh,"7,018,809,624",2,HP67A0405
Vikash Travels,9660687222,Jhunjhunu,Rajasthan,0,3,RJ14PF7551
Attri Bus Service,9017650176,Panchkula,Haryana,"8,685,997,952",2,HR68B3352
Attri Bus Service,9017650176,Panchkula,Haryana,"8,685,997,952",2,HR68C2400
Shri Ram Bus Service,9728941041,Jhajjar,Haryana,"9,034,236,488",3,HR63D9598
Shri Ram Bus Service,9728941041,Jhajjar,Haryana,"9,034,236,488",3,HR63D7724
Pratap Bus Service,9079785251,Bikaner,Rajasthan,"8,107,303,491",1,RJ07PA7271
Amardeep Travels ,9826456587,Sagar,Madhya Pradesh,0,2,MP15PA0245
RAJASHTHAN LOK PARIVAHN,8742019902,Jaipur,Rajasthan,0,2,HR55AU2396
Amardeep Travels ,9826456587,Sagar,Madhya Pradesh,0,2,MP15PA0345
MHT Bus,9700008625,Moga,Punjab,0,2,PB08CP5693
The Hoshiarpur Doaba Tpt,7589882216,Hoshiarpur,Punjab,0,2,PB07CE9595
Rinku Travels,7014561051,Jaipur,Rajasthan,0,3,NL02B3615
Shri Ram Bus Service,9728941041,Jhajjar,Haryana,"9,034,236,488",3,HR63D0768
Sharma Bus Service,9416162400,Rohtak,Haryana,0,1,HR46F4693
The Hoshiarpur Doaba Tpt,7589882216,Hoshiarpur,Punjab,0,2,PB07BT9595
Sanjay Dalal,9416050048,Rohtak,Haryana,"9,315,883,000",1,HR46F9444
Kapila Bus,7018237900,Hamirpur,Himachal Pradesh,"7,018,809,624",2,HP55B3042
Jai Makali Bus Service,9887596807,Hanumangarh,Rajasthan,"7,689,996,832",1,RJ49PA0073
Amit Kumar,7737461075,Alwar,Rajasthan,"7,357,118,200",1,RJ18PB7131
Hari Gobind Bus,7009483660,Sri Muktsar Sahib,Punjab,"9,814,201,669",1,PB03W4703
Lok Parivahan,8502933478,Dholpur,Rajasthan,"1,112,223,334",1,RJ11PA7166
MR Travels ,8890547215,Barmer,Rajasthan,0,1,AR11B7272
Nikit Apnibus Travels,8770340280,,,"8,506,042,002",1,MP40XDEMO
Rama Bus Service,8219181165,Bilaspur,Himachal Pradesh,0,2,HP697377
Chintpurni Bus Service ,9805500032,Shimla,Himachal Pradesh,0,1,HP63B3232
Hariom Doi,8233333397,Sawai Madhopur,Rajasthan,0,1,RJ09PA4434
Herendraapnibustravel ,7976267521,Bharatpur ,Rajasthan,"1,112,223,334",1,RJ05DEMO2
The Golden Kiran Co Op Tpt,9996485063,Yamunanagar,Haryana,"9,996,699,705",1,HR58B2953
Rajasthan Lok Privahan,9414164941,Lalsot,Rajasthan,"9,529,460,100",1,RJ13PB5763
Rama Bus Service,8219181165,Bilaspur,Himachal Pradesh,0,2,HP69A7377
Shivay Bus Service,9459853378,Shimla,Himachal Pradesh,0,1,HP63E6467
Gautam Bus Service ,9410663301,Agra,Uttar Pradesh,"8,630,010,947",2,UP85ET8747
Gautam Bus Service ,9410663301,Agra,Uttar Pradesh,"8,630,010,947",2,DD01AA9519
Vikash Travels,9660687222,Jhunjhunu,Rajasthan,0,3,RJ59PA7031
JAI BHORAMDEV TRAVEL,9752318699,Kabirdham,Chhattisgarh,"9,893,054,989",1,CG08AN8330
Saxsena Travels,6232950930,Bhopal,Madhya Pradesh,0,1,MP13H3333
Simardeep Tour N Travels,7710646282,Gurdaspur,Punjab,"9,877,770,799",1,PB06AV4397
New Khan Bus Service ,7876767380,Una,Himachal Pradesh,0,1,HP692480
Narayan ji,9602618009,Jaipur,Rajasthan,"9,529,460,100",1,RJ14PG0555
Ruby Travels ,9893111134,Indore ,Madhya Pradesh,"7,974,097,527",1,MP11ZK9773
New Kochar Bus Service,9646596225,Sri Ganganagar,Rajasthan,"8,000,304,871",3,RJ13PA6215
Mithun Apni Bus,7389284665,Shivpuri,Madhya Pradesh,"1,134,567,890",1,MP33DEMO1
Kashi Express ,9214883930,Varanasi,Uttar Pradesh,"6,387,958,107",1,UP64H5542
New Kochar Bus Service,9646596225,Sri Ganganagar,Rajasthan,"8,000,304,871",3,RJ13PA9421
BLUE HORSE TRAILERS ,7705020120,Lakhimpur Kheri,Uttar Pradesh,"9,554,991,685",5,UP81CT9036
BLUE HORSE TRAILERS ,7705020120,Lakhimpur Kheri,Uttar Pradesh,"9,554,991,685",5,UP31AT1718
BLUE HORSE TRAILERS ,7705020120,Lakhimpur Kheri,Uttar Pradesh,"9,554,991,685",5,UP81CT9034
Shree Mahadev Travels,9829370822,Nagaur,Rajasthan,"7,568,612,974",1,NL01B1070
ANSH TINNA,9896153313,Sirsa,Haryana,"7,404,072,059",1,HR57A0013
New Kochar Bus Service,9646596225,Sri Ganganagar,Rajasthan,"8,000,304,871",3,RJ13PA8501
BLUE HORSE TRAILERS ,7705020120,Lakhimpur Kheri,Uttar Pradesh,"9,554,991,685",5,UP31AT4445
Shatabdi Travels,8103934100,Raipur,Chhattisgarh,"9,893,054,989",2,CG05GP9918
Khan Bus,8278750236,Bilaspur,Himachal Pradesh,0,1,HP01B7786
Captain Bus Service,8894573434,Bilaspur,Himachal Pradesh,"8,219,990,300",1,HP69A1273
Parveen Kumar Gadi,8689000022,Sirsa,Haryana,"7,404,072,059",2,HR57A0555
Express Bus Service ,9914403465,Ludhiana,Punjab,0,1,PB11DL1425
GOBIND KHATRA,9815048036,Patiala,Punjab,0,1,PB11CF9774
Anuj,6230002450,Hamirpur,Himachal Pradesh,0,1,HP678985
Jashan Bus Service ,9468291610,Sirsa,Haryana,"7,404,072,059",3,HR579095
Ompal Bus Service,8955698607,Mathura,Uttar Pradesh,"2,266,565,656",1,HR38X4898
Satpal Travel ,9466762660,Yamunanagar ,Haryana,0,1,HR37D5130
Choudhary Travels,9079221337,Ganganagar,Rajasthan,0,1,RJ13PA5151
Jashan Bus Service ,9468291610,Sirsa,Haryana,"7,404,072,059",3,HR579352
MHT ,9876884925,Sri Muktsar Shahib,Punjab,"8,817,015,874",1,PB29M8436
Jhabber Bus Service ,9812177710,Sirsa,Haryana,"7,404,072,059",1,HR574937
GOBIND KHATRA,9779734586,Fatehgarh Sahib,Punjab,"9,878,835,391",1,PB11CL5125
Rinku Travels,7014561051,Jaipur,Rajasthan,0,3,NL02B5415
Simardeep Tour N Travels,7710646282,Gurdaspur,Punjab,0,1,PB13BN9182
Jashan Bus Service ,9468291610,Sirsa,Haryana,"7,404,072,059",3,HR57B2594
Pinku Travels,8219459802,Solan,Himachal Pradesh,"8,219,618,713",1,HP64A4888
GOBIND KHATRA,8437792996,Patiala,Punjab,"9,878,835,391",1,PB07AL4379
Parveen Kumar Gadi,8689000022,Sirsa,Haryana,"7,404,072,059",2,HR57A8535
Rahul Travels,9161900188,Jaunpur,Uttar Pradesh,"9,717,101,668",1,UP42CT4292
Vikas Bus Service ,9625567633,Shahtlai ,Himachal Pradesh,"9,805,254,456",1,HP67A5523
Shatabdi Travels,8103934100,Raipur,Chhattisgarh,"9,893,054,989",2,CG06GZ3400
Rakesh Dewasi,9352049143,Jodhpur,Rajasthan,"7,062,404,364",1,AR01Q1471
Sagar Kumar Apni Bus Travel,9523105533,Patna,Bihar,"2,266,565,656",1,BR01DEMO1
Gourav Travel,6260740284,Gwalior,Madhya Pradesh,"8,770,340,280",1,MP17P0440
Amrik Bus Service ,9815126425,Mansa,Punjab,"9,877,674,046",2,PB31L0165
Amrik Bus Service ,9815126425,Mansa,Punjab,"9,877,674,046",2,PB31P3465
Mankotia Bus Service,9805012447,Una,Himachal Pradesh,"9,805,254,456",1,HP72D1550
Kashi Express ,9214883930,Varanasi,Uttar Pradesh,0,1,UP65BT6413
AVI TRAVEL'S APNIBUS,8083030205,Patna,Bihar,"2,266,565,656",1,BR01DEMO
Roopam Travels,9772505074,Bikaner,Rajasthan,"7,568,612,974",1,RJ07PA6926
Ankit Transport,9050308972,Sultanpur,Uttar Pradesh,"9,717,101,668",2,UP72AT1705
Gautam ApniBus Traval ,7015127010,Samalkha ,Haryana,"7,015,127,010",1,HR67DEMO1
Jarial Bus,7807672373,Hamirpur,Himachal Pradesh,"7,018,809,624",3,HP679181
Jarial Bus,7807672373,Hamirpur,Himachal Pradesh,"7,018,809,624",3,HP55B6186
Nagra Bus Service,9805881999,Sirmaur ,Himachal Pradesh,"8,219,618,713",2,HP17H8739
Shilu Bus Sarvice,8502924834,Hanumangarh,Rajasthan,"9,116,836,667",4,RJ07PA7810
Sadique Apnibus Travel,8102444744,Jamshedpur ,Jharkhand,"8,102,444,744",1,JH05CGDEMO
Shilu Bus Sarvice,8502924834,Hanumangarh,Rajasthan,"9,116,836,667",4,RJ07PA8261
Deepak Travels,7508162486,Hoshiarpur,Punjab,"7,508,162,486",1,PB11DEMO
Shilu Bus Sarvice,8502924834,Hanumangarh,Rajasthan,"9,116,836,667",4,RJ07PA5610
PATEL TRAVLES ,9166127506,Barmer,Rajasthan,"9,799,862,695",1,RJ46PA2957
Chouhan Bus,9575587440,balaghat,Madhya Pradesh,"9,630,704,321",1,MP50P0414
Dabwal Travel ,8295444019,Ambala,Haryana,"9,996,295,954",1,HR58A9771
Gursewak Singh,7626859159,Bathinda,Punjab,"9,877,674,046",1,PB03AY2665
Mad Monk Bus Service ,8219500788,Mandi,Himachal Pradesh,"9,805,254,456",1,HP65A1547
Jarial Bus,7807672373,Hamirpur,Himachal Pradesh,"7,018,809,624",3,HP67A1401
Silu Mahadev Vaali Travels,6376467970,Bikaner,Rajasthan,"8,107,303,491",1,RJ07PB1274
Ganga Singh Bus Service,9587045212,Barmer,Rajasthan,"9,799,862,695",1,RJ04PA1617
Shitla Bus Service,9625323000,Mandi,Himachal Pradesh,"7,018,591,533",1,HP31D4345
Pandit Bus,8894871006,kangra,Himachal Pradesh,"7,018,809,624",1,HP683964
Divyansh Apnibus Travels,9669468585,Sagar,Madhya Pradesh,"9,669,468,585",1,MP15DEMO1
Attal Bus Sarvice ,9872092997,Patiala,Punjab,"7,508,162,486",1,PB13AB9777
Nirmal Singh,9416864731,Ambala,Haryana,"9,996,295,954",1,HR37D9417
Sooraj Demo,7067333398,Gwalior,Madhya Pradesh,0,1,MP08XX1000
Fakira Travels ,7000520310,Dhar,Madhya Pradesh,"7,974,097,527",1,MP13P3888
Tiwari Travels,9425914258,Dhar,Madhya Pradesh,"7,974,097,527",1,MP11P0729
Honey Travels,9779777607,Mansa,Punjab,"9,814,201,669",1,PB31F4181
Paris Bus Service,9541310029,Hisar,Haryana,"9,996,295,954",1,RJ10PA8080
Neelgagan Bus Service ,9816507922,Bilaspur,Himachal Pradesh,"9,805,254,456",1,HP695603
Mahadev Travels,9816454443,Sirmour,Himachal Pradesh,"9,816,091,865",1,HP176977
HIMANSHU APNIBUS TRAVEL,6394075804,JHANSI,Uttar Pradesh,"6,394,075,804",1,UP93DEMO4
Kapoor Travels,9816590001,Sirmour,Himachal Pradesh,"9,816,091,865",2,HP715001
Kapoor Travels,9816590001,Sirmour,Himachal Pradesh,"9,816,091,865",2,HP17C9001
Sooraj Demo,7067333398,Gwalior,Madhya Pradesh,"8,817,015,874",1,MP08XX1000
Uppal Gulmare Travels,9876282297,Gurdaspur,Punjab,"9,041,995,581",1,PB35Q9935
GSK GRK Bus Service,9815647357,Gurdaspur,Punjab,"9,041,995,581",2,PB06C4558
GSK GRK Bus Service,9815647357,Gurdaspur,Punjab,"9,041,995,581",2,PB05L9963
Paris Bus Service,9541310029,Hisar,Haryana,"7,404,072,059",1,RJ10PA6097
Gajender Bus Service,7011363175,bulandshahr,Uttar Pradesh,"9,554,991,685",3,UP13AT2897
Arun Apni Bus Travel ,9536908743,Dehradun,Uttarakhand,"9,536,908,743",1,UK07H3545
Gajender Bus Service,7011363175,bulandshahr,Uttar Pradesh,"9,554,991,685",3,UP13AT1329
Jambh Sakti,9826848344,Harda,Madhya Pradesh,"7,987,327,084",1,MP47ZB3344
Robin Bus,7650000047,Amritsar ,Punjab,"9,041,995,581",1,PB02CC6884
B.Batala,8725080080,Amritsar,Punjab,"9,041,995,581",1,PB02BJ9686
Jasdeep Singh,9770270249,Raipur,Haryana,"9,770,270,249",2,CG04JS7029
Rajnish Kumar,9341643122,Gurugram,Haryana,"1,112,223,334",1,HR26DEMO
Rajnish Kumar,9341643122,Gurugram,Haryana,"9,090,878,787",1,RJ26DEMO
Vikash Kumar ,7878521142,Ganganagar,Rajasthan,"7,568,612,974",1,RJ13PA9723
महरिया ट्रेवल्स ,9588274875,Hanumangarh,Rajasthan,"9,116,836,667",1,RJ49PA0549
BLUE HORSE TRAILERS ,7705020120,Lakhimpur Kheri,Uttar Pradesh,"9,554,991,685",5,UP81CT9035
Kashi Express ,9214883930,Varanasi,Uttar Pradesh,"6,387,958,107",1,UP64T1192
Jagsir Singh,7468830004,Bhatinda,Punjab,"9,878,835,391",1,PB03BF3489
Gajender Bus Service,7011363175,bulandshahr,Uttar Pradesh,"9,554,991,685",3,UP13CT2822
Choudhary Travels,9667545909,Hanumangarh ,Rajasthan,"8,107,303,491",1,RJ31PA4281
Harbindar Gurjar ,7231900527,Karauli,Rajasthan,"9,529,460,100",1,RJ34PA2221
Jasdeep Singh,9770270249,Raipur,Haryana,"9,770,270,249",2,UP32HD1021
धुंधवाल ट्रैवल्स,8949551308,Hanumangarh,Rajasthan,"9,116,836,667",2,RJ21PA5014
Vikas Bus Service ,9625567633,Shahtlai ,Himachal Pradesh,"9,805,254,456",2,HP21C5523
Vikas Bus Service ,9625567633,Shahtlai ,Himachal Pradesh,"9,805,254,456",2,HP695523
Uppal Gulmare Travels,9876282297,Gurdaspur,Punjab,"9,041,995,581",1,PB06E2876
Rajnish Kumar,9341643122,Gurugram,Haryana,"9,341,643,122",1,
Jaimal Bus Service ,9817903636,Chamba,Himachal Pradesh,"9,877,770,799",1,HP73B4747
Ram Kumar Travels,9664069164,Bikaner ,Rajasthan,"7,568,612,974",4,RJ07PB6719
Balaram Apni Bus Travel ,9907218134,Ratlam ,Madhya Pradesh,"9,907,218,134",1,MP43DEMO1
Pankaj Transport,7309699701,Pratapgarh,Uttar Pradesh,"9,717,101,668",4,UP62CT9899
Ram Kumar Travels,9664069164,Bikaner ,Rajasthan,"7,568,612,974",4,RJ07PB6302
Madan Mohan ,9785852561,Dausa,Rajasthan,"9,529,460,100",1,RJ14PG1781
kamlesh,9928768456,Lal shot,Rajasthan,"7,568,612,974",1,RJ25PA3102
Kela Devi Express,9783979899,Sawai Madhopur,Rajasthan,"7,568,612,974",1,RJ13PA5873
Shiv Shakti Pathak Bus Service,9685314727,Damoh,Madhya Pradesh,"9,669,468,585",1,UP65AT7441
Choudhary Travels,9079221337,Ganganagar,Rajasthan,"8,107,303,491",1,RJ13PB2900
N T,9672100001,Sri Muktsar Sahib,Punjab,"9,814,201,669",2,PB30N9937
Mahadev Travels,9805870754,sirmour,Himachal Pradesh,"9,816,091,865",1,HP71A5454
Pankaj Transport,7309699701,Pratapgarh,Uttar Pradesh,"9,717,101,668",4,UP72AT6885
Choudhary Bus,9813210056,Bhiwani,Haryana,"9,315,883,000",1,HR844992
Amanpreet Singh Travels,9872016336,Gurdaspur,Punjab,"9,041,995,581",1,PB65G0265
Priyanka Bus,7509501416,Guna,Madhya Pradesh,"7,389,284,665",1,MP04PA2215
Pankaj Transport,7309699701,Pratapgarh,Uttar Pradesh,"9,717,101,668",4,UP72L9727
Ram Kumar Travels,9664069164,Bikaner ,Rajasthan,"7,568,612,974",4,RJ21PA1697
Ram Kumar Travels,9664069164,Bikaner ,Rajasthan,"7,568,612,974",4,RJ07PB6720
Om Travels,9857150000,Shimla,Himachal Pradesh,"8,278,786,847",1,HP63E1019
Nagra Bus Service,9805881999,Sirmaur ,Himachal Pradesh,"8,219,618,713",2,HP716785
Hardip Bus,8968482047,Turn Taran,Punjab,"9,041,995,581",1,PB02DQ2875
Afsar Apnibus Treval,9529226786,Kota,Rajasthan,"9,529,226,786",1,DEL4465
D K Kapani Demo Apnibus,6376343268,Sri Ganganagar ,Rajasthan,"6,376,343,268",1,RJ07DEMO2
Rajat Apni Bus Travel ,7300936579,Haldwani,Uttarakhand,"7,300,936,579",1,UK04DEMO1
NEW BLUE STAR,9838389394,Lucknow ,Uttar Pradesh,0,2,UP32YN8895
NEW PREM BUS SERVICE,9736176255,Kangra,Himachal Pradesh,"7,018,809,624",5,HP68B0134
NEW BLUE STAR,9838389394,Lucknow ,Uttar Pradesh,0,2,UP32SN8895
Sri Balaji Travels ,7004832914,PATNA,Bihar,"8,083,030,205",2,BR2508283892
HUSAN DEEP SINGH,7837259995,Sri Ganganagar,Rajasthan,"9,116,836,667",1,RJ13PB5758
Mandyal Bus Service ,8988200059,Una,Himachal Pradesh,"9,805,254,456",2,HP727459
Mandyal Bus Service ,8988200059,Una,Himachal Pradesh,"9,805,254,456",2,HP67A4585
Atul Apnibus ,8369096294,Katni,Madhya Pradesh,"8,369,096,294",1,MP21DEMO1
Alok Apnibus Travel,9650586385,Gurgaon,Haryana,"9,650,586,385",1,HR26DC2087
NEW PREM BUS SERVICE,9736176255,Kangra,Himachal Pradesh,"7,018,809,624",5,HP68B0156
NEW PREM BUS SERVICE,9736176255,Kangra,Himachal Pradesh,"7,018,809,624",5,HP68B0127
NEW PREM BUS SERVICE,9736176255,Kangra,Himachal Pradesh,"7,018,809,624",5,HP68B0158
Sri Balaji Travels ,7004832914,PATNA,Bihar,"8,083,030,205",2,BR01PQ9651
Ishrwal Bus,8950486900,Bhiwani,Haryana,"9,315,883,000",1,HR39E3016
Surendra Travels,9799204433,Ganganagar,Rajasthan,"8,107,303,491",2,RJ13PB2555
Patiala Express,9815152408,Ludhiana ,Punjab,"9,878,835,391",1,PB11CB6625
N T,9672100001,Sri Muktsar Sahib,Punjab,"9,814,201,669",2,PB30AB9937
Surendra Travels,9799204433,Ganganagar,Rajasthan,"8,107,303,491",2,RJ13PA7791
Robin Bus,7650000047,Amritsar ,Punjab,"9,041,995,581",1,PB02CR9849
Thurwal Travels,9660271611,Dausa,Rajasthan,"9,529,460,100",1,RJ14PE2738
Apni Bus Travels,6261507122,Raipur,Chhattisgarh,"6,261,507,122",1,CG04DEMO1
Patiala Highway Bus Express ,9041835863,Patiala ,Punjab,"7,508,162,486",1,PB11DL2125
Jeetendra Apnibus Trevals ,7000532942,Gwalior ,Madhya Pradesh,"7,000,532,942",1,MP04DEMO1
Jagdish Apnibus ,9691365341,Ujjain,Madhya Pradesh,"9,691,365,341",1,MP13DEMO1
Patial Bus,9816999322,Kangra,Himachal Pradesh,"7,018,809,624",1,HP68A5482
PATIALA HIGHWAY ,8284090751,Fatehgarh Sahib,Punjab,"9,878,835,391",1,PB11CB1781
M/S The Dilkhush CO. OP. TPT,9991616092,Yamunanagar,Haryana,"9,996,295,954",1,HR58B1692
BISHNOI TRAVELS,9001505418,Ganganagar,Rajasthan,"8,875,828,243",1,RJ31PB1941
Aaryan Bus Service,9816401112,Mandi,Himachal Pradesh,"7,018,591,533",1,HP67A5685
Shilu Bus Sarvice,8502924834,Hanumangarh,Rajasthan,"9,116,836,667",4,RJ49PA1496
Gill Travels,9780007760,Moga,Punjab,"9,814,201,669",1,PB03AJ6315
Hussain Bus,8278791785,chamba,Himachal Pradesh,"9,805,472,672",1,HP736385
The Prince Copp,9991488820,Yamuna Nagar,Haryana,"9,991,488,820",1,HR58B6726
Dhuri Travels,6280916604,Sangrur,Punjab,"9,878,835,391",1,PB13BF3278
Patiala Express ,9206800087,Fatehgarh Sahib,Punjab,"9,878,835,391",1,PB11BY9825
Jat Travels ,9826943388,Harda,Madhya Pradesh,"7,974,097,527",1,MP47ZE1222
PATIALA BUS HIGHWAY SERVICE,9501902847,MALERKOTLA ,Punjab,"9,878,835,391",1,PB11DK9725
Sharam Travles,8890000650,Bikaner ,Rajasthan,"8,107,303,491",2,RJ13PA8065
Siddharth Bus Service,8707221046,Varanasi,Uttar Pradesh,"6,387,958,107",1,UP65NT5758
BHAWANI TRAVELS,7023709551,Churu,Rajasthan,"7,568,612,974",1,RJ10PB5007
Sharam Travles,8890000650,Bikaner ,Rajasthan,"8,107,303,491",2,RJ07PB6810
Amit Apnibus Travel ,9813090676,Hisar,Haryana,"9,813,090,676",1,HR39DEMO2
Patial Bus Service,9218600975,Bilaspur,Himachal Pradesh,"8,219,990,300",1,HP696599
Ravi Travels,7985222803,Ballia,Uttar Pradesh,"8,554,965,755",1,UP53CT7613
Priyanka Bus,8085569610,Guna,Madhya Pradesh,"7,389,284,665",2,MP10P2999
Sheetal Bus Service ,8894302460,Mandi,Himachal Pradesh,"7,018,591,533",1,HP65A2460
Kalgidhar Trasport ,9815337140,Phagwara ,Punjab,"9,814,201,669",1,PB29R2766
Robin Bus,7650000047,Amritsar ,Punjab,"9,041,995,581",1,PB02CR9850
Manoj Kumar Gurjar ,8690269064,Jaipur,Rajasthan,"9,529,460,100",1,HR74B3784
Rahul Bus Service DEMo,9990684137,lucknow,Uttar Pradesh,"9,990,684,137",1,UP32DOMO2
Robin Bus,7650000047,Amritsar ,Punjab,"9,041,995,581",1,PB02CC6696
M/S Chirag Travels,9414122974,Pali,Rajasthan,"7,568,612,974",1,RJ07PB6012
Kartars Bus Service,9463709691,Hoshiarpur,Punjab,"9,877,770,799",1,PB07X5991
Bal Majitha Transport,9464119107,Amritsar,Punjab,"9,041,995,581",2,PB02BV9857
Saraswati Travels,9620945754,jamshedpur,Jharkhand,"9,110,013,131",2,JH05DV4984
Patiala Express ,9206800087,Fatehgarh Sahib,Punjab,"9,878,835,391",1,PB11CB1787
Mandyal Bus Service ,9816863872,Amb,Himachal Pradesh,"9,805,254,456",1,HP72D6579
Bala Ji Bus Service ,9416077999,Sirsa,Haryana,"9,416,077,999",2,HR57A8535
Bala Ji Bus Service ,9416077999,Sirsa,Haryana,"9,416,077,999",2,HR57A0555
Priyanka Bus,8085569610,Guna,Madhya Pradesh,"7,389,284,665",2,MP08P0436
Bist Bus Service,9012705320,Pithoragarh,Uttarakhand,"7,689,996,832",2,UK04PA7076
Shree IR Dada ,9001934672,Barmer ,Rajasthan,"9,799,862,695",1,RJ39PA2581
Bist Bus Service,9012705320,Pithoragarh,Uttarakhand,"7,689,996,832",2,UK04PA7176
Fatehgarh Transport Bus ,9855611677,Patiala ,Punjab,"7,508,162,486",2,PB03BJ3331
Vijat Bus,9816754356,Sirmour,Himachal Pradesh,"9,816,091,865",1,HP715968
Ramavtar,9929961112,Bikaner ,Rajasthan,"6,376,343,268",1,RJ31PA2566
Ajay Apnibus Travel ,8955363196,Jaipur ,Rajasthan,"8,955,363,196",1,RJ14DEMO2
Pratik Apni Bus Travel,8271322263,Palau,Jharkhand,"8,271,322,263",1,JH03DEMO
Sumit Apnibus Travels ,7827295459,Vapi,Gujarat,"7,827,295,459",1,GJ15DEMO1
Saurabh Apnibus Travel,9044955225,Ayodhya,Uttar Pradesh,"9,044,955,225",1,UP42DEMO1
Raja Apnibus Travels,8958725869,Meerut ,Uttar Pradesh,"8,958,725,869",1,UP15DEMO2
Ankit Apni Bus Travel ,6395880990,Moradabad ,Uttar Pradesh,"6,395,880,990",1,UP21DEMO3
Rohit Apni Bus Travell,7500651868,Udham Singh Nagar,Uttarakhand,"7,500,651,868",1,UK06DEMO
Kuldeep ApniBus Travel,9571357468,Kota,Rajasthan,"9,571,357,468",1,RJ20DEMO1
Ajaysingh Apnibus Travels,7007295955,Jalaun,Uttar Pradesh,"7,007,295,955",1,UP92DEMO
Animesh Apni Bus Travel,8987598476,Ranchi,Jharkhand,"8,271,322,263",1,JH01DEMO
Dutta Travels,7404779127,Ambala,Haryana,"9,996,295,954",1,HR37E6380
Ratan Express,9918198439,Gonda,Uttar Pradesh,0,2,UP43AT1972
Bal Majitha Transport,9464119107,Amritsar,Punjab,"9,041,995,581",2,PB30F9441
Galaxy Travels,8439557368,Aligarh ,Uttar Pradesh,0,3,UP81FT8247
Ratan Express,9918198439,Gonda,Uttar Pradesh,0,2,UP43AT3597
Rajesh Travels,7015169830,Ambala,Haryana,"9,996,295,954",2,HR650001
Kartars Bus Service,9463709691,Hoshiarpur,Punjab,"9,877,770,799",2,PB07CF9691
Mandyal Bus Service ,9882720040,Una,Himachal Pradesh,"9,805,254,456",1,HP726727
Kartars Bus Service,9463709691,Hoshiarpur,Punjab,"9,877,770,799",2,PB07AB1146
Galaxy Travels,8439557368,Aligarh ,Uttar Pradesh,0,3,UP81FT8251
Akash Verma Apnibus Treval,6393888258,Hardoi,Uttar Pradesh,"6,393,888,258",1,UP30DEMO
Pathania Bus,9805763217,chamab,Himachal Pradesh,"9,805,472,672",1,HP73A7978
RITESH APNIBUS TRAVEL,8294553335,Bhagalpur,Bihar,"8,294,553,335",1,BR10DEMO
Rajesh Travels,7015169830,Ambala,Haryana,"9,996,295,954",2,HR58B7322
PYAR BUS,9872458926,AMRITSAR ,Punjab,"9,878,835,391",1,PB02BV8197
The Paramhans Travels,8960000870,Rohtak,Haryana,"9,315,883,000",2,HR46F3352
Ratan Express,9918198439,Gonda,Uttar Pradesh,"9,554,991,685",1,UP43BT9952
Kashi Express ,9214883930,Varanasi,Uttar Pradesh,"6,387,958,107",1,UP42AT9034
Maharani Bus Service ,9425324824,Jabalpur,Madhya Pradesh,"9,630,704,321",1,MP20ZM0924
P B S,9915674732,Gurdaspur,Punjab,"9,878,835,391",1,T0825PB5654E
The Paramhans Travels,8960000870,Rohtak,Haryana,"9,315,883,000",2,HR46F9797
P B S,9872686443,Tarn Taran,Punjab,"9,878,835,391",1,T0825PB5655E
Chhabra Travels,9424904444,Dhar,Madhya Pradesh,"9,893,054,989",2,MP11P1663
Himalaya Bus Service ,9816061722,Mandi,Himachal Pradesh,"7,018,591,533",1,HP28B2299
Savil ApniBus Travel,9034523334,Rewari,Haryana,"9,034,523,334",1,HR36DEMO2
Surjeet Bus Service,9982513313,Sri Ganganagar,Rajasthan,"8,000,304,871",1,RJ13PA9421
Baba Budha Transport,9888780927,Gurdaspur,Punjab,"9,877,770,799",1,PB02CC4957
Raghukul Holidays,9129005500,Kangra,Himachal Pradesh,"7,018,809,624",1,HP90A8280
Manish Travel ,9919580002,Pratapgarh,Uttar Pradesh,"9,717,101,668",1,UP53GT4198
Chourasia Bus Service ,9826572487,Jabalpur,Madhya Pradesh,"9,630,704,321",1,MP20ZD3939
Rattan Singh & Sons,9888360719,Gurdaspur,Punjab,"9,877,770,799",2,PB06G9625
Chhabra Travels,9424904444,Dhar,Madhya Pradesh,"9,893,054,989",2,MP11P0767
Akhil  Travels,6230054099,Shimla ,Himachal Pradesh,"8,278,786,847",1,HP10B5614
Lali Devi ,9928048559,Dausa,Rajasthan,"7,568,612,974",1,RJ14PF0058
Fatehgarh Transport Bus ,9855611677,Patiala ,Punjab,"7,508,162,486",2,PB30N8078
D.B.N MOTORS Amritsar,7986914878,Gurdaspur,Punjab,"9,877,770,799",3,PB02CC9797
Piyush Bus Service Demo,8109491888,Raipur,Chhattisgarh,"8,109,491,888",1,CG04XXDEMO1
Fatehgarh Transport Bus ,9855611677,Patiala ,Punjab,"7,508,162,486",2,PB11BU9577
Chaudhary Travels,9817485423,Paonta sahib,Himachal Pradesh,"9,816,091,865",2,HP17C6750
Brar Bus Service,9646596225,Sri Ganganagar,Rajasthan,"8,000,304,871",1,RJ13PA8501
Pankaj Transport,7309699701,Pratapgarh,Uttar Pradesh,"9,717,101,668",4,UP30A8777
Sawariya Seth ,9992454535,Jhajjar ,Haryana,"9,315,883,000",3,HR63D5008
D.B.N MOTORS Amritsar,7986914878,Gurdaspur,Punjab,"9,877,770,799",3,PB02CC7482
Sawariya Seth ,9992454535,Jhajjar ,Haryana,"9,315,883,000",3,HR63E7733
Tushar Travels,7018006265,Shimla,Himachal Pradesh,"8,278,786,847",1,HP67A1479
D.B.N MOTORS Amritsar,7986914878,Gurdaspur,Punjab,"9,877,770,799",3,PB02CR5439
Qureshi Travels ,9981595963,Damoh,Madhya Pradesh,"7,987,327,084",1,MP21P1163
Kamal Apnibus Trevel,9728658422,Sirsa,Haryana,"9,728,658,422",1,HR24DEMO2
Fatehgarh Transport Bus ,9855611677,Patiala ,Punjab,"7,508,162,486",2,PB03BJ1853
Paris Bus Service,9541310029,Hisar,Haryana,"7,404,072,059",2,RJ10PA7925
Rahul Bus Service,9926687066,Chhindwara,Madhya Pradesh,"9,770,320,844",2,MP28P0515
mannath,9337392762,Khurdha,Odisha,"9,090,878,787",1,TJ871HTEST2
JHAJJ EXPRESS BUS ,7526950065,Fatehgarh Sahib,Punjab,"9,878,835,391",1,PB11CS6887
Paris Bus Service,9541310029,Hisar,Haryana,"7,404,072,059",2,RJ10PA5675
Satish Gupta ,8696108098,Alwar ,Rajasthan,"9,529,460,100",1,RJ02PA8645
Ravindra Bus Service ,8628883815,Mandi,Himachal Pradesh,"7,018,591,533",1,HP65A0915
Gaurav Kumar Apni Bus Travel ,6201006440,Nawada,Bihar,"6,201,006,440",1,BR02DEMO2
Sawariya Seth ,9992454535,Jhajjar ,Haryana,"9,315,883,000",3,HR63F1925
धुंधवाल ट्रेवल्स,9660207321,Hanumangarh,Rajasthan,"9,116,836,667",1,RJ49PA0076
HARJINDER SINGH,9872677678,LUDHIANA ,Punjab,"9,878,835,391",1,PB11CR2625
Rayeen Bus ,7000932713,Bhopal ,Madhya Pradesh,"7,987,327,084",1,MP33P3586
Miglani Travels,9351200912,Ganganagar,Rajasthan,"9,116,836,667",1,RJ13PA5200
Balouria Bus,9816605403,Kangra,Himachal Pradesh,"7,018,809,624",3,HP68A2410
Balouria Bus,9816605403,Kangra,Himachal Pradesh,"7,018,809,624",3,HP68B2313
Manoj Kumar,9950754242,Barmer,Rajasthan,"9,571,357,468",1,RJ04PA3990
Rattan Singh & Sons,9888360719,Gurdaspur,Punjab,"9,877,770,799",2,PB06Q8024
Kamrunag Bus Service ,7590005304,Mandi,Himachal Pradesh,"7,018,591,533",1,HP655209
Sukhchain Bus Service,9478459000,Mansa,Punjab,"9,877,674,046",1,PB31P8225
Gitanjali Bus Service ,9993461245,Annupur ,Madhya Pradesh,"9,630,704,321",1,MP65ZC6602
Ramavtar,9929961112,Bikaner ,Rajasthan,"6,376,343,268",1,RJ31PA3007
Parmod Bus Service ,9694245030,Hanumangarh,Rajasthan,"9,116,836,667",1,RJ13PA9703
Birbal Bus Service,9781449422,Bathinda ,Punjab,"9,877,674,046",5,PB03AT2665
Birbal Bus Service,9781449422,Bathinda ,Punjab,"9,877,674,046",5,PB03AW1883
Birbal Bus Service,9781449422,Bathinda ,Punjab,"9,877,674,046",5,PB03AT2865
Ramshyam Travels,6265001016,Bhind,Madhya Pradesh,"7,000,532,942",1,MP30ZG5574
Rajesh Kumar,9983775175,Alwar,Rajasthan,"7,568,399,430",3,RJ02PA4127
JAI VAISHNOMATA RAJ SAGAR TRAVELS ,9122674179,Patna ,Bihar,"8,083,030,205",2,BR01PK4986
Sahidahmedapni Bus,6001374638,Kamroop,Assam,"6,001,374,638",1,AS01DEMO
Birbal Bus Service,9781449422,Bathinda ,Punjab,"9,877,674,046",5,PB03AP2865
Birbal Bus Service,9781449422,Bathinda ,Punjab,"9,877,674,046",5,PB03AY2665
JAI VAISHNOMATA RAJ SAGAR TRAVELS ,9122674179,Patna ,Bihar,"8,083,030,205",2,BR01PK6383
Gudiya Bus Service,9817973379,Bilaspur,Himachal Pradesh,"8,219,990,300",2,HP69A3088
Balouria Bus,9816605403,Kangra,Himachal Pradesh,"7,018,809,624",3,HP68A5742
Shankar Bus Service,9306311211,Sirsa,Haryana,"9,728,658,422",1,HR57A0216
Vijat Bus,9816754356,Sirmour,Himachal Pradesh,"9,090,878,787",1,HP715786
Raghukul Holidays,9129005500,Kangra,Himachal Pradesh,"7,018,809,624",1,HP90A7980
Rajesh Kumar,9983775175,Alwar,Rajasthan,"7,568,399,430",3,RJ02PA3933
Ravindera Bus Service ,9882169715,Mandi,Himachal Pradesh,"7,018,591,533",1,HP65A0315
Anubhav Singh Bus Travel,9696249605,Kanpur,Uttar Pradesh,"9,696,249,605",1,UP35DEMO1
Chhapola Bus Service,9466668282,Sirsa,Haryana,"9,958,016,572",3,HR57A8419
PATIALA HIGHWAY ,8284090751,Fatehgarh Sahib,Punjab,"9,878,835,391",1,PB11CB1787
Randhawa Bus Service Nakora,9467362628,Sirsa,Haryana,"7,404,072,059",2,HR57A6851
Ranawat Travels,9928942152,Udaipur,Rajasthan,"7,568,612,974",3,RJ24PC1474
Ranawat Travels,9928942152,Udaipur,Rajasthan,"7,568,612,974",3,RJ24PB9075
Khalsa Bus Service ,9872644883,Hoshiarpur,Punjab,"9,877,770,799",1,PB07BA6565
RAJDHANI MAIL,9235269911,Sant kabir nagar,Uttar Pradesh,"9,554,991,685",1,UP58AT7211
Ranawat Travels,9928942152,Udaipur,Rajasthan,"7,568,612,974",3,RJ24PB9076
Randhawa Bus Service,9416403592,Sirsa,Haryana,"7,404,072,059",1,HR63C6180
Randhawa Bus Service Nakora,9467362628,Sirsa,Haryana,"7,404,072,059",2,HR57A4308
Mahadev Travels,8544755510,Sirmaur,Himachal Pradesh,"9,816,091,865",1,HP719254
Manish Travel ,9919580002,Pratapgarh,Uttar Pradesh,"9,717,101,668",1,UP41AT2361
Siddharth Bus Service,8707221046,Varanasi,Uttar Pradesh,"6,387,958,107",1,UP65QT0032
RAJHANS TRAVEL,9479690901,Shivpuri,Madhya Pradesh,"6,394,075,804",1,MP33ZH3268
Jai Bhawani,7424947341,Kota,Rajasthan,"9,571,357,468",1,RJ58PA1992
Kalchuri Travals,6263446869,Bhopal,Madhya Pradesh,"7,987,327,084",2,MP04PA4016
Chhapola Bus Service,9466668282,Sirsa,Haryana,"9,958,016,572",3,HR57A5271
Chhapola Bus Service,9466668282,Sirsa,Haryana,"9,958,016,572",3,HR57A9075
Choudhary Travels,8219672011,Sirmaur,Himachal Pradesh,"9,816,091,865",1,HP17C2344
Deepesh Apni Bus Trevels,7024386364,Sagar,Madhya Pradesh,"7,024,386,364",1,BR12DEMO2
Tiwana Bus,9646000123,Patiala,Punjab,"7,508,162,486",2,PB11BU3186
Salasar Bus Service,9992325852,Hisar,Haryana,"7,404,072,059",1,HR56C4582
Manoj Kumar,9358717514,Bharatpur,Rajasthan,"7,568,399,430",1,RJ40PA2331
Rajesh Kumar,9983775175,Alwar,Rajasthan,"7,568,399,430",3,RJ02PA4554
Maa Khela Devi Express,9414857737,Dausa,Rajasthan,"8,107,303,491",1,RJ25PA3102
Santoshi Bus Service,8894403510,Bilaspur ,Himachal Pradesh,"8,219,990,300",1,HP69A1892
Silu Mahadev Vaali Travels,6376467970,Bikaner,Rajasthan,"8,955,363,196",1,RJ07PB3523
Tiwana Bus,9646000123,Patiala,Punjab,"7,508,162,486",2,PB11BF7986
Golden TRAVEL ,9424037867,Ujjain ,Madhya Pradesh,"9,893,054,989",1,MP13P7864
Sachin Apnibus Travel,7389010735,Rewa,Madhya Pradesh,"7,389,010,735",1,MP17DEMO2
Gurjar Travel,7999174556,Dhar,Madhya Pradesh,"9,893,054,989",1,MP10ZH7769
Bhikhta Travels,9817300062,Shimla,Himachal Pradesh,"8,278,786,847",2,HP63D0362
Gyanendra Tiwari Apnibus Travel,9893765965,Singrauli,Madhya Pradesh,"9,893,765,965",1,MP17DEMO4
Kalpna  Travels ,9950702737,Bikaner ,Rajasthan,"8,107,303,491",2,RJ15PA9160
Ghanghas Bus Service,9416977421,Bhiwani,Haryana,"9,315,883,000",1,HR61E0953
Maa Travel,9467209331,Panipat,Haryana,"9,996,295,954",1,HR67D0888
Betrwanti Bus,7355935713,Jhansi,Uttar Pradesh,"8,630,010,947",1,MP71ZA8426
Kalpna  Travels ,9950702737,Bikaner ,Rajasthan,"8,107,303,491",2,RJ18PA9189
Ranawat Travels,9928942152,Udaipur,Rajasthan,"7,568,612,974",1,RJ27PB3276
Shitla Apnibus Travel,9305517587,Kanpur,Uttar Pradesh,"9,305,517,587",1,UP78DEMO11
Jhajj Bus,8283030237,Fatehgarh Sahib,Punjab,"9,878,835,391",1,PB23T0187
बेनीवाल बस सर्विस ,7597369587,Ganganagar ,Rajasthan,"9,116,836,667",4,RJ27PB6082
Kanwar Bus Service,8628890413,Solan,Himachal Pradesh,"8,278,786,847",1,HP12G2223
Yuvraj Bus,9465577816,Hoshiarpur,Punjab,"9,878,835,391",1,PB07BZ0691
धुंधवाल ट्रैवल्स,8949551308,Hanumangarh,Rajasthan,"9,116,836,667",2,RJ10PA9153
Amarjot Bus Service,7807559070,Bilaspur,Himachal Pradesh,"8,219,990,300",1,HP697211
Rajta Coach,9816402008,Shimla,Himachal Pradesh,"8,278,786,847",1,HP63D9063
Salasar Bus Transport Company,9813680448,Hisar,Haryana,"7,404,072,059",3,HR39E3232
Manoj Bus,8219571009,Chamba,Himachal Pradesh,"9,805,472,672",1,HP73A4528
बेनीवाल बस सर्विस ,7597369587,Ganganagar ,Rajasthan,"9,116,836,667",4,RJ14PD4633
Salasar Bus Transport Company,9813680448,Hisar,Haryana,"7,404,072,059",3,HR39E9168
Lakhan Singh,9462996437,bharatpur,Rajasthan,"7,568,399,430",1,RJ29PA4872
Maa Khela Devi Express,9414857737,Dausa,Rajasthan,"9,309,208,119",2,RJ09PA4840
Maa Khela Devi Express,9414857737,Dausa,Rajasthan,"9,309,208,119",2,RJ25PA1345
Rupsee Travels,9418055442,Bilaspur,Himachal Pradesh,"8,219,990,300",1,HP69A2521
बेनीवाल बस सर्विस ,7597369587,Ganganagar ,Rajasthan,"9,116,836,667",4,RJ27PB8864
Kalchuri Travals,6263446869,Bhopal,Madhya Pradesh,"7,987,327,084",3,MP04PA6294
बेनीवाल बस सर्विस ,7597369587,Ganganagar ,Rajasthan,"9,116,836,667",4,RJ27PB3270
Shyam Sunder,9050972053,Palwal,Haryana,"7,355,982,328",1,HR73A6435
Chaudhary Travels,9817485423,Paonta sahib,Himachal Pradesh,"9,816,091,865",2,HP17B6750
Gulia Bus,7988114930,Jhajjar,Haryana,"9,315,883,000",4,HR46F9472
apnibus,8109592462,SEONI,Madhya Pradesh,"8,109,592,462",1,MP22DEMO2
Gulia Bus,7988114930,Jhajjar,Haryana,"9,315,883,000",4,HR46F5278
Gulia Bus,7988114930,Jhajjar,Haryana,"9,315,883,000",4,HR46E1076
Gulia Bus,7988114930,Jhajjar,Haryana,"9,315,883,000",4,HR63E3033
Priyanka Bus,7509501416,Guna,Madhya Pradesh,"7,389,284,665",1,MP08P0383
Saraswati Travels,9620945754,jamshedpur,Jharkhand,"9,110,013,131",2,JH05DU3811
Pallavi Parivahan,9425195681,Ujjain,Madhya Pradesh,"9,691,365,341",1,MP13P1254
Chauhan Bus Service ,8544779309,Chamba,Himachal Pradesh,"9,877,770,799",1,HP73A8301
Aman Bus  Service ,9053462461,Bhiwani,Haryana,"9,315,883,000",1,HR61E5285
Gurvinder,9466852394,Ambala,Haryana,"9,996,295,954",1,HR37E8524
Jaivardhan apnibus travep,9354890543,Bhiwani,Haryana,"9,354,890,543",1,HR16DEMO5
Salasar Bus Transport Company,9813680448,Hisar,Haryana,"7,404,072,059",2,HR39G3562
Luxmi Bus,9992101717,Rohtak,Haryana,"9,315,883,000",2,HR63E9762
Karan Bus Service,9805472672,Chamba,Himachal Pradesh,"9,805,472,672",1,KRANDEMO
The Rania Braich Co-Op TPT,8708622241,Sirsa,Haryana,"9,728,658,422",1,HR57B0385
Salasar Bus Transport Company,9813680448,Hisar,Haryana,"7,404,072,059",2,HR39G6017
Luxmi Bus,9992101717,Rohtak,Haryana,"9,315,883,000",2,HR46F6113
Singh Roadlines Demo,9838410462,Lucknow,Uttar Pradesh,"9,838,410,462",1,UP32DEMO3
Shubham Apnibus Demo,7355982328,Gurgaon,Haryana,"7,355,982,328",1,HR55DEMO3
Hira Thakur Pvt Ltd,8319648878,Rajnandgaon,Chhattisgarh,"8,319,648,878",1,CGO8AB124
Dharmvir Soni Apnibus,8871925080,Bilaspur ,Chhattisgarh,"8,871,925,080",1,CG10DAMO1
Bhikhta Travels,9817300062,Shimla,Himachal Pradesh,"8,278,786,847",2,HP63D1362
AB Travels,7042426937,Gurugram,Haryana,"9,090,878,787",1,PJ09DEMO
Rakesh Apni Bus,9009793202,Surguja,Chhattisgarh,"9,009,793,202",1,CGSDEMO1
Dabhi Demo,9033705281,Bhavnagar,Gujarat,"9,033,705,281",1,GJ04DEMO1
UDAY APNiBUS,9693895574,Katihar,Bihar,"9,693,895,574",1,BR39DEMO1
Demo,8369009139,Ahmedabad,Gujarat,"8,369,009,139",1,GJ03DEMO1
Sisai Bus Service,9054257000,Hisar,Haryana,"9,813,090,676",2,CH02AA8500
Ombir Singh,9466042655,Ambala,Haryana,"9,996,295,954",1,HR37D8474
Durga Motor Service,9617020089,Bilaspur,Chhattisgarh,"7,987,327,084",1,CG15EG9170
Mahadev Travles ,9664359416,Barmer,Rajasthan,"9,799,862,695",1,MP44ZE6626
Manish Travel ,9919580002,Pratapgarh,Uttar Pradesh,"9,717,101,668",1,UP72AT0398
RAVI TRAVEL DEMO,7984082892,Surat,Gujarat,"7,984,082,892",1,GJ05DEMO1
Ekta Transport,9996727274,Ambala,Haryana,"9,996,295,954",1,HR37E5295
Salasar Bus Transport Company,9813680448,Hisar,Haryana,"7,404,072,059",3,HR39G4548
Thakur Coach,8219256844,Sirmour,Himachal Pradesh,"9,816,091,865",1,HP17C3955
Maa Khela Devi Express,9414857737,Dausa,Rajasthan,"9,309,208,119",1,RJ09PA4936
Narsingh Travels ,9826546663,Jabalpur,Madhya Pradesh,"9,630,704,321",1,MP18P0556
Sumesh Apni Bus Travel'S ,9109886715,Kusmunda,Chhattisgarh,"9,109,886,715",1,CG12DEMO2
Sisai Bus Service,9054257000,Hisar,Haryana,"9,813,090,676",2,CH02AA6008
Gulshan Kumar Demo,9031152970,Deoghar,Jharkhand,"9,031,152,970",1,DEMOJHG
Hardyal Singh Gill,9700007631,Moga,Punjab,"9,814,201,669",1,PB05AM0222
Tabishmallick DEMO,6201371892,Muzaffarpur ,Bihar,"6,201,371,892",1,BR06DEMO2
Sainikbus ,8894175811,Kangra,Himachal Pradesh,"7,018,809,624",1,HP37E8893
Manish Rajput Bus Service ,7568399430,Alwar,Rajasthan,"7,568,399,430",1,RJ02PADEMO
Baba Basti Kular,9872451060,Jalandhar,Punjab,"9,878,835,391",1,PB32L9024
Apnibus Demo,7974557405,Baster,Chhattisgarh,"7,974,557,405",1,RJ213456DEMO
Rakeshapnibus Travels,8859177513,Bareilly,Uttar Pradesh,"8,859,177,513",1,UP25BLY
Bala Ji Bus Service ,9416077999,Sirsa,Haryana,"9,813,090,676",2,HR62A2681
Neeraj Travel Demo,7050097580,Dumka,Jharkhand,"7,050,097,580",1,JH04DEMO3
Aapnibus ,8881703333,Prayagraj,Uttar Pradesh,"8,881,703,333",1,UP70DEMO5
Salasar Bus Service,9992325852,Hisar,Haryana,"9,315,883,000",5,HR39G4548
Salasar Bus Service,9992325852,Hisar,Haryana,"9,315,883,000",5,HR39G6017
Salasar Bus Service,9992325852,Hisar,Haryana,"9,315,883,000",5,HR39E9168
Salasar Bus Service,9992325852,Hisar,Haryana,"9,315,883,000",5,HR56C4582
Bala Ji Bus Service ,9416077999,Sirsa,Haryana,"9,813,090,676",2,HR62A5342
Rana Trevels,8904800005,Una,Himachal Pradesh,"9,805,254,456",1,HP67A0669
Sunil Kumar Apni Bus Travels,9309208119,Jaipur ,Rajasthan,"9,309,208,119",1,RJ14DEMO6
Salasar Bus Service,9992325852,Hisar,Haryana,"9,315,883,000",5,HR39E3232
Dinamani Apnibus Travels,9085341705,Guwahati,Assam,"9,085,341,705",1,AS01DEMO2
Ujjal apni bus,6003094355,Jorhat,Assam,"6,003,094,355",1,AS01DEMO1
neetesh travel apni bus,9479561781,Shahdol,Madhya Pradesh,"9,479,561,781",1,MP18DEMO8
Pallavi Parivahan,9425195681,Ujjain,Madhya Pradesh,"9,691,365,341",3,MP13P1766
Kavin Kumar ApniBus,8735031143,Ahmedabad,Gujarat,"8,735,031,143",1,GJ08AS8992
RAJASTHAN LOK PARIVHAN ,8233706484,Alwar,Rajasthan,"9,529,460,100",1,RJ02PA4050
धुंधवाल ट्रैवल्स,8949551308,Hanumangarh,Rajasthan,"9,116,836,667",3,RJ36PA5566
Apnibus Demo,7984299053,Ahmadabad,Gujarat,"7,984,299,053",1,GJ01DEMO7
धुंधवाल ट्रैवल्स,8949551308,Hanumangarh,Rajasthan,"9,116,836,667",3,RJ20PB3168
Pallavi Parivahan,9425195681,Ujjain,Madhya Pradesh,"9,691,365,341",3,MP13ZF6009
Golden Temple Bus Service,9815809422,Hoshiarpur,Punjab,"9,877,770,799",2,PB29R4663
Raj Bus Sarvice,7355871997,Bharatpur,Rajasthan,"7,568,399,430",1,RJ05PA7614
Puja Travels,9828237611,Bharatpur,Rajasthan,"7,568,399,430",1,RJ05PA7613
Apnibus,8295945575,Jhajjar,Haryana,"8,295,945,575",1,HR63DEMO5
Mithun Demo apni bus,7002267884,Dhubri,Assam,"7,002,267,884",1,AS17DEMO1
Rajdhani Express ,9214401600,Gurdaspur,Punjab,"9,877,770,799",1,PB07BV6512
Ananya Bus Services,7489419194,Raigarh,Chhattisgarh,"9,109,886,715",1,CG14MG9901
Sharma Bus Service,9418385106,bilaspur,Himachal Pradesh,"8,219,990,300",1,HP69A2337
Jammu Apnibus Travels,9996524189,Yamunanagar,Haryana,"9,996,524,189",1,DEMO152
Maa Pitambara Trevels ,9111486555,Bhopal,Madhya Pradesh,"7,000,532,942",1,MP33P4061
धुंधवाल ट्रैवल्स,8949551308,Hanumangarh,Rajasthan,"9,116,836,667",3,RJ36PA5108
NEW PREM BUS SERVICE,9736176255,Kangra,Himachal Pradesh,"7,018,809,624",5,HP68B0162
Golden Temple Bus Service,9815809422,Hoshiarpur,Punjab,"9,877,770,799",2,PB08CX6141
Apnibus Travels,7889571371,Asr,Punjab,"7,889,571,371",1,PB02DEMO3
ApniBus Travels,9111795546,Indore,Madhya Pradesh,"9,111,795,546",1,MP09DEMO3
shree ganesh,6202548921,Gumls,Jharkhand,"6,202,548,921",1,JH08DEMO3
lucky bus pvt ltd,7000460694,Indore,Madhya Pradesh,"7,000,460,694",1,MP08DEMO
Aashish Apnibus Travels,7206563585,Kurukshetra,Haryana,"7,206,563,585",1,HR07DEMO3
Apna Bus,9101637154,Morigaon,Assam,"9,101,637,154",1,AS21DEMO3
Rakesh bus ,8051922999,Kishanganj,Bihar,"8,051,922,999",1,BR11G6745
Rajendra Bus Service,9782189569,Udaipur,Rajasthan,"7,568,612,974",1,RJ27PB8964
RATAN  EXPRESS,9616659000,Gonda,Uttar Pradesh,"9,554,991,685",1,UP43BT8172
Jalal Bus Service,9463215001,Bathinda,Punjab,"9,877,674,046",2,PB03X5488
Jhala Travels 80 Rd,9983183131,Bikaner,Rajasthan,"8,107,303,491",1,RJ07PA6801
Dheeraj Apnibus Demo,8604040408,Lakhimpur ,Uttar Pradesh,"8,604,040,408",1,UP31T3816DEM
Sahidul Apnibus travels,6000909007,Lakhimpur,Assam,"6,000,909,007",1,AS07DEMO3
Jalal Bus Service,9876369518,Bhatinda,Punjab,"9,877,674,046",1,PB03AJ4896
THE KALWALI SAKTI CO PT TPT,9812620750,Rohtak,Haryana,"9,315,883,000",1,HR46G6605
aman apnibus,9053442355,Kaithal,Haryana,"9,053,442,355",1,HR08DEMO3
Narender Kumar Apnibus,7014754105,Ganganagar,Rajasthan,"7,014,754,105",1,RJ13DEMO3
Aman Apnibus Travels,8506042002,,,"9,341,643,122",1,HR55PDEMO
Jai Maa Travels,9799271379,Bharatpur,Rajasthan,"7,568,399,430",1,RJ05PA7786
Iqbaljit Bus Service ,9876713204,Ferozepur,Punjab,"9,814,201,669",2,PB05R9376
APNI BUS DEMO,7567722600,Surat,Gujarat,"7,567,722,600",1,GJ05DEMO
Jalal Bus Service,9463215001,Bathinda,Punjab,"9,877,674,046",2,PB03AF0996
Gudiya Bus Service,9817973379,Bilaspur,Himachal Pradesh,"8,219,990,300",2,HP693088
Bhadauriya Travals,9711388294,Agra,Uttar Pradesh,"7,987,327,084",1,MP30ZF5005
Mittal Transport,9416808000,Ambala,Haryana,"9,996,295,954",1,HR37D5115
Ravidas Travels,9872305000,Bathinda,Punjab,"9,877,674,046",1,PB03BQ1774
AJAY APNI BUS TRAVEL,8963050041,Bikaner,Rajasthan,"8,963,050,041",1,RJ07DEMO5
Ghohlwarh Sandhu ,8968399815,TARAN TARAN,Punjab,"9,878,835,391",1,PB04N8453
Thakur Bus ,9816507185,Chamba,Himachal Pradesh,"9,805,472,672",2,HP73A6375
Mundrika Travels,7073814094,Bhagalpur,Bihar,"8,750,710,855",1,BR34P7494
Thakur Bus ,9816507185,Chamba,Himachal Pradesh,"9,805,472,672",2,HP73B1672
P B S,9877115883,Amritsar,Punjab,"9,878,835,391",1,PB02DF9597
Kalchuri Travals,6263446869,Bhopal,Madhya Pradesh,"7,987,327,084",3,MP04YR7194
Manish Travel ,9919580002,Pratapgarh,Uttar Pradesh,"9,717,101,668",1,UP72BT1612
Kalchuri Travals,6263446869,Bhopal,Madhya Pradesh,"7,987,327,084",2,MP04PA2373
Kalchuri Travals,6263446869,Bhopal,Madhya Pradesh,"7,987,327,084",3,MP04PA1584
Mahadev Baba Company,7456008438,Firozabad,Uttar Pradesh,1,1,UP83AR8235
Rajendra,9857849000,Shimla,Himachal Pradesh,"8,278,786,847",1,HP63D9222
SHRI RAM TRAVELS,9455161662,DHAURAHARA,Uttar Pradesh,"9,554,991,685",1,UP31BT8312
Maa Khela Devi Express,9414857737,Dausa,Rajasthan,"9,309,208,119",1,RJ13PA4121
Yadav Bus Service,9166859743,Alwar,Rajasthan,"8,107,303,491",1,RJ32PA3774
Vinay Kumar Apni Bus Travelled,8544724069,Mandi,Himachal Pradesh,"8,544,724,069",1,HP65DEMOS
Harpreet singh apni bus travel ,7888953318,Firozpur,Punjab,"7,888,953,318",1,PB77DEMO5
Parvinder Apni Bus Travel ,9467379225,Fatehabad,Haryana,"9,467,379,225",1,HR59DEMO
Banwari Lal,8440923674,Tonk,Rajasthan,"7,568,612,974",1,RJ32PA3411
HAPPY TOURIST,9450804138,Sitapur,Uttar Pradesh,"9,554,991,685",1,UP32QT5142
Dhiman Bus Service,7018469619,Bilaspur,Himachal Pradesh,"8,219,990,300",1,HP64A6626
Gill Travels,9780007760,Moga,Punjab,"9,814,201,669",1,PB19M1781
ANSHUL APNIBUS DEMO,9460584187,BHILWARA,Rajasthan,"9,460,584,187",1,RJ06DEMO
Iqbaljit Bus Service ,9876713204,Ferozepur,Punjab,"9,814,201,669",2,PB05AB7234
Satpal Bus Service,9466247203,Hisar,Haryana,"9,813,090,676",1,HR39E8678
Baba Deep Singh Bus,6284862622,Patiala,Punjab,"7,508,162,486",1,PB13AL2576
Payar Bus,7973684048,TARANTARN,Punjab,"7,508,162,486",1,PB46M8486
Kanwar Bus Service,9816173097,Shimla,Himachal Pradesh,"8,278,786,847",1,HP63D3486
prince bus,9463533110,ludhiana,Punjab,"9,878,835,391",1,PB10HH5183
Bikash Apnibus Travel ,7070704507,Kamrup Metropolitan,Assam,"7,070,704,507",1,DEEPAKDEMO
Duhan Bus,9991231133,ROHTAK,Haryana,"9,315,883,000",1,HR46F4646
Isha Travels,9142109127,Gaya,Bihar,"6,201,371,892",1,BR02PB3486
Rajeev Travel,9466662550,Ambala,Haryana,"9,996,295,954",1,HR37D5988
Brar Bus Service,9646596225,Sri Ganganagar,Rajasthan,"8,000,304,871",1,RJ13PA8043
Una Highway,9418406744,Una,Himachal Pradesh,"9,805,254,456",1,HP72B5544
Manish Travel ,9919580002,Pratapgarh,Uttar Pradesh,"9,717,101,668",1,UP72BT7248
mannath,9337392762,Khurdha,Odisha,"9,090,878,787",1,BJWE917161
Sharma Bus,8628884885,Chamab,Himachal Pradesh,"9,805,472,672",1,HP30A0352
Apnibus Travels,8306853825,Jhalawar,Rajasthan,"8,306,853,825",1,RJ17DEMO12
kamlesh,9928768456,Lal shot,Rajasthan,"7,568,612,974",1,RJ09PA4959
CITY BUS SERVICE,9053530061,Gurgaon,Haryana,"7,355,982,328",1,HR55AL2907
Meena bus service,9079866047,Sawai Madhopur,Rajasthan,"9,309,208,119",1,RJ09PA4904
Jagwinder aingh,9877339108,Sangrur,Punjab,"9,877,674,046",1,PB13BV1521
City Bus Service,9466969695,Gurgaon,Haryana,"7,355,982,328",1,HR55AF6455
Thakran Bus Service,9999848689,Gurgaon,Haryana,"7,355,982,328",1,HR55AD3024
CITY BUS SERVICE,9812094573,gurgaon,Haryana,"7,355,982,328",1,HR55AZ8174
CITY BUS SERVICE,9466287845,Gurgaon,Haryana,"7,355,982,328",2,HR55AU0742
City Bus Service,9991260456,Gurgaon,Haryana,"7,355,982,328",1,HR55AT1512
CITY BUS SERVICE,9467926885,Gurgaon,Haryana,"7,355,982,328",1,HR55AU4803
CITY BUS SERVICE,8000003620,Gurgaon,Haryana,"7,355,982,328",1,HR55AW8023
City Bus Service,9650636211,Gurgaon,Haryana,"7,355,982,328",1,HR55AM4177
City bus service,9813266073,"Bilaspur, Gurgaon, Haryana",Haryana,"7,355,982,328",1,HR55AC4924
City Bus Service,9729580112,Gurgaon,Haryana,"7,355,982,328",1,HR55AE2797
City Bus Service,9971273711,Gurgaon,Haryana,"7,355,982,328",1,HR55AL2783
CITY BUS SERVICE,9466287845,Gurgaon,Haryana,"7,355,982,328",2,HR55AL3594
PYAR BUS,9872458926,AMRITSAR ,Punjab,"9,878,835,391",1,PB02EL8457
City Bus Service ,9812580427,Gurgaon,Haryana,"7,355,982,328",1,HR55AT2226
City Bus Service,8802640400,Gurgaon,Haryana,"7,355,982,328",2,HR55AC6085
City Bus Service,9992185189,Gurgaon,Haryana,"7,355,982,328",5,HR55AH7617
City Bus Service,9992185189,Gurgaon,Haryana,"7,355,982,328",5,HR55AD9205
City Bus Service,9313822999,Gurgaon,Haryana,"7,355,982,328",1,HR55AE5050
City Bus Service,9992185189,Gurgaon,Haryana,"7,355,982,328",5,HR55AL3574
City Bus Service,9992185189,Gurgaon,Haryana,"7,355,982,328",5,HR55AB9192
City Bus Service,8802640400,Gurgaon,Haryana,"7,355,982,328",2,HR55AS6868
City Bus Service,9992440080,Gurgaon,Haryana,"7,355,982,328",2,HR55AB6840
City Bus Service,9992440080,Gurgaon,Haryana,"7,355,982,328",2,HR55AR1946
New Saini,8580976334,Una,Himachal Pradesh,"9,805,254,456",1,HP683401
City Bus Service,9992185189,Gurgaon,Haryana,"7,355,982,328",5,HR55X5206
City Bus Service,9999519595,Gurugram,Haryana,"7,355,982,328",1,HR55AP8425
City Bus Service,9467210006,Gurugram,Haryana,"7,355,982,328",1,HR55AC2678
Yadav,9785555581,Alwer,Rajasthan,"8,107,303,491",1,RJ32PA3769
City Bus Service,9813861170,Gurgaon,Haryana,"7,355,982,328",3,HR55AC5040
City Bus Service,9813861170,Gurgaon,Haryana,"7,355,982,328",3,HR55AR1559
Jalpa bus service,7807958641,Bilaspur,Himachal Pradesh,"8,219,990,300",1,HP697303
Pyar Bus,9815173723,SHRI AMRITSAR SAHIB,Punjab,"9,878,835,391",1,PB02EJ6597
Gill Travels,9780007760,Moga,Punjab,"9,814,201,669",2,PB07BG3853
Vishwakarma Travels,9416241537,Sirsa,Haryana,"9,728,658,422",1,RJ31PA3886
City Bus Service,9813456530,Gurugaram,Haryana,"7,355,982,328",1,HR55AD5147
City Bus Service,9813861170,Gurgaon,Haryana,"7,355,982,328",3,HR55AE6682
CITY BUS SERVICE,9312320511,Hisar,Haryana,"7,355,982,328",1,HR55AB4372
City Bus Service,9728489067,Mewat,Haryana,"7,355,982,328",1,HR55AL6617
Nagnechi Travels,9571622582,Jalore,Rajasthan,"9,799,862,695",10,RJ16PA3346
Gurbaz Toor  And Travels,9012839003,Udham Singh Nagar,Uttarakhand,"7,300,936,579",1,UK18PA0488
Hitendra Singh Shekhwat ,9596782053,Jaipur,Rajasthan,"9,251,169,926",1,RJ23PB2984
Lok parivahan sewa ,6375342167,Bharatpur,Rajasthan,"7,568,399,430",1,RJ05PA7461
Nagnechi Travels,9571622582,Jalore,Rajasthan,"9,799,862,695",10,RJ16PA5352
Gill Travels,9780007760,Moga,Punjab,"9,814,201,669",2,PB13BS4915
Shakti Tervels  ,9983484346,Jaipur,Rajasthan,"9,309,208,119",1,RJ32PA3800
Seoni Roadways,9407014283,Jabalpur,Madhya Pradesh,"9,630,704,321",1,MP20PA1210
Nagpal Bus Service,9416389220,Sirsa,Haryana,"2,841,285,929",1,HR57A0953
Nagnechi Travels,9571622582,Jalore,Rajasthan,"9,799,862,695",10,RJ07PB6780
Nagnechi Travels,9571622582,Jalore,Rajasthan,"9,799,862,695",10,RJ07PB8349
Nagnechi Travels,9571622582,Jalore,Rajasthan,"9,799,862,695",10,RJ07PA5920
Nagnechi Travels,9571622582,Jalore,Rajasthan,"9,799,862,695",10,RJ07PA7050
Nagnechi Travels,9571622582,Jalore,Rajasthan,"9,799,862,695",10,RJ07PB5084
Nagnechi Travels,9571622582,Jalore,Rajasthan,"9,799,862,695",10,RJ23PA8778
Nagnechi Travels,9571622582,Jalore,Rajasthan,"9,799,862,695",10,RJ07PA5161
mehna Bus service,9915300468,fridkot,Punjab,"9,814,201,669",1,PB29K9192
NARYAL Bus Service,9318013144,Chamba ,Himachal Pradesh,"9,805,472,672",6,HP730769
Jitandar kumar,9166524875,Sawai Madhopur,Rajasthan,"7,568,612,974",1,RJ07PA5823
City Bus Service,8447910784,Gurgaon,Haryana,0,1,HR55AQ6705
Vikash Apni Bus Travels,9470707043,Shekhpura,Bihar,"9,470,707,043",1,JH12DEMO7
Jeetendra Apnibus,8269629651,Chhatarpur,Madhya Pradesh,"8,269,629,651",1,MP16DEMO5
Poonam apnibus treval,7566557405,Rajgarh,Madhya Pradesh,"7,566,557,405",1,MP39DEMO5
Amit apni bus travel,9024823799,Jodhpur,Rajasthan,"9,024,823,799",1,RJ19DEMO5
Ranjit .apnibus travel,7878173091,Banswara,Rajasthan,"7,878,173,091",1,RJ03DEMO5
Maa Travel,9467209331,Panipat,Haryana,"9,996,295,954",1,HR67D2570
Umesh apnibus travels,9452169722,Ayodhya,Uttar Pradesh,"9,452,169,722",1,UP42DEMO5
Vishal Travels,7807641000,Shimla,Himachal Pradesh,"8,278,786,847",6,HP92A3171
Hitendra Singh Shekhwat ,9596782053,Jaipur,Rajasthan,"8,875,828,243",2,RJ23PB1449
Seoni Roadways,9407014283,Jabalpur,Madhya Pradesh,"9,630,704,321",1,MP22P0259
Tiwana Bus,9646000123,Patiala,Punjab,"9,855,517,544",1,PB23M9745
Thakur bus,8278750076,chamba,Himachal Pradesh,"9,805,472,672",1,HP73B1121
NARYAL Bus Service,9318013144,Chamba ,Himachal Pradesh,"9,805,472,672",6,HP67A0516
NARYAL Bus Service,9318013144,Chamba ,Himachal Pradesh,"9,805,472,672",6,HP73B9090
NARYAL Bus Service,9318013144,Chamba ,Himachal Pradesh,"9,805,472,672",6,HP731704
NARYAL Bus Service,9318013144,Chamba ,Himachal Pradesh,"9,805,472,672",6,HP736704
City bus Service,8569820052,Gurgaon,Haryana,"7,355,982,328",1,HR55BA0052
Hitendra Singh Shekhwat ,9596782053,Jaipur,Rajasthan,"8,875,828,243",2,RJ23PB0523
Paras Tour & Travel ,7015539855,Fatehabad,Haryana,"9,315,883,000",1,HR39D2458
Ravi Apnibus Travel,8949151116,Jaipur,Rajasthan,"8,949,151,116",1,RJ14DEMO5
Madhya Bharat Travals,9285400401,Bhopal,Madhya Pradesh,"7,987,327,084",2,MP04PA1726
Bihar Patra ,9534111114,Patna,Bihar,"9,110,013,131",1,BR01PJ4566
Corprate Taxi &Travels ,7055055550,Nainital,Uttarakhand,"7,300,936,579",1,UK04PA2113
Verma Travels,9816797908,Solan,Himachal Pradesh,"8,278,786,847",1,HP07E3331
Dagar Bus Service,8930143055,Gurgaon,Haryana,"7,355,982,328",1,HR55AE8331
Jagga Bus,9555933322,South West Delhi,Delhi,"7,355,982,328",1,HR55AJ0333
Umar mohd,9582038938,Bulandshahr,Uttar Pradesh,0,1,UP13ET4534
Arpit Apnibus Travels,9993798999,Satna,Madhya Pradesh,"9,993,798,999",1,MP19DEMO9
Roushan Apni Bus Demo ,7761835794,Palamu,Jharkhand,"7,761,835,794",1,JH03DEMO5
Danish Apni bus travel,7004412655,Katihar,Bihar,"7,004,412,655",1,BR10DEMO5
Radhika Travel ,8920731912,Sambhal,Uttar Pradesh,"7,355,982,328",3,UP38AT9786
Sourav apni bus,8809839763,Kishanganj,Bihar,"8,809,839,763",1,BR37DEMO2
Rahul Apnibus travel,9728548249,Gurgaon,Haryana,"9,728,548,249",1,HR02DEMO5
Bhandari Bus  ,9805073279,Bilaspur,Himachal Pradesh,"8,219,990,300",1,HP23B6573
Gill Travels,9780007760,Moga,Punjab,"9,814,201,669",2,PB13BM2895
Madhya Bharat Travals,9285400401,Bhopal,Madhya Pradesh,"7,987,327,084",2,MP11P0412
Jay Mata Di Bus Service Demo,9097444441,Patna,Bihar,"9,097,444,441",1,BR01DEMO5
Butter Bus Service ,9815818306,Amritsar,Punjab,"9,877,770,799",1,PB03AA9248
Anuj,6230002450,Hamirpur,Himachal Pradesh,"8,219,990,300",1,HP67A8699
Galaxy Travels,8439557368,Aligarh ,Uttar Pradesh,0,3,UP81FT8246
City Bus Service,9416607530,Rewari,Haryana,"7,355,982,328",2,HR55AC8168
City Bus Service,9416607530,Rewari,Haryana,"7,355,982,328",2,HR55AW9086
City Bus Service,9466292280,Gurgaon,Haryana,"7,355,982,328",1,HR55AZ1285
Demo Account,9770270250,Gurugram,Haryana,"9,341,643,122",1,CG04ME2820
Choudhary Travels ,9521862609,Ganganagar,Rajasthan,"8,107,303,491",1,RJ50PA0199
Royal Express,8604513021,Ambedkarnagar,Uttar Pradesh,"9,554,991,685",1,UP45T4359
Radheshyam,7568895019,Bikaner,Rajasthan,"8,107,303,491",1,RJ50PA5199
Lok parivahan,7689081599,Alwar,Rajasthan,"9,309,208,119",2,RJ02PB4111
City Bus Service,9812956758,Gurgaon,Haryana,"7,355,982,328",1,HR55AF3497
Baba Bandq Singh Bahadur Highway Bus,9463125655,Khanna,Punjab,"9,878,835,391",1,PB11AV9925
Thakur bus,8278750076,chamba,Himachal Pradesh,"9,805,472,672",1,HP72B0481
Baba Bejnath Travels,9752710969,Rajgar,Madhya Pradesh,"9,691,365,341",1,MP70ZB1121
Anil Apni Bus ,8219663063,Kangra,Himachal Pradesh,"8,219,663,063",1,HP36DEMO5
Kamal Deep Bus Service,8284009457,Ropar Rupnagar,Punjab,"9,805,254,456",1,PB12F8317
Lok parivahan,7689081599,Alwar,Rajasthan,"9,309,208,119",2,RJ02PB1617
Mayank ApniBus Travel,8112442515,Basti,Uttar Pradesh,"8,112,442,515",1,UP51DEMO5
Pandit Bus Service ,8219419519,Bilaspur,Himachal Pradesh,"8,219,990,300",1,HP697160
Lok parivahan sewa,9414367321,Alwar,Rajasthan,"7,568,399,430",1,HR55AY8274
Royal Express,8604513021,Ambedkarnagar,Uttar Pradesh,"8,604,513,021",1,UP45T8963
Khalsa Bus Service ,9872644883,Hoshiarpur,Punjab,"9,877,770,799",1,PB07CJ1897
Madhya Bharat Travals,9285400401,Bhopal,Madhya Pradesh,"7,987,327,084",1,MP04PA2919
Mogi travels,8696282526,Sikar,Rajasthan,"9,251,169,926",1,RJ23PB4987
Dahiya Deluxe,9671946595,Sonipat,Haryana,"9,996,295,954",1,HR69C4422
Vipin Apni Bus Travels ,8871375621,Narmadapuram,Madhya Pradesh,"8,871,375,621",1,MP05DEMO5
Guru Nanak Bus ,8875080095,Ganganagar,Rajasthan,"8,107,303,491",1,RJ13PA7586
Aftab Apni bus travel,8797379157,Koderma,Jharkhand,"8,797,379,157",1,JH12DEMO
Dahirpur bus sarves ,8968543177,Rupnagar,Punjab,"9,805,254,456",1,PB12N2825
Rathi Bus Service,8053981616,Gurgaon,Haryana,"7,355,982,328",1,HR55AA8964
Baba Travlers  ,9671615615,Gurgaon,Haryana,"7,355,982,328",2,HR55AV0111
Dinesh,7891589484,Alwar,Rajasthan,"9,309,208,119",1,RJ02PA9292
Choudhary Travels,9079221337,Ganganagar,Rajasthan,"8,107,303,491",1,RJ13PB0653
Sarbjit Bus Service,9465318403,Ferozepur,Punjab,"7,888,953,318",1,PB05M9732
Ruby Mander Trasnport Services,7009618528,Sangrur,Punjab,"9,878,835,391",1,PB10DE5327
Baba Travlers  ,9671615615,Gurgaon,Haryana,"7,355,982,328",2,HR55AW0111
Peeyush Chaturvedi Apni Bus Travel,7073613447,Bharatpur,Rajasthan,"7,073,613,447",1,RJ05DEMO5
Choudhari bus,9015229121,Mandi,Himachal Pradesh,"7,018,591,533",1,HP68A1558
Hardyal Singh Gill,9700007631,Moga,Punjab,"9,814,201,669",1,PB05AR0677
NEW PREM BUS SERVICE,9736176255,Kangra,Himachal Pradesh,"7,018,809,624",30,HP681766
NEW PREM BUS SERVICE,9736176255,Kangra,Himachal Pradesh,"7,018,809,624",30,HP68B6161
NEW PREM BUS SERVICE,9736176255,Kangra,Himachal Pradesh,"7,018,809,624",30,HP68A2525
NEW PREM BUS SERVICE,9736176255,Kangra,Himachal Pradesh,"7,018,809,624",30,HP686685
NEW PREM BUS SERVICE,9736176255,Kangra,Himachal Pradesh,"7,018,809,624",30,HP689585
NEW PREM BUS SERVICE,9736176255,Kangra,Himachal Pradesh,"7,018,809,624",30,HP68B1155
NEW PREM BUS SERVICE,9736176255,Kangra,Himachal Pradesh,"7,018,809,624",30,HP68A0254
NEW PREM BUS SERVICE,9736176255,Kangra,Himachal Pradesh,"7,018,809,624",30,HP68A2938
NEW PREM BUS SERVICE,9736176255,Kangra,Himachal Pradesh,"7,018,809,624",30,HP686363
NEW PREM BUS SERVICE,9736176255,Kangra,Himachal Pradesh,"7,018,809,624",30,HP68B5115
NEW PREM BUS SERVICE,9736176255,Kangra,Himachal Pradesh,"7,018,809,624",30,HP681745
NEW PREM BUS SERVICE,9736176255,Kangra,Himachal Pradesh,"7,018,809,624",30,HP68B0227
NEW PREM BUS SERVICE,9736176255,Kangra,Himachal Pradesh,"7,018,809,624",30,HP68C1551
NEW PREM BUS SERVICE,9736176255,Kangra,Himachal Pradesh,"7,018,809,624",30,HP68A2937
NEW PREM BUS SERVICE,9736176255,Kangra,Himachal Pradesh,"7,018,809,624",30,HP681945
NEW PREM BUS SERVICE,9736176255,Kangra,Himachal Pradesh,"7,018,809,624",30,HP68A0357
NEW PREM BUS SERVICE,9736176255,Kangra,Himachal Pradesh,"7,018,809,624",30,HP68A2965
NEW PREM BUS SERVICE,9736176255,Kangra,Himachal Pradesh,"7,018,809,624",30,HP68B0129
NEW PREM BUS SERVICE,9736176255,Kangra,Himachal Pradesh,"7,018,809,624",30,HP681756
NEW PREM BUS SERVICE,9736176255,Kangra,Himachal Pradesh,"7,018,809,624",30,HP68A3535
NEW PREM BUS SERVICE,9736176255,Kangra,Himachal Pradesh,"7,018,809,624",30,HP68A3421
Chandan Apni Bus Travel ,7061756687,Siwan,Bihar,"7,061,756,687",1,BR07DEMO3
Manish apnibus travel,9608525797,Dumka,Jharkhand,"9,608,525,797",1,JH04S4147
SUGAM APNI BUS TRAVEL,8307577703,Jind,Haryana,"8,307,577,703",1,HR31DEMO3
Birbal Bus Service,9781449422,Bathinda ,Punjab,"9,877,674,046",1,PB03AP9665
Birbal Bus Service,9781449422,Bathinda ,Punjab,"9,877,674,046",1,PB03AP1865
Priyanshi Travels,9587535351,Alwar,Rajasthan,"8,949,151,116",3,RJ13PA5763
Radhika Travel ,8920731912,Sambhal,Uttar Pradesh,"7,355,982,328",3,UP38T5695
Priyanshi Travels,9587535351,Alwar,Rajasthan,"8,949,151,116",3,RJ37PA3866
Priyanshi Travels,9587535351,Alwar,Rajasthan,"8,949,151,116",3,RJ37PA3867
BRTC,7018946030,chamba,Himachal Pradesh,"9,805,472,672",1,HP74A0787
Guru Nanak Bus Service,9501490778,Ferozepur,Punjab,"7,888,953,318",1,PB03AJ7800
Bala ji bus service,9079607897,Dousa,Rajasthan,"7,568,399,430",1,RJ34PA5587
Lokesh Apnibus Demo,9817048793,Gurugram,Haryana,"9,953,133,206",1,DEMOLOKESH
Paris Bus Service,9541310029,Hisar,Haryana,"9,813,090,676",1,RJ10PA6513
Radhika Travel ,8920731912,Sambhal,Uttar Pradesh,"7,355,982,328",3,UP15JT2867
Ram Parivahan,9418792971,Kangra,Himachal Pradesh,"7,018,809,624",4,HP53C5077
NARYAL Bus Service,9318013144,Chamba ,Himachal Pradesh,"9,805,472,672",6,HP440599
Amarpal bus service,8872118777,Ferozepur,Punjab,"7,888,953,318",1,PB30R5992
The Hoshiarpur Doaba Tpt,7589882216,Hoshiarpur,Punjab,"9,878,835,391",5,PB07AS6695
The Hoshiarpur Doaba Tpt,7589882216,Hoshiarpur,Punjab,"9,878,835,391",5,PB07AS4195
The Hoshiarpur Doaba Tpt,7589882216,Hoshiarpur,Punjab,"9,878,835,391",5,PB07AS9595
The Hoshiarpur Doaba Tpt,7589882216,Hoshiarpur,Punjab,"9,878,835,391",5,PB07BT0095
Banvari lal bus service,9352301297,Kotputli,Rajasthan,"9,309,208,119",2,RJ40PA1235
The Hoshiarpur Doaba Tpt,7589882216,Hoshiarpur,Punjab,"9,878,835,391",5,PB07AS3795
खालसा डिलक्स,9523403606,Saharsa,Bihar,"9,523,403,606",1,BR19DEMO1
Apni Bus,6296175773,Sirmaur,Himachal Pradesh,"8,219,990,300",1,HP52DEMO
Gurukripa Trevels,8982510304,Gwalior,Madhya Pradesh,"7,000,532,942",1,MP07P4282
Baba Travlers  ,9671615615,Gurgaon,Haryana,0,1,HR55AC2943
Pradeep Travels,9999063602,Gurgaon,Haryana,"7,355,982,328",1,HR8092CT
Anubhav Tour And Travel,6394749009,Faizabad,Uttar Pradesh,"9,554,991,685",1,UP53KT4549
NARYAL Bus Service,9318013144,Chamba ,Himachal Pradesh,"9,805,472,672",1,HP921551
Aman Apnibus,7372878315,Munger,Bihar,"7,372,878,315",1,BR02DEMO
Banvari lal bus service,9352301297,Kotputli,Rajasthan,"9,309,208,119",2,RJ02PA3473
Pardum Demo ApniBus,7508707698,Pathankot,Punjab,"7,508,707,698",1,PB35DEMO
Sachin Apni bus,7693087845,Balaghat,Madhya Pradesh,"7,693,087,845",1,MP50DEMO
Vineet ApniBus,9098165960,Gwalior,Madhya Pradesh,"9,098,165,960",1,MP07DEMO6
Arun ApniBus Travel,9358730618,Mainpuri,Uttar Pradesh,"9,358,730,618",1,UP84DEMO
Mayur Apnibus ,9662528123,Mehsana,Gujarat,"9,662,528,123",1,GJ02DEMO
Preet Bus Service ,9417763471,Fazilka,Punjab,"7,888,953,318",1,PB04S7602
Darvesh Bus Service (MKS),9478200025,Sri Muktsar Sahib,Punjab,"9,814,201,669",2,PB04AH9725
Darvesh Bus Service (MKS),9478200025,Sri Muktsar Sahib,Punjab,"9,814,201,669",2,PB04AG0924
M/S PARIVAHAN ,9459076753,Kangra,Himachal Pradesh,"8,219,663,063",1,HP53D1943
Vishal bus,8708991011,FATEHABAD,Haryana,"9,315,883,000",1,HR62A3411
Pallavi Parivahan,9425195681,Ujjain,Madhya Pradesh,"9,691,365,341",3,MP13P1451
Sumit Apnibus,8130102782,,,"8,130,102,782",1,BR19P8987
MHT travels,9872245205,Mansa,Punjab,"9,877,674,046",1,PB03AP9980
Mehta Transport Co.Operative Society,9418056107,Solan,Himachal Pradesh,"9,341,643,122",1,HP14E8999
Ram Parivahan,9418792971,Kangra,Himachal Pradesh,"7,018,809,624",4,HP53A1943
Dinesh,9355125258,Bulandshahr,Uttar Pradesh,0,1,UP13BT9663
Shakti Bus Service,8103353494,Vidhisa,Madhya Pradesh,"7,987,327,084",1,MP40P0301
Khalsa Bus Service ,9872644883,Hoshiarpur,Punjab,"9,878,835,391",2,PB07U2070
Brother travel,7999855651,CG,Chhattisgarh,"7,999,855,651",1,CG25DEMO
Gill Bus Service ,8146219617,Ludhiana,Punjab,"9,814,201,669",11,PB29R9766
Gill Bus Service ,8146219617,Ludhiana,Punjab,"9,814,201,669",11,PB13BM0835
Gill Bus Service ,8146219617,Ludhiana,Punjab,"9,814,201,669",11,PB13BS4935
Gill Bus Service ,8146219617,Ludhiana,Punjab,"9,814,201,669",11,PB07BG3841
Ram Parivahan,9418792971,Kangra,Himachal Pradesh,"7,018,809,624",4,HP53A5077
Ram Parivahan,9418792971,Kangra,Himachal Pradesh,"7,018,809,624",4,HP53A1944
GILL BUS,9416597539,Sirsa,Haryana,"9,315,883,000",1,HR57A5354
Bajrang Tour And Travel,7217668498,Palwal,Haryana,"9,728,548,249",1,HR73B1060
Harsh Travels,8800842040,Palwal,Haryana,"9,728,548,249",1,HR38AH4962
Gill Bus Service ,8146219617,Ludhiana,Punjab,"9,814,201,669",11,PB08CT6061
Gill Bus Service ,8146219617,Ludhiana,Punjab,"9,814,201,669",11,PB04V4485
Gill Bus Service ,8146219617,Ludhiana,Punjab,"9,814,201,669",11,PB29M7536
Gill Bus Service ,8146219617,Ludhiana,Punjab,"9,814,201,669",11,PB23M5987
Gill Bus Service ,8146219617,Ludhiana,Punjab,"9,814,201,669",11,PB29M7636
Gill Bus Service ,8146219617,Ludhiana,Punjab,"9,814,201,669",11,PB29R9966
Ram Travels,6390855092,Pratapgarh,Uttar Pradesh,"9,717,101,668",1,UP72T2573
Meena travles,9667897641,Dasusa,Rajasthan,"8,107,303,491",1,RJ14PF7749
Lok Parivahan Sewa,9413775164,Alwar,Rajasthan,"7,568,399,430",1,RJ02PA9312
Akhilesh Travel,9050099000,,Haryana,"9,050,099,000",1,AK DEMO
Akhilesh Travel,9050099000,,Haryana,"9,050,099,000",1,HR67D5826
Raman TRAVELS Demo,9034428801,KARNAL,Haryana,"9,034,428,801",1,HR05DEMO
Jayanta Transport ,8749953907,Kamrup,Assam,"8,749,953,907",1,AS03DEMO
Upendra Travel ,8076258355,Delhi,Delhi,"8,076,258,355",1,DL23SDEMO
Som Apni ,8126463408,South Delhi,Delhi,"8,126,463,408",1,DL3SDEMO
Chainsingh Trevles ,8503878766,Sawai Madhopur,Rajasthan,"8,503,878,766",1,RJ25DEMO
Biru apni bus,8817111526,Korba,Chhattisgarh,"8,817,545,443",1,CG12ADEMO
Harsana,7877243787,Karauli,Rajasthan,"7,073,613,447",2,RJ34PB8087
Raman TRAVELS Demo,9034428801,KARNAL,Haryana,"9,034,428,801",1,HR05DEMO
Narsingh Travels ,9826546663,Jabalpur,Madhya Pradesh,"9,630,704,321",1,MP04PA3788
Prince Motors,9857800046,Una,Himachal Pradesh,"9,805,254,456",1,HP72C5646
Shailja Bus Service ,9015400500,Bilaspur,Himachal Pradesh,"8,219,990,300",1,HP692902
KAILASHPATI BUS SERVICE,9955047784,BHAGALPUR,Bihar,"8,294,553,335",2,BR10PB8930
Parvender sagar apni bus,9286268908,Budaun,Uttar Pradesh,"9,286,268,908",1,UP24BD1111
Khalsa Bus Service ,9872644883,Hoshiarpur,Punjab,"9,878,835,391",2,PB07Z6197
KAILASHPATI BUS SERVICE,9955047784,BHAGALPUR,Bihar,"8,294,553,335",2,BR10PB8929
Dhanraj Apnibus,7734887753,sikar,Rajasthan,"7,734,887,753",1,RJ15DEMO2
NEW PREM BUS SERVICE,9736176255,Kangra,Himachal Pradesh,"7,018,809,624",30,HP68B0167
Prahlad Singh,8107224071,Rajsamand,Rajasthan,"7,568,612,974",1,RJ30PA4794
Raghav kripa,9424223047,Gariyabandh,Chhattisgarh,"8,109,491,888",2,CG22B6555
Ram Parivahan,9418792971,Kangra,Himachal Pradesh,"7,018,809,624",1,HP53D6977
Kavya Bus Service,8091120145,Sirmaur,Himachal Pradesh,"8,278,786,847",1,HP71A7503
OM BABA MAIL,8127523818,Gorakhpur,Uttar Pradesh,"9,554,991,685",1,UP43BT8272
NEW PREM BUS SERVICE,9736176255,Kangra,Himachal Pradesh,"7,018,809,624",30,HP68B2525
Thakur bus,8219223884,Chamab,Himachal Pradesh,"9,805,472,672",1,HP731655
Prem Bus Service,9418700049,Mandi,Himachal Pradesh,"7,018,591,533",1,HP29D4649
Manoj Apnibus,9799254764,Nagaur,Rajasthan,"9,799,254,764",1,RJ21DEMO
Jagjeet demo apni,9876117963,Amritsar,Punjab,"9,876,117,963",1,PB07DEMO
Ramdev Travels,7877334444,Pali,Rajasthan,"9,799,862,695",1,RJ22PA6613
NEW PREM BUS SERVICE,9736176255,Kangra,Himachal Pradesh,"7,018,809,624",30,HP682885
Fatehgarh Transport Bus ,9855611677,Patiala ,Punjab,0,1,PB03AJ5131
Harsana,7877243787,Karauli,Rajasthan,"7,073,613,447",2,RJ34PA8087
Raghav kripa,9424223047,Gariyabandh,Chhattisgarh,"8,109,491,888",2,CG23N8728
Mundrika Travels,7073814094,Bhagalpur,Bihar,"8,750,710,855",1,BR10PC5494
Anurag demo,8811940478,Cachar,Assam,"8,811,940,478",1,AS11DEMO
Rana Bus Service,9816326707,Amb,Himachal Pradesh,"9,805,254,456",1,HP72D7147
Tiwana Ways,7879000097,Patiala,Punjab,"7,508,162,486",3,PB11CB7797
Ajay Bus ,9815790491,Patiala,Punjab,"9,877,674,046",1,PB11BF9815
Nirmal bus,9816346785,Kangra,Himachal Pradesh,"8,219,663,063",1,HP684590
Girish Apnibus ,6353100177,Ahmedabad,Gujarat,"6,353,100,177",1,GJ27DEMO1
Manish Travel ,9919580002,Pratapgarh,Uttar Pradesh,"9,717,101,668",1,UP53GT1112
Sweet Apnibus Travel ,8011914592,Sribhumi,Assam,"8,011,914,592",1,AS10DEMO
Ashish Apnibus ,8053537312,Panipat,Haryana,"8,053,537,312",1,HR06DEMO1
Mudssir khan,9680815676,Sawai Madhopur,Rajasthan,"9,251,169,926",2,RJ07PA4834
Shiv Motor,8196900195,Patiala,Punjab,"9,855,517,544",3,PB11BA3695
Patial Bus Service,9805000875,Bilaspur,Himachal Pradesh,"8,219,990,300",3,HP23F5505
Shiv Motor,8196900195,Patiala,Punjab,"9,855,517,544",3,PB11BA7095
Badriram,9983896354,Ganganagar,Rajasthan,"7,568,612,974",1,RJ07PA9484
Sandhu Bus Service,8528001212,Ferozepur,Punjab,"7,888,953,318",1,PB19D9221
New Sandhu Bus Service ,9914339493,Ferozepur,Punjab,"7,888,953,318",1,PB13U9278
Chintu Apni Bus,9101922980,Dhemaji,Assam,"9,101,922,980",1,AS22DEMO
Raktim apnibus,7099156243,Lakhimpur,Assam,"7,099,156,243",1,AS01DEMO3
Nayan Apnibus Travel ,7002122933,Cachar,Assam,"7,002,122,933",1,AS20DEMO
Kalyan Bus Service,9816300565,Sirmour,Himachal Pradesh,"7,018,591,533",1,HP71A7009
Mudssir khan,9680815676,Sawai Madhopur,Rajasthan,"9,251,169,926",2,RJ23PA8751
Mahi travels,9713749860,Guna,Madhya Pradesh,"7,566,557,405",1,AR06B6786
Patial Bus Service,9805000875,Bilaspur,Himachal Pradesh,"8,219,990,300",3,HP23D5505
Shiv Motor,8196900195,Patiala,Punjab,"9,855,517,544",3,PB11CT3295
Patial Bus Service,9805000875,Bilaspur,Himachal Pradesh,"8,219,990,300",3,HP695505
Rakesh,9529828228,Ganganagar,Rajasthan,"7,014,754,105",1,RJ07PB2014
Jhala & Bishnoi,9928028020,Bikaner,Rajasthan,"7,568,612,974",1,RJ07PB8573
Kholi Travells Bhiwadi And Nasik,9413891748,Jhunjhunu,Rajasthan,"7,568,399,430",1,AR01U8184
Bullar Bus,9878531668,Mansa,Punjab,"9,877,674,046",1,PB03BH7525
Rajnish Kumar,9341643122,Gurugram,Haryana,"9,341,643,122",1,RJ26DEMO26
Rajasthan Lok Parivahan ,9887094190,Bharatpur,Rajasthan,"7,073,613,447",1,RJ14PE3178
Ram Prakash,6376707522,Dausa,Rajasthan,0,1,RJ14PD9061
HRTC,9166755872,Jaipur,Rajasthan,"8,949,151,116",1,HR55AF2810
NEW PREM BUS SERVICE,9736176255,Kangra,Himachal Pradesh,"7,018,809,624",30,HP68C5115
Hardyal Singh Gill,9700007631,Moga,Punjab,"9,814,201,669",1,PB07BP7474
Tiwana Ways,7879000097,Patiala,Punjab,"7,508,162,486",3,PB11CB7897
Jhala travels 80RD,8890301100,Bikaner,Rajasthan,"8,000,304,871",1,RJ07PB8535
Tiwana Ways,7879000097,Patiala,Punjab,"7,508,162,486",3,PB11BK7897
Thakur Bus Service,9816637543,Shimla,Himachal Pradesh,"8,278,786,847",1,HP63D1453
Rehan Travels ,7002947964,Dhubri district,Assam,"7,002,267,884",2,AS17C8618
NEW PREM BUS SERVICE,9736176255,Kangra,Himachal Pradesh,"7,018,809,624",30,HP68B6262
NEW PREM BUS SERVICE,9736176255,Kangra,Himachal Pradesh,"7,018,809,624",30,HP68A3121
NEW PREM BUS SERVICE,9736176255,Kangra,Himachal Pradesh,"7,018,809,624",30,HP68B0241
NEW PREM BUS SERVICE,9736176255,Kangra,Himachal Pradesh,"7,018,809,624",30,HP687585
Rehan Travels ,7002947964,Dhubri district,Assam,"7,002,267,884",2,AS17B8931
SHRINET TOUR AND TRAVELS,9721832218,Deoria,Uttar Pradesh,"9,838,410,462",1,UP53GT9991
Bhullar Bus Service,9780324900,Fazilka,Punjab,"7,888,953,318",1,PB05AR2391
Sumit Apni Bus Travel ,9016161739,Bhavangar,Gujarat,"9,016,161,739",1,GJ04DEMO
Khagendra Apni Bus Traval,6266504163,Raigarh,Chhattisgarh,"6,266,504,163",1,11DEMO
Apni bus,6266862191,Korba,Chhattisgarh,"6,266,862,191",1,JH10ACDEMO
Shiv Shankar apnibus company,7783815383,Dhanbad,Jharkhand,"7,783,815,383",1,JH10DEMOO
Chandan Tiwaari Demo,9315522434,Chatra,Jharkhand,"9,315,522,434",1,JH13DEMO
MH TPT (Barnala),9780000508,Faridkot,Punjab,"9,814,201,669",1,PB13AL1403
Mahesh apnibus travel,9713725358,Indore,Madhya Pradesh,"9,713,725,358",1,MP09ZADEMO
NEW PREM BUS SERVICE,9736176255,Kangra,Himachal Pradesh,"7,018,809,624",30,HP681835
Yadav Deluxe,6206705947,Koderma,Jharkhand,"8,797,379,157",1,JH12S6641
NEW PREM BUS SERVICE,9736176255,Kangra,Himachal Pradesh,0,30,HP68B0133
Sahu Travels,9416246859,Sirsa,Haryana,"8,949,151,116",1,RJ13PA6548
Gill Travels,9780007760,Moga,Punjab,"9,814,201,669",1,PB11CR1695
Dhaliwal bus service,9780717474,Ferozepur,Punjab,"7,888,953,318",1,PB03T7921
The Hoshiarpur Doaba Tpt,7589882216,Hoshiarpur,Punjab,"9,855,517,544",3,PB07AL4195
The Hoshiarpur Doaba Tpt,7589882216,Hoshiarpur,Punjab,"9,855,517,544",3,PB07AS1979
The Hoshiarpur Doaba Tpt,7589882216,Hoshiarpur,Punjab,"9,855,517,544",3,PB07AZ9595
Narmada Travels,9893300500,Chhatarpur,Madhya Pradesh,"7,987,327,084",1,MP16ZD8117
Sandhu Tpt.Co. ,9532100041,Lakhimpur,Uttar Pradesh,"9,838,410,462",3,UP31CT8297
Sandhu Tpt.Co. ,9532100041,Lakhimpur,Uttar Pradesh,"9,838,410,462",3,UP31CT6577
Ashish Ranjan AB,7982869446,Gurgaon,Haryana,"1,234,567",1,BR32AXDEMO
NEW PREM BUS SERVICE,9736176255,Kangra,Himachal Pradesh,0,30,HP683735
Ram Parivahan,9418792971,Kangra,Himachal Pradesh,"7,018,809,624",3,HP53B9071
Ram Travels,6390855092,Pratapgarh,Uttar Pradesh,"9,717,101,668",1,UP72T0299
NEW PREM BUS SERVICE,9736176255,Kangra,Himachal Pradesh,0,30,HP68B0130
NEW PREM BUS SERVICE,9736176255,Kangra,Himachal Pradesh,0,30,HP68B0229
NEW PREM BUS SERVICE,9736176255,Kangra,Himachal Pradesh,0,30,HP68A0625
NEW PREM BUS SERVICE,9736176255,Kangra,Himachal Pradesh,0,30,HP68A0122
NEW PREM BUS SERVICE,9736176255,Kangra,Himachal Pradesh,0,30,HP68A0225
NEW PREM BUS SERVICE,9736176255,Kangra,Himachal Pradesh,0,30,HP68B0228
NEW PREM BUS SERVICE,9736176255,Kangra,Himachal Pradesh,0,30,HP68B0242
NEW PREM BUS SERVICE,9736176255,Kangra,Himachal Pradesh,0,30,HP68A0255
NEW PREM BUS SERVICE,9736176255,Kangra,Himachal Pradesh,0,30,HP68A0285
NEW PREM BUS SERVICE,9736176255,Kangra,Himachal Pradesh,0,30,HP68A0356
NEW PREM BUS SERVICE,9736176255,Kangra,Himachal Pradesh,0,30,HP63D1551
NEW PREM BUS SERVICE,9736176255,Kangra,Himachal Pradesh,0,30,HP681746
NEW PREM BUS SERVICE,9736176255,Kangra,Himachal Pradesh,0,30,HP681925
NEW PREM BUS SERVICE,9736176255,Kangra,Himachal Pradesh,0,30,HP681935
NEW PREM BUS SERVICE,9736176255,Kangra,Himachal Pradesh,0,30,HP68A3067
NEW PREM BUS SERVICE,9736176255,Kangra,Himachal Pradesh,0,30,HP683635
NEW PREM BUS SERVICE,9736176255,Kangra,Himachal Pradesh,0,30,HP68A0121
NEW PREM BUS SERVICE,9736176255,Kangra,Himachal Pradesh,0,30,HP68A0686
NEW PREM BUS SERVICE,9736176255,Kangra,Himachal Pradesh,0,30,HP63A6565
NEW PREM BUS SERVICE,9736176255,Kangra,Himachal Pradesh,0,30,HP681545
NEW PREM BUS SERVICE,9736176255,Kangra,Himachal Pradesh,0,30,HP68A0413
Amirt Pal ,9783070013,Ganganagar,Rajasthan,"8,000,304,871",2,RJ13PA9710
Ram Parivahan,9418792971,Kangra,Himachal Pradesh,"7,018,809,624",3,HP53D9071
Ram Parivahan,9418792971,Kangra,Himachal Pradesh,"7,018,809,624",3,HP53C6977
NEW PREM BUS SERVICE,9736176255,Kangra,Himachal Pradesh,0,30,HP68A0412
Bala Ji Bus Service ,9416077999,Sirsa,Haryana,"9,315,883,000",1,HR62A2514
NEW PREM BUS SERVICE,9736176255,Kangra,Himachal Pradesh,0,30,HP63D5511
NEW PREM BUS SERVICE,9736176255,Kangra,Himachal Pradesh,0,30,HP685959
NEW PREM BUS SERVICE,9736176255,Kangra,Himachal Pradesh,0,30,HP688485
NEW PREM BUS SERVICE,9736176255,Kangra,Himachal Pradesh,0,30,HP689495
NEW PREM BUS SERVICE,9736176255,Kangra,Himachal Pradesh,0,30,HP685858
NEW PREM BUS SERVICE,9736176255,Kangra,Himachal Pradesh,0,30,HP68A0425
Amirt Pal ,9783070013,Ganganagar,Rajasthan,"8,000,304,871",2,RJ13PB6624
NEW PREM BUS SERVICE,9736176255,Kangra,Himachal Pradesh,0,10,HP68B1551
Kartik Bus Service,7247603722,Panna,Madhya Pradesh,"9,630,704,321",1,MP16ZG9577
NEW PREM BUS SERVICE,9736176255,Kangra,Himachal Pradesh,0,10,HP68A0286
NEW PREM BUS SERVICE,9736176255,Kangra,Himachal Pradesh,0,10,HP68B0166
Pulkit,8005983794,Bikaner,Rajasthan,"7,568,612,974",1,RJ07PB3314
NEW PREM BUS SERVICE,9736176255,Kangra,Himachal Pradesh,0,10,HP68A0315
NEW PREM BUS SERVICE,9736176255,Kangra,Himachal Pradesh,0,10,HP68B0119
RAVI TRAVEL DEMO,7984082892,Surat,Gujarat,"7,984,082,892",1,GJ05LE4835
M H T Transport,6284009348,bathinda,Punjab,"9,878,835,391",1,PB13BN7155
Tour Travel Agency,7568070029,Ganganagar,Rajasthan,"7,878,173,091",1,RJ13PA9555
Piyush Bus Service ,7078881000,Firozabad,Uttar Pradesh,0,1,UP82BT4892
Verma Travels,9251201577,Gurugram,Haryana,"7,568,612,974",2,RJ39PA1688
Verma Travels,9251201577,Gurugram,Haryana,"7,568,612,974",2,MP44ZF0577
Sheoran Express,9813743777,Bhiwani,Haryana,"9,315,883,000",2,HR39E0466
Mahaveer Bus service,9829372120,Bharatpur,Rajasthan,"8,503,878,766",1,RJ29PB4790
NEW PREM BUS SERVICE,9736176255,Kangra,Himachal Pradesh,0,10,HP68B0137
NEW PREM BUS SERVICE,9736176255,Kangra,Himachal Pradesh,0,10,HP688485
Gurjit Singh Travels,8872731195,Ludhiana,Punjab,"9,878,835,391",1,PB10JB6915
Sheoran Express,9813743777,Bhiwani,Haryana,"9,315,883,000",2,HR39E6120
MHT,9872424078,Bathinda,Punjab,"9,877,674,046",3,PB19M2707
थुरवाल Travel,8058550160,Sawai Madhopur,Rajasthan,"7,014,754,105",5,RJ34PA4075
Sukh Travels,9079877423,Nagaur,Rajasthan,"9,799,254,764",1,RJ37PA3839
MHT Transport,7658824714,Barnala,Punjab,"7,508,162,486",1,PB10HN0964
MHT,9872424078,Bathinda,Punjab,"9,877,674,046",3,PB13BS5375
MHT,9872424078,Bathinda,Punjab,"9,877,674,046",3,PB03BP2063
Baba budha bus,9914383468,Amritsar,Punjab,"9,041,995,581",1,PB02DF9295
Dhaliwal Bus,8591700050,shri Muktsar sahib,Punjab,"9,814,201,669",1,PB05S9858
Mogi travels,8696282526,Sikar,Rajasthan,"9,251,169,926",1,RJ46PA1899
Praveen,9521607509,Nagaur,Rajasthan,"9,799,254,764",1,RJ37PA3875
Neelgagan Bus Service ,9816507922,Bilaspur,Himachal Pradesh,"9,805,254,456",1,HP722523
Sandhu Tpt.Co. ,9532100041,Lakhimpur,Uttar Pradesh,"9,838,410,462",3,UP31CT2277
Pathania Bus Service ,8196951331,Amritsar,Punjab,"9,876,117,963",1,PB03X8662
Dinesh,7891589484,Alwar,Rajasthan,"9,309,208,119",1,RJ02PA8411
S R Jaryal ,9805125005,Chamba,Himachal Pradesh,"9,805,472,672",1,HP732524
Suraj Bus,9805003711,Chamba,Himachal Pradesh,"9,805,472,672",1,HP73A8711
Gill Travels,9780007760,Moga,Punjab,"9,814,201,669",2,PB10HJ0345
MHT,9876902648,Bathinda,Punjab,"7,888,953,318",2,PB13BG9232
Chahal Bus Service,9915726355,Mansa,Punjab,"9,317,712,349",2,PB30R1778
Dinesh,9355125258,Bulandshahr,Uttar Pradesh,0,1,UP13CT5953
Sunanda travels,9755506295,Gariyaband,Chhattisgarh,"8,770,905,310",1,CG23P9700
Gill Travels,9780007760,Moga,Punjab,"9,814,201,669",2,PB02CC9799
SKT,7006144471,Shimla,Himachal Pradesh,"8,278,786,847",1,HP630108
Radha Krishna Travels,8505925151,Gurgaon,Haryana,"7,355,982,328",1,HR55AY5151
Maa Laxmi Travels Gopalganj,7488202225,Gopalganj,Bihar,"8,750,710,855",1,BR29H5001
Jayant apnibus travels,8770905310,Durg,Chhattisgarh,"8,770,905,310",1,CG07DEMOBUS
Radha Krishna Travels,8505925151,Gurgaon,Haryana,"7,355,982,328",1,HR55AB1768
Shivcharanjeet Happy,9653107425,Moga,Punjab,"9,877,770,799",1,PB13BG7093
Lok parivahan sewa,9509121373,Alwar,Rajasthan,"7,568,399,430",1,RJ02PA9272
Santoshi Travels,9414684524,Udaipur,Rajasthan,"9,799,862,695",3,RJ27PD1071
Santoshi Travels,9414684524,Udaipur,Rajasthan,"9,799,862,695",3,RJ27PB5542
Jeetendra Apnibus Trevals ,7000532942,Gwalior ,Madhya Pradesh,"7,000,532,942",1,MP04EE1269
Tamana Bus,8219746181,Chamba,Himachal Pradesh,"9,805,472,672",1,HP57B8005
SHARMA BUS SERVICE,9464507586,Ferozepur,Punjab,"7,888,953,318",1,PB11AE9475
Anmol bus,9803723464,Mansa,Punjab,"9,877,674,046",1,PB31L2723
Bhawani Singh Rathore,8302074902,Bikaner,Rajasthan,"7,568,612,974",1,RJ07PB1321
Radha Krishna Travels,8505925151,Gurgaon,Haryana,"7,355,982,328",1,HR55AJ7867
Kaila Devi Express Seva,9414150639,Dausa,Rajasthan,"7,073,613,447",1,RJ14PE5545
Mahendra Kumar,9079746283,Jodhpur,Rajasthan,"8,107,303,491",1,RJ19PD2266
Gbs Bus Service,9814300066,Amritsar,Punjab,"9,876,117,963",2,PB02BM9369
Ravidas Travels,9872305000,Bathinda,Punjab,"7,888,953,318",1,PB03AJ8674
Jayan meena,9660998762,Dausa,Rajasthan,"9,251,169,926",1,RJ14PD8873
Parvati Bus Service,9816990164,Bilaspur,Himachal Pradesh,"8,219,990,300",2,HP697589
Radha Krishna Travels,8505925151,Gurgaon,Haryana,"7,355,982,328",1,HR55AB8965
Radha Krishna Service,9625966070,Gurgaon,Haryana,"7,355,982,328",1,HR55AU8888
Gbs Bus Service,9814300066,Amritsar,Punjab,"9,876,117,963",2,PB11CJ4188
Randhawa Bus Service,9416403592,Sirsa,Haryana,"9,315,883,000",1,HR57A3634
Santoshi Travels,9414684524,Udaipur,Rajasthan,"9,799,862,695",3,RJ27PC0261
Santosh Bus Service,9418674043,Mandi,Himachal Pradesh,"7,018,591,533",1,HP659693
Tamana Bus,8219746181,Chamba,Himachal Pradesh,"9,805,472,672",2,HP57A6005
Choudhary Travels,9509020277,Ganganagar,Rajasthan,"8,107,303,491",1,RJ13PA9767
Chandel Bus Service,9817585288,Bilaspur,Himachal Pradesh,"8,219,990,300",1,HP697616
Radha Krishna Travels,8505925151,Gurgaon,Haryana,"7,355,982,328",1,HR55AB8965
Parvati Bus Service,9816990164,Bilaspur,Himachal Pradesh,"8,219,990,300",2,HP65B0205
Choudhary Travels,9672010577,Ajmer,Rajasthan,"8,107,303,491",1,RJ14PG9639
Radha Krishna Service,9540316184,Gurgaon,Haryana,"7,355,982,328",1,HR55AJ0084
Nishu Travels,9816222422,Shinla,Himachal Pradesh,"8,278,786,847",1,HP63D5523
Shri Shyam Bus Service,9812359058,Gurgaon,Haryana,"7,355,982,328",1,HR55AL0138
Bhai bhai bus sarvice,9549292573,Churu,Rajasthan,"7,568,612,974",1,RJ10PB6789
The Desujodha Dhillon Co Op Tpt,9416215591,Sirsa,Haryana,"9,315,883,000",1,HR570096
Tamana Bus,8219746181,Chamba,Himachal Pradesh,"9,805,472,672",2,HP577005
Swastik Bus Service,7762802786,Gopalganj,Bihar,"8,750,710,855",1,BR04Q3291
Shivangan Holiday ,9452689219,Gonda,Uttar Pradesh,"9,838,410,462",1,UP52BT9739
New Anjali,7807483448,Kullu,Himachal Pradesh,"8,278,786,847",1,HP06A1520
Pathania Bus Service ,8196951331,Amritsar,Punjab,"9,876,117,963",1,PB10AK9583
Yuvraj Motor Service,9931392443,Begusarai,Bihar,"8,294,553,335",2,BR09R1053
NEW PREM BUS SERVICE,9736176255,Kangra,Himachal Pradesh,0,10,HP685252
Dashmesh Transport,9417035417,Bathinda,Punjab,"9,877,674,046",3,PB03BM6517
Rajasthan Lok Parivahan,9602184619,Jodhpur,Rajasthan,"7,568,612,974",1,RJ43PB0505
Parowal Bus Service,6283324002,Amritsar,Punjab,"9,876,117,963",1,PB05R9381
Radha Krishna Service,9540316184,Gurgaon,Haryana,"7,355,982,328",1,HR55BA0084
Attal Bus Sarvice ,9872092997,Patiala,Punjab,"7,508,162,486",1,PB13BP9777
Shiv motor harry,9814900395,PATIALA,Punjab,"7,508,162,486",1,PB11DG9895
Jai Mata Di,9111444002,Hoshangabad,Madhya Pradesh,"7,987,327,084",4,MP05P0407
Jai Mata Di,9111444002,Hoshangabad,Madhya Pradesh,"7,987,327,084",4,MP04PA2569
Shree Karni Kirpa,8529868669,Jaipur,Rajasthan,"8,058,299,803",1,RJ14PE3464
Shree Karni Kirpa,8529868669,Jaipur,Rajasthan,"7,689,996,832",1,RJ14PE3464
Udaiveer,9560339156,Faridabad,Haryana,"7,355,982,328",1,HR55AJ9577
Jagga Bus,9555933322,South West Delhi,Delhi,0,1,HR55X3333
Yuvraj Motor Service,9931392443,Begusarai,Bihar,"8,294,553,335",2,BR09R1062
Radha Krishna Travels,8505925151,Gurgaon,Haryana,"7,355,982,328",1,HR55AB4172
Ahuluwali Bus Service,9872831811,Mansa,Punjab,"7,508,162,486",1,PB13BG8511
Mandhor Corporative Society ,9896797313,Ambala,Haryana,"9,315,883,000",1,HR37A7458
Bharti Bus Service,9816024505,Kullu,Himachal Pradesh,"7,018,591,533",1,HP34F4646
Jai Mata Di,9111444002,Hoshangabad,Madhya Pradesh,"7,987,327,084",4,MP05P0396
Dashmesh Transport,9417035417,Bathinda,Punjab,"9,877,674,046",3,PB03BS3417
Jai Mata Di,9111444002,Hoshangabad,Madhya Pradesh,"7,987,327,084",4,MP04PA2568
Neelgagan Bus Service ,9816507922,Bilaspur,Himachal Pradesh,"9,805,254,456",1,HP69A2325
Bhupindera,9805431585,Solan,Himachal Pradesh,"8,219,990,300",2,HP12K9327
Ram Parivahan,9418792971,Kangra,Himachal Pradesh,"7,018,809,624",4,HP53D5077
Jagga Bus,9555933322,South West Delhi,Delhi,"7,355,982,328",1,HR55T3333
Dashmesh Transport,9417035417,Bathinda,Punjab,"9,877,674,046",3,PB03BS7317
Aulakh Bus Service Madoke,8437134827,Amritsar,Punjab,"9,876,117,963",1,PB02CR9981
Gill Moters,7355100668,moga,Punjab,"9,814,201,669",2,PB03W0511
Radha Krishna Travels,8505925151,Gurgaon,Haryana,"7,355,982,328",1,HR55AB1768
Goyal bus service,9996591788,Sirsa,Haryana,"9,315,883,000",1,HR57A4547
Gill Moters,7355100668,moga,Punjab,"9,814,201,669",2,PB05AT9444
New khaira tpt,9956564556,Lakhimpur Kheri,Uttar Pradesh,"9,838,410,462",1,UP31BT6277
Lok parivahan sewa,9509121373,Alwar,Rajasthan,"7,568,399,430",1,RJ02PA6107
Murari Bus Service,8894208116,Mandi,Himachal Pradesh,"7,018,591,533",1,HP31B8643
Sharwan Kumar ,8619354560,Bikaner ,Rajasthan,"7,568,612,974",1,RJ50PA8405
Bharat CTS Ltd,9050021507,Panipat,Haryana,"9,315,883,000",1,HR67C1960
Rana Bus Service,9816326707,Amb,Himachal Pradesh,"9,805,254,456",2,HP72B7147
Ram Parivahan,9418792971,Kangra,Himachal Pradesh,"7,018,809,624",4,HP53B6977
Pathania Bus,8219773822,Kangra,Himachal Pradesh,"9,805,472,672",1,HP54B4145
Ram Parivahan,9418792971,Kangra,Himachal Pradesh,"7,018,809,624",4,HP53D0971
Sonu Travels Demo,8750710855,Gurgaon,Haryana,"8,750,710,855",1,SONUDEMOBR
Ram Parivahan,9418792971,Kangra,Himachal Pradesh,"7,018,809,624",4,HP53B0971
Ashu Bus,8091727532,Sirmaur,Himachal Pradesh,"8,278,786,847",1,HP17J2232
Choudhary Travels,7568967036,Udaipur,Rajasthan,"9,799,862,695",1,RJ27PB9498
Khan Travels,6375326576,Bikaner,Rajasthan,"8,000,304,871",1,RJ13PA4631
Gadwal Tour & Travel,9571414666,Sri Ganganagar,Rajasthan,"8,107,303,491",2,RJ13PA5783
Himalya Bus Service,9625425123,Mandi,Himachal Pradesh,"7,018,591,533",1,HP657575
Khatra Bus Service,9112900040,Patiala,Punjab,"7,508,162,486",5,PB11DH4755
Ritika Bus Service,9129725099,Hamirpur,Himachal Pradesh,"7,018,809,624",1,CH02AA0299
Khatra Bus Service,9112900040,Patiala,Punjab,"7,508,162,486",5,PB11CB5755
Khatra Bus Service,9112900040,Patiala,Punjab,"7,508,162,486",5,PB11DL0755
Khatra Bus Service,9112900040,Patiala,Punjab,"7,508,162,486",5,PB11CB6455
Tour Travel Agency,7568070029,Ganganagar,Rajasthan,"8,000,304,871",1,RJ13PB8573
Thakur Bus Service,7807212370,Bilaspur,Himachal Pradesh,"8,219,990,300",1,HP69A2370
Akhalesh Kumar Meena,9899190680,Delhi,Delhi,"7,568,612,974",1,RJ29PA5481
Khatra Bus Service,9112900040,Patiala,Punjab,"7,508,162,486",5,PB11CU4955
Rana Bus Service,9816326707,Amb,Himachal Pradesh,"9,805,254,456",2,HP72B3947
Nahata Travels,8005504406,Hanumangarh,Rajasthan,"9,599,056,807",4,RJ18PB2636
Shehnaz Bus Service,9463429432,Ferozepur,Punjab,"7,888,953,318",2,PB08CH7678
New Royal Star,7000257909,Bhopal,Madhya Pradesh,"7,987,327,084",1,MP41P1440
Radha Krishna Service,9540316184,Gurgaon,Haryana,0,1,HR55Y3877
Brij Lal Delu Travels,9414663279,Bikaner,Rajasthan,"7,568,612,974",1,RJ07PA9955
Chandel Bus Service,9805454171,Bilaspur,Himachal Pradesh,"8,219,990,300",1,HP67A7646
Shilu Bus Sarvice,8502924834,Hanumangarh,Rajasthan,"7,014,754,105",1,RJ49PA0212
mannath,9337392762,Khurdha,Odisha,"8,598,810,350",3,JHGF56789
mannath,9337392762,Khurdha,Odisha,"8,598,810,350",3,BJWE91999
mannath,9337392762,Khurdha,Odisha,"8,598,810,350",3,TESTTEST610
mannath,9337392762,Khurdha,Odisha,"8,598,810,350",3,JHGF56789
mannath,9337392762,Khurdha,Odisha,"8,598,810,350",3,BJWE91999
mannath,9337392762,Khurdha,Odisha,"8,598,810,350",3,TESTTEST610
mannath,9337392762,Khurdha,Odisha,"8,598,810,350",3,JHGF56789
mannath,9337392762,Khurdha,Odisha,"8,598,810,350",3,BJWE91999
mannath,9337392762,Khurdha,Odisha,"8,598,810,350",3,TESTTEST610
mannath,9337392762,Khurdha,Odisha,"8,598,810,350",3,BJWE91999
mannath,9337392762,Khurdha,Odisha,"8,598,810,350",3,TESTTEST610
mannath,9337392762,Khurdha,Odisha,"8,598,810,350",3,RJ019181
Sandeep Bus Service,9355551608,Yamunanagar,Haryana,"9,315,883,000",1,HR37A0005
Sagar Bus,9915782753,muktsar,Punjab,"9,814,201,669",2,PB30R8701
Sagar Bus,9915782753,muktsar,Punjab,"9,814,201,669",2,PB30R7701
Prince Motors,9857800046,Una,Himachal Pradesh,"9,805,254,456",1,HP804600
B.Batala,8725080080,Amritsar,Punjab,"9,876,117,963",2,PB06Q9780
Veerendra singh,9828151026,Karauli,Rajasthan,"9,251,169,926",1,RJ14PG6755
Sapna Bus Service ,6265420521,Shivpuri,Madhya Pradesh,0,1,MP08P0495
Chandel Bus Service,9805454171,Bilaspur,Himachal Pradesh,"8,219,990,300",1,HP69A3126
Walia Bus Service,9816677975,Kangra,Himachal Pradesh,"7,018,809,624",1,HP68B6475
Mohammad Sahban Travels,9667113838,Sawai Madhopur,Rajasthan,"8,875,828,243",1,RJ10PA6391
Yuvraj Motor Service,9931392443,Begusarai,Bihar,0,2,BR11PA2428
Shehnaz Bus Service,9463429432,Ferozepur,Punjab,"7,888,953,318",2,PB08CB8378
Radheshyam,7568895019,Bikaner,Rajasthan,"8,000,304,871",1,RJ50PA0189
Sundram Travels,6207923861,Purnia,Bihar,"6,207,923,861",1,BR11PD2452
B.Batala,8725080080,Amritsar,Punjab,"9,876,117,963",2,PB06BN8080
Bhullar Bus Service,9780324900,Fazilka,Punjab,0,1,PB03T8717
Chandel Bus Service,9817585288,Bilaspur,Himachal Pradesh,"8,219,990,300",1,HP693356
Himalya Bus Service,9625425123,Mandi,Himachal Pradesh,"7,018,591,533",1,HP657104
Rupsee Travels,9418055442,Bilaspur,Himachal Pradesh,"8,219,990,300",2,HP69A0361
Bal Majitha Transport,9464119107,Amritsar,Punjab,"9,876,117,963",1,PB07M8316
The Mata Mansa Devi Coopretive Society Pvt Ltd,9813174321,Yamunanagar,Haryana,"9,315,883,000",1,HR58A9939
Yuvraj Motor Service,9931392443,Begusarai,Bihar,0,2,BR09R0526
Radha Krishna Service,9540316184,Gurgaon,Haryana,"9,728,548,249",1,HR66B5284
New Thulel Valley,9816002797,Chamba,Himachal Pradesh,"7,018,809,624",1,HP577527
Radha Krishna Travels,8505925151,Gurgaon,Haryana,0,1,HR66B4584
Jujhar Constructions And Travels Pvt. Ltd.,8427999077,Ludhiana,Punjab,"8,427,999,077",25,PB13BJ6300
Rana Bus,9816229953,Kangra,Himachal Pradesh,"7,018,809,624",1,HP68B2412
Jujhar Constructions And Travels Pvt. Ltd.,8427999077,Ludhiana,Punjab,"8,427,999,077",25,PB10JS2271
Jujhar Constructions And Travels Pvt. Ltd.,8427999077,Ludhiana,Punjab,"8,427,999,077",25,PB13BF7900
Jujhar Constructions And Travels Pvt. Ltd.,8427999077,Ludhiana,Punjab,"8,427,999,077",25,PB04AC7177
Rajveer Travels,8103830734,Mahasamund,Chhattisgarh,0,1,CG06H0391
Rupsee Travels,9418055442,Bilaspur,Himachal Pradesh,"8,219,990,300",2,HP69A1990
Bhullar Bus Service,9780324900,Fazilka,Punjab,"7,888,953,318",1,PB03T8717
Jujhar Constructions And Travels Pvt. Ltd.,8427999077,Ludhiana,Punjab,"8,427,999,077",25,PB10HX2287
Jujhar Constructions And Travels Pvt. Ltd.,8427999077,Ludhiana,Punjab,"8,427,999,077",25,PB10JE8931
Jujhar Constructions And Travels Pvt. Ltd.,8427999077,Ludhiana,Punjab,"8,427,999,077",25,PB10JJ2934
Jujhar Constructions And Travels Pvt. Ltd.,8427999077,Ludhiana,Punjab,"8,427,999,077",25,PB10JT3304
Jujhar Constructions And Travels Pvt. Ltd.,8427999077,Ludhiana,Punjab,"8,427,999,077",25,PB10JV8171
Jujhar Constructions And Travels Pvt. Ltd.,8427999077,Ludhiana,Punjab,"8,427,999,077",25,PB10JZ9265
Jujhar Constructions And Travels Pvt. Ltd.,8427999077,Ludhiana,Punjab,"8,427,999,077",25,PB13BB2121
Jujhar Constructions And Travels Pvt. Ltd.,8427999077,Ludhiana,Punjab,"8,427,999,077",25,PB07BV6797
Jujhar Constructions And Travels Pvt. Ltd.,8427999077,Ludhiana,Punjab,"8,427,999,077",25,PB04AA3519
Jujhar Constructions And Travels Pvt. Ltd.,8427999077,Ludhiana,Punjab,"8,427,999,077",25,PB07BV6510
Jujhar Constructions And Travels Pvt. Ltd.,8427999077,Ludhiana,Punjab,"8,427,999,077",25,PB10JB2833
Jujhar Constructions And Travels Pvt. Ltd.,8427999077,Ludhiana,Punjab,"8,427,999,077",25,PB10KA1399
Jujhar Constructions And Travels Pvt. Ltd.,8427999077,Ludhiana,Punjab,"8,427,999,077",25,PB13BF1900
Jujhar Constructions And Travels Pvt. Ltd.,8427999077,Ludhiana,Punjab,"8,427,999,077",25,PB10FV8801
Jujhar Constructions And Travels Pvt. Ltd.,8427999077,Ludhiana,Punjab,"8,427,999,077",25,PB10FV8804
Jujhar Constructions And Travels Pvt. Ltd.,8427999077,Ludhiana,Punjab,"8,427,999,077",25,PB13BJ2900
Jujhar Constructions And Travels Pvt. Ltd.,8427999077,Ludhiana,Punjab,"8,427,999,077",25,PB13BJ5599
Jujhar Constructions And Travels Pvt. Ltd.,8427999077,Ludhiana,Punjab,"8,427,999,077",25,PB04AC7181
Jujhar Constructions And Travels Pvt. Ltd.,8427999077,Ludhiana,Punjab,"8,427,999,077",25,PB13BJ1700
Sodha Bus Service,9660956939,Jaisalmer,Rajasthan,"9,799,862,695",2,RJ19PA6789
Avinash Travels,9950124232,Bikaner,Rajasthan,"7,568,612,974",4,RJ56PB6720
Avinash Travels,9950124232,Bikaner,Rajasthan,"7,568,612,974",4,RJ56PB3075
Sodha Bus Service,9660956939,Jaisalmer,Rajasthan,"9,799,862,695",2,RJ46PA1478
Jujhar Constructions And Travels Pvt. Ltd.,8427999077,Ludhiana,Punjab,"8,427,999,077",25,PB13BJ4100
Pandit Bus Service,9816303101,Una,Himachal Pradesh,"9,805,254,456",1,HP72C7324
MHT Express,9094400025,Bathinda,Punjab,"9,855,517,544",1,PB19M2507
Jan Piry Bus,9813231137,Jahjjar,Haryana,0,3,JAN 3
Jan Piry Bus,9813231137,Jahjjar,Haryana,0,3,JAN 2
Jan Piry Bus,9813231137,Jahjjar,Haryana,0,3,JAN 1
Jujhar Constructions And Travels Pvt. Ltd.,8427999077,Ludhiana,Punjab,"8,427,999,077",25,PB04AC6583
Jujhar Constructions And Travels Pvt. Ltd.,8427999077,Ludhiana,Punjab,"8,427,999,077",25,PB13BB0808
Jujhar Constructions And Travels Pvt. Ltd.,8427999077,Ludhiana,Punjab,"8,427,999,077",25,PB03AY2348
Jujhar Constructions And Travels Pvt. Ltd.,8427999077,Ludhiana,Punjab,"8,427,999,077",25,PB13BJ6300
Jujhar Constructions And Travels Pvt. Ltd.,8427999077,Ludhiana,Punjab,"8,427,999,077",25,PB10HX2267
Jujhar Constructions And Travels Pvt. Ltd.,8427999077,Ludhiana,Punjab,"8,427,999,077",25,PB10JC4571
Jujhar Constructions And Travels Pvt. Ltd.,8427999077,Ludhiana,Punjab,"8,427,999,077",25,PB10JZ8134
Jujhar Constructions And Travels Pvt. Ltd.,8427999077,Ludhiana,Punjab,"8,427,999,077",25,PB07BV6501
Jujhar Constructions And Travels Pvt. Ltd.,8427999077,Ludhiana,Punjab,"8,427,999,077",25,PB10JS2271
Jujhar Constructions And Travels Pvt. Ltd.,8427999077,Ludhiana,Punjab,"8,427,999,077",25,PB04AC6582
Avinash Travels,9950124232,Bikaner,Rajasthan,"7,568,612,974",4,RJ56PB6090
Avinash Travels,9950124232,Bikaner,Rajasthan,"7,568,612,974",4,RJ56PB2098
Bhanwal Bus,9816811778,Kangra,Himachal Pradesh,"7,018,809,624",1,HP652925
Jujhar Constructions And Travels Pvt. Ltd.,8427999077,Ludhiana,Punjab,"8,427,999,077",25,PB07BV6539
Dogra Bus Service,9816800055,Kangra,Himachal Pradesh,"7,018,809,624",3,HP53D8500
Dogra Bus Service,9816800055,Kangra,Himachal Pradesh,"7,018,809,624",3,HP53D2725
Dogra Bus Service,9816800055,Kangra,Himachal Pradesh,"7,018,809,624",3,HP53A2725
Jujhar Constructions And Travels Pvt. Ltd.,8427999077,Ludhiana,Punjab,"8,427,999,077",25,PB03AY2352
Jujhar Constructions And Travels Pvt. Ltd.,8427999077,Ludhiana,Punjab,"8,427,999,077",24,PB07BQ4100
Jujhar Constructions And Travels Pvt. Ltd.,8427999077,Ludhiana,Punjab,"8,427,999,077",24,PB03AY2348
Jujhar Constructions And Travels Pvt. Ltd.,8427999077,Ludhiana,Punjab,"8,427,999,077",25,PB10GK0209
Jujhar Constructions And Travels Pvt. Ltd.,8427999077,Ludhiana,Punjab,"8,427,999,077",25,PB10JJ4469
Jujhar Constructions And Travels Pvt. Ltd.,8427999077,Ludhiana,Punjab,"8,427,999,077",24,PB10JZ9265
Jujhar Constructions And Travels Pvt. Ltd.,8427999077,Ludhiana,Punjab,"8,427,999,077",25,PB07BV6546
Jujhar Constructions And Travels Pvt. Ltd.,8427999077,Ludhiana,Punjab,"8,427,999,077",25,PB04AB4903
Jujhar Constructions And Travels Pvt. Ltd.,8427999077,Ludhiana,Punjab,"8,427,999,077",24,PB13BJ6300
Jujhar Constructions And Travels Pvt. Ltd.,8427999077,Ludhiana,Punjab,"8,427,999,077",24,PB10FV8808
Jujhar Constructions And Travels Pvt. Ltd.,8427999077,Ludhiana,Punjab,"8,427,999,077",25,PB07BV6507
Jujhar Constructions And Travels Pvt. Ltd.,8427999077,Ludhiana,Punjab,"8,427,999,077",25,PB29X4199
Jujhar Constructions And Travels Pvt. Ltd.,8427999077,Ludhiana,Punjab,"8,427,999,077",25,PB10JP1891
Jujhar Constructions And Travels Pvt. Ltd.,8427999077,Ludhiana,Punjab,"8,427,999,077",24,PB10JS2271
Jujhar Constructions And Travels Pvt. Ltd.,8427999077,Ludhiana,Punjab,"8,427,999,077",24,PB10HX2267
Jujhar Constructions And Travels Pvt. Ltd.,8427999077,Ludhiana,Punjab,"8,427,999,077",25,PB04AC7396
Jujhar Constructions And Travels Pvt. Ltd.,8427999077,Ludhiana,Punjab,"8,427,999,077",24,PB07BV6510
Jujhar Constructions And Travels Pvt. Ltd.,8427999077,Ludhiana,Punjab,"8,427,999,077",25,PB10HX2293
Jujhar Constructions And Travels Pvt. Ltd.,8427999077,Ludhiana,Punjab,"8,427,999,077",25,PB10GK1283
Jujhar Constructions And Travels Pvt. Ltd.,8427999077,Ludhiana,Punjab,"8,427,999,077",25,PB10JA2596
Jujhar Constructions And Travels Pvt. Ltd.,8427999077,Ludhiana,Punjab,"8,427,999,077",25,PB65AW5008
Jujhar Constructions And Travels Pvt. Ltd.,8427999077,Ludhiana,Punjab,"8,427,999,077",25,PB65AW5007
Jujhar Constructions And Travels Pvt. Ltd.,8427999077,Ludhiana,Punjab,"8,427,999,077",25,PB04AC7179
Kapoor Bus,8580584410,Kangra,Himachal Pradesh,"7,018,809,624",1,HP37C0290
Kalpana Bus Service ,6268035550,Betul,Madhya Pradesh,"7,000,532,942",1,MP07ZG5777
Rajbandhu Bus Service,9625521351,Sirmaur,Himachal Pradesh,"8,278,786,847",1,HP16B1151
N T,9672100001,Sri Muktsar Sahib,Punjab,"9,814,201,669",2,RJ31PB0031
Malhi tour,7087055751,Amritsar,Punjab,"9,876,117,963",1,PB02AA9985
N T,9672100001,Sri Muktsar Sahib,Punjab,"9,814,201,669",2,PB30L2978
Kela devi Travels,8209409019,Swaimadhopur,Rajasthan,"9,468,725,988",1,RJ21PA1419
Monty Bus,9050153147,charkhi dadri,Haryana,0,7,RJ18PA0737
Viswash Travels,7067619796,Dewas,Madhya Pradesh,0,4,MP41P1358
Viswash Travels,7067619796,Dewas,Madhya Pradesh,0,4,MP41P1360
Jujhar Constructions And Travels Pvt. Ltd.,8427999077,Ludhiana,Punjab,"8,427,999,077",24,PB65AW5009
Jujhar Constructions And Travels Pvt. Ltd.,8427999077,Ludhiana,Punjab,"8,427,999,077",24,PB13BB4141
Jujhar Constructions And Travels Pvt. Ltd.,8427999077,Ludhiana,Punjab,"8,427,999,077",24,PB10JT3304
Jujhar Constructions And Travels Pvt. Ltd.,8427999077,Ludhiana,Punjab,"8,427,999,077",24,PB13BB2121
Rehan Travels ,7002947964,Dhubri district,Assam,"7,002,267,884",1,AS17B8931
Jujhar Constructions And Travels Pvt. Ltd.,8427999077,Ludhiana,Punjab,"8,427,999,077",24,PB10HX2287
Jujhar Constructions And Travels Pvt. Ltd.,8427999077,Ludhiana,Punjab,"8,427,999,077",24,PB13BJ5599
Jujhar Constructions And Travels Pvt. Ltd.,8427999077,Ludhiana,Punjab,"8,427,999,077",24,PB10JW1225
Jujhar Constructions And Travels Pvt. Ltd.,8427999077,Ludhiana,Punjab,"8,427,999,077",24,PB13BJ1700
Jujhar Constructions And Travels Pvt. Ltd.,8427999077,Ludhiana,Punjab,"8,427,999,077",24,PB10FV8801
Jujhar Constructions And Travels Pvt. Ltd.,8427999077,Ludhiana,Punjab,"8,427,999,077",24,PB04AA3519
Jujhar Constructions And Travels Pvt. Ltd.,8427999077,Ludhiana,Punjab,"8,427,999,077",24,PB04AC7319
Jujhar Constructions And Travels Pvt. Ltd.,8427999077,Ludhiana,Punjab,"8,427,999,077",24,PB10JZ8134
Jujhar Constructions And Travels Pvt. Ltd.,8427999077,Ludhiana,Punjab,"8,427,999,077",24,PB03AY2355
Jujhar Constructions And Travels Pvt. Ltd.,8427999077,Ludhiana,Punjab,"8,427,999,077",24,PB13BF7900
Jujhar Constructions And Travels Pvt. Ltd.,8427999077,Ludhiana,Punjab,"8,427,999,077",24,PB04AC7177
Sandhu Bus,9782200047,Sri Ganganagar,Rajasthan,0,1,RJ13PA8771
Suryavanshi Bus,8580897435,Chamba,Himachal Pradesh,"9,805,472,672",1,HP578555
Rajput Travels,8769228114,Alwar,Rajasthan,"7,568,612,974",1,RJ29PA4205
Dashmesh Transport,9417035417,Bathinda,Punjab,0,1,PB65AH2218
Baba Loknath Travels,9854179338,Dhubri,Assam,0,1,AS01GC7185
Dashmesh Transport,9417035417,Bathinda,Punjab,0,1,PB03AC9717
Bal Majitha Transport,9464119107,Amritsar,Punjab,"9,876,117,963",1,PB02AT9857
Nadda Bus Service,9805910957,Shimla,Himachal Pradesh,"8,278,786,847",2,HP26A1153
Pankaj Kumar Demo,9805620437,Kangra,Himachal Pradesh,"9,805,620,437",1,HP364042
Jetha Travels,9783707070,Barmer,Rajasthan,"9,799,862,695",1,RJ39PA2874
Viswash Travels,7067619796,Dewas,Madhya Pradesh,"7,987,327,084",3,MP41P1361
Nadda Bus Service,9805910957,Shimla,Himachal Pradesh,"8,278,786,847",2,HP920392
Satluj Bus,7340816023,Mansa,Punjab,"9,877,674,046",1,PB31H0323
Narinder Singh,8837743231,Jalandhar,Punjab,"9,855,517,544",1,PB08BN9835
Viswash Travels,7067619796,Dewas,Madhya Pradesh,0,4,MP41P1489
Muskan Travels,9165512000,Mahasamund,Chhattisgarh,"8,482,885,925",1,CG06HB8887
Viswash Travels,7067619796,Dewas,Madhya Pradesh,0,4,MP41P1282
Meena Travels,9829730440,Jaipur,Rajasthan,"7,568,612,974",1,RJ14PF8141
Shivay,9816806254,Mandi,Himachal Pradesh,"7,018,591,533",1,HP652650
Viswash Travels,7067619796,Dewas,Madhya Pradesh,"7,987,327,084",3,MP41P1382
Viswash Travels,7067619796,Dewas,Madhya Pradesh,"7,987,327,084",3,MP41P1482
Mohit Travels,8685976558,Mahendragarh,Haryana,"7,355,982,328",1,HR66C0586
Apni bus,9468725988,Kota,Rajasthan,"9,468,725,988",1,GJ2540
Bhupindera,9805431585,Solan,Himachal Pradesh,"8,219,990,300",2,HP12F9327
Sahara Travels,7232985830,Lucknow,Uttar Pradesh,"9,838,410,462",1,UP32WN7641
Sumit Apnibus,8130102782,,,0,1,DL9SCX1217
Jagat Bus Service,8091753300,Bilaspur,Himachal Pradesh,"9,805,254,456",2,HP692087
Yash Bus Service,9416475349,Mahendragarh,Haryana,"7,355,982,328",1,HR66B2531
Radhika Bus Service,8261811004,Mandi,Himachal Pradesh,"7,018,591,533",1,HP31C8626
Dashmesh Transport,9417035417,Bathinda,Punjab,"9,877,674,046",5,PB03AP3017
Dashmesh Transport,9417035417,Bathinda,Punjab,"9,877,674,046",5,PB03BC5017
Dashmesh Transport,9417035417,Bathinda,Punjab,"9,877,674,046",5,PB03BN4571
Dashmesh Transport,9417035417,Bathinda,Punjab,"9,877,674,046",5,PB03AP2917
Bhullar Bus Service,9780324900,Fazilka,Punjab,"7,888,953,318",1,RJ07PA4567
Jas franchise test,9770270245,Uwhs,Chhattisgarh,"968,533,817",1,CHJD8172
Brar Travels,6375823935,Ganganagar,Rajasthan,"9,251,169,926",1,RJ13PA5758
Walia Bus Service,9816677975,Kangra,Himachal Pradesh,"7,018,809,624",1,HP675983
Manish Travels,9111991607,Durg,Chhattisgarh,"8,770,905,310",1,CG07CR5110
Luxmi Bus,8930420500,Rohtak,Haryana,"9,315,883,000",1,HR46F4236
Highway Bus,7986141950,Ludhiana ,Punjab,"9,855,517,544",1,PB11B6625
Baba Budha Ji Bus Service,8054499680,Muktsar,Punjab,"7,888,953,318",1,PB13AB6191
Dashmesh Transport,9417035417,Bathinda,Punjab,"9,877,674,046",5,PB03BB3217
Hari Gobind Bus,7009483660,Sri Muktsar Sahib,Punjab,"9,814,201,669",1,PB04AB6922
Apni bus demo,7979807569,Ranchi,Jharkhand,"7,979,807,569",1,JH10BR6324
Jujhar Constructions And Travels Pvt. Ltd.,8427999077,Ludhiana,Punjab,"8,427,999,077",24,PB10KA1399
Jasdeep Singh,9770270249,Raipur,Haryana,"9,770,270,249",1,CG04ME9912
Jujhar Constructions And Travels Pvt. Ltd.,8427999077,Ludhiana,Punjab,"8,427,999,077",25,PB10JZ8134
Ratan Travels,8890023977,Alwar,Rajasthan,"7,568,612,974",1,RJ02PC9169
Lok Parivahan,9950413269,Nagaur,Rajasthan,"9,468,725,988",1,RJ01PA7530
Jagat Bus Service,9816440993,Shimla,Himachal Pradesh,"8,278,786,847",1,HP63C1993
Surjeet Bus Service,9982513313,Sri Ganganagar,Rajasthan,0,1,RJ05PB1056
Bhullar Bus Service,9780324900,Fazilka,Punjab,"7,888,953,318",1,PB22K3804
Hardyal Singh Gill,9700007631,Moga,Punjab,"2,842,115,905",2,PB05AS9609
Rajpreet Travels,8279202449,Ganaganagar,Rajasthan,"8,000,304,871",1,RJ13PA2708
Muskan Travels,9165512000,Mahasamund,Chhattisgarh,"8,482,885,925",1,CG06H0713
Shatabdi Tour & Travels,9617313154,Mahasamund,Chhattisgarh,"8,770,905,310",2,CG06GZ0102
Khan Travels,6376100787,Udaipur,Rajasthan,"6,376,100,787",1,KHANDEMO
Rana Bus Service,9816326707,Amb,Himachal Pradesh,"9,805,254,456",1,HP72C7747
Shatabdi Tour & Travels,9617313154,Mahasamund,Chhattisgarh,"8,770,905,310",2,CG05AH3297
Highway Bus,7986458655,Ludhiana,Punjab,0,1,PB11AB9925
Fatehgarh Transport Bus ,9855611677,Patiala ,Punjab,0,3,PB11CY9177
Fatehgarh Transport Bus ,9855611677,Patiala ,Punjab,0,3,PB03AF8781
Fatehgarh Transport Bus ,9855611677,Patiala ,Punjab,0,3,PB11CU9477
Rana Travels,9839370522,Lakhimpur Kheri,Uttar Pradesh,"9,838,410,462",1,UP31AT8199
Ram Parivahan,9418792971,Kangra,Himachal Pradesh,"7,018,809,624",3,HP53C9071
Jetha Travels,9783707070,Barmer,Rajasthan,"9,799,862,695",1,RJ04PB7070
Ruby Travels ,9893111134,Indore ,Madhya Pradesh,"7,987,327,084",1,MP10P2299
Fatehgarh Transport Bus ,9855611677,Patiala ,Punjab,0,3,PB11CU9477
Fatehgarh Transport Bus ,9855611677,Patiala ,Punjab,0,3,PB11CY9177
Fatehgarh Transport Bus ,9855611677,Patiala ,Punjab,0,3,PB03AF8781
Mukesh Travels,9414138667,Dasua,Rajasthan,"9,468,725,988",1,RJ25PA3518
Patiala Express,9150500065,Ludhiana,Punjab,0,3,PB11CN6377
Patiala Express,9150500065,Ludhiana,Punjab,0,3,PB07CC0525
Patiala Express,9150500065,Ludhiana,Punjab,0,3,PB07CB0525
Ram Parivahan,9418792971,Kangra,Himachal Pradesh,"7,018,809,624",3,HP536977
Ram Parivahan,9418792971,Kangra,Himachal Pradesh,"7,018,809,624",3,HP53A0971
Praveen Demo Apnibus,9470009595,GAYA,Bihar,"9,470,009,595",1,DEMOBUSPR
MR Travels,7976697070,Jodhpur,Rajasthan,"9,799,862,695",1,RJ19PD1586
Dev  Bus Service,7027970306,Rohtak,Haryana,"9,315,883,000",1,HR46F8805
Jai Maa Bus,9816285634,Kangra,Himachal Pradesh,"7,018,809,624",1,HP68A5728
Thakur Bus Service,9816249177,Sirmaur,Himachal Pradesh,"8,278,786,847",1,HP711668
Khatra Bus,7973492146,Amritsar,Punjab,0,1,PB11BC3625
Jai Maa Vindhyawasini,8935805694,Purnia,Bihar,"8,750,710,855",1,BR11PB9994
Jhala Travels,9982420969,Bikaner,Rajasthan,0,1,RJ07PA5764
Gadwal Tour & Travel,9571414666,Sri Ganganagar,Rajasthan,"8,107,303,491",2,RJ13PB6197
Shree Shyam Balaji Tour And Travel Pvt Ltd,9990572500,North east delhi,Delhi,0,1,DD01U9790
Muskan Travels,9165512000,Mahasamund,Chhattisgarh,"8,770,905,310",1,CG06GP9994
Dhillon Bus Service,9915723682,Fazilka,Punjab,"7,888,953,318",1,PB05AT8700
Maa Travels,9098968652,Mahasamund,Chhattisgarh,"8,770,905,310",1,CG06HD9102
Baljinder Singh Travels,8268630003,Bathinda,Punjab,0,2,PB03AJ2509
Khalsa Bus,9855472048,Batala,Punjab,"9,041,995,581",1,PB06BA9560
Yadav Bus Service,9166859743,Alwar,Rajasthan,"9,468,725,988",1,RJ32PA3611
Jan Piry Bus,9813231137,Jahjjar,Haryana,0,2,JAN 4
BTC Travels,6375456346,Tonk,Rajasthan,"7,568,612,974",1,RJ13PA8545
Rana Travels,9839370522,Lakhimpur Kheri,Uttar Pradesh,"9,838,410,462",1,UP31AT9438
Prince Motors,9857800046,Una,Himachal Pradesh,"9,805,254,456",1,HP72B7146
Jan Piry Bus,9813231137,Jahjjar,Haryana,0,2,JAN 5
Guru Nanak Bus Service,9501490778,Ferozepur,Punjab,"7,888,953,318",1,PB03BN8225
Mushtaq Travels,8219928770,Chamba,Himachal Pradesh,"9,805,472,672",1,HP73A2012
Baljinder Singh Travels,8268630003,Bathinda,Punjab,0,2,PB03AP3021
Choudhary Travels,9929042864,Ajmer,Rajasthan,"8,107,303,491",1,RJ42PA0940
Rajpurohit Travels,9799214862,Balotra,Rajasthan,"9,799,862,695",4,RJ39PA2855
Sodha Bus Service,9660956939,Jaisalmer,Rajasthan,"9,799,862,695",1,RJ19PA4182A
Jugraj Bus,8446400006,Tarn tarn,Punjab,"9,041,995,581",1,PB19F9607
Jagat Bus Service,8091753300,Bilaspur,Himachal Pradesh,"9,805,254,456",2,HP69A2717
Khan Travels,6375326576,Bikaner,Rajasthan,"8,107,303,491",1,RJ07PB7442
GS Sodha,9929989044,Bikaner,Rajasthan,"8,107,303,491",1,RJ07PB6027
Avtar Bus Service,7206690578,sirsa,Haryana,"9,315,883,000",1,HR57A0071
Rajpurohit Travels,9799214862,Balotra,Rajasthan,"9,799,862,695",4,RJ39PA2873
Onkar Bus,8219484026,Chamab,Himachal Pradesh,"9,805,472,672",1,HP47A5084
Rajpurohit Travels,9799214862,Balotra,Rajasthan,"9,799,862,695",4,RJ39PA2694
Ritik Travels,7667407836,Madhepura,Bihar,0,2,BR11PB9318
Mithri Bus Service,9215600447,sirsa,Haryana,"9,315,883,000",1,HR57A1616
Sobha Travels,9430278574,Katihar,Bihar,0,1,BR11PA9429
Ritik Travels,7667407836,Madhepura,Bihar,0,2,BR11PB9018
New Dev Yatra Tpt,9311441717,Kangra,Himachal Pradesh,"7,018,809,624",1,HP682966
Mankotia Bus,8894474099,Kangra,Himachal Pradesh,"7,018,809,624",1,HP36E7999
Aman Bus Dhillon,8000500039,Patiala,Punjab,"9,877,674,046",1,PB11DN5871
Kherki bus,9501200095,PATIALA,Punjab,"7,508,162,486",1,PB13Y9765
Jai Bajrang Transport,9416542363,Rewari,Haryana,"7,355,982,328",1,HR66B0859
Sunil Travels,9079967730,Ajmer,Rajasthan,"9,468,725,988",2,RJ01PA7555
B.Batala,8725080080,Amritsar,Punjab,"9,041,995,581",1,PB06BN9080
Ritik Travels,9430641218,Alamnagar,Bihar,"8,750,710,855",1,BR09PA8718
Mahaveer Bus Service,7737460361,Sri ganganagar,Rajasthan,"8,000,304,871",3,RJ13PA9536
Ritik Travels,7667407836,Madhepura,Bihar,"8,750,710,855",2,BR11PB9518
GS Sodha,9929989044,Bikaner,Rajasthan,"8,107,303,491",1,RJ07PB6027
Ritik Travels,7667407836,Madhepura,Bihar,0,2,BR19P9918
Ritik Travels,7667407836,Madhepura,Bihar,0,2,BR09PA9818
New Maja Bus,9878562677,Gurdaspur ,Punjab,"9,041,995,581",1,PB06AK9657
Mahaveer Bus Service,7737460361,Sri ganganagar,Rajasthan,"8,000,304,871",3,RJ31PA4977
Mahaveer Bus Service,7737460361,Sri ganganagar,Rajasthan,"8,000,304,871",3,RJ13PA8598
Ritik Travels,7667407836,Madhepura,Bihar,"8,750,710,855",2,BR11PA9318
Sunil Travels,9079967730,Ajmer,Rajasthan,"9,468,725,988",2,RJ01PA7559
Shiv motor harry,9814900395,PATIALA,Punjab,0,1,PB11DJ9895
Jhunir bus,8100000966,Sangrur,Punjab,"7,508,162,486",1,PB11BY1521
Saharan Travels,9413539805,Ganganagar,Rajasthan,"8,000,304,871",1,RJ13PA6320
Kashyap Bus Service,8544764308,Bilaspur,Himachal Pradesh,0,1,HP68A2284
Matoria Bus Services,9414949922,Hanumangarh,Rajasthan,0,24,RJ49PA0971
Matoria Bus Services,9414949922,Hanumangarh,Rajasthan,0,24,RJ31PA3012
Matoria Bus Services,9414949922,Hanumangarh,Rajasthan,0,24,RJ49PA0202
Matoria Bus Services,9414949922,Hanumangarh,Rajasthan,0,24,RJ49PA0511
Matoria Bus Services,9414949922,Hanumangarh,Rajasthan,0,24,RJ49PA0886
Matoria Bus Services,9414949922,Hanumangarh,Rajasthan,0,24,RJ49PA0201
Matoria Bus Services,9414949922,Hanumangarh,Rajasthan,0,24,RJ49PA0173
Matoria Bus Services,9414949922,Hanumangarh,Rajasthan,0,24,RJ49PA0930
Matoria Bus Services,9414949922,Hanumangarh,Rajasthan,0,24,RJ31PA3011
Matoria Bus Services,9414949922,Hanumangarh,Rajasthan,0,24,RJ49PA0512
Ghuman Bus,9814808841,Sangrur,Punjab,0,1,PB13BU4441
Matoria Bus Services,9414949922,Hanumangarh,Rajasthan,0,24,RJ49PA0876
Matoria Bus Services,9414949922,Hanumangarh,Rajasthan,0,24,RJ49PA0664
Matoria Bus Services,9414949922,Hanumangarh,Rajasthan,0,24,RJ49PA0964
Matoria Bus Services,9414949922,Hanumangarh,Rajasthan,0,24,RJ49PA0823
Matoria Bus Services,9414949922,Hanumangarh,Rajasthan,0,24,RJ49PA0749
Matoria Bus Services,9414949922,Hanumangarh,Rajasthan,0,24,RJ49PA0663
Matoria Bus Services,9414949922,Hanumangarh,Rajasthan,0,24,RJ49PA0267
Matoria Bus Services,9414949922,Hanumangarh,Rajasthan,0,24,RJ49PA0988
Matoria Bus Services,9414949922,Hanumangarh,Rajasthan,0,24,RJ49PA0578
Matoria Bus Services,9414949922,Hanumangarh,Rajasthan,0,24,AR01U0111
Matoria Bus Services,9414949922,Hanumangarh,Rajasthan,0,24,RJ49PA0284
Matoria Bus Services,9414949922,Hanumangarh,Rajasthan,0,24,RJ49PA0937
Matoria Bus Services,9414949922,Hanumangarh,Rajasthan,0,24,RJ49PA0884
Matoria Bus Services,9414949922,Hanumangarh,Rajasthan,0,24,RJ49PA1414
Pratap Bus Service,6376024661,Sri ganaganagar,Rajasthan,"8,000,304,871",1,RJ13PB0170
Friends Bus Service,7018853661,Shimla,Himachal Pradesh,"8,278,786,847",2,HP64A0606
Friends Bus Service,7018853661,Shimla,Himachal Pradesh,"8,278,786,847",2,HP63C5641
Taaj Bus Service,9805608827,Solan,Himachal Pradesh,"8,219,990,300",1,HP14B5998
Saini Motors,9872819494,Hoshiarpur,Punjab,0,1,PB08CL9494
Sandhya Travels,8823821823,Rajgarh,Madhya Pradesh,0,1,MP13P0710
Sameer Travels,7992213485,Purnia,Bihar,0,4,BR11PC6365
Sameer Travels,7992213485,Purnia,Bihar,0,4,WB73G5313
Sameer Travels,7992213485,Purnia,Bihar,0,4,BR11PC6965
Lakhwinder Singh,8360686187,Bathinda,Punjab,"9,814,201,669",1,PB04V4025
Paris Bus Service,9541310029,Hisar,Haryana,0,1,HR62A0048
Chudeshwar Travels,8219562212,Sirmaur,Himachal Pradesh,"8,278,786,847",1,HP17B6786
Aadarniya Travels,9907165341,Balodabazar,Chhattisgarh,"8,770,905,310",2,CG06HE5939
Sameer Travels,7992213485,Purnia,Bihar,0,4,WB73G5013
Kaveri Bus Service,9817374156,Bilaspur,Himachal Pradesh,"8,219,990,300",1,HP695131
Aadarniya Travels,9907165341,Balodabazar,Chhattisgarh,"8,770,905,310",2,CG07E2288
Chauhan Bus Service,8580565200,Sirmour,Himachal Pradesh,0,2,HP711492
R.K Travels,9887895235,Ajmer,Rajasthan,"8,107,303,491",1,RJ01PA7546
Kochar Bus Service,9414033061,Sri ganaganagar,Rajasthan,"8,000,304,871",1,RJ13PA5117
Baba Kahla Ji Tpt. Co.,9914300395,Sangrur,Punjab,"7,508,162,486",1,PB13BR9995
Baljinder Singh Travels,8268630003,Bathinda,Punjab,"9,814,201,669",3,PB03AC9309
Maha Laxmi Bus Service,6230491968,Una,Himachal Pradesh,"9,805,254,456",1,HP72A1489
Chauhan Bus Service,8580565200,Sirmour,Himachal Pradesh,0,2,HP711493
Kartars Bus Service,9463709691,Hoshiarpur,Punjab,"9,855,517,544",1,PB07CK1391
Sheoran Express,9813743777,Bhiwani,Haryana,"9,315,883,000",1,HR39E5389
Sidhu Transport,9814445484,Bathinda,Punjab,"9,877,674,046",1,PB05Y5609
City Bus Service,7303362141,Gautam Buddha Nagar dadri,Uttar Pradesh,0,2,UP16BT5572
Grewal Bus,9781335678,Ludhiana,Punjab,"7,888,436,876",1,PB10HD3156
Bhullar Bus Service,9465516455,Fazilka,Punjab,"7,888,953,318",1,PB22H9090
Sundram Travels,6207923861,Purnia,Bihar,"8,750,710,855",1,BR11PC8637
Apnibus,9785564083,Alwar,Rajasthan,"9,785,564,083",1,RJ02PA5541
Baljinder Singh Travels,8268630003,Bathinda,Punjab,"9,814,201,669",3,PB03AC9957
City Bus Service,7303362141,Gautam Buddha Nagar dadri,Uttar Pradesh,0,2,UP70ET4839
Mahendra Travels,8955719398,Churu,Rajasthan,"7,568,612,974",1,NL07B1011
Bhullar Bus Service,9465516455,Fazilka,Punjab,"7,888,953,318",1,PB05AR2392
Baljinder Singh Travels,8268630003,Bathinda,Punjab,"9,814,201,669",3,PB03AC5596
PATIALA Highway,9872016611,Mansa,Punjab,"7,508,162,486",1,PB11CV2425
New Maja Bus,9878562677,Gurdaspur ,Punjab,"9,041,995,581",1,PB06L9657
Butter Bus,9463038994,Sri Muktsar Sahib,Punjab,"9,814,201,669",1,PB30R0586
Bishnoi Travels,9462229812,Ganganagar,Rajasthan,0,1,RJ07PA6317
NEW PREM BUS SERVICE,9736176255,Kangra,Himachal Pradesh,0,10,HP685959
Kartik Bus Service,9416727377,Sirsa,Haryana,"9,315,883,000",1,HR62A9483
Aman Travels,6376360957,Karoli,Rajasthan,"7,568,612,974",1,RJ25PA2784
Kautilya Travels,9431659166,Purnea,Bihar,"8,750,710,855",1,BR11PC7429
Gulshan Bus Service,9877709920,Fazilka,Punjab,"7,888,953,318",2,RJ13PA9177
Jhunir Bus Mansa,6283600031,Mansa,Punjab,"9,877,674,046",1,PB31J6505
Anmol bus,9803723464,Mansa,Punjab,"9,877,674,046",1,PB19E4825
Rajat Transport Demo,7888436876,Ludhiana,Punjab,"7,888,436,876",1,PB10HD1455
Dhillon Bus,9417229866,Bathinda,Punjab,"9,814,201,669",1,PB03AC5248
Piyer Bus,9855453155,Gurdaspur,Punjab,"9,041,995,581",1,PB02BH9812
Anuj Travels,8854810101,Karoli,Rajasthan,"7,568,612,974",1,RJ14PC2617
Piyer Bus,9855453155,Gurdaspur,Punjab,"9,041,995,581",1,PB02CR8473
Rana Bus Service,9816326707,Amb,Himachal Pradesh,"9,805,254,456",1,HP72A6247
Apnibus,7739540443,Gaya,Bihar,"7,739,540,443",1,BR DEMO BUS
Brij Mohan Bedi,9816896555,Kangra,Himachal Pradesh,"7,018,809,624",3,HP68C8555
Jhala & Bishnoi,9928028020,Bikaner,Rajasthan,"7,568,612,974",1,RJ07PB2647
Gulshan Bus Service,9877709920,Fazilka,Punjab,"7,888,953,318",2,RJ13PA9885
Brij Mohan Bedi,9816896555,Kangra,Himachal Pradesh,"7,018,809,624",3,HP68B8555
MTC Bus Service,9459840594,Mandi,Himachal Pradesh,"8,219,990,300",1,HP30A1110
Maha Laxmi Bus Service,6230491968,Una,Himachal Pradesh,"9,805,254,456",1,HP72D2225
NEW PREM BUS SERVICE,9736176255,Kangra,Himachal Pradesh,0,10,HP683635
Kalgidhar Bus Service,9478100175,Moga,Punjab,"7,888,953,318",1,PB31J6981
Buta Singh,9877578326,Moga,Punjab,"7,717,425,499",1,PB03AX9702
Ramniwas,7727979843,Bikaner,Rajasthan,"8,107,303,491",1,RJ07PA8653
Saran Travels,9257497022,Barmer,Rajasthan,"9,799,862,695",1,RJ19PB1761
Hardyal Singh Gill,9700007631,Moga,Punjab,"7,888,436,876",2,PB13BE8281
Gill Moters,7355100668,moga,Punjab,"7,888,436,876",1,PB02BR9144
Shree Balaji Travels,9713628000,Shivpuri,Madhya Pradesh,"7,000,532,942",1,MP41ZF9911
Mansahia Travels,9417094873,Mansa,Punjab,"9,877,674,046",1,PB03BL3958
Sanjana Travels,9352656959,Tonk,Rajasthan,"7,568,612,974",1,RJ18PA8025
Buttar Bus,9815199586,Shri muktsar sahib,Punjab,"9,814,201,669",1,PB04AG8614
Toofan Deluxe,9110196829,Begusarai,Bihar,"8,750,710,855",2,BR09PA9189
Toofan Deluxe,9110196829,Begusarai,Bihar,"8,750,710,855",2,BR09PA2883
Jitendra Travels,9784950111,Bikaner,Rajasthan,"7,568,612,974",1,RJ07PA3777
Yashbir Numberdaar,9992221813,Rewari,Haryana,"7,355,982,328",1,HR66B0397
Hardyal Singh Gill,9700007631,Moga,Punjab,"7,888,436,876",2,PB19M6281
Kaushal Bus Service,9418088248,Bilaspur,Himachal Pradesh,"9,805,254,456",2,HP20J4800
Kaushal Bus Service,9418088248,Bilaspur,Himachal Pradesh,"9,805,254,456",2,HP691924
MHT,9876902648,Bathinda,Punjab,"7,888,953,318",1,PB07BS3298
MH Transport Company Regd,9056033282,Barnala,Punjab,"7,888,436,876",10,PB29X0676
MH Transport Company Regd,9056033282,Barnala,Punjab,"7,888,436,876",10,PB13BG7094
N T,9672100001,Sri Muktsar Sahib,Punjab,"9,814,201,669",2,PB04AA9737
Naryal Bus Service,9015427578,chamba,Himachal Pradesh,"9,805,472,672",1,HP72C3105
Vinod Bus Service,7340536588,Sri gnaganagar,Rajasthan,"8,000,304,871",1,RJ07PA3085
Jakhar Travels,8005737328,Barmer,Rajasthan,"9,799,862,695",1,RJ39PA2014
MH Transport Company Regd,9056033282,Barnala,Punjab,"7,888,436,876",10,PB03U4123
Harsana,7877243787,Karauli,Rajasthan,"8,107,303,491",2,RJ25PA1970
MH Transport Company Regd,9056033282,Barnala,Punjab,"7,888,436,876",10,PB10FV3164
Bara Travels,9460857923,Ganganagar,Rajasthan,"8,000,304,871",1,RJ13PA9838
MH Transport Company Regd,9056033282,Barnala,Punjab,"7,888,436,876",10,PB13BH7453
Arshad Travel,9813184285,Gurgaon,Haryana,"7,355,982,328",1,HR55AD3693
Brij Mohan Bedi,9816896555,Kangra,Himachal Pradesh,"7,018,809,624",3,HP682925
Harsana,7877243787,Karauli,Rajasthan,"8,107,303,491",2,RJ29PA2443
Birbal Bus Service,9781449422,Bathinda ,Punjab,"9,877,674,046",2,PB03AP1665
Jayant apnibus travels,8770905310,Durg,Chhattisgarh,"8,770,905,310",1,CG06H03DEMO
MH Transport Company Regd,9056033282,Barnala,Punjab,"7,888,436,876",10,PB03AF3578
MH Transport Company Regd,9056033282,Barnala,Punjab,"7,888,436,876",10,PB19H9382
Birbal Bus Service,9781449422,Bathinda ,Punjab,"9,877,674,046",2,PB13BS3265
N T,9672100001,Sri Muktsar Sahib,Punjab,"9,814,201,669",2,PB04AD5873
MH Transport Company Regd,9056033282,Barnala,Punjab,"7,888,436,876",10,PB13BN7255
Ankita Tour And Travel,8949015501,Alwar,Rajasthan,"9,785,564,083",1,RJ02PB4065
Salman Bus Service,8580480042,Chamba,Himachal Pradesh,"9,877,770,799",1,HP73A3782
MH Transport Company Regd,9056033282,Barnala,Punjab,"7,888,436,876",17,PB07BG3845
MH Transport Company Regd,9056033282,Barnala,Punjab,"7,888,436,876",17,PB13BG1555
MH Transport Company Regd,9056033282,Barnala,Punjab,"7,888,436,876",17,PB07BG3847
MH Transport Company Regd,9056033282,Barnala,Punjab,"7,888,436,876",17,PB13BM3135
MH Transport Company Regd,9056033282,Barnala,Punjab,"7,888,436,876",17,PB03AF0796
MH Transport Company Regd,9056033282,Barnala,Punjab,"7,888,436,876",17,PB03BK1679
MH Transport Company Regd,9056033282,Barnala,Punjab,"7,888,436,876",17,PB04S7331
MH Transport Company Regd,9056033282,Barnala,Punjab,"7,888,436,876",17,PB03BF7475
Apnibus Demo,6352901424,Surajpur,Chhattisgarh,"6,352,901,424",1,CG15CD5833
Narendra Bus Service Demo,9887825786,Karauli,Rajasthan,"9,887,825,786",1,RJ18PADEMO
MH Transport Company Regd,9056033282,Barnala,Punjab,"7,888,436,876",17,PB10HS0864
Toofan Deluxe,9110196829,Begusarai,Bihar,0,6,BR01PC5580
MH Transport Company Regd,9056033282,Barnala,Punjab,"7,888,436,876",17,PB29X0667
MH Transport Company Regd,9056033282,Barnala,Punjab,"7,888,436,876",17,PB03AJ8523
MH Transport Company Regd,9056033282,Barnala,Punjab,"7,888,436,876",17,PB10FF2164
MH Transport Company Regd,9056033282,Barnala,Punjab,"7,888,436,876",17,PB29X2367
Toofan Deluxe,9110196829,Begusarai,Bihar,0,6,BR01PC6737
Toofan Deluxe,9110196829,Begusarai,Bihar,0,6,BR09PA0996
MH Transport Company Regd,9056033282,Barnala,Punjab,"7,888,436,876",17,PB13BG5847
Toofan Deluxe,9110196829,Begusarai,Bihar,0,6,BR09PA0917
Toofan Deluxe,9110196829,Begusarai,Bihar,0,6,BR09PA7638
Satish Travels,7742007404,Alwar,Rajasthan,"7,568,612,974",1,RJ14PG5565
Pragati Travels,9460831613,Barmer,Rajasthan,"9,799,862,695",1,RJ14PD0625
Toofan Deluxe,9110196829,Begusarai,Bihar,0,6,BR09PA9190
Subash Travels,9876146426,Mansa,Punjab,0,2,PB31P1739
MHT Bus,9501063125,Barnala,Punjab,"7,837,804,183",1,PB07BG4581
MHT Bus,9501063125,Barnala,Punjab,"7,837,804,183",2,PB08CP2966
MHT Bus,9501063125,Barnala,Punjab,"7,837,804,183",2,PB19W7195
MH Transport Company Regd,9056033282,Barnala,Punjab,"7,888,436,876",17,PB10EH9711
Meena Travels,8432847054,Jaipur,Rajasthan,"7,568,612,974",1,RJ14PF4124
Hargobind Bus,9417560778,Mansa,Punjab,"9,877,674,046",1,PB03AF9917
GURSEWAK SINGH,7278700031,Moga,Punjab,"7,717,425,499",1,PB13BH1555
Lok Parivahan,7737394940,Kota,Rajasthan,"9,468,725,988",1,RJ20PB1899
Yadav Bus Service,9166859743,Alwar,Rajasthan,"6,376,100,787",1,RJ32PA2456
ABS Bus,9463706666,Bathinda,Punjab,"9,814,201,669",1,PB03BN9628
MH Transport Company Regd,9056033282,Barnala,Punjab,"7,888,436,876",10,PB13BH7451
MH Transport Company Regd,9056033282,Barnala,Punjab,"7,888,436,876",17,PB13BG2365
MH Transport Company Regd,9056033282,Barnala,Punjab,"7,888,436,876",17,PB07BG3844
Shiv Motor,8196900195,Patiala,Punjab,0,2,PB11DJ8195
Lok Parivahan Sewa,9413775164,Alwar,Rajasthan,0,1,RJ02PA5143
Rajpurohit Travels,9799214862,Balotra,Rajasthan,"9,799,862,695",4,RJ39PA2867
Shiv Motor,8196900195,Patiala,Punjab,0,2,PB11DK3495
National Travel,7987216424,Balaghat,Madhya Pradesh,"7,987,327,084",1,MP50ZJ9501
Subash Travels,9876146426,Mansa,Punjab,0,2,PB03W8913
Bhatia Bus,9816564594,Kangra,Himachal Pradesh,0,2,HP68A4690
Toofan Deluxe,9110196829,Begusarai,Bihar,0,2,BR09PA9188
Toofan Deluxe,9110196829,Begusarai,Bihar,0,2,BR01PR1314
Bhatia Bus,9816564594,Kangra,Himachal Pradesh,0,2,HP681335
Green Bus Service,9815590777,Gurdaspur,Punjab,0,1,PB02BK9988
Udaiveer Travels,9416359925,Gurgaon,Haryana,0,1,HR55AS7902
Dhannta Bus,9816350091,Shimla,Himachal Pradesh,0,1,HP648029
DTC,9983150521,Alwer,Rajasthan,0,2,RJ32PA5411
DTC,9983150521,Alwer,Rajasthan,0,2,RJ32PA2711
New Sahara Travels,9670861101,Vikas Nagar,Uttar Pradesh,0,1,UP32SN8893
Aman Travels,9724345559,Banswara,Rajasthan,"7,230,850,582",2,MP44ZE4888
Aman Travels,9724345559,Banswara,Rajasthan,"7,230,850,582",2,MP44ZE4887
MM Travels,9950344355,Udaipur,Rajasthan,"9,799,862,695",1,RJ27PB8843
Jhunir Bus,9570599705,Mansa,Punjab,"9,877,674,046",2,PB03BJ9605
Jhunir Bus,9570599705,Mansa,Punjab,"9,877,674,046",2,PB03BP9705
MH Transport Company Regd,9464177030,Barnala,Punjab,"7,888,436,876",10,PB03AJ8523
MH Transport Company Regd,9464177030,Barnala,Punjab,"7,888,436,876",10,PB10HS0864
MH Transport Company Regd,9464177030,Barnala,Punjab,"7,888,436,876",10,PB07BG3845
MTC Bus Service,9459840594,Mandi,Himachal Pradesh,"7,018,809,624",1,HP30A0522
MH Transport Company Regd,9464177030,Barnala,Punjab,"7,888,436,876",10,PB03BK1679
KS Bhati Travels,8955579035,Jodhpur,Rajasthan,"9,799,862,695",1,RJ19PC4315
MH Transport Company Regd,9464177030,Barnala,Punjab,"7,888,436,876",10,PB29X2367
MH Transport Company Regd,9464177030,Barnala,Punjab,"7,888,436,876",10,PB13BG1555
MH Transport Company Regd,9464177030,Barnala,Punjab,"7,888,436,876",10,PB07BG3847
MH Transport Company Regd,9464177030,Barnala,Punjab,"7,888,436,876",10,PB10FF2164
LEADING TOUR & TRAVELS,7300093099,Hisar,Haryana,"8,107,303,491",1,RJ13PB6111
Ashok Travels,8545025520,Gorakhpur,Uttar Pradesh,"8,545,025,520",1,UP57BV8418
MH Transport Company Regd,9464177030,Barnala,Punjab,"7,888,436,876",10,PB13BG5847
Ram Kumar Travels,9636282964,Bikaner,Rajasthan,"8,107,303,491",1,RJ07PB3365
Rajnish Kumar,9341643122,Gurugram,Haryana,"9,341,643,122",2,RDEMO
Rajnish Kumar,9341643122,Gurugram,Haryana,"9,341,643,122",2,SUNIL
Jhunir Bus Mansa,6283600031,Mansa,Punjab,"9,877,674,046",1,PB03BP9305
Ambika Bus,9418741324,Solan,Himachal Pradesh,"7,018,809,624",1,HP64D5217
Jalal Bus Service,9463215001,Bathinda,Punjab,"9,877,674,046",1,PB03AJ0986
New Brar Bus Service,9855630985,shri Muktsar sahib,Punjab,"9,814,201,669",1,PB04AF1741
PR Travels DEMO,8427665807,Mohali,Punjab,"8,427,665,807",1,HP68A2810
Jalal Bus Service,9876369518,Bhatinda,Punjab,"9,877,674,046",1,PB03BR5996
Gill Travels,9780007760,Moga,Punjab,"9,814,201,669",1,PB13BH4381
Shiv Travels,6260562465,Koriya,Chhattisgarh,"6,352,901,424",1,CG15EB0688
Gurwant Travels,9610653447,Ganganagar,Rajasthan,"8,000,304,871",1,RJ13PA5733
Jasdeep Singh,9770270249,Raipur,Haryana,"9,770,270,249",1,CG04JS7029
MH Transport Company Regd,9464177030,Barnala,Punjab,"7,888,436,876",10,PB29X0667
Prem ApniBus Travels Demo,7891768944,Bharatpur,Rajasthan,"7,340,513,323",1,RJ05TA1221
GS Sodha Travels,9784117736,Jaislamer,Rajasthan,"8,107,303,491",1,RJ19PA4706
Tamana Bus,8219746181,Chamba,Himachal Pradesh,"9,805,472,672",1,HP57B6005
Hardyal Singh Gill,9700007631,Moga,Punjab,"7,888,436,876",1,PB05AS9609
Dhaliwal Bus Service,7009336025,Sangrur,Punjab,"7,508,162,486",1,PB13AF5825
Jujhar Constructions And Travels Pvt. Ltd.,8427999077,Ludhiana,Punjab,"8,427,999,077",12,PB13BB2121
New Ramdas,9463920600,Bathinda,Punjab,"9,877,674,046",2,PB03U9533
Jujhar Constructions And Travels Pvt. Ltd.,8427999077,Ludhiana,Punjab,"8,427,999,077",12,PB04AA3519
Kautilya Travels,9771086979,Purnia,Bihar,"8,750,710,855",1,BR11PD2541
New Ramdas,9463920600,Bathinda,Punjab,"9,877,674,046",2,PB29R9252
Jujhar Constructions And Travels Pvt. Ltd.,8427999077,Ludhiana,Punjab,"8,427,999,077",12,PB10JE5663
Jhajj Express Regd,9888300823,Fatehgarh sahib,Punjab,"7,888,436,876",1,PB11CB9895
Anand Travels,8959649194,Surajpur,Chhattisgarh,"6,352,901,424",1,CG29B0110
Dharam Pal Travels,9887258035,Jaipur,Rajasthan,"8,107,303,491",1,RJ27PA5280
Khan Travels,7759026786,Araria,Bihar,"7,759,026,786",1,BR38A3637
Jabbar Travels,9627581239,Bulandshahr,Uttar Pradesh,"7,355,982,328",1,UP87AT4740
Mogi travels,8696282526,Sikar,Rajasthan,"9,799,862,695",1,RJ23PB6326
Gurunanak Bus Service,8219983082,Chamba,Himachal Pradesh,"9,805,472,672",1,HP732892
Jasdeep Singh,9770270249,Raipur,Haryana,"9,770,270,249",1,CG04JS7029
Kamal Bus Service,9816733065,Kangra,Himachal Pradesh,"7,018,809,624",1,HP38E0833
Nganarai Travels,7073354440,Jalore,Rajasthan,"9,799,862,695",1,RJ46PB2525
Shubham Travels Demo,9753678546,Balaghat,Madhya Pradesh,"9,753,678,546",1,MP50MK3332
Piyer Bus Service,9417111111,Amritsar,Punjab,"9,041,995,581",4,PB02AN9998
Piyer Bus Service,9417111111,Amritsar,Punjab,"9,041,995,581",4,PB06V5728
Gupta Travels,9414307786,Dausa,Rajasthan,"8,107,303,491",1,RJ25PA5556
Shiv Gorakh,8398996090,Jhajjar,Haryana,"7,355,982,328",1,HR63C8573
Apni Bus Travels,9694255341,Hanumangarh,Rajasthan,"9,694,255,341",1,RJ31PADEMO
Piyer Bus Service,9417111111,Amritsar,Punjab,"9,041,995,581",4,PB02CR8471
Shri Shyam Bus,8930855089,Rewari,Haryana,"9,315,883,000",1,HR47D1479
Sharma Apnibus Travels,7340513323,Bharatpur,Rajasthan,"7,340,513,323",1,RJ05PADEMO
Sonia Travels,9811988351,Gurugram,Haryana,"9,811,988,351",1,HR123456
Patial Bus,7807610451,Kangra,Himachal Pradesh,"7,018,809,624",1,HP68A5482
Jujhar Constructions And Travels Pvt. Ltd.,8427999077,Ludhiana,Punjab,"8,427,999,077",12,PB13BJ1900
Jujhar Constructions And Travels Pvt. Ltd.,8427999077,Ludhiana,Punjab,"8,427,999,077",12,PB13BB4141
Jujhar Constructions And Travels Pvt. Ltd.,8427999077,Ludhiana,Punjab,"8,427,999,077",12,PB13BJ2900
Jujhar Constructions And Travels Pvt. Ltd.,8427999077,Ludhiana,Punjab,"8,427,999,077",12,PB13BB0707
Jujhar Constructions And Travels Pvt. Ltd.,8427999077,Ludhiana,Punjab,"8,427,999,077",12,PB13BJ3700
Jujhar Constructions And Travels Pvt. Ltd.,8427999077,Ludhiana,Punjab,"8,427,999,077",12,PB10ET1717
Jujhar Constructions And Travels Pvt. Ltd.,8427999077,Ludhiana,Punjab,"8,427,999,077",12,PB13BJ1700
Sandhu Travel,9592542242,MANSA,Punjab,"9,877,674,046",1,PB03BD6131
Piyer Bus Service,9417111111,Amritsar,Punjab,"9,041,995,581",4,PB06V5828
Jujhar Constructions And Travels Pvt. Ltd.,8427999077,Ludhiana,Punjab,"8,427,999,077",12,PB10KE3525
K S Popel Bus ,9915003147,shri Muktsar sahib,Punjab,"9,814,201,669",1,PB13AL8449
Apnibus Travels Demo,9755264308,Balod,Chhattisgarh,"9,755,264,308",1,CG07CH1421
Mahasu Bus Service,9816936366,Sirmaur,Himachal Pradesh,"8,278,786,847",3,HP17C6666
Apnibus Arvind Demo,9902372701,Gurugram,Haryana,"9,341,643,122",1,DL2CAZ3063
Krishna Bus Service,7027727727,Jhajjar,Haryana,"7,355,982,328",2,HR63D3815
Baba budha bus,9914383468,Amritsar,Punjab,"9,041,995,581",1,PB02CR9295
Jujhar Constructions And Travels Pvt. Ltd.,8427999077,Ludhiana,Punjab,"8,427,999,077",12,PB13BB0808
Vijay Transport,9754414437,Balrampur,Chhattisgarh,"9,109,100,968",2,CG30E0811
New India Travels,9971611962,Gautam Buddha Nagar,Uttar Pradesh,"7,355,982,328",2,UP43CT3505
Gitanjali Bus Service ,9993461245,Annupur ,Madhya Pradesh,"7,987,327,084",1,MP65P0158
Pradeep Travels,9459659185,Sirmaur,Himachal Pradesh,"8,219,618,713",1,HP716571
New India Travels,9971611962,Gautam Buddha Nagar,Uttar Pradesh,"7,355,982,328",2,UP43CT3506
थुरवाल Travel,8058550160,Sawai Madhopur,Rajasthan,"7,014,754,105",5,RJ14PE4634
थुरवाल Travel,8058550160,Sawai Madhopur,Rajasthan,"7,014,754,105",5,RJ29PA1178
थुरवाल Travel,8058550160,Sawai Madhopur,Rajasthan,"7,014,754,105",5,RJ14PF2058
थुरवाल Travel,8058550160,Sawai Madhopur,Rajasthan,"7,014,754,105",5,RJ31PA2839
Stc,9079759090,Hanumangarh,Rajasthan,"8,107,303,491",1,RJ13PB9685
Krishna Bus Service,7027727727,Jhajjar,Haryana,"7,355,982,328",2,HR63D0374
ADITYA PRATAP SINGH,9074075164,Anuppur,Madhya Pradesh,"8,305,999,978",1,MP65ZB8329
Vijay Transport,9754414437,Balrampur,Chhattisgarh,"9,109,100,968",2,CG30F8491
Amar Bus Service,9805408115,Hamirpur,Himachal Pradesh,"7,018,809,624",1,HP67A6715
Golden Bus,9671700225,panipat,Haryana,"9,315,883,000",1,HR67F5310
Payal Bus Service,9816058911,Hamirpur,Himachal Pradesh,"7,018,809,624",1,HP674432
Raj Travels,9418000166,Hamirpur,Himachal Pradesh,"7,018,809,624",1,HP679166
Bala Ji Bus Service,9816428307,Solan,Himachal Pradesh,"8,219,990,300",1,HP71A7729
Nitul Demo,7987327084,Devra,Madhya Pradesh,"9,341,643,122",1,MP04MM1384
Patiala Express ,9206800087,Fatehgarh Sahib,Punjab,"7,888,436,876",1,PB10FF9697
Bara Travels,9460857923,Ganganagar,Rajasthan,0,1,RJ13PA9941
Gurukripa Travels,9893143635,Janjgirchampa,Chhattisgarh,"9,755,264,308",1,CG10BV0746
Yaariyan Bus Service,8988586703,SHIMLA,Himachal Pradesh,"8,278,786,847",1,HP2603235
Karni Mata Travels,9302788089,Rajnandgaon,Chhattisgarh,"9,755,264,308",1,CG08M0423
Ashoka Bus Service,9418013543,Solan,Himachal Pradesh,0,1,HP64D0595
Vikram singh,8769700777,Bikaner,Rajasthan,0,1,RJ07PA7821
Poonam Travels,9784771132,Barmer,Rajasthan,0,1,RJ15PA3107
Tourist Bus,9418034525,Hamirpur,Himachal Pradesh,"7,018,809,624",1,HP55D4525
Dera Beas,9818808554,Tarn tarn,Punjab,"9,041,995,581",4,BUS NO. 2
Dera Beas,9818808554,Tarn tarn,Punjab,"9,041,995,581",4,BUS NO. 1
Dera Beas,9818808554,Tarn tarn,Punjab,"9,041,995,581",4,BUS NO. 4
Nganarai Travels,7073354440,Jalore,Rajasthan,"9,799,862,695",1,RJ19PB2525
Sheoran Bus Service,8529250858,hisar,Haryana,"9,315,883,000",1,HR39E9214
Parowal Bus Service,9988584443,Taran Taran,Punjab,"9,877,674,046",1,PB02CC5511
Mehak Travels,7000472039,Sagar,Madhya Pradesh,"1,134,567,890",2,MP09FA3810
Suraj Kunwar Travels,9928068815,Dungarpur,Rajasthan,0,1,RJ12PB3351
Khattra Bus Service,9056536420,Sangur,Punjab,"7,508,162,486",1,PB11BY8655
New Bishnoi Travels,9024274077,Barmer,Rajasthan,"9,799,862,695",1,RJ19PB2367
Kuldeep Bus,9465877009,Gurdaspur,Punjab,"9,041,995,581",1,PB06F2999
New Brar Bus Service,9855630985,shri Muktsar sahib,Punjab,"9,814,201,669",1,PB04AG8669
Panj Peeri Bus Service,8725910915,Moga,Punjab,"7,888,436,876",2,PB13L9299
Hasin Travels,9733348510,West Bengal,West Bengal,"8,750,710,855",2,WB59E6413
Hasin Travels,9733348510,West Bengal,West Bengal,"8,750,710,855",2,WB59E6313
Sagar Bus,9915782753,muktsar,Punjab,"9,814,201,669",2,PB30R5995
Sagar Bus,9915782753,muktsar,Punjab,"9,814,201,669",2,PB10FV1091
Panj Peeri Bus Service,8725910915,Moga,Punjab,"7,888,436,876",2,PB29J9723
Sukhchain Bus Service,9478459000,Mansa,Punjab,"9,877,674,046",1,PB13T9921
Hardyal Singh Gill,9700007631,Moga,Punjab,"7,888,436,876",1,PB19M2125
Gill Moters,7355100668,moga,Punjab,"7,888,436,876",1,PB19H6681
Raj Bus Service,7652879500,Mukatsar,Punjab,"9,041,995,581",1,PB02CR7630
Sewak Bus Service,9081710008,Firozpur,Punjab,"7,888,436,876",1,PB03BH6217
Ma Triveni Travels,9755807223,Barwani,Madhya Pradesh,0,3,MP13ZD8671
Hardyal Singh Gill,9700007631,Moga,Punjab,"7,888,436,876",1,PB07AL9395
Kalgidhar Bus Service,9876366773,shri Muktsar sahib,Punjab,"9,814,201,669",1,PB30G9666
A K Sheild Travels,9971591786,South West Delhi,Delhi,"9,315,883,000",1,UP40AT3734
Suman deep Travels,9660122094,Hanumangarh,Rajasthan,"8,107,303,491",1,RJ13PA9507
Dev  Bus Service,7027970306,Rohtak,Haryana,"9,315,883,000",1,HR39F1739
Kanika bus,8894413887,Kangra,Himachal Pradesh,"7,018,809,624",1,HP36G0553
Ma Triveni Travels,9755807223,Barwani,Madhya Pradesh,0,3,MP46ZG9751
Ma Triveni Travels,9755807223,Barwani,Madhya Pradesh,0,3,MP13P3455
The Chak Arayian Co-Op. TPT.  Soceity,8059600011,sirsa,Haryana,"9,315,883,000",1,HR57A1946
Supreet Transport Mansa,9316800023,MANSA,Punjab,"9,877,674,046",2,PB03BL1423
Parivahan Bus Service,9816735000,Kangra,Himachal Pradesh,"7,018,809,624",2,HP67A4181
Gobin Bus Service,7889109156,MANSA,Punjab,"9,877,674,046",2,PB31P0221
Sundram Travels,8287308904,Purnia,Bihar,0,1,BR11PC9090
Gobin Bus Service,7889109156,MANSA,Punjab,"9,877,674,046",2,PB03AZ5921
Yogesh Bus Service,7018535003,Una,Himachal Pradesh,"9,805,254,456",1,HP72B2093
Prem Bus Service,9691600007,Mandi,Himachal Pradesh,"8,219,990,300",1,HP29B4949
A K Sheild Travels,9971591786,South West Delhi,Delhi,"7,355,982,328",1,UP32LN8292
Supreet Transport Mansa,9316800023,MANSA,Punjab,"9,877,674,046",2,PB31P2823
Ashi Aitianaa Travels,9341161088,Purnia,Bihar,"8,750,710,855",1,WB73S3007
Bus Service,9813097047,Hisar,Haryana,"9,813,097,047",1,HR20AH4234
Mahasu Bus Service,9816936366,Sirmaur,Himachal Pradesh,"8,278,786,847",3,HP17C5455
Tarun ApniBus,9012198765,Gr Noida,Uttar Pradesh,"9,012,198,765",1,XYZ6161
Dhillon Bus Service,7018786007,Una,Himachal Pradesh,"9,805,254,456",1,HP72B2225
Demo Apnibus,9953226633,Delhi,Delhi,"9,953,226,633",1,DL3C1947
mannath,9337392762,Khurdha,Odisha,"8,598,810,350",2,RJ019181
Gill Travels,9780007760,Moga,Punjab,"7,888,436,876",1,PB03AX9701
mannath,9337392762,Khurdha,Odisha,"8,598,810,350",2,TEST01901
mannath,9337392762,Khurdha,Odisha,"1,122,334,455",2,RJ019181
mannath,9337392762,Khurdha,Odisha,"1,122,334,455",2,TEST01901
 Lokesh Prabhakar Travels,9445644067,Dharmapuri,Tamil Nadu,"9,341,643,122",1,TN66L1719
Kartik Bus,9816299192,Kangra,Himachal Pradesh,"9,805,472,672",1,HP38B9192
Parowal Bus Service,9988584443,Taran Taran,Punjab,"9,041,995,581",1,PB02BE9913
Bhagnal Travels,9418087539,Solan,Himachal Pradesh,"8,278,786,847",1,HP64D5497
Khushi Travels,7722953981,Dhar,Madhya Pradesh,"8,770,859,061",1,MP41ZK2546
Sukhdev Bus Service,9306703845,Sirsa,Haryana,"9,306,703,845",1,HR24AE3077
Maharaja Express,7052427125,Gonda,Uttar Pradesh,0,2,BR02PC4278
The Mor Modern CTSL Bass,9466155499,Hansi,Haryana,"9,813,097,047",3,HR39G4232
Demo mohit,9711575088,,,"9,341,643,122",1,APNIBUS DEMO
Anand Travels Demo,9296544242,Araria,Bihar,"9,296,544,242",1,BR25L4447
DEMO Apnibus,8875476060,Gurugram,Haryana,"9,341,643,122",1,HR26ER2309
Banke Bihari Travels,8434759381,Biraul,Bihar,"8,434,759,381",1,BR07PD4002
The Mor Modern CTSL Bass,9466155499,Hansi,Haryana,"9,813,097,047",3,HR39C4199
The Mor Modern CTSL Bass,9466155499,Hansi,Haryana,"9,813,097,047",3,HR39D2880
Mahasu Bus Service,9816936366,Sirmaur,Himachal Pradesh,"8,278,786,847",3,HP62B0829
Maharaja Express,7052427125,Gonda,Uttar Pradesh,0,2,GJ18BT9977
Narayan ji,9602618009,Jaipur,Rajasthan,"8,107,303,491",1,RJ14PG0515
Gaurav Travels Demo,9304764498,Purnea,Bihar,"9,304,764,498",1,BR43J2308
Narender Travels,9416663957,Jind,Haryana,"9,315,883,000",1,HR45E0237
Apni Bus,7742290390,Bharatpur,Rajasthan,"7,742,290,390",1,RJ059116
Gobin Bus Service,9872544505,MANSA,Punjab,"9,877,674,046",1,PB13Z6527
Shree Maa Sharda Travels,6386194573,Bhopal,Madhya Pradesh,0,1,MP04YA9033
Parivahan Bus Service,9816735000,Kangra,Himachal Pradesh,"7,018,809,624",2,HP68B4181
Warraich Transport,9814290593,Patiala,Punjab,"9,877,674,046",1,PB11BF4152
Hardyal Singh Gill,9700007631,Moga,Punjab,"7,888,436,876",1,PB02AW9933
Gulshan Bus Service,9877709920,Fazilka,Punjab,"9,814,201,669",2,PB04AF9901
Gulshan Bus Service,9877709920,Fazilka,Punjab,"9,814,201,669",2,RJ13PA9997
Jasdeep Singh,9770270249,Raipur,Haryana,0,1,CG04JS7029
Hardyal Singh Gill,9700007631,Moga,Punjab,"7,888,436,876",3,PB03AT3016
Harman Bus Service,9803369400,Bilaspur,Himachal Pradesh,"9,805,254,456",1,HP67A0989
Deepak Express,8700574361,Gonda,Uttar Pradesh,"9,953,226,633",1,UP43CT3060
Demo,8219005059,Hamirpur,Himachal Pradesh,"8,219,005,059",1,HP55A7799
Hardyal Singh Gill,9700007631,Moga,Punjab,"7,888,436,876",3,PB03AC5517
MHT,9876902648,Bathinda,Punjab,"7,888,953,318",2,PB13BH7452
Apni Bus,8894487690,Kangra,Himachal Pradesh,"8,894,487,690",1,HP39D5635
Dera Beas,9818808554,Tarn tarn,Punjab,"9,041,995,581",4,BUS NO. 3
Dhimna Bus Service,7018519109,Solan,Himachal Pradesh,"8,278,786,847",1,HP12E5679
Shekhawat Travels,9414422979,Siker,Rajasthan,"8,107,303,491",1,RJ37PA9471
Jasdeep Test,9770270251,,Chhattisgarh,0,1,TEST0171
Sameer Travels,7992213485,Purnia,Bihar,0,4,WB73N7165
Jhala Travels,6376804091,Bikaner,Rajasthan,"8,107,303,491",2,RJ07PB8492
Sameer Travels,7992213485,Purnia,Bihar,0,4,BR11PC9165
Khatra Bus Service,9464970725,Fatehgarh sahib,Punjab,"9,877,674,046",1,PB11DL0625
Gill Travels,9780007760,Moga,Punjab,"7,888,436,876",1,PB03AF7617
Jasdeep Singh,9770270249,Raipur,Haryana,0,1,CG04JS7029
Hardyal Singh Gill,9700007631,Moga,Punjab,"7,888,436,876",3,PB03AT3017
ApniBus Demo,6266279145,Indore,Madhya Pradesh,"6,266,279,145",1,MP09VE2145
Jai Maa Ashapuri Gayatri Bus,7018961848,Kangra,Himachal Pradesh,"7,018,809,624",1,HP68A5886
Jhala Travels,6376804091,Bikaner,Rajasthan,"8,107,303,491",2,RJ07PA5761
Mahakali Bus Service,9006355445,Purnia,Bihar,0,1,BR11PB7945
Gaurav Bus Demo,8218186886,Lucknow,Uttar Pradesh,"8,218,186,886",1,UP32AB1604
Gaurav Bus Demo,8218186886,Lucknow,Uttar Pradesh,"8,218,186,886",1,UP32AB1604
Raj Bus Service,9877237389,Moga,Punjab,0,1,PB02DV6397
Apni Bus Services,9057626050,Alwar,Haryana,"9,057,626,050",1,RJ40SG9097
Jasdeep Singh,9770270249,Raipur,Haryana,0,1,CG04JS7029
Kaushal Bus Service,7018048348,Bilaspur,Himachal Pradesh,"9,805,254,456",1,HP694800
MHT,9876531577,Muktsar,Punjab,"9,877,674,046",1,PB19Y1385
Chauhan Travels,7037171481,Baghpat,Uttar Pradesh,"7,355,982,328",1,UP15ET0679
TONY EXPRESS DEMO,9456258522,Gurugram,Haryana,"9,456,258,522",1,DEMOBDN1
Waheguru Bus Service,9877231426,shri Muktsar sahib,Punjab,"9,814,201,669",1,PB05W9625
Shree Balaji Travels,9713628000,Shivpuri,Madhya Pradesh,"7,000,532,942",1,MP41ZF9911
Raj Bus Service (Yaarana Holiday Tours Pvt Ltd),8580498604,Shimla,Himachal Pradesh,"8,219,990,300",1,HP67A7599
Ram Parivahan,9418792971,Kangra,Himachal Pradesh,"7,018,809,624",1,HP53D9077
Apni Bus,9971810040,Alwar,Rajasthan,"9,971,810,040",1,RJ02GP0070
Sisai Bus Service,9054257000,Hisar,Haryana,"9,813,097,047",2,HR39G3943
Apni Bus Travels,9758312557,Meerut,Uttar Pradesh,0,1,UP15ED6423
Apni Bus Travels,9758312557,Meerut,Uttar Pradesh,"9,758,312,557",1,UP15ED6423
Sisai Bus Service,9054257000,Hisar,Haryana,"9,813,097,047",2,CH02AA6007
Raj Bus Service,7087041542,Faridkot,Punjab,"9,814,201,669",1,PB02CR4869
Vikash Travels,9660687222,Jhunjhunu,Rajasthan,0,3,RJ14PD4052
OPS,9882700010,Solan,Himachal Pradesh,0,1,HP113610
Vikash Travels,9660687222,Jhunjhunu,Rajasthan,0,3,RJ14PE7531
Hardyal Singh Gill,9700007631,Moga,Punjab,"9,814,201,669",1,PB13BJ0981
Jhala & Bishnoi,9928028020,Bikaner,Rajasthan,0,1,RJ40PA0300
mannath,9337392762,Khurdha,Odisha,"8,598,810,350",1,RJ019181
Verma Travels,9212291112,Delhi,Delhi,0,1,UP72AT7099
mannath,9337392762,Khurdha,Odisha,"9,770,270,249",1,RJ019181
Jhunir Bus Mansa,6283600031,Mansa,Punjab,"9,877,674,046",4,PB31L8405
Jhunir Bus Mansa,6283600031,Mansa,Punjab,"9,877,674,046",4,PB03BJ9505
Jhunir Bus Mansa,6283600031,Mansa,Punjab,"9,877,674,046",4,PB31L6605
Jhunir Bus Mansa,6283600031,Mansa,Punjab,"9,877,674,046",4,PB03BG5605
Hudda Bus Service,9636540132,Ganganagar,Rajasthan,"9,116,836,667",1,RJ31PA3161
Singh Travels,9616450796,Paryagraj,Uttar Pradesh,"7,999,855,651",1,UP70ET6927
5 Bhai Bus Service,9416848953,Hansi,Haryana,"9,813,097,047",1,HR39E4200
SHIVDANI ROADWAYS INFRASTRUCTURE PRIVATE LIMITED,7277008121,Betia,Bihar,"8,750,710,855",4,BR55P5625
Jai maa sherawali,8292572641,Araria,Bihar,"9,296,544,242",1,BR38P5621
Shree Sai Travels,9461380941,Dungarpur,Rajasthan,"9,799,862,695",1,MP14ZF8577
Rudra bus service,9816100975,Amb,Himachal Pradesh,"9,805,254,456",1,HP72B5437
Jasdeep Singh,9770270249,Raipur,Haryana,0,1,CG04JS7029
SHIVDANI ROADWAYS INFRASTRUCTURE PRIVATE LIMITED,7277008121,Betia,Bihar,"8,750,710,855",4,BR06PF5625
Hardyal Singh Gill,9700007631,Moga,Punjab,"7,888,436,876",1,PB31H9281
SHIVDANI ROADWAYS INFRASTRUCTURE PRIVATE LIMITED,7277008121,Betia,Bihar,"8,750,710,855",4,BR06PF5925
SHIVDANI ROADWAYS INFRASTRUCTURE PRIVATE LIMITED,7277008121,Betia,Bihar,"8,750,710,855",4,BR06PF5725
Apnibus Demo,7566094839,Satna,Madhya Pradesh,"7,566,094,839",1,MP19HSP1234
Nagnechi Travels,9571622582,Jalore,Rajasthan,"9,799,862,695",10,RJ07PB8449
Khalsa Bus,9815728632,Gurdaspur,Punjab,"9,041,995,581",1,PB03AF6834
Apnibus Demo,7566094839,Satna,Madhya Pradesh,"7,566,094,839",1,MP19HSP1234
Jai Shankar Travels,9009534700,Surajpur,Chhattisgarh,"9,109,100,968",2,CG15EF5443
Jai Shankar Travels,9009534700,Surajpur,Chhattisgarh,"9,109,100,968",2,CG15DZ3349
Khalsa Travels,6207878990,Saharsa,Bihar,"8,750,710,855",1,BR10PB8687
City bus service,9813256073,"Bilaspur, Gurgaon, Haryana",Haryana,0,1,HR55AC4924
Sangwan Bus Service,9812810191,Bhiwani,Haryana,0,1,HR847644
Hardyal Singh Gill,9700007631,Moga,Punjab,"7,888,436,876",1,PB22K4490
Mata Shree Bus Service,9816565555,Una,Himachal Pradesh,"9,805,254,456",1,HP72C9299
Jashan Bus Service ,9468291610,Sirsa,Haryana,"9,315,883,000",4,HR57B2594
Jashan Bus Service ,9468291610,Sirsa,Haryana,"9,315,883,000",4,HR579352
Jashan Bus Service ,9468291610,Sirsa,Haryana,"9,315,883,000",4,HR57A7030
Jashan Bus Service ,9468291610,Sirsa,Haryana,"9,315,883,000",4,HR579095
Sameer Travels,7992213485,Purnia,Bihar,0,4,BR11PC7865
Sameer Travels,7992213485,Purnia,Bihar,0,4,BR11PC9065
Rai Tour & Travels,9935751171,Azamgarh,Uttar Pradesh,"7,999,855,651",1,UP50ET3337
Khushi Travels,7722953981,Dhar,Madhya Pradesh,"8,770,859,061",1,MP41ZK2546
Dudi Travels,9828295976,Hanumangarh,Rajasthan,0,1,RJ13PA8691
Mittal Travels,9509329193,Sri Ganganagar,Rajasthan,0,1,RJ13PA5745
Gupta Travels,9719132700,Agra,Uttar Pradesh,0,1,UP80LT2627
Vikash Travels,9660687222,Jhunjhunu,Rajasthan,0,3,RJ14PE3031
Maa Sharda Meghna,9893166901,INDORE,Madhya Pradesh,"6,266,279,145",1,MP09FA9673
Maharani Travels,7023965496,Alwar,Rajasthan,0,1,HR74B2700
The sheikhpura cop. Society ynr,9416834324,Ambala,Haryana,"8,396,849,527",1,HR37C9716
GURUNANAK BUS SERVICE DAWBALI,9872038482,Sirsa,Haryana,"9,306,703,845",1,HR57A9982
Nagnechi Travels,9571622582,Jalore,Rajasthan,"9,799,862,695",1,RJ07PB8449
Gill Travels,9780007760,Moga,Punjab,"7,888,436,876",1,PB19Y0495
Gobin Bus Service,7889109156,MANSA,Punjab,"9,877,674,046",1,PB19W4898
GURUNANAK BUS SERVICE DAWBALI,9872038482,Sirsa,Haryana,"9,306,703,845",1,HR57A0082
Ajay Travels,7229818191,Hanumangarh,Rajasthan,"9,341,643,122",1,RJ10PA8532
Dehra Sharma Travels,9218620310,Kangra,Himachal Pradesh,"7,018,809,624",3,HP72B4187
Dehra Sharma Travels,9218620310,Kangra,Himachal Pradesh,"7,018,809,624",3,HP72B1987
Dehra Sharma Travels,9218620310,Kangra,Himachal Pradesh,"7,018,809,624",3,HP72C5387
Kuldeep Bus Service,7453900025,Ludhiana,Punjab,"7,717,425,499",1,PB08BZ6061
Shinda Travels,9464030920,Moga,Punjab,"7,888,436,876",2,PB29D9721
Hardyal Singh Gill,9700007631,Moga,Punjab,"7,888,436,876",1,PB03AJ2117
Kashyap bus service,9218511175,Bilaspur,Himachal Pradesh,"8,219,990,300",1,HP697407
Sagar Travels,8959176677,Jhabua,Madhya Pradesh,"7,000,532,942",1,MP30P1413
The Buria Co Op TPT Society Ltd Buria,8053510231,Ambala,Haryana,"8,396,849,527",1,HR58B2211
Akash Demo,8447780900,Gautam Budh Nagar,Uttar Pradesh,"8,447,780,900",1,DL6CP4580
Vikash Kumar ,7878521142,Ganganagar,Rajasthan,0,1,RJ13PA9723
Shinda Travels,9464030920,Moga,Punjab,"7,888,436,876",2,PB10BN7113
Sameer Travels,7992213485,Purnia,Bihar,0,4,BR11PC7865
SHIVDANI ROADWAYS INFRASTRUCTURE PRIVATE LIMITED,7277008121,Betia,Bihar,"8,750,710,855",1,BR06PE9151
Shalu Bus Service,8580433923,Solan,Himachal Pradesh,"8,278,786,847",1,HP641794
Sushil Bus Service,9812096950,Hisar,Haryana,"9,813,097,047",1,RJ49PA0352
Santoshi Bus,9816335793,Kangra,Himachal Pradesh,"7,018,809,624",1,HP567525
Vijay Travels,9793380495,SHAHJAHANPUR,Uttar Pradesh,"7,355,982,328",1,UP27DT4078
Sameer Travels,7992213485,Purnia,Bihar,0,4,WB73G6165
Sameer Travels,7992213485,Purnia,Bihar,0,4,BR11PB9665
Sameer Travels,7992213485,Purnia,Bihar,0,4,BR11PC7965
BT Travels,9250970000,Hamirpur,Uttar Pradesh,"7,355,982,328",1,UP81FT9246
Manpreet Bus Service,9315617966,sirsa,Haryana,"9,306,703,845",1,HR57A5973
A K Sheild Travels,9971591786,South West Delhi,Delhi,"7,355,982,328",1,UP51AT2240
Anand Travels Demo,9296544242,Araria,Bihar,"9,296,544,242",1,BR25L4447
MH Transport Company Regd,9056033282,Barnala,Punjab,"7,888,436,876",10,PB13BM2905
Ameena Travels,9422106636,Nagpur,Maharashtra,"8,319,789,031",1,MH40BL8239
Vikram Travels,8410005346,Etah,Uttar Pradesh,"9,341,643,122",1,UP82BT7470
Yadav Travels,6397665656,Etah,Uttar Pradesh,"9,341,643,122",3,UP82BT7472
Yadav Travels,6397665656,Etah,Uttar Pradesh,"9,341,643,122",3,UP82AT0423
Yadav Travels,6397665656,Etah,Uttar Pradesh,"9,341,643,122",3,UP82BT7471
Dubey Travels,8077014364,Etah,Uttar Pradesh,"9,341,643,122",1,UP82BT7523
Katwal Bus Service,8219592560,Bilaspur,Himachal Pradesh,"8,219,990,300",1,HP69A0856
Vijay Tour And Travels,9928112135,Sri Ganganagar,Rajasthan,"7,568,612,974",1,RJ13PA9353
Paras Tour & Travel ,7015539855,Fatehabad,Haryana,0,1,HR628836
MHT Transport,9115491164,Barnala,Punjab,0,5,PB03AT3845
Arjun Prise Bus Service,9812723425,Hisar,Haryana,"9,813,097,047",1,RJ49PA1147
Pradhan Bus Service,9416826038,Jhajjar,Haryana,"7,355,982,328",2,HR63F0770
MHT Transport,9115491164,Barnala,Punjab,0,5,PB19M4407
MHT Transport,9115491164,Barnala,Punjab,0,5,PB19H6381
MHT Transport,9115491164,Barnala,Punjab,0,5,PB03AJ0817
MHT Transport,9115491164,Barnala,Punjab,0,5,PB22K4495
DBS Bus Service,8685811114,hisar,Haryana,"9,813,097,047",1,HR61E5821
MHT Transport,9115491164,Barnala,Punjab,"7,888,436,876",2,PB22K4495
MHT Transport,9115491164,Barnala,Punjab,"7,888,436,876",2,PB19M4407
Chauhan Travels,7417677230,Etah,Uttar Pradesh,"9,693,860,347",1,UP82T9063
Baljit Travels,9417640470,Tarn Taran,Punjab,"9,693,860,347",1,PB08CP9578
DBS Bus Service,8685811114,hisar,Haryana,"9,813,097,047",1,HR56B6156
Nitin  demo,9041995581,Amritsar,Punjab,"9,041,995,581",1,PB02DEMO
Satpal Bus Service,9466247203,Hisar,Haryana,0,1,HR39E6291
Parivahan Bus Service,9816735000,Kangra,Himachal Pradesh,"7,018,809,624",1,HP68A4181
Pradhan Bus Service,9416826038,Jhajjar,Haryana,"7,355,982,328",2,HR63F7707
Kochar Bus Service,9414033061,Sri ganaganagar,Rajasthan,0,1,RJ13PB2225
CITY BUS SERVICE,9312320511,Hisar,Haryana,0,1,HR39E5425
Pawan Bus Service,7056470705,hisar,Haryana,0,1,HR39E6872
Jan Piry Bus,9813231137,Jahjjar,Haryana,"7,355,982,328",2,JAN 6
Manhas Bus Service,7018696095,Bilaspur,Himachal Pradesh,"8,219,990,300",2,HP69A5995
Manhas Bus Service,7018696095,Bilaspur,Himachal Pradesh,"8,219,990,300",2,HP69A5295
Jan Piry Bus,9813231137,Jahjjar,Haryana,"7,355,982,328",2,JAN 7
Rubi Travels,8433437716,Etah,Uttar Pradesh,0,1,UP82BT7448
Anjali Bus Service,9418008661,Mandi,Himachal Pradesh,"8,278,786,847",1,HP06B1612
Deepak Travels,7809433333,Bugada,Odisha,"7,065,963,580",1,OD027040
mannath,9337392762,Khurdha,Odisha,"8,598,810,350",1,TESTTEST610
mannath,9337392762,Khurdha,Odisha,"8,598,810,350",1,TEST01901
Royal Bus Service,7876747000,Jind,Haryana,"9,315,883,000",4,HR56B2132
Puneet bus Mansa,9878462696,Mansa,Punjab,"9,877,674,046",1,PB13AL9721
Pradhan Bus Service,9416826038,Jhajjar,Haryana,0,1,HR63F7077
Hari Gobind Bus,7009483660,Sri Muktsar Sahib,Punjab,"9,814,201,669",1,PB30AC2117
Anand Kumar singh,8709016324,Hazaribagh,Jharkhand,"8,709,016,324",1,JH01DL4364
mannath,9337392762,Khurdha,Odisha,"8,598,810,350",1,TEST01901
Ambika Bus,9418741324,Solan,Himachal Pradesh,"8,219,990,300",1,HP64D5217
Royal Bus Service,7876747000,Jind,Haryana,"9,315,883,000",4,HR56B2125
Khan Travels,8445117880,Bulandshahr,Uttar Pradesh,"7,355,982,328",1,UP80T0801
Shinde Travels,8975232282,Satara,Maharashtra,"9,341,643,122",1,AR01U1789
Royal Bus Service,7876747000,Jind,Haryana,"9,315,883,000",4,HR56B3273
Royal Bus Service,7876747000,Jind,Haryana,"9,315,883,000",4,HR56C5877
Awasthi travel,9792476006,Kanpur,Uttar Pradesh,"7,065,963,580",2,UP77BN8375
Apni bus,9636386091,Jaipur,Rajasthan,"9,636,386,091",1,RJ23PA3121
Ghanshyam Bus Service,9816084855,Mandi,Himachal Pradesh,"8,219,990,300",1,HP653366
Mohobbat Bus Service,8307991027,Churu,Rajasthan,"9,813,097,047",1,RJ10PA9780
Byanhmuni Travels,9907540040,Sidhi,Madhya Pradesh,"7,065,963,580",1,MP66ZJ8082
Kuldeep Bus Service,9729448607,hisar,Haryana,0,1,RJ18PB2636
mannath,9337392762,Khurdha,Odisha,"8,598,810,350",1,TESTTEST610
Demo Bus,8085396896,,Madhya Pradesh,"8,085,396,896",1,MP66EDEMO
Meena Travels,9783521180,Madhopur,Rajasthan,0,1,RJ18PB1775
Keshab Travels,9938272065,Kodala,Odisha,0,1,OD33AS1119
Singh Travels,9983569861,Barmer,Rajasthan,"9,693,860,347",1,AR20B3100
Singh Travels,9983569861,Barmer,Rajasthan,"9,693,860,347",1,AR20B3100
Rajnish Travels,9719902638,Etah,Uttar Pradesh,"7,065,963,580",1,UP82T7197
RS Chaudhary Bus Service,9467896167,Gurgaon,Haryana,"7,355,982,328",1,HR63G1949
Singh Travels,9810299062,Faridabad,Haryana,"9,341,643,122",1,HRONLINE
Lovely Bus Service,9592336133,Hoshiarpur,Punjab,"9,805,254,456",1,PB07Z6133
Giriraj Travels,7874580462,Kachchh,Gujarat,"7,065,963,580",1,GJ11X0583
The sheikhpura cop. Society ynr,9416834324,Ambala,Haryana,"8,396,849,527",1,HR58A9474
Rotwar Tour Travels,9001532058,Bharatpur,Rajasthan,"8,447,780,900",1,RJ05PA8204
Gaurav Travels,8423514741,Banda,Uttar Pradesh,"9,693,860,347",1,UPONLINE
Anand Travels,7004746353,Talaiya,Jharkhand,"9,693,860,347",1,JHONLINE
Arsh Bus Service ,8057633313,Udham Singh Nagar,Uttarakhand,"7,689,996,832",1,UK18PA0413
Awasthi travel,9792476006,Kanpur,Uttar Pradesh,"7,065,963,580",2,UP77BN9275
Sunny Travels,9946548125,Ernakulam,Kerala,0,1,KL16R2417
Yadav Travels,7571011166,Jhansi,Uttar Pradesh,"7,065,963,580",1,UP93ET6053
Guru Nanak Bus Service,7357834005,Ganganagar,Rajasthan,0,1,RJ13PA8734
Pravin Travels,9405002597,Gadchiroli,Maharashtra,"7,065,963,580",1,MH33T8180
Abhinand Travels,9149866122,Babina,Uttar Pradesh,"8,219,780,529",1,KL56E6036
Saini Motors,9872819494,Hoshiarpur,Punjab,"9,814,201,669",1,PB08CL9494
Manga Travels,9803866205,Barnala,Punjab,"9,877,674,046",2,PB19M8461
Manga Travels,9803866205,Barnala,Punjab,"9,877,674,046",2,PB03AC9610
Vismay Travels,9754380880,Shajapur,Madhya Pradesh,"8,219,780,529",1,MP09AG8960
Chandra Travels,9084504040,Aliganj,Uttar Pradesh,"8,219,780,529",2,UP82BT7739
Chandra Travels,9084504040,Aliganj,Uttar Pradesh,"8,219,780,529",2,UP82BT7825
Ashok Travels,9752522525,Jhabua,Madhya Pradesh,0,1,GJ01DZ8326
Gursewak Singh,7626859159,Bathinda,Punjab,"9,877,674,046",1,PB13AY4381
RAWAL COACH,9815798353,Panchkula,Haryana,"9,315,883,000",2,HR39G6180
Bhabani Travels,9861717499,Puri,Odisha,"8,219,780,529",1,OD13M2599
Nithin Travels,9567977772,Calicut,Kerala,0,1,KL18D2122
RAWAL COACH,9815798353,Panchkula,Haryana,"9,315,883,000",2,HR39G6142
The Deva Co. Transport,9253003921,Rohtak,Haryana,"9,315,883,000",2,HR46E0097
Apnibus Demo,8003639921,Chittorgarh,Rajasthan,"8,003,639,921",1,RA24SM7227
The Deva Co. Transport,9253003921,Rohtak,Haryana,"9,315,883,000",2,HR46E1505
Sonu Travels,6266307974,Damoh,Madhya Pradesh,0,1,MP05P0477
Sonu Bus Service,9001242769,Pratapgarh,Rajasthan,"9,799,862,695",1,RJ09PA5223
Gill Travels,9780007760,Moga,Punjab,"9,814,201,669",2,PB08CP2868
Buttar Bus Service,9653000909,shri Muktsar sahib,Punjab,"9,814,201,669",1,PB30K9562
Sihag bus service,9996211173,Hisar,Haryana,"9,053,775,782",1,HR39G2073
Cm Travels,9414513005,Hanumangarh,Rajasthan,"8,000,304,871",2,RJ49PA1717
Yadav Travels,7571011166,Jhansi,Uttar Pradesh,"7,065,963,580",1,UP93ET6254
Beniwal Travels BT,9602654695,Barmer,Rajasthan,"9,799,862,695",1,RJ09PA4223
SHIVDANI ROADWAYS INFRASTRUCTURE PRIVATE LIMITED,7277008121,Betia,Bihar,"8,750,710,855",3,BR22P5625
Yahya Travels,8084362156,Bhopalganj,Bihar,0,1,BR28P3888
Chaudhary Travels,8619172242,Ganganagar,Rajasthan,0,1,RJ13PA5036
Mahipal Travels,9462096571,Jaipur,Rajasthan,"9,462,096,571",1,RJ14UH4366
Atul Travels,9322661997,Raigarh,Maharashtra,"8,219,780,529",1,MH03EG7579
Cm Travels,9414513005,Hanumangarh,Rajasthan,"8,000,304,871",2,RJ49PA1718
Bahadur Travels,9752204546,Jhabua,Madhya Pradesh,"8,219,780,529",1,MP45ZH5566
Mayad Bus Service,9050458585,Hisar,Haryana,"9,053,775,782",1,HR61E6229
Parmar Coach,8053042410,Rohtak,Haryana,"9,315,883,000",1,HR46F4761
SHIVDANI ROADWAYS INFRASTRUCTURE PRIVATE LIMITED,7277008121,Betia,Bihar,"8,750,710,855",3,BR31Q5625
Hardyal Singh Gill,9700007631,Moga,Punjab,"7,888,436,876",1,PB04V2863
Albela Bus Service,8795199344,Chitrakoot,Uttar Pradesh,0,1,UP96T9151
Byanhmuni Travels,9907540040,Sidhi,Madhya Pradesh,0,4,MP17P0717
Yadav Travels,9457039005,Etah,Uttar Pradesh,"8,219,780,529",2,UP82BT7753
Byanhmuni Travels,9907540040,Sidhi,Madhya Pradesh,0,4,MP66P0622
Yadav Travels,9457039005,Etah,Uttar Pradesh,"8,219,780,529",2,UPONILNE6
Dubey Travels,8077014364,Etah,Uttar Pradesh,"9,341,643,122",1,UPONLINE5
Subhakashdeep Travels,9915935133,Bathinda,Punjab,"9,877,674,046",1,PB03AC5448
ABTC bus,7814827739,Amritsar,Punjab,"9,814,201,669",3,PB02DY9972
DBS Bus Service,8685811114,hisar,Haryana,0,1,HR39E8854
ABTC bus,7814827739,Amritsar,Punjab,"9,814,201,669",3,PB02CC7531
Byanhmuni Travels,9907540040,Sidhi,Madhya Pradesh,0,4,MP17ZL2082
DBS Bus Service,8685811114,hisar,Haryana,"9,053,775,782",1,HR39E8854
SHIVDANI ROADWAYS INFRASTRUCTURE PRIVATE LIMITED,7277008121,Betia,Bihar,"8,750,710,855",3,BR06PE9151
Khakh Travels,9351296714,Sri Ganganagar,Rajasthan,"7,568,612,974",1,RJ13PA2349
ABTC bus,7814827739,Amritsar,Punjab,"9,814,201,669",3,PB02DZ9977
Apni bus,9713417111,. Gwalior,Madhya Pradesh,"9,713,417,111",1,MP07ZF8528
Gill Travels,9780007760,Moga,Punjab,0,1,PB19Y2295
Byanhmuni Travels,9907540040,Sidhi,Madhya Pradesh,0,4,MP53ZF6082
Vinayak Transport Company,8824796561,Sri Ganganagar,Rajasthan,0,1,RJ13PA6822
Bhagwan Travels,9926974723,Shajapur,Madhya Pradesh,"8,219,780,529",1,MP70ZD6684
Sajeer Travels,9946807424,Kozhikode,Kerala,"8,219,780,529",1,KL58R0799
Albela Bus Service,8795199344,Chitrakoot,Uttar Pradesh,0,1,UP96AT2803
Gulia Bus Service,7419265464,Jhajjar,Haryana,"9,315,883,000",5,HR46F2903
Gulia Bus Service,7419265464,Jhajjar,Haryana,"9,315,883,000",5,HR46F2911
Gulia Bus Service,7419265464,Jhajjar,Haryana,"9,315,883,000",5,HR46E6915
Gulia Bus Service,7419265464,Jhajjar,Haryana,"9,315,883,000",5,HR46F1400
Gulia Bus Service,7419265464,Jhajjar,Haryana,"9,315,883,000",5,HR46G2782
Gagan Bus Service,8683948515,Sirsa,Haryana,"9,306,703,845",1,HR57A8477
ApniBus,8619414557,Kota,Rajasthan,"8,619,414,557",1,RJ20JS4047
Pardhan Travels,9588757648,Jhajjar,Haryana,0,1,HR63D0910
Uppal Bus service,7814108083,Shri Muktsar sahib,Punjab,"9,814,201,669",1,PB12H2563
Bhabani Travels,9861717499,Puri,Odisha,"8,219,780,529",1,OD13T3599
Atul Travels,9322661997,Raigarh,Maharashtra,"8,219,780,529",1,MHONLINE
Atul Travels,9322661997,Raigarh,Maharashtra,"8,219,780,529",1,MH2ONLINE
Pravin Travels,9405002597,Gadchiroli,Maharashtra,"7,065,963,580",1,MH33T0417
ABTC bus,7814827739,Amritsar,Punjab,"9,814,201,669",2,PB02DZ9977
ABTC bus,7814827739,Amritsar,Punjab,"9,814,201,669",2,PB08CH4191
