dsn_created_date,orderitem_id,dsn_number,activation_type,company_name,operator_name,mobile,state,location,bus_number,bd_name,d0,d1,d2,d3,d4,d5,d6,d7,d8,d9,d10,d11,d12,d13,d14,d15,d16,d17,d18,d19,d20,d21,d22,d23,d24,d25,d26,d27,d28,d29,active_status
"June 18, 2026",30b6abb3-b990-4f21-8765-4d7c127a924c,264BCEQ03129,Demo,Apne bus,Abhishek singh,6398423123,Haryana,,,,0,,,,,,,,,,,,,,,,,,,,,,,,,,,,,,Active
"June 17, 2026",97b66e61-f83f-472a-8abb-16afa8290e5d,264BCEQ03095,Final_Activation,Jaina travels,Saket test,9174175292,,,,,0,0,,,,,,,,,,,,,,,,,,,,,,,,,,,,,Active
"June 17, 2026",f3ef8562-94a3-4cb4-bb1f-ae75a4fd40d6,264BCEQ02990,Final_Activation,Pravin Travels,Pravin Nagapure,9405002597,Maharashtra,Gadchiroli,MH33T0417,Sandeep,0,17,,,,,,,,,,,,,,,,,,,,,,,,,,,,,Active
"June 17, 2026",61234aa9-364d-4bc9-93ab-2cf82661bbdf,2842144639,Demo,Pardhan Travels,Rajiv Dhankhar,9588757648,Haryana,Jhajjar,HR63D0910,Amit Kumar,92,122,,,,,,,,,,,,,,,,,,,,,,,,,,,,,Active
"June 17, 2026",318308bd-ae78-4374-883f-064d25d8e822,2842139116,Final_Activation,Hardyal Singh Gill,Hardyal Singh Gill,9700007631,Punjab,Moga,,Rajiv Kumar,145,67,,,,,,,,,,,,,,,,,,,,,,,,,,,,,Active
"June 17, 2026",d9592fe1-32d7-445f-aa8c-fd0d3a49489a,264BCEQ02861,Final_Activation,Testing jas,Jasdeep,9665655555,Haryana,,,,0,0,,,,,,,,,,,,,,,,,,,,,,,,,,,,,Active
"June 17, 2026",d7e058c9-b480-4352-bdfc-09b1cbe86375,264BCEQ02926,Final_Activation,Atul Travels,Atul Tukaram More,9322661997,Maharashtra,Raigarh,MH2ONLINE,Ayush Rajput,0,41,,,,,,,,,,,,,,,,,,,,,,,,,,,,,Active
"June 17, 2026",93611def-972d-47ce-a337-c1dc3a7b4bc3,264BCEQ03163,Final_Activation,Testing jas,Jasdeep,9665655555,Haryana,,,,0,62,,,,,,,,,,,,,,,,,,,,,,,,,,,,,Active
"June 17, 2026",62642798-20f6-475d-8d27-3a7e13a201e3,264BCEQ02817,Final_Activation,Bhabani Travels,Bhabani Prasad Singh,9861717499,Odisha,Puri,OD13T3599,Ayush Rajput,0,45,,,,,,,,,,,,,,,,,,,,,,,,,,,,,Active
"June 17, 2026",991d861d-4cfa-458d-98f3-b4e9d7fa556b,264BCEQ02914,Final_Activation,Atul Travels,Atul Tukaram More,9322661997,Maharashtra,Raigarh,MHONLINE,Ayush Rajput,0,23,,,,,,,,,,,,,,,,,,,,,,,,,,,,,Active
"June 16, 2026",20cdfa34-eb96-46e3-94b1-aa6ba99d4423,2842134594,Demo,Gulia Bus Service,Ashish Nehra,7419265464,Haryana,Jhajjar,HR46G2782,Amit Kumar,111,0,1,,,,,,,,,,,,,,,,,,,,,,,,,,,,Active
"June 16, 2026",625f4dd2-453d-41ff-abab-2849df094fcf,2842134596,Demo,Gulia Bus Service,Ashish Nehra,7419265464,Haryana,Jhajjar,HR46F1400,Amit Kumar,125,0,1,,,,,,,,,,,,,,,,,,,,,,,,,,,,Active
"June 16, 2026",3cf7bf20-0bac-4ea2-9341-4bcc72111fa3,25BTCEQ34174,Demo,Gagan Bus Service,Harjinder Singh,8683948515,Haryana,Sirsa,HR57A8477,Sukhdev Singh,121,244,69,,,,,,,,,,,,,,,,,,,,,,,,,,,,Active
"June 16, 2026",5dbe990e-18e2-438b-b716-9db1fbca5aab,2842138895,Demo,Gulia Bus Service,Ashish Nehra,7419265464,Haryana,Jhajjar,HR46F2911,Amit Kumar,105,0,14,,,,,,,,,,,,,,,,,,,,,,,,,,,,Active
"June 16, 2026",c1411f72-0873-4dd1-a9bf-3c0658249e48,2842138897,Demo,Gulia Bus Service,Ashish Nehra,7419265464,Haryana,Jhajjar,HR46E6915,Amit Kumar,106,0,4,,,,,,,,,,,,,,,,,,,,,,,,,,,,Active
"June 16, 2026",4f3866a7-f152-4ad7-a347-cb0bab125236,2842138898,Demo,Gulia Bus Service,Ashish Nehra,7419265464,Haryana,Jhajjar,HR46F2903,Amit Kumar,89,1,4,,,,,,,,,,,,,,,,,,,,,,,,,,,,Active
"June 16, 2026",2bb14a05-db37-4458-b175-5700396f1f9b,2842139123,Final_Activation,Subhakashdeep Travels,Subhakashdeep singh,9915935133,Punjab,Bathinda,PB03AC5448,Surinder Singh,211,314,199,,,,,,,,,,,,,,,,,,,,,,,,,,,,Active
"June 15, 2026",f8bba6b9-436a-42d0-a5af-fa0a10a180ce,264BCEQ03256,Final_Activation,Bhagwan Travels,Bhagwan Singh,9926974723,Madhya Pradesh,,MP70ZD6684,Ayush Rajput,0,0,0,60,,,,,,,,,,,,,,,,,,,,,,,,,,,Active
"June 15, 2026",bcf7e5c6-e8a3-4bb2-b78d-544499d90efe,2842133279,Demo,Anjali Bus Service,Harmender Sharma,9418008661,Himachal Pradesh,Mandi,HP06B1612,Nitin Kumar,0,0,0,0,,,,,,,,,,,,,,,,,,,,,,,,,,,Yellow
"June 15, 2026",0d59aec1-6add-4475-be3a-135a44cacfa5,264BCEQ02938,Final_Activation,Sajeer Travels,Sajeer CM,9946807424,Kerala,Kozhikode,KL58R0799,Ayush Rajput,0,0,0,11,,,,,,,,,,,,,,,,,,,,,,,,,,,Active
"June 15, 2026",03239c18-fed5-47b8-a76d-d10689de56aa,264BCEQ02893,Final_Activation,Albela Bus Service,Meru Priya Kamta Sharan Mishra,8795199344,Uttar Pradesh,Chitrakoot,UP96AT2803,Dummy Uttar Pradesh,0,0,0,51,,,,,,,,,,,,,,,,,,,,,,,,,,,Active
"June 15, 2026",cf3dcf54-1499-4342-af8b-3a598257b9a5,2842139119,Final_Activation,Uppal Bus service,Angraj Singh,7814108083,Punjab,Shri Muktsar sahib,PB12H2563,Rajiv Kumar,109,297,215,47,,,,,,,,,,,,,,,,,,,,,,,,,,,Active
"June 14, 2026",82af2409-092f-4ffd-be89-95c1c909ffce,2842138901,Final_Activation,Buttar Bus Service,Hardeep Singh,9653000909,Punjab,shri Muktsar sahib,PB30K9562,Rajiv Kumar,110,207,288,0,0,,,,,,,,,,,,,,,,,,,,,,,,,,Active
"June 13, 2026",357e303f-a1ae-48b5-9440-5c56cc86219f,264BCEQ03142,Final_Activation,DBS Bus Service,Dinesh ji,8685811114,Haryana,hisar,HR39E8854,Amit Kumar,102,278,231,308,111,6,,,,,,,,,,,,,,,,,,,,,,,,,Active
"June 13, 2026",ea0d6cbe-eb93-44dd-abd7-703d82165d34,2841517650,Final_Activation,Vinayak Transport Company,Ugarsain,8824796561,Rajasthan,Karanpur,RJ13PA6822,Arshdeep Singh,43,74,0,136,86,4,,,,,,,,,,,,,,,,,,,,,,,,,Active
"June 13, 2026",bf9ed014-be9f-41c9-9639-8b4225b114a4,25BTCEQ34114,Final_Activation,SHIVDANI ROADWAYS INFRASTRUCTURE PRIVATE LIMITED,Subhash Chandra Tiwari,7277008121,Bihar,Betia,BR06PE9151,Sonu Mishra,0,0,0,0,0,2,,,,,,,,,,,,,,,,,,,,,,,,,Orange
"June 13, 2026",481accd3-5d4d-4dcb-a52b-101604a7f33c,2841285767,Final_Activation,ABTC bus,Gurmehar singh,7814827739,Punjab,Amritsar,PB02DY9972,Rajiv Kumar,148,423,341,305,363,124,,,,,,,,,,,,,,,,,,,,,,,,,Active
"June 13, 2026",1f6a937f-7f13-46ff-a4be-4e7e65494bc7,2842139120,Final_Activation,Hardyal Singh Gill,Hardyal Singh Gill,9700007631,Punjab,Moga,PB04V2863,Rajiv Kumar,104,132,7,69,0,0,,,,,,,,,,,,,,,,,,,,,,,,,Active
"June 13, 2026",c4419d0f-728f-4e8f-8ecd-946fa0cd302a,25BTCEQ34138,Final_Activation,SHIVDANI ROADWAYS INFRASTRUCTURE PRIVATE LIMITED,Subhash Chandra Tiwari,7277008121,Bihar,Betia,BR31Q5625,Sonu Mishra,0,0,5,0,0,1,,,,,,,,,,,,,,,,,,,,,,,,,Active
"June 13, 2026",79a7eb47-51da-4849-a0a5-f7894bac59c8,2841158311,Final_Activation,ABTC bus,Gurmehar singh,7814827739,Punjab,Amritsar,PB02CC7531,Rajiv Kumar,94,247,221,346,278,171,,,,,,,,,,,,,,,,,,,,,,,,,Active
"June 13, 2026",b1d7e890-d12f-4e8a-b58c-98f9cf0a97d6,2840960610,Final_Activation,ABTC bus,Gurmehar singh,7814827739,Punjab,Amritsar,PB02DZ9977,Rajiv Kumar,83,348,195,421,324,32,,,,,,,,,,,,,,,,,,,,,,,,,Active
"June 13, 2026",8397aa32-11da-4408-a37b-fb8b28c63283,2842134595,Final_Activation,Cm Travels,Mahender Singh,9414513005,Rajasthan,Hanumangarh,RJ49PA1718,Arshdeep Singh,0,0,0,0,0,0,,,,,,,,,,,,,,,,,,,,,,,,,Orange
"June 12, 2026",12e215e9-df7d-41eb-bf36-abc7c548270a,264BCEQ02886,Final_Activation,Byanhmuni Travels,Pramod Kumar Pandey,9907540040,Madhya Pradesh,Sidhi,MP53ZF6082,Sandeep,0,0,0,0,0,11,42,,,,,,,,,,,,,,,,,,,,,,,,Orange
"June 12, 2026",7846feff-99a8-497d-a605-d60a38de1aa2,264BCEQ03066,Final_Activation,Dubey Travels,Umakant,8077014364,Uttar Pradesh,Etah,UPONLINE5,Rajnish Ab,0,0,0,0,0,5,6,,,,,,,,,,,,,,,,,,,,,,,,Orange
"June 12, 2026",017d70a5-8e07-451d-960f-254f81387e4d,264BCEQ02976,Final_Activation,Yadav Travels,Pradeev Yadav,9457039005,Uttar Pradesh,Etah,UP82BT7753,Ayush Rajput,0,0,0,0,0,4,15,,,,,,,,,,,,,,,,,,,,,,,,Orange
"June 12, 2026",7bbb5bcf-3477-4f6c-ae8e-3b02eb853205,264BCEQ03027,Final_Activation,Byanhmuni Travels,Pramod Kumar Pandey,9907540040,Madhya Pradesh,Sidhi,MP17ZL2082,Sandeep,0,0,0,0,0,6,0,,,,,,,,,,,,,,,,,,,,,,,,Orange
"June 12, 2026",1ba16358-5e42-4d26-ac9b-dc53cee06bf9,25BTCEQ34152,Final_Activation,Albela Bus Service,Meru Priya Kamta Sharan Mishra,8795199344,Uttar Pradesh,Chitrakoot,UP96T9151,Dummy Uttar Pradesh,0,0,0,0,0,10,0,,,,,,,,,,,,,,,,,,,,,,,,Orange
"June 12, 2026",1b7d3eee-1cc2-4359-b35c-76b2c6624ed6,264BCEQ03030,Final_Activation,Byanhmuni Travels,Pramod Kumar Pandey,9907540040,Madhya Pradesh,Sidhi,MP66P0622,Sandeep,0,0,0,0,0,7,0,,,,,,,,,,,,,,,,,,,,,,,,Orange
"June 12, 2026",d7b87865-6815-456f-9264-4bd59b3bf80e,264BCEQ02939,Final_Activation,Yadav Travels,Pradeev Yadav,9457039005,Uttar Pradesh,Etah,UPONILNE6,Ayush Rajput,0,0,0,0,0,0,0,,,,,,,,,,,,,,,,,,,,,,,,Orange
"June 12, 2026",dc34faeb-e792-4e73-9b95-331a2e206b2b,TJ75251B20048,Final_Activation,Sandhu Bus Service,Lovepreet Singh,6280600788,Punjab,Muktsar,,Rajiv Kumar,95,216,227,210,173,190,43,,,,,,,,,,,,,,,,,,,,,,,,Active
"June 12, 2026",e64046fd-9ed2-4343-933d-fbc017eca754,264BCEQ03014,Final_Activation,Byanhmuni Travels,Pramod Kumar Pandey,9907540040,Madhya Pradesh,Sidhi,MP17P0717,Sandeep,0,0,0,0,0,3,0,,,,,,,,,,,,,,,,,,,,,,,,Orange
"June 11, 2026",6e173375-ca46-4940-98b2-0060dd071f96,2842132815,Final_Activation,Khakh Travels,Madan Lal,9351296714,Rajasthan,Sri Ganganagar,RJ13PA2349,Pawan Kumar,149,261,271,326,159,187,0,0,,,,,,,,,,,,,,,,,,,,,,,Active
"June 11, 2026",0011de0d-de87-41e9-a920-a79951685b25,2842138899,Final_Activation,Parmar Coach,Aman,8053042410,Haryana,Rohtak,HR46F4761,Amit Kumar,38,0,0,0,0,25,10,56,,,,,,,,,,,,,,,,,,,,,,,Orange
"June 10, 2026",e6cafdcb-ccda-4265-8654-8b0016480d02,25BTCEQ34170,Final_Activation,Yahya Travels,Yahya Haque,8084362156,Bihar,Gopalganj,BR28P3888,Ayush Rajput,0,0,8,0,0,0,0,0,10,,,,,,,,,,,,,,,,,,,,,,Active
"June 10, 2026",13114d94-8a9e-4911-a549-a44737913aaf,2842138341,Final_Activation,Beniwal Travels BT,Vijay Kumar,9602654695,Rajasthan,Barmer,RJ09PA4223,Chuna Ram,4,41,56,41,27,70,57,53,9,,,,,,,,,,,,,,,,,,,,,,Active
"June 9, 2026",285a1144-2b6a-49f8-93b0-324635691037,25BTCEQ34155,Final_Activation,Sihag bus service,VIVEK,9996211173,Haryana,Hisar,HR39G2073,MOHIT,64,274,150,0,0,0,0,0,0,35,,,,,,,,,,,,,,,,,,,,,Active
"June 9, 2026",d86bd9e7-765a-4cfb-bb6d-30bf0d9490e5,25BTCEQ34154,Final_Activation,SHIVDANI ROADWAYS INFRASTRUCTURE PRIVATE LIMITED,Subhash Chandra Tiwari,7277008121,Bihar,Betia,BR22P5625,Sonu Mishra,0,46,42,0,0,0,19,30,26,10,,,,,,,,,,,,,,,,,,,,,Active
"June 8, 2026",e9d90dca-78b3-41ba-8bc5-8ac4b7b651f9,2842132822,Final_Activation,Chaudhary Travels,Ratan Lal,8619172242,Rajasthan,Ganganagar,RJ13PA5036,Abhishek Singh,53,77,0,0,0,0,0,0,0,2,8,,,,,,,,,,,,,,,,,,,,Active
"June 8, 2026",24431db0-7b49-46d2-8635-a596fdfc844c,2841285454,Final_Activation,MHT,Onkar Singh,9780001953,Punjab,Bathinda,,Harpreet Singh,66,243,183,310,246,289,283,205,233,259,30,,,,,,,,,,,,,,,,,,,,Active
"June 8, 2026",ced2b660-ef03-43c8-9c1b-3be8b0aa10da,25BTCEQ34151,Final_Activation,Mayad Bus Service,Narender Singh,9050458585,Haryana,Hisar,HR61E6229,MOHIT,125,223,45,262,0,194,262,330,194,240,15,,,,,,,,,,,,,,,,,,,,Active
"June 8, 2026",2962ba8b-bfe1-461e-b366-2d1a25d0cdc0,2842105748,Final_Activation,MHT,Onkar Singh,9780001953,Punjab,Bathinda,,Harpreet Singh,0,252,285,361,286,247,256,252,267,255,76,,,,,,,,,,,,,,,,,,,,Active
"June 6, 2026",e3619445-c2ae-4fc8-b9a0-094cc7759e9f,264BCEQ03047,Final_Activation,Bahadur Travels,Bahadur Singh Damor,9752204546,Madhya Pradesh,Jhabua,MP45ZH5566,Ayush Rajput,0,0,0,0,0,0,0,0,0,0,0,0,0,,,,,,,,,,,,,,,,,,Red
"June 6, 2026",cef149d7-f07a-4375-bb15-88b397d47db2,25BTCEQ34173,Demo,Alika Bus Service,Sanjay Kumar,7082830251,Haryana,bhiwani,,Amit Kumar,148,431,405,388,338,290,408,390,364,275,453,314,11,,,,,,,,,,,,,,,,,,Active
"June 6, 2026",fef16a29-46a8-4375-b784-ac2c731a4f58,2842132817,Final_Activation,Cm Travels,Mahender Singh,9414513005,Rajasthan,Hanumangarh,RJ49PA1717,Arshdeep Singh,0,20,15,20,14,21,0,2,0,1,0,0,6,,,,,,,,,,,,,,,,,,Active
"June 6, 2026",c47d4f2d-b796-4805-b60b-bc7db3a050aa,2842132823,Final_Activation,The Deva Co. Transport,Amit Kumar,9253003921,Haryana,Rohtak,HR46E1505,Amit Kumar,72,285,163,0,201,243,339,253,292,225,249,164,257,,,,,,,,,,,,,,,,,,Active
"June 6, 2026",94cb983c-8799-44e0-81d5-5edb70d5f437,264BCEQ03131,Final_Activation,Atul Travels,Atul Tukaram More,9322661997,Maharashtra,Raigarh,MH03EG7579,Ayush Rajput,0,0,12,3,0,0,0,0,0,0,0,0,0,,,,,,,,,,,,,,,,,,Active
"June 6, 2026",fa524409-b52b-49ec-9111-da4296d08d9d,264BCEQ03088,Final_Activation,Yadav Travels,Pawan Yadav,7571011166,Uttar Pradesh,Jhansi,UP93ET6254,Sandeep,0,0,0,0,0,0,2,0,0,0,0,0,0,,,,,,,,,,,,,,,,,,Orange
"June 5, 2026",5faab96e-599a-4098-a1c8-c294d25a9b29,2842115902,Final_Activation,Parivahan Bus Service,Vinay Kumar,9816735000,Himachal Pradesh,Kangra,HP68A4181,Mohan,0,0,56,0,91,56,0,97,47,73,0,0,0,0,,,,,,,,,,,,,,,,,Active
"June 5, 2026",4e9d0a74-c831-4b8e-b4ef-6c17cbe09a9e,2842138353,Final_Activation,RAWAL COACH,Kavish Rawal,9815798353,Haryana,Panchkula,HR39G6180,Mannu Rai,0,80,123,84,18,0,0,0,0,0,0,0,0,0,,,,,,,,,,,,,,,,,Active
"June 5, 2026",670b4d17-445f-4589-a221-667da10c3210,2842133277,Final_Activation,Gursewak Singh,Sekhu coach,7626859159,Punjab,Bathinda,PB13AY4381,Surinder Singh,82,307,322,320,283,298,318,343,315,327,345,280,317,0,,,,,,,,,,,,,,,,,Active
"June 5, 2026",f1714e8c-be4c-4678-a848-def19f41e34a,2842138338,Final_Activation,RAWAL COACH,Kavish Rawal,9815798353,Haryana,Panchkula,HR39G6142,Mannu Rai,0,71,60,88,74,98,67,60,84,79,91,70,75,0,,,,,,,,,,,,,,,,,Active
"June 5, 2026",9e1707bd-16e7-4bfc-97de-668752db1b3b,2842134602,Final_Activation,The Deva Co. Transport,Amit Kumar,9253003921,Haryana,Rohtak,HR46E0097,Amit Kumar,0,0,0,0,0,0,0,0,16,3,0,0,0,0,,,,,,,,,,,,,,,,,Orange
"June 4, 2026",baef58db-c333-492f-ad51-f7d09760cf21,25BTCEQ34176,Final_Activation,Nithin Travels,Nithin,9567977772,Kerala,Calicut,KL18D2122,Ayush Rajput,0,0,0,0,0,0,0,0,0,0,0,0,0,0,0,,,,,,,,,,,,,,,,Red
"June 4, 2026",2eeaf179-fdc9-4b9e-8aa4-ea1a1482f1fa,25BTCEQ34161,Final_Activation,Bhabani Travels,Bhabani Prasad Singh,9861717499,Odisha,Puri,OD13M2599,Ayush Rajput,0,0,0,0,0,0,0,0,0,0,0,0,0,0,0,,,,,,,,,,,,,,,,Red
"June 4, 2026",85674057-2a92-4c27-9a9b-8c70e050c721,2842144637,Final_Activation,Ghanshyam Bus Service,Ghanshyam Tagore,9816084855,Himachal Pradesh,Mandi,HP653366,Rahul Kumar Uppal,0,0,58,144,32,118,169,137,166,117,117,0,0,4,6,,,,,,,,,,,,,,,,Active
"June 4, 2026",f52b96d6-acfc-4cff-b0dc-62020f95520b,264BCEQ03116,Final_Activation,Chandra Travels,Chandra Shekhar,9084504040,Uttar Pradesh,Aliganj,UP82BT7825,Ayush Rajput,23,108,95,151,90,149,34,8,0,0,0,0,0,0,126,,,,,,,,,,,,,,,,Active
"June 4, 2026",7b4c0cca-6311-4efd-9d81-cffe9c4758d9,25BTCEQ34087,Final_Activation,Vismay Travels,Vismay Rathore,9754380880,Madhya Pradesh,Shajapur,MP09AG8960,Ayush Rajput,0,139,127,127,126,114,130,119,171,11,1,0,0,0,39,,,,,,,,,,,,,,,,Active
"June 4, 2026",727641b6-38e5-4309-bd1f-f67d2d788ed6,2842134603,Final_Activation,Sonu Bus Service,Dipesh Kumar Tank,9001242769,Rajasthan,Pratapgarh,RJ09PA5223,Chuna Ram,29,159,110,0,0,0,18,17,5,2,2,1,20,17,15,,,,,,,,,,,,,,,,Active
"June 4, 2026",8b0af243-6898-4cfe-a163-cfceda6d47db,264BCEQ02908,Final_Activation,Chandra Travels,Chandra Shekhar,9084504040,Uttar Pradesh,Aliganj,UP82BT7739,Ayush Rajput,19,24,91,195,151,145,127,121,158,59,0,0,0,0,93,,,,,,,,,,,,,,,,Active
"June 3, 2026",1c0a9fa1-5ed7-45a1-b1d1-1f883177d1d8,25BTCEQ34168,Final_Activation,Abhinand Travels,Abhinand,9149866122,Uttar Pradesh,Babina,KL56E6036,Ayush Rajput,0,0,0,0,0,0,0,0,8,0,0,0,0,0,0,24,,,,,,,,,,,,,,,Orange
"June 3, 2026",1105da0e-407d-4e37-a9ba-f6a8bde6dbfc,25BTCEQ34065,Final_Activation,Ashok Travels,Ashok Singadiya,9752522525,Madhya Pradesh,Jhabua,GJ01DZ8326,Ayush Rajput,0,0,2,7,12,34,0,0,0,49,29,0,0,0,0,30,,,,,,,,,,,,,,,Active
"June 3, 2026",6741b4fb-a1f5-4e52-b9c9-3ecd21a54484,2842138352,Final_Activation,Manga Travels,Manga Singh,9803866205,Punjab,Barnala,PB03AC9610,Surinder Singh,0,204,231,340,0,174,203,167,212,179,166,152,193,183,201,12,,,,,,,,,,,,,,,Active
"June 3, 2026",51539b9b-ca69-4f31-b353-5d229bcce30a,2842111639,Final_Activation,Manga Travels,Manga Singh,9803866205,Punjab,Barnala,PB19M8461,Surinder Singh,114,184,266,0,0,2,0,0,0,0,0,0,1,4,261,1,,,,,,,,,,,,,,,Active
"June 2, 2026",28822311-4e1d-4d60-9952-97a911afb252,2842111636,Final_Activation,Saini Motors,Karanveer Singh,9872819494,Punjab,Hoshiarpur,PB08CL9494,Rajesh Kumar,83,208,198,179,0,151,208,154,224,154,28,0,71,0,0,0,0,,,,,,,,,,,,,,Active
"June 2, 2026",841cb835-e2fe-431b-8ee7-414091146b06,2840886573,Final_Activation,Sonu Travels,Abishek Bansal,6266307974,Madhya Pradesh,Damoh,MP05P0477,Pradeep rathor,0,0,0,0,0,0,0,0,0,0,0,0,0,0,0,0,0,,,,,,,,,,,,,,Red
"June 1, 2026",200fd0b5-dcb1-433e-b2d3-3fef2da861ef,25BTCEQ34178,Final_Activation,Giriraj Travels,Giriraj singh,7874580462,Gujarat,Kachchh,GJ11X0583,Sandeep,0,0,0,0,0,0,0,31,43,20,0,30,20,33,0,26,11,30,,,,,,,,,,,,,Orange
"June 1, 2026",065c87fe-b9c5-4529-bcfd-88bbff5f4c55,2842138342,Final_Activation,The sheikhpura cop. Society ynr,OM Parkash,9416834324,Haryana,Ambala,HR58A9474,Mannu Rai,120,383,361,331,287,345,336,255,453,360,370,378,221,341,331,255,18,28,,,,,,,,,,,,,Active
"June 1, 2026",6863d7c2-da4f-45ba-8e7b-2527ea9eebc3,25BTCEQ34102,Final_Activation,Anand Travels,Anand Kumar,7004746353,Jharkhand,Talaiya,JHONLINE,Rajnish Ab,0,0,0,0,0,0,0,0,0,0,0,0,0,0,0,0,0,0,,,,,,,,,,,,,Red
"June 1, 2026",3610baa1-21a6-42ac-b039-3e4cbc852351,25BTCEQ34061,Final_Activation,Arsh Bus Service,Jaydeep Singh,8057633313,Uttarakhand,Bazpur,UK18PA0413,Arun Kumar,0,0,0,0,0,0,0,0,0,0,0,0,0,0,0,0,0,0,,,,,,,,,,,,,Red
"June 1, 2026",2db3e689-f4e0-4a68-98af-754c8e28102e,25BTCEQ34079,Final_Activation,Gaurav Travels,Gaurav Singh,8423514741,Uttar Pradesh,Banda,UPONLINE,Rajnish Ab,0,0,0,0,0,0,0,0,0,0,0,0,0,0,0,0,0,0,,,,,,,,,,,,,Red
"June 1, 2026",737684b9-a2a2-4039-9d9b-29e52184a0c3,2841286148,Final_Activation,Lovely Bus Service,Lakhwinder Kumar,9592336133,Punjab,Hoshiarpur,PB07Z6133,Harish Verma,0,0,176,0,0,182,209,227,236,201,0,0,0,0,257,188,222,197,,,,,,,,,,,,,Active
"May 31, 2026",d60fe63a-c16e-4a9c-bdf1-a2ffef598243,25BTCEQ34144,Final_Activation,RS Chaudhary Bus Service,Dharmender,9467896167,Haryana,Gurgaon,HR63G1949,Shubham Singh,0,0,0,0,0,0,0,0,0,0,0,0,5,104,67,130,377,249,2,,,,,,,,,,,,Red
"May 31, 2026",5c93ed72-59b7-473c-8a2e-5e69621f6cea,2842138335,Final_Activation,Guru Nanak Bus Service,Ashman Singh,7357834005,Rajasthan,Ganganagar,RJ13PA8734,Chuna Ram,28,109,93,176,138,96,92,86,88,87,90,0,0,83,90,41,54,11,6,,,,,,,,,,,,Active
"May 30, 2026",b079615d-682c-4bc0-9fbe-60da4b79da1d,25BTCEQ34164,Final_Activation,Keshab Travels,Keshab Sahu,9938272065,Odisha,Kodala,OD33AS1119,Sandeep,0,0,0,0,0,0,0,0,0,0,0,0,0,0,0,0,0,1,32,15,,,,,,,,,,,Red
"May 30, 2026",84af2cdb-7086-4a36-9b7e-64cd35bbd82a,25BTCEQ34148,Final_Activation,Pravin Travels,Pravin Nagapure,9405002597,Maharashtra,Gadchiroli,MH33T8180,Sandeep,0,0,2,0,0,0,0,0,0,0,0,0,0,2,0,0,0,0,9,8,,,,,,,,,,,Active
"May 30, 2026",038069f4-4627-4bea-9289-fc3a4cc1d2e8,25BTCEQ34103,Final_Activation,Singh Travels,Ganpat Singh,9983569861,Rajasthan,Barmer,AR20B3100,Rajnish Ab,23,74,67,29,21,30,32,41,0,4,0,0,0,0,0,0,0,0,0,0,,,,,,,,,,,Active
"May 30, 2026",bb7169e1-7f40-4c92-856f-55ee980627c1,25BTCEQ34083,Final_Activation,Meena Travels,Ramkesh Meena,9783521180,Rajasthan,Madhopur,RJ18PB1775,Akash Singh,83,109,171,135,124,137,141,143,94,151,168,114,149,149,120,36,157,143,120,4,,,,,,,,,,,Active
"May 30, 2026",fca6b4d2-1f84-4947-bdca-8a87b25304ff,25BTCEQ34091,Final_Activation,Singh Travels,Surinder Singh,9810299062,Haryana,Faridabad,HRONLINE,Rajnish Ab,0,0,0,0,0,0,0,0,0,0,0,0,0,0,0,0,0,0,0,0,,,,,,,,,,,Red
"May 30, 2026",5f581b52-97ec-4a63-a034-1c89c5e9a06d,25BTCEQ34088,Final_Activation,Kuldeep Bus Service,Kuldeep Singh,9729448607,Haryana,Hisar,RJ18PB2636,Amit Kumar,75,136,0,0,0,0,0,0,0,0,0,0,0,0,0,0,0,0,0,0,,,,,,,,,,,Active
"May 30, 2026",45f75b9c-9d94-401f-8386-caec10b59fb7,25BTCEQ34177,Final_Activation,Rajnish Travels,Rajnish Kumar,9719902638,Uttar Pradesh,Etah,UP82T7197,Sandeep,39,88,194,112,107,106,195,133,95,137,133,75,141,108,60,126,103,76,5,0,,,,,,,,,,,Active
"May 30, 2026",64ef8d20-c6fa-4eb8-8cc7-70860cc51bca,25BTCEQ34157,Final_Activation,Rotwar Tour Travels,Dharmendra,9001532058,Rajasthan,Bharatpur,RJ05PA8204,Akash Singh,0,0,0,0,36,58,39,0,2,2,31,61,59,70,52,175,77,66,87,42,,,,,,,,,,,Yellow
"May 29, 2026",d7b519b8-c00e-4c44-97f2-50915b87fce5,25BTCEQ34063,Final_Activation,Ameena Travels,Mohammad Rafique Mohammad Yusuf,9422106636,Maharashtra,Nagpur,MH40BL8239,Sheikh Aspak,0,0,0,0,0,0,0,3,0,0,0,0,0,0,0,0,0,0,0,0,9,,,,,,,,,,Orange
"May 29, 2026",cf6d09e9-6639-4b7e-a601-c5ebdb39c26d,25BTCEQ34160,Final_Activation,Yadav Travels,Pawan Yadav,7571011166,Uttar Pradesh,Jhansi,UP93ET6053,Sandeep,25,53,57,69,44,53,66,23,46,26,85,41,27,20,46,44,47,0,14,0,6,,,,,,,,,,Active
"May 29, 2026",f75800e8-d28e-43f1-85bf-e5395441a3ad,25BTCEQ34085,Final_Activation,Deepak Travels,Deepak Kumar Das,7809433333,Odisha,Bugada,OD027040,Sandeep,0,0,0,0,0,0,0,0,0,0,0,0,0,0,0,0,0,0,0,0,0,,,,,,,,,,Red
"May 29, 2026",1479c5c0-14bd-41d3-bdfe-24e723f9364f,25BTCEQ34153,Final_Activation,Byanhmuni Travels,Pramod Kumar Pandey,9907540040,Madhya Pradesh,Sidhi,MP66ZJ8082,Sandeep,92,174,164,208,166,116,197,175,192,153,163,161,158,8,1,0,0,2,11,10,6,,,,,,,,,,Active
"May 29, 2026",2045edaa-1970-4438-864d-fe8f7c0fdc1b,25BTCEQ34107,Final_Activation,Awasthi travel,Subodh Awasthi,9792476006,Uttar Pradesh,Kanpur,UP77BN8375,Sandeep,51,138,68,116,97,103,112,113,117,128,117,146,11,0,0,3,8,0,0,0,1,,,,,,,,,,Active
"May 29, 2026",a051947f-9c97-4587-b12d-ae4e5ce78148,25BTCEQ34163,Final_Activation,Shinde Travels,Subhash Baburao Shinde,8975232282,Maharashtra,Satara,AR01U1789,Rajnish Ab,0,0,0,0,0,0,0,0,0,0,0,0,4,0,0,0,0,0,4,10,4,,,,,,,,,,Red
"May 29, 2026",5661d557-5c62-4414-9d74-c222894b3023,25BTCEQ34139,Final_Activation,Sunny Travels,Eldho Sunny,9946548125,Kerala,Ernakulam,KL16R2417,Sandeep,0,0,0,0,0,0,0,0,0,0,0,0,0,0,0,0,2,0,0,0,0,,,,,,,,,,Red
"May 29, 2026",7e2ed0a0-bcfa-444d-91cc-a6431753b9b1,25BTCEQ34167,Final_Activation,Rubi Travels,Rubi,8433437716,Uttar Pradesh,Etah,UP82BT7448,Sandeep,6,38,41,64,15,18,10,0,39,63,34,21,24,29,7,35,0,0,0,0,0,,,,,,,,,,Active
"May 29, 2026",4115394c-e706-4d8b-a3db-a0b57a4f206c,25BTCEQ34073,Final_Activation,Awasthi travel,Subodh Awasthi,9792476006,Uttar Pradesh,Kanpur,UP77BN9275,Sandeep,31,70,68,83,37,43,78,61,92,95,83,0,68,62,57,0,23,0,0,0,0,,,,,,,,,,Active
"May 28, 2026",8d2ec2ee-8119-4aad-9796-82494d12ea42,25BTCEQ34078,Final_Activation,Mohobbat Bus Service,Pardeep Kumar,8307991027,Rajasthan,Churu,RJ10PA9780,Amit Kumar,154,141,126,126,146,153,143,150,143,134,152,100,188,158,157,53,104,169,102,126,141,5,,,,,,,,,Active
"May 28, 2026",39c62644-bf4f-482c-9c19-a981a0a3bf68,2842131885,Final_Activation,Hari Gobind Bus,Sandeep Singh,7009483660,Punjab,Malout,PB30AC2117,Rajiv Kumar,103,259,259,252,118,0,371,270,306,284,266,188,255,363,236,279,305,319,197,244,111,0,,,,,,,,,Active
"May 28, 2026",b0537757-39b0-4e07-876f-add9f1454ed9,2842133280,Final_Activation,Ambika Bus,Nilam Kumari,9418741324,Himachal Pradesh,Solan,HP64D5217,Mohan,0,0,0,0,0,0,0,0,0,0,0,0,0,0,0,45,0,9,0,0,3,0,,,,,,,,,Red
"May 27, 2026",80c41189-f447-4f75-87ff-6bf4d569326a,2842133275,Final_Activation,Puneet bus Mansa,Jaspreet Singh,9878462696,Punjab,Mansa,PB13AL9721,Surinder Singh,45,0,246,230,105,143,257,182,165,171,181,121,140,163,157,319,333,389,289,300,134,165,19,,,,,,,,Active
"May 27, 2026",90fade25-a8c3-4785-9f71-17600e8ddc54,2842144642,Final_Activation,Royal Bus Service,Dinesh Kumar,7876747000,Haryana,Jind,HR56B2132,Yudhveer Singh,0,0,0,0,0,0,0,0,0,0,0,0,0,0,0,0,0,0,0,0,0,0,0,,,,,,,,Red
"May 27, 2026",12cd054e-573d-49f1-b5d3-0210d37b8476,2840816243,Final_Activation,Khan Travels,Mohammad Shanu,8445117880,Uttar Pradesh,Bulandshahr,UP80T0801,Shubham Singh,54,140,154,155,157,84,142,94,88,137,134,106,122,80,77,161,139,201,139,137,100,1,2,,,,,,,,Active
"May 27, 2026",85c45044-0854-4271-b167-a67450679cbc,2842131893,Final_Activation,Royal Bus Service,Dinesh Kumar,7876747000,Haryana,Jind,HR56B3273,Yudhveer Singh,95,411,446,178,338,393,413,477,421,451,341,315,342,373,311,354,431,430,376,387,372,3,0,,,,,,,,Active
"May 27, 2026",c474e714-d822-44be-8890-cc59af055d7a,2842144634,Final_Activation,Royal Bus Service,Dinesh Kumar,7876747000,Haryana,Jind,HR56C5877,Yudhveer Singh,0,0,0,0,0,0,0,0,0,0,0,0,0,0,0,0,0,0,0,0,0,3,2,,,,,,,,Red
"May 27, 2026",64bb95b0-62d2-45ba-aa24-db44d1263679,2842131883,Final_Activation,Royal Bus Service,Dinesh Kumar,7876747000,Haryana,Jind,HR56B2125,Yudhveer Singh,0,0,0,0,0,0,0,0,0,0,0,0,0,0,0,0,0,0,0,0,0,0,0,,,,,,,,Red
"May 26, 2026",6c9f335f-f249-4ba5-9297-a178dfcb21ce,25BTCEQ34149,Final_Activation,Jan Piry Bus,Manish Kumar,9813231137,Haryana,Jhajjar,JAN 6,Rahul,0,0,0,0,0,0,0,0,0,0,0,0,0,0,1,0,0,0,0,0,7,0,0,17,,,,,,,Red
"May 26, 2026",3fe4cac2-3bbc-4ec5-b872-f4c778a8a355,25BTCEQ34080,Final_Activation,CITY BUS SERVICE,Jai Kumar,9312320511,Haryana,Hisar,HR39E5425,,0,247,192,194,292,231,204,236,354,113,244,0,262,172,178,168,259,269,172,277,94,0,105,23,,,,,,,Active
"May 26, 2026",f5ca0764-4752-4d6c-8f48-c3a42299b807,25BTCEQ34146,Final_Activation,Jan Piry Bus,Manish Kumar,9813231137,Haryana,Jhajjar,JAN 7,Rahul,0,0,0,0,0,0,0,0,0,0,0,0,0,0,0,348,409,0,0,0,0,0,0,21,,,,,,,Red
"May 26, 2026",7afa374b-4ba8-4c2e-b46c-4fcb5a1ed1b4,25BTCEQ34062,Final_Activation,Pawan Bus Service,Pawan Kumar,7056470705,Haryana,hisar,HR39E6872,Amit Kumar,101,198,185,290,71,251,239,267,260,289,220,230,204,240,133,235,212,268,244,222,246,234,228,114,,,,,,,Active
"May 25, 2026",74955485-9e41-473c-bd85-9c630d8ddfdf,25BTCEQ34123,Final_Activation,Pradhan Bus Service,Sandeep,9416826038,Haryana,Jhajjar,HR63F7077,Shubham Singh,203,306,541,548,449,484,89,366,7,0,0,0,0,0,0,0,8,0,0,0,0,0,0,0,0,,,,,,Active
"May 25, 2026",c2f79586-ac4b-434a-b1d0-cf1e24c64fcd,2841157099,Final_Activation,Kochar Bus Service,Prince Kochar,9414033061,Rajasthan,ganaganagar,RJ13PB2225,Arshdeep Singh,73,281,342,253,219,203,269,309,276,215,326,214,262,293,259,248,254,273,232,222,54,171,156,54,0,,,,,,Active
"May 25, 2026",5e428319-e061-4050-91db-17217efd32ad,2842144649,Final_Activation,Kamal Bus Service,Kamal Kishor,9816733065,Himachal Pradesh,Kangra,HP38E0833,Mohan,186,259,278,207,218,210,355,318,288,260,336,226,326,329,229,305,300,350,240,283,279,208,274,114,9,,,,,,Active
"May 24, 2026",6a133d29-a34b-452c-b5e0-ae1bcc050179,2841894539,Final_Activation,Satpal Bus Service,Anoop Kumar,9466247203,Haryana,Hisar,HR39E6291,,69,111,0,149,0,127,207,159,116,144,183,331,224,141,269,4,223,198,152,226,125,168,210,206,35,56,,,,,Active
"May 23, 2026",e258d7d7-f846-46cc-97f8-0464760f5d85,25BTCEQ34064,Final_Activation,Baljit Travels,Baljit Singh,9417640470,Punjab,Tarn Taran,PB08CP9578,Rajnish Ab,0,120,151,156,121,131,149,139,169,122,173,111,152,136,0,278,160,129,133,127,0,286,169,100,9,0,0,,,,Active
"May 23, 2026",9dba68a9-e44a-4bb0-8ec5-00401c807dbd,25BTCEQ34070,Final_Activation,DBS Bus Service,Dinesh ji,8685811114,Haryana,hisar,HR56B6156,Amit Kumar,108,181,190,230,2,84,0,0,0,0,0,0,0,0,0,0,1,0,0,0,0,0,0,0,0,0,0,,,,Active
"May 23, 2026",25c985d3-74f3-41f8-9733-8e5c047c07c8,25BTCEQ34084,Final_Activation,Chauhan Travels,Bragendra Singh Chauhan,7417677230,Uttar Pradesh,Etah,UP82T9063,Rajnish Ab,20,55,123,73,13,105,93,0,0,0,0,0,0,0,54,23,132,40,80,30,0,0,120,121,103,89,50,,,,Active
"May 23, 2026",53f01c48-a041-418e-a454-a28e0d4b815f,2842133020,Final_Activation,MHT,Onkar Singh,9780001953,Punjab,Bathinda,,Harpreet Singh,53,154,232,309,187,245,239,238,233,231,0,0,0,0,0,0,0,0,0,0,0,0,6,0,0,0,0,,,,Active
"May 22, 2026",f6f5414e-b921-4c24-80fc-873450961e32,25BTCEQ34129,Final_Activation,Arjun Prise Bus Service,Vinod,9812723425,Haryana,Rawalwas Khurd,RJ49PA1147,Amit Kumar,0,0,0,0,0,105,173,0,0,0,148,0,0,0,58,125,121,173,138,131,161,114,161,0,3,33,142,3,,,Orange
"May 22, 2026",f5884094-48ad-4c1a-9827-3b5ef3e5a0a4,25BTCEQ34162,Final_Activation,Pradhan Bus Service,Sandeep,9416826038,Haryana,Jhajjar,HR63F0770,Shubham Singh,224,69,444,369,0,0,0,330,645,486,500,0,619,347,211,513,520,623,413,501,491,442,89,318,5,0,0,33,,,Active
"May 22, 2026",a56e8d7c-4aaf-4cac-a591-1860b8ea08af,2841896079,Final_Activation,Gulshan Bus Service,Harshdeep,9877709920,Punjab,Fazilka,,Harpreet Singh,0,109,330,380,128,226,294,241,248,332,192,183,237,305,507,506,487,575,0,0,0,0,0,149,141,249,147,1,,,Active
"May 22, 2026",1ef676d8-7dd4-4ae1-ad5f-486db962cc0d,2841024758,Final_Activation,MHT Transport,Sukhwinder Singh,9115491164,Punjab,Barnala,PB19M4407,Rajat Sharma,53,300,368,324,214,326,312,330,375,364,271,217,326,332,328,375,396,396,382,367,345,299,345,248,389,332,4,0,,,Active
"May 22, 2026",aa30bdbb-8165-4778-abee-6733289d7789,25BTCEQ34076,Final_Activation,Pradhan Bus Service,Sandeep,9416826038,Haryana,Jhajjar,HR63F7707,Shubham Singh,0,0,0,0,0,0,496,0,47,218,0,113,546,507,493,418,192,491,373,576,288,359,484,424,380,278,87,7,,,Orange
"May 22, 2026",71553697-3684-4886-80cb-0f763bd288d8,2841897919,Final_Activation,MHT Transport,Sukhwinder Singh,9115491164,Punjab,Barnala,PB22K4495,Rajat Sharma,136,258,247,352,179,216,64,0,0,0,0,0,0,0,0,0,0,0,0,0,0,0,0,0,0,0,0,0,,,Active
"May 21, 2026",17730406-85ed-4de2-9991-e30df9546152,TJ75251721653,Final_Activation,Gadwal Tour & Travel,Mangilal,9571414666,Rajasthan,Raisingh Nagar,,Rakesh,198,312,333,320,251,316,315,350,335,334,334,266,262,304,307,290,314,362,239,356,339,261,272,251,271,204,234,273,0,,Active
"May 20, 2026",212c2ca2-ae4c-4514-85dd-483db6205210,2842131874,Final_Activation,MHT Transport,Sukhwinder Singh,9115491164,Punjab,Barnala,PB19H6381,Rajat Sharma,230,596,686,579,547,598,415,247,295,291,298,225,235,304,290,306,329,317,326,284,251,208,255,210,466,199,247,66,0,0,Active
"May 20, 2026",4f4ad622-0ef8-4f93-ad31-438e968bd919,2842133293,Final_Activation,MHT Transport,Sukhwinder Singh,9115491164,Punjab,Barnala,PB19M4407,Rajat Sharma,103,0,328,385,349,0,396,444,30,422,384,412,443,493,375,544,669,576,471,570,546,414,465,485,622,348,479,178,0,0,Active
"May 20, 2026",e80ef7b1-685b-40c0-b7fe-3bcb66161c97,2842133274,Final_Activation,Santoshi Bus,Vivek Kumar,9816335793,Himachal Pradesh,Kangra,HP567525,Mohan,0,0,0,0,0,0,0,0,0,0,0,0,0,0,0,0,0,0,0,0,0,0,0,0,0,0,0,0,0,5,Red
"May 20, 2026",a2b44f2e-e143-4c22-98c1-c427757c7bee,2842131882,Final_Activation,MHT Transport,Sukhwinder Singh,9115491164,Punjab,Barnala,PB22K4495,Rajat Sharma,52,166,136,191,154,136,112,161,124,175,147,155,172,166,253,150,185,191,184,167,81,233,151,102,0,0,0,163,0,0,Active
"May 20, 2026",535894e1-812d-40b7-8013-0f0b9ec8af45,25BTCEQ34072,Final_Activation,DBS Bus Service,Dinesh ji,8685811114,Haryana,hisar,HR61E5821,Amit Kumar,94,291,218,289,169,233,246,51,183,291,205,97,291,236,338,323,344,421,181,292,351,226,289,309,106,250,213,269,322,61,Active
"May 20, 2026",3631823d-34a6-45d1-a271-cc3d07800c1b,2842131886,Final_Activation,MHT Transport,Sukhwinder Singh,9115491164,Punjab,Barnala,PB03AJ0817,Rajat Sharma,114,413,312,307,255,272,302,472,280,310,298,422,219,324,318,323,429,440,273,345,473,379,402,384,404,331,371,224,0,0,Active
"May 20, 2026",8cf9a105-ddd7-49ae-b69b-eedfb6e6c290,25BTCEQ34081,Final_Activation,Paras Tour & Travel,Gurmukh Sandhu,7015539855,Haryana,Fatehabad,HR628836,Parvinder,0,401,414,617,122,486,564,523,529,468,511,60,311,187,517,498,485,0,0,373,518,345,461,515,610,0,415,419,240,6,Active
"May 19, 2026",7890d630-9e07-4d89-849d-aa42f2abd6e7,25BTCEQ34067,Final_Activation,Vikram Travels,Vikram Batham,8410005346,Uttar Pradesh,Etah,UP82BT7470,Syed Arshi Abrar,32,155,117,163,121,174,161,31,161,157,170,152,143,74,100,124,85,109,149,112,105,26,87,91,29,16,90,21,0,13,Active
"May 19, 2026",3d6297a7-a30c-4a14-9ee4-dca95e697825,2841286678,Final_Activation,Mht transport,Kulwant Singh,6284684814,Punjab,Bathinda,,Rajat Sharma,0,0,0,0,0,0,0,0,0,0,0,0,0,0,0,0,0,0,0,0,0,0,0,0,0,1,0,0,2,1,Red
"May 19, 2026",cc06b236-09c0-4edb-b69c-7ec8b62ca31b,25BTCEQ34077,Final_Activation,Yadav Travels,Sugendra Singh,6397665656,Uttar Pradesh,Etah,UP82AT0423,Rajnish Ab,74,105,139,163,120,95,130,227,144,182,142,128,129,144,137,175,141,159,179,236,175,98,38,0,41,0,0,0,0,4,Active
"May 19, 2026",335b7ae5-02ff-4e21-8f6a-fe2b407dd9d8,25BTCEQ34060,Final_Activation,Dubey Travels,Umakant,8077014364,Uttar Pradesh,Etah,UP82BT7523,Rajnish Ab,82,141,172,196,129,141,150,120,184,186,162,126,127,136,94,190,133,3,0,0,0,0,0,0,0,0,0,4,8,15,Active
"May 19, 2026",8ff566e7-1d26-46c1-9cd6-d67eaf4000eb,2841626299,Final_Activation,Mata Shree Bus Service,Sanjay Kalia,9816565555,Himachal Pradesh,Una,HP72C9299,Harish Verma,0,0,33,12,0,0,0,0,0,0,0,0,0,0,0,0,0,0,0,0,0,0,0,0,0,0,147,83,0,0,Active
"May 19, 2026",0c9081cf-d0da-4f1c-8294-3368e3e74341,25BTCEQ34059,Final_Activation,A K Sheild Travels,Mohammad Noor Ul Ain,9971591786,Delhi,South West Delhi,UP51AT2240,Shubham Singh,0,71,33,60,55,49,33,5,37,39,37,38,43,22,0,0,0,0,0,6,50,0,0,0,0,0,37,0,5,0,Active
"May 19, 2026",4a1e8806-de65-4248-8c46-586c5314805d,25BTCEQ34094,Final_Activation,Yadav Travels,Sugendra Singh,6397665656,Uttar Pradesh,Etah,UP82BT7472,Rajnish Ab,0,80,75,164,124,116,132,81,137,58,0,0,50,26,0,3,0,0,0,0,0,0,0,0,0,0,0,0,0,2,Active
"May 19, 2026",f11d2450-906d-42f2-8d07-40b3bc2fa2b9,2841286199,Final_Activation,MHT Transport,Sukhwinder Singh,9115491164,Punjab,Barnala,PB03AT3845,Rajat Sharma,83,437,484,413,330,402,419,461,453,498,461,480,449,485,477,460,571,500,438,427,430,407,345,0,0,0,2,0,0,1,Active
"May 19, 2026",51e3c95b-e926-4a30-9ce7-d4ae7996f1d9,2841779992,Final_Activation,Rajpal Travels,Rajpal,7014014384,Rajasthan,Ganganagar,,Rajnish Ab,34,155,96,227,94,188,103,129,98,119,85,0,149,140,97,114,120,143,115,124,111,115,125,149,150,84,81,108,89,138,Active
"May 19, 2026",7ee161fc-2a89-462c-812b-dbb766cea71e,2840873222,Final_Activation,Vijay Tour And Travels,Sandeep Singh,9928112135,Rajasthan,Ganganagar,RJ13PA9353,Manish Bathi,0,254,294,248,191,228,240,226,236,252,272,187,248,255,244,254,261,268,242,253,273,218,256,266,293,169,240,0,0,0,Active
"May 19, 2026",d6865a37-1421-4ab6-9cd6-34f5ddba6fee,25BTCEQ34110,Final_Activation,Yadav Travels,Sugendra Singh,6397665656,Uttar Pradesh,Etah,UP82BT7471,Rajnish Ab,25,110,70,97,83,86,114,63,81,79,79,92,85,86,100,67,100,145,115,84,96,76,101,0,20,50,0,0,0,16,Active
"May 19, 2026",8e58ae5b-c40e-440f-87bd-02f196979a31,2842131890,Final_Activation,Jhala Travels,Om Singh,6376804091,Rajasthan,Anupgarh,RJ07PB8492,Rakesh,0,139,165,174,142,91,166,157,169,142,171,97,139,145,192,128,120,155,142,0,0,0,1,4,0,0,0,0,1,0,Active
"May 18, 2026",f5db9680-3218-425a-a89d-79bb3d8a8ed6,25BTCEQ34108,Final_Activation,Sameer Travels,Ajeet Krishan Madhaw,7992213485,Bihar,Purnia,BR11PC7865,Sonu Mishra,0,0,0,0,0,0,0,0,0,0,0,14,24,106,54,94,210,27,38,0,127,7,56,0,0,0,0,14,0,23,Orange
"May 18, 2026",8dd77343-764c-4d35-8828-200df0fba30d,2842106247,Final_Activation,SHIVDANI ROADWAYS INFRASTRUCTURE PRIVATE LIMITED,Subhash Chandra Tiwari,7277008121,Bihar,Betia,BR06PE9151,Sonu Mishra,37,13,78,144,89,106,37,70,112,90,73,72,4,0,0,0,0,0,0,0,0,0,0,0,0,0,40,0,0,0,Active
"May 18, 2026",064368a6-c149-4f14-be9f-29faff3ccb3d,2842144645,Final_Activation,BT Travels,Raj Kumar,9250970000,Uttar Pradesh,Hamirpur,UP81FT9246,Shubham Singh,0,22,0,26,38,57,0,60,0,49,0,0,0,53,0,58,0,60,0,59,0,58,0,58,0,74,0,21,26,0,Active
"May 18, 2026",6b52294d-500a-4ca7-baea-3f064dd0bafb,25BTCEQ34074,Final_Activation,Manpreet Bus Service,Sanjeev Kumar,9315617966,Haryana,sirsa,HR57A5973,Amit Kumar,83,138,337,267,305,314,0,115,259,224,470,310,414,0,0,346,360,396,247,244,0,99,352,343,359,242,299,83,0,222,Active
"May 18, 2026",b152aa8a-51d7-4722-9f91-304aad6f2549,25BTCEQ34086,Final_Activation,Verma Travels,Chandra Shekhar Verma,9212291112,Delhi,Delhi,UP72AT7099,Syed Arshi Abrar,0,0,0,0,0,0,0,0,0,0,0,0,0,0,0,0,0,0,0,5,0,0,0,0,0,0,0,0,0,3,Red
"May 18, 2026",fdca18d3-9ad3-43f4-a273-4ec3da1d6796,25BTCEQ34095,Final_Activation,Sameer Travels,Ajeet Krishan Madhaw,7992213485,Bihar,Purnia,BR11PB9665,Sonu Mishra,0,0,0,0,0,0,0,0,0,0,0,0,0,116,47,0,47,0,0,0,0,27,0,0,0,0,0,0,0,0,Red
"May 18, 2026",34a47691-ad43-480d-8825-e500cab85a4d,25BTCEQ34156,Final_Activation,Sameer Travels,Ajeet Krishan Madhaw,7992213485,Bihar,Purnia,BR11PC9165,Sonu Mishra,0,0,0,0,0,0,0,0,0,0,2,0,42,70,46,69,125,0,0,23,0,5,96,0,0,0,0,16,6,0,Orange
"May 18, 2026",452b0400-43e2-4d3a-b914-8a75609aac4d,25BTCEQ34100,Final_Activation,Sameer Travels,Ajeet Krishan Madhaw,7992213485,Bihar,Purnia,WB73G6165,Sonu Mishra,0,0,0,0,0,0,0,0,0,0,0,0,0,35,96,0,84,10,0,0,6,6,27,0,0,3,0,34,3,3,Red
"May 18, 2026",048babc2-f5d9-46f3-9883-7b653c61724a,25BTCEQ34125,Final_Activation,Sameer Travels,Ajeet Krishan Madhaw,7992213485,Bihar,Purnia,BR11PC7965,Sonu Mishra,0,0,0,0,0,0,0,0,7,41,0,1,44,73,0,0,3,0,0,0,0,9,0,0,0,0,1,25,6,74,Orange
"May 18, 2026",c25f26a9-496a-456b-ac19-2cffea044a0a,2842133284,Final_Activation,Shalu Bus Service,Bhim Sen,8580433923,Himachal Pradesh,Solan,HP641794,Nitin Kumar,0,0,41,0,0,0,39,94,0,0,114,0,0,0,0,122,0,0,133,26,0,0,41,79,92,114,114,127,118,4,Active
"May 17, 2026",35a09d17-3863-49b3-babd-f98bacdb4c98,2842133290,Final_Activation,Shinda Travels,Chhinder Pal Sharma,9464030920,Punjab,Moga,PB10BN7113,Rajat Sharma,43,243,258,351,243,0,0,134,212,217,1,0,258,298,271,289,289,279,293,314,210,236,367,298,207,228,317,313,0,255,Active
"May 17, 2026",c7097712-1d29-4745-8ca5-927a0c33a3a3,25BTCEQ34075,Final_Activation,Vikash Kumar,Vikash Kumar,7878521142,Rajasthan,Ganganagar,RJ13PA9723,Arshdeep Singh,0,163,197,141,104,56,49,169,154,126,208,141,155,195,218,141,210,158,0,0,162,166,172,150,166,126,150,162,204,170,Active
"May 17, 2026",38e292fb-1185-4af6-9d30-8dd0348f7577,2842144648,Final_Activation,Shinda Travels,Chhinder Pal Sharma,9464030920,Punjab,Moga,PB29D9721,Rajat Sharma,0,0,0,0,0,253,284,0,262,319,293,150,0,0,1,50,108,0,0,186,225,139,0,0,0,0,92,236,236,18,Orange
"May 17, 2026",491c7aa2-909a-4ab1-afb2-f4de0d3aecc6,25BTCEQ34140,Final_Activation,Singh Travels,Saurabh Singh,9616450796,Uttar Pradesh,Shankargarh,UP70ET6927,Nilesh Dwivedi	,9,40,50,55,16,32,30,52,39,0,45,29,47,27,35,40,13,49,0,2,0,6,90,33,2,4,0,0,0,1,Active
"May 16, 2026",f4c51126-eac0-46a6-881b-f1ba6a325648,2842131891,Final_Activation,Vijay Travels,Arun Kumar Mishra,9793380495,Uttar Pradesh,SHAHJAHANPUR,UP27DT4078,Shubham Singh,19,40,80,110,60,66,72,71,76,73,111,69,53,78,34,38,64,91,49,56,55,12,65,1,5,5,40,71,62,121,Active
"May 16, 2026",3ec4e31a-26d9-4f49-8834-1c86c7cf5de8,TJ75251920207,Final_Activation,Sagar Travels,Anil Solanki,8959176677,Madhya Pradesh,Jhabua,MP30P1413,Balaram Rarotiya,0,17,17,29,24,19,37,21,34,27,0,23,26,13,23,0,27,29,49,0,0,0,0,0,20,7,30,66,0,30,Active
"May 15, 2026",2ab34d89-3387-46cc-8af1-dff4ed11bcbe,2842110455,Final_Activation,Prab Bus Service,Jaskaran Singh,9115191161,Punjab,Moga,,,80,276,232,273,191,223,241,248,243,230,304,173,0,0,0,0,0,0,0,0,0,0,6,0,0,0,0,0,0,0,Active
"May 15, 2026",964c6820-dbc5-47fc-8114-2dd4f619f1ac,2842115905,Final_Activation,Hardyal Singh Gill,Hardyal Singh Gill,9700007631,Punjab,Moga,PB03AJ2117,Rajiv Kumar,0,0,401,325,330,288,419,209,416,311,430,286,426,346,436,339,430,325,382,318,366,342,376,331,397,316,366,311,419,374,Active
"May 15, 2026",cdc2cb07-2313-49af-a3fb-131062f05251,25BTCEQ34135,Final_Activation,The Buria Co Op TPT Society Ltd Buria,Jitender Kumar,8053510231,Haryana,Ambala,HR58B2211,Mannu Rai,199,322,393,381,278,396,369,386,353,205,339,267,301,339,340,372,307,316,249,321,337,318,317,339,382,265,357,428,332,296,Active
"May 15, 2026",1e6d4661-0553-49b9-af76-5a4e5835fc1a,2842144651,Final_Activation,Gobin Bus Service,Rajinder Singh,7889109156,Punjab,Mansa,PB19W4898,Surinder Singh,62,197,200,236,164,233,188,205,191,233,241,162,232,226,205,202,232,226,164,196,50,177,210,69,121,153,185,0,229,181,Active
"May 15, 2026",0c18839b-a744-494c-8066-798e30ab5a2c,25BTCEQ34106,Final_Activation,Sushil Bus Service,Sushil Kumar,9812096950,Haryana,Hisar,RJ49PA0352,Amit Kumar,0,155,150,333,265,68,153,141,155,137,147,147,116,122,158,247,60,163,152,131,148,144,140,137,353,37,119,116,148,133,Active
"May 14, 2026",6f7e695f-b3cd-485f-86e6-09169f8e123f,2842144650,Final_Activation,Gill Travels,Amandeep Kaur Gill,9780007760,Punjab,Moga,PB19Y0495,Rajiv Kumar,0,365,286,377,259,230,247,343,342,378,260,279,274,356,291,341,268,331,246,278,264,303,254,312,285,304,254,326,170,237,Active
"May 14, 2026",37717be0-30ed-4174-9628-0560daa954a0,25BTCEQ34116,Final_Activation,GURUNANAK BUS SERVICE DAWBALI,BUTA SINGH,9872038482,Haryana,Sirsa,HR57A9982,Sukhdev Singh,36,0,111,241,0,145,179,0,233,139,0,256,118,0,124,140,0,173,38,0,193,154,0,171,207,0,129,261,0,229,Active
"May 14, 2026",cb0140f1-c05a-4c99-b6c7-2b43fb78004c,25BTCEQ34132,Final_Activation,GURUNANAK BUS SERVICE DAWBALI,BUTA SINGH,9872038482,Haryana,Sirsa,HR57A0082,Sukhdev Singh,0,350,282,550,132,269,365,368,335,313,316,273,293,384,371,369,371,402,258,314,401,312,265,395,379,246,288,344,6,78,Active
"May 13, 2026",3262da14-890b-427d-84a6-a5a88cdee6b3,2841158952,Final_Activation,Hardyal Singh Gill,Hardyal Singh Gill,9700007631,Punjab,Moga,PB22K4490,Rajiv Kumar,75,144,141,160,188,0,0,0,0,0,0,0,0,0,0,0,0,0,0,0,0,0,0,0,0,0,0,0,0,0,Active
"May 13, 2026",69c69028-5330-4614-b84e-f36dbb1efa38,25BTCEQ34128,Final_Activation,Nagnechi Travels,Jasvant Singh,9571622582,Rajasthan,Jalor,RJ07PB8449,Chuna Ram,0,0,0,0,0,0,0,0,0,0,0,0,0,0,0,0,0,0,0,0,0,0,0,0,2,0,0,0,0,0,Red
"May 12, 2026",7ff42818-b508-454c-b6e1-908a91bdc1bf,2841887412,Final_Activation,NEW PREM BUS SERVICE,Pawan Kumar,9736176255,Himachal Pradesh,Kangra,HP68A3421,Mohan,0,104,0,0,60,105,102,98,114,128,0,103,195,123,108,131,117,128,93,0,195,92,17,137,112,63,85,81,113,65,Active
"May 12, 2026",e3e299ff-775d-407b-aa96-0e45f2a3c51e,TJ75253120030,Final_Activation,Khalsa Bus,Lakhwinder Singh,9815728632,Punjab,Gurdaspur,PB03AF6834,Nitin Kumar Yadav,50,177,182,188,120,171,193,214,166,174,166,0,171,193,153,214,189,224,140,193,209,145,175,142,170,142,171,200,197,189,Active
"May 12, 2026",aeb78850-767b-4fad-bae4-cd524c51e013,2842106236,Final_Activation,Jai maa sherawali,Mamta Mishra,8292572641,Bihar,Araria,BR38P5621,Anand Kumar singh,0,0,0,0,0,0,0,0,0,0,0,0,0,0,0,0,0,0,0,0,0,0,0,0,0,0,0,0,0,0,Red
"May 12, 2026",8b4c4287-083b-472b-87bd-9679a101800a,2842106245,Final_Activation,SHIVDANI ROADWAYS INFRASTRUCTURE PRIVATE LIMITED,Subhash Chandra Tiwari,7277008121,Bihar,Betia,BR55P5625,Sonu Mishra,15,45,40,41,75,47,17,21,31,32,69,57,68,78,36,48,77,43,87,75,40,20,61,32,62,74,82,47,87,30,Active
"May 12, 2026",20c980a8-4264-49b4-bf04-8c8a2653a0e4,2842106242,Final_Activation,SHIVDANI ROADWAYS INFRASTRUCTURE PRIVATE LIMITED,Subhash Chandra Tiwari,7277008121,Bihar,Betia,BR06PF5625,Sonu Mishra,0,35,32,28,35,44,20,34,38,53,65,54,53,67,62,45,60,53,51,38,0,17,55,69,35,58,25,74,112,70,Active
"May 11, 2026",d5591482-d9a6-4830-b3b4-7059cac292f8,2841520362,Final_Activation,Hardyal Singh Gill,Hardyal Singh Gill,9700007631,Punjab,Moga,PB31H9281,Rajiv Kumar,81,212,232,222,211,212,235,228,280,236,210,179,179,208,200,229,204,242,245,93,187,198,0,189,1,91,123,147,167,308,Active
"May 11, 2026",dc644996-9daa-41a1-9427-37baa4161bba,2840932301,Final_Activation,Shree Sai Travels,Jaswant Singh Rathore,9461380941,Rajasthan,Dungarpur,MP14ZF8577,Chuna Ram,10,44,43,48,46,22,40,34,36,35,42,46,45,57,39,41,53,46,52,25,28,37,45,47,42,37,44,47,43,44,Active
"May 11, 2026",7539b27b-d3db-4f65-85b9-60d6bd6874cf,2841887415,Final_Activation,NEW PREM BUS SERVICE,Pawan Kumar,9736176255,Himachal Pradesh,Kangra,HP68A3535,Mohan,0,107,129,88,0,31,114,116,112,125,118,90,0,17,119,106,137,83,0,34,131,117,123,76,0,41,108,99,114,96,Active
"May 11, 2026",72479e2b-dec5-4ee6-ad08-e4a185d98a2f,2842104462,Final_Activation,SHIVDANI ROADWAYS INFRASTRUCTURE PRIVATE LIMITED,Subhash Chandra Tiwari,7277008121,Bihar,Betia,BR06PF5925,Sonu Mishra,0,46,69,52,63,45,52,8,32,102,35,67,53,60,51,52,65,52,68,0,62,49,14,52,59,58,66,81,78,56,Active
"May 11, 2026",1569ae61-12ad-41c3-9b53-91725e2112eb,2841515590,Final_Activation,Tamana Bus,Isha Sharma,8219746181,Himachal Pradesh,Chamba,,Karan Raina,0,11,165,203,74,179,156,186,200,185,216,52,223,0,0,0,0,0,0,0,0,0,2,0,0,0,0,0,0,0,Active
"May 11, 2026",8d22c27d-4fd1-41a4-a5a8-ba263ebc0d1b,2842106240,Final_Activation,SHIVDANI ROADWAYS INFRASTRUCTURE PRIVATE LIMITED,Subhash Chandra Tiwari,7277008121,Bihar,Betia,BR06PF5725,Sonu Mishra,0,72,51,0,62,48,59,61,48,70,67,47,0,55,40,35,77,64,90,34,28,49,0,0,0,0,0,17,101,73,Active
"May 11, 2026",63eba39b-c3b1-4835-b888-aa3a61e70ea7,2840889567,Final_Activation,Rudra bus service,Vinod Kumar,9816100975,Himachal Pradesh,Amb,HP72B5437,Harish Verma,0,0,0,0,0,0,0,0,0,0,0,0,69,136,168,121,144,144,0,0,0,0,0,0,0,1,51,0,0,0,Red
"May 9, 2026",b2c4789a-a8a9-4c07-bb46-0792312ec5e2,25BTCEQ34136,Final_Activation,Maa Sharda Meghna,Sumit Batham,9893166901,Madhya Pradesh,INDORE,MP09FA9673,Alimul Haque Ansari,0,0,0,0,0,0,0,0,0,0,0,0,0,0,0,0,0,27,0,0,0,0,3,49,52,47,41,43,44,43,Red
"May 9, 2026",dc32691a-bc6c-4bb4-a383-07008b6f0576,2841014410,Final_Activation,Arun Coach,Arun Kumar,8219209660,Himachal Pradesh,Kinnaur,,Nitin Kumar,0,0,0,0,0,0,0,88,93,74,68,0,0,84,86,99,77,66,0,32,0,16,32,9,0,0,20,24,26,20,Orange
"May 9, 2026",3dbd195b-c630-4806-b5e6-c80d5658c8a4,25BTCEQ34093,Final_Activation,The sheikhpura cop. Society ynr,OM Parkash,9416834324,Haryana,Ambala,HR37C9716,Mannu Rai,94,314,423,365,302,280,324,291,311,313,385,246,332,370,361,316,335,379,322,197,279,253,273,0,368,288,305,335,299,367,Active
"May 9, 2026",c1c440ef-cdd4-4ffb-a396-1c28a3420570,25BTCEQ34112,Final_Activation,5 Bhai Bus Service,Rambhagat Singh Mor,9416848953,Haryana,Hansi,HR39E4200,Amit Kumar,94,0,10,0,24,0,2,0,0,5,45,0,0,0,0,13,0,0,0,0,0,0,0,5,69,0,0,2,0,0,Active
"May 8, 2026",b83ae420-a12b-41c6-b02e-e3dc43948828,2841502193,Final_Activation,Jhunir Bus Mansa,Dasrath Rai,6283600031,Punjab,Mansa,PB03BG5605,Surinder Singh,68,285,279,350,261,238,316,274,252,305,304,241,302,300,327,358,350,364,260,237,232,192,0,242,328,206,289,274,323,279,Active
"May 8, 2026",726dd39a-e1b0-452b-b7e5-c08c0136d6b6,2840687720,Final_Activation,Khushi  Bus Service,Jagdish,9467307009,Haryana,Panipat,,Amit Kumar,105,308,256,201,340,380,343,363,334,379,150,301,272,315,262,344,311,226,269,238,257,278,324,301,207,168,277,354,308,334,Active
"May 8, 2026",dfd97861-2efa-4656-9f1d-832eadb36260,2840688336,Final_Activation,Jhunir Bus Mansa,Dasrath Rai,6283600031,Punjab,Mansa,PB03BJ9505,Surinder Singh,0,408,436,505,369,385,435,491,455,433,433,381,403,426,481,424,488,498,374,418,351,285,435,356,478,323,373,427,259,0,Active
"May 8, 2026",5f8f518c-65a9-4ad6-9225-254ea5381d62,2840812431,Final_Activation,Jhunir Bus Mansa,Dasrath Rai,6283600031,Punjab,Mansa,PB31L8405,Surinder Singh,121,294,276,350,233,281,304,297,281,297,194,116,232,244,276,258,300,0,0,302,247,195,238,232,295,204,245,314,342,337,Active
"May 8, 2026",1781404d-dbbb-4e75-8c4b-9ff4ae37ae4d,TJ75251620939,Final_Activation,Jhala Travels,Om Singh,6376804091,Rajasthan,Anupgarh,RJ07PA5761,Rakesh,0,149,137,209,140,138,113,177,169,194,171,149,130,167,140,186,148,173,127,135,159,183,162,143,138,148,119,168,111,123,Active
"May 8, 2026",8bbd0dad-0cc4-4e0e-9d17-0e1429909ff8,2840964364,Final_Activation,Jhunir Bus Mansa,Dasrath Rai,6283600031,Punjab,Mansa,PB31L6605,Surinder Singh,103,357,254,456,316,310,370,354,390,352,373,480,215,343,391,376,392,537,184,366,341,285,341,272,337,410,330,342,279,395,Active
"May 8, 2026",52328d32-4978-491d-bae3-68d0fc7733ae,25BTCEQ34169,Final_Activation,Maharani Travels,Meghram Meena,8386008080,Rajasthan,Alwar,HR74B2700,Chuna Ram,0,0,7,0,0,0,0,0,0,0,0,0,0,0,0,0,0,0,0,0,0,0,0,0,4,0,0,31,0,0,Active
"May 7, 2026",9afe1a2f-844c-4a23-a281-e3e2c0cc0246,2842106251,Final_Activation,Ali Travels,Abdul Rehman,8580742770,Himachal Pradesh,Sirmaur,,Nitin Kumar,144,383,263,0,87,72,225,197,11,0,8,0,104,97,173,84,2,107,0,24,63,28,51,131,135,124,133,115,270,207,Active
"May 7, 2026",afca5fc4-8f9b-409f-a2a7-deb7b37c6236,2841921641,Final_Activation,Hudda Bus Service,Mukesh Kumar,9636540132,Rajasthan,Ganganagar,RJ31PA3161,Pawan Kumar,22,81,146,121,90,99,128,141,121,130,152,68,116,152,130,136,149,153,70,109,128,114,113,115,149,101,75,63,7,0,Active
"May 7, 2026",48c9b696-3b7b-41f3-9dc5-5b761a1906b5,2840775765,Final_Activation,Tannu Bus Service,Ravi Thakur,7580000437,Himachal Pradesh,Mandi,,Rahul Kumar Uppal,152,0,11,98,0,186,269,201,247,202,270,0,0,263,181,222,162,174,0,0,0,0,214,0,147,0,73,83,125,212,Active
"May 7, 2026",c02efa7f-8932-45dd-98c4-86b93a684bf5,2842138349,Final_Activation,PR Mundhan,Prahlad Ram,9784385942,Rajasthan,Barmer,,Chuna Ram,0,19,0,27,0,36,0,0,0,0,2,0,0,0,0,0,0,0,0,0,0,0,0,6,0,0,0,0,0,0,Active
"May 7, 2026",1ad90f56-ce6c-4af7-8a76-096289c3d4d5,2841900910,Final_Activation,Prab Bus Service,Jaskaran Singh,9115191161,Punjab,Moga,,,155,539,575,694,467,589,599,609,606,580,679,585,651,634,673,570,706,708,542,700,273,608,645,0,622,589,602,656,676,451,Active
"May 7, 2026",e3452485-338c-448e-96db-d00f9d8e59f1,2842105199,Final_Activation,Prab Bus Service,Jaskaran Singh,9115191161,Punjab,Moga,,,0,565,623,788,311,189,515,384,381,421,407,308,415,389,0,0,0,0,0,0,287,299,100,85,130,87,47,50,148,210,Active
"May 7, 2026",abd65cac-3198-4352-a91b-ca328537edc9,25BTCEQ34098,Final_Activation,Jhala & Bishnoi,Vikram ji,9928028020,Rajasthan,Bikaner,RJ40PA0300,Manish Bathi,0,0,71,67,78,38,0,0,0,0,0,0,0,72,75,77,0,0,0,0,0,0,0,0,0,0,0,0,0,0,Active
"May 6, 2026",c77af337-9b9a-43d1-bd48-4e2ad08d8fc8,2840822288,Final_Activation,Koushal Bus Service,Manoj Kumar,9876520500,Himachal Pradesh,Kangra,,Mohan,0,0,0,0,0,0,0,0,28,35,43,0,27,39,18,47,33,49,0,24,28,29,40,54,48,0,20,18,39,33,Orange
"May 6, 2026",17443418-d01c-4cd8-86a5-d003c0e28e7f,2841921637,Final_Activation,Raj Bus Service (Yaarana Holiday Tours Pvt Ltd),Raj Kumar Naghwanshi,8580498604,Himachal Pradesh,Shimla,HP67A7599,Rahul Kumar Uppal,0,0,0,0,0,0,0,0,0,0,0,0,5,6,91,84,87,0,0,12,60,52,68,66,0,0,49,84,55,99,Red
"May 6, 2026",b8c3babe-7075-4942-a4eb-280dfca169b0,25BTCEQ34097,Final_Activation,Dudi Travels,Narendar Bishnoi,9828295976,Rajasthan,Dantour,RJ13PA8691,,0,0,19,92,82,0,0,0,0,8,41,69,50,0,0,54,134,130,30,52,0,26,14,28,0,30,36,5,0,63,Active
"May 6, 2026",39795707-0e3d-41de-bf40-0ec789d92d0a,2841285868,Final_Activation,NEW PREM BUS SERVICE,Pawan Kumar,9736176255,Himachal Pradesh,Kangra,HP681756,Mohan,0,0,0,0,0,0,0,0,0,0,0,0,120,113,122,139,139,0,0,0,0,0,0,72,73,0,0,0,0,0,Red
"May 6, 2026",3832811f-5c3d-4a2c-802b-4e70b556a69d,2840967371,Final_Activation,RAWAL COACH,Kavish Rawal,9815798353,Haryana,Panchkula,,Mannu Rai,0,62,104,172,31,88,0,114,106,112,120,107,67,87,97,87,100,109,0,0,89,101,0,102,114,0,81,175,283,167,Active
"May 5, 2026",2e3df2d6-a9ab-4d8c-887e-15d70f32912a,2841887429,Final_Activation,NEW PREM BUS SERVICE,Pawan Kumar,9736176255,Himachal Pradesh,Kangra,HP68B0129,Mohan,73,104,109,135,105,101,126,117,121,129,145,114,135,0,0,0,0,0,0,0,116,101,0,0,0,0,0,0,0,123,Active
"May 5, 2026",dbba7e10-d599-421e-b966-2934104406f6,2841776592,Final_Activation,ADO Bus Service,Lovely,6230003941,Himachal Pradesh,Shimla,,Nitin Kumar,0,30,60,101,97,60,44,68,74,62,0,60,42,58,59,68,59,84,59,57,80,69,80,85,82,74,58,50,63,78,Active
"May 5, 2026",788ad90e-37ff-4028-8f85-33960324a3d9,2840407707,Final_Activation,Pritam Bus Service,Balkaran Singh,9780044488,Punjab,Moga,,Rajat Sharma,2,218,255,244,220,221,286,137,91,223,243,185,164,211,192,82,174,228,239,223,221,205,168,214,238,82,83,228,241,226,Active
"May 4, 2026",07b69778-af91-4f16-9fc4-e17fda28f31c,25BTCEQ34115,Final_Activation,Vikash Travels,Ajay Yadav,9660687222,Rajasthan,jhunjhunu,RJ14PD4052,Chuna Ram,0,0,0,0,0,0,0,0,0,0,0,0,0,0,0,0,0,0,0,0,0,0,0,0,0,0,0,0,0,0,Red
"May 4, 2026",4d61d107-504b-480f-aeea-94a8c380fe0d,2841285551,Final_Activation,Pritam Bus Service,Balkaran Singh,9780044488,Punjab,Moga,,Rajat Sharma,0,128,305,336,267,293,343,311,376,307,327,270,270,271,285,339,296,76,0,235,231,272,300,257,312,250,267,66,273,69,Active
"May 4, 2026",058b7338-d13e-41a2-9c1e-f85beae5bd09,25BTCEQ34118,Final_Activation,Vikash Travels,Ajay Yadav,9660687222,Rajasthan,jhunjhunu,RJ14PE7531,Chuna Ram,0,0,0,0,0,7,1,20,26,0,17,10,15,3,3,0,0,0,0,0,0,0,0,0,0,0,0,0,0,0,Orange
"May 4, 2026",ee32c848-38c0-41da-9a89-c9c92ee04aff,2841285875,Final_Activation,Pritam Bus Service,Balkaran Singh,9780044488,Punjab,Moga,,Rajat Sharma,80,216,254,223,246,280,245,268,206,251,270,217,195,91,343,261,290,277,219,265,299,256,305,242,324,238,292,268,343,255,Active
"May 4, 2026",6d715d56-dbe5-4638-b6ba-3012b9ed087c,2841895498,Final_Activation,Khan Travels,Arshad Khan,9829149395,Rajasthan,Kota,,Abhishek Singh,0,86,92,1,0,130,83,130,108,131,31,58,118,126,0,0,29,66,77,100,110,92,88,76,72,55,91,104,97,66,Active
"May 4, 2026",e9f26b75-ef33-47f5-b560-ced1fe5b56a9,2841285557,Final_Activation,Pritam Bus Service,Balkaran Singh,9780044488,Punjab,Moga,,Rajat Sharma,144,292,251,206,267,280,269,278,285,273,143,252,247,304,141,0,312,344,287,334,308,164,302,316,291,280,273,336,270,316,Active
"May 4, 2026",6ab0e213-0fe4-4a11-8eae-2add65f48e0f,2841030096,Final_Activation,Pritam Bus Service,Balkaran Singh,9780044488,Punjab,Moga,,Rajat Sharma,0,0,99,111,106,97,160,107,229,89,108,86,170,309,278,283,163,182,102,89,84,239,156,153,93,77,92,272,125,296,Active
"May 4, 2026",817d1867-dd5c-4c62-8614-d475881c9aa5,25BTCEQ34099,Final_Activation,Vikash Travels,Ajay Yadav,9660687222,Rajasthan,jhunjhunu,RJ14PE3031,Chuna Ram,0,68,71,87,179,85,116,89,142,125,139,82,72,134,73,90,71,50,0,0,0,0,0,0,0,0,0,0,0,0,Active
"May 4, 2026",4f51519b-0795-4f38-876b-d50084f1fe17,2841285888,Final_Activation,Pritam Bus Service,Balkaran Singh,9780044488,Punjab,Moga,,Rajat Sharma,53,60,172,167,157,174,210,207,198,190,197,180,145,203,60,175,0,0,153,231,166,112,74,82,205,174,135,173,156,156,Active
"May 4, 2026",5231c5b3-abe7-48c6-a2e1-cb04d51d65c8,2841286782,Final_Activation,Pritam Bus Service,Balkaran Singh,9780044488,Punjab,Moga,,Rajat Sharma,90,299,124,139,0,0,52,0,55,0,140,0,34,0,0,66,0,331,189,73,0,0,0,0,0,0,0,0,0,0,Active
"May 2, 2026",f1a177d0-2d84-4789-b7d6-7f93eaaccb97,2840692708,Final_Activation,Sisai Bus Service,Sunil,9054257000,Haryana,Hisar,CH02AA6007,Raman,71,203,116,336,207,206,206,198,189,222,307,170,206,216,133,205,264,258,195,210,217,217,161,302,277,0,137,175,203,219,Active
"May 2, 2026",aa7f4691-2570-43f8-98ea-69d45b488a1a,2841001715,Final_Activation,Ram Parivahan,Sudesh Kumar,9418792971,Himachal Pradesh,Kangra,HP53D9077,Mohan,23,76,225,112,68,76,36,33,0,0,0,0,0,85,158,140,88,169,0,0,191,0,172,0,84,0,149,152,165,113,Active
"May 2, 2026",67e501fd-dc51-4c24-a30f-769c912ea141,2841601196,Final_Activation,Sisai Bus Service,Sunil,9054257000,Haryana,Hisar,HR39G3943,Raman,0,36,54,54,0,0,68,82,71,48,116,0,0,64,49,49,22,51,0,0,0,0,0,0,0,0,0,0,0,0,Active
"May 1, 2026",0949cf4f-5372-4386-a2ca-50346f863374,2840816278,Final_Activation,OPS,Om Prakash,9882700010,Himachal Pradesh,Solan,HP113610,Vipul Mehla,0,0,0,0,0,0,0,0,0,33,47,0,85,79,45,80,0,86,0,0,91,55,82,54,90,0,0,0,50,82,Orange
"May 1, 2026",e8b24bdf-3c46-4add-a788-87aa097b818e,2840894029,Final_Activation,Chauhan Travels,Sumit,7037171481,Uttar Pradesh,Baghpat,UP15ET0679,Shubham Singh,0,0,0,0,3,0,0,0,0,0,0,18,0,0,0,3,32,65,25,49,16,24,34,55,33,0,49,46,22,26,Yellow
"May 1, 2026",9ce60197-837b-48d4-b36e-1af8cd7cc075,2841889798,Final_Activation,Jai Maa Ashapuri Gayatri Bus,Ajay Kumar,7018961848,Himachal Pradesh,Kangra,HP68A5886,Mohan,0,115,0,35,0,0,0,0,52,0,0,0,0,0,0,0,105,112,0,0,66,93,18,0,44,0,168,117,51,129,Active
"May 1, 2026",3def5cce-74e0-460d-9a62-90d0ec97ee18,2841285057,Final_Activation,MHT,Gurlal Singh,9876531577,Punjab,Muktsar,PB19Y1385,Surinder Singh,46,175,221,222,166,206,208,181,237,154,225,119,224,0,0,0,0,0,0,0,0,0,0,0,0,0,0,0,1,0,Active
"April 30, 2026",62255033-e208-48f8-9241-78be9820d066,25BTCEQ34096,Final_Activation,Gupta Travels,Brij Kishor,9719132700,Uttar Pradesh,Agra,UP80LT2627,Nilesh Dwivedi	,20,101,84,136,5,87,110,89,85,113,139,96,101,54,32,86,104,87,77,147,133,35,110,74,86,112,70,121,105,65,Active
"April 30, 2026",40455b4d-3c05-4ede-b697-9bf73ce050f4,2840888429,Final_Activation,Kaushal Bus Service,Anish Kaushal,9418088248,Himachal Pradesh,Naina Devi,,Harish Verma,14,93,26,24,127,80,62,24,61,37,87,69,51,44,6,36,10,25,62,53,68,49,31,44,19,83,51,0,0,0,Active
"April 29, 2026",4e73da62-2215-4c4c-89b5-1c807a865f50,2841618819,Final_Activation,Waheguru Bus Service,Harpreet Singh,9877231426,Punjab,shri Muktsar sahib,PB05W9625,Rajiv Kumar,27,296,376,328,277,281,382,271,339,340,349,264,263,320,376,147,367,307,243,277,306,260,252,241,233,206,294,298,324,271,Active
"April 29, 2026",994b45d0-1a2f-40ec-b156-0c881492c1c4,2842138344,Final_Activation,Mittal Travels,Gurdyal Bishnoi,8696620300,Rajasthan,Sri Ganganagar,RJ13PA5745,Arshdeep Singh,0,0,90,56,77,82,70,101,48,15,70,235,325,364,403,201,303,146,1,0,0,0,0,8,0,0,0,0,0,0,Active
"April 29, 2026",1789d64a-c745-4ba6-ab35-df1e08d26a75,25BTCEQ34092,Final_Activation,Shree Balaji Travels,Bharat Khateek,9713628000,Madhya Pradesh,Shivpuri,MP41ZF9911,Jeetendra Buwade,38,52,56,52,43,86,91,82,39,0,0,0,0,0,0,0,0,0,0,0,0,0,0,0,0,0,0,0,0,0,Active
"April 28, 2026",ada14431-c680-40c1-85fe-1570ae2abd34,25BTCEQ34141,Final_Activation,Ajay Travels,Ajay Singh,7229818283,Rajasthan,Hanumangarh,RJ10PA8532,Rajnish Ab,0,0,0,0,0,0,0,0,0,0,0,0,0,0,0,0,0,0,2,0,1,0,0,105,0,0,54,98,0,0,Red
"April 27, 2026",9c6aa6b1-a1cf-498f-ad71-f889f639564c,25BTCEQ34122,Final_Activation,Rai Tour & Travels,Dhiraj Kumar Rai,9935751171,Uttar Pradesh,Azamgarh,UP50ET3337,Nilesh Dwivedi	,0,55,71,64,47,65,33,22,84,78,80,52,75,80,69,61,76,157,54,41,23,55,62,78,41,44,75,69,0,74,Active
"April 27, 2026",4506fd10-f4cd-4c26-8e4a-a9d155b720ef,2841603020,Final_Activation,Prab Bus Service,Jaskaran Singh,9115191161,Punjab,Moga,,,71,362,376,314,4,301,309,259,308,0,327,298,302,316,308,337,396,378,305,338,370,153,0,195,336,71,1,412,321,394,Active
"April 27, 2026",5162757e-61a0-4e4d-a69d-7c57564f1cc2,2841008631,Final_Activation,Kela Devi Express,Avdhesh Sharma,9664204123,Rajasthan,Hmara Chouk,,,131,134,270,201,136,296,113,246,167,127,235,75,220,136,0,0,0,0,0,0,0,0,0,0,0,0,0,0,63,137,Active
"April 27, 2026",f51c21c2-be47-43a1-9c5a-2f2f4a41ec9f,25BTCEQ34113,Final_Activation,Khushi Travels,Manoj Sisodiya,7722953981,Madhya Pradesh,Pagar,MP41ZK2546,Dummy Madhya Pradesh,15,66,71,95,91,79,74,66,70,71,73,65,74,73,81,74,100,48,52,70,86,68,99,82,80,64,84,87,67,0,Active
"April 26, 2026",b35397e8-38c4-423a-97fa-670db22bbfea,2840958983,Final_Activation,Sewak Bus Service,Tirath Singh,9081710008,Punjab,Firozpur,,Rajat Sharma,2,127,110,153,129,126,22,115,175,143,166,161,110,149,131,122,103,118,125,119,122,119,122,120,7,115,126,123,135,123,Active
"April 25, 2026",103bc143-5dd5-474c-972d-cb4a3920a34c,2841506612,Final_Activation,NEW PREM BUS SERVICE,Pawan Kumar,9736176255,Himachal Pradesh,Kangra,HP681945,Mohan,120,3,0,0,0,0,0,0,0,0,0,0,0,0,0,0,62,218,166,130,144,137,157,156,131,125,141,215,115,114,Active
"April 25, 2026",24bcac86-0118-4d8c-801b-f0478c6fb9d9,2841902271,Final_Activation,Deepak Express,Krishna Kumar,8700574361,Uttar Pradesh,Gonda,UP43CT3060,Syed Arshi Abrar,0,0,0,0,0,0,0,0,0,0,0,0,0,0,0,0,0,0,0,0,0,0,0,0,0,1,4,0,0,0,Red
"April 25, 2026",77c47966-ff04-44e4-b700-7ce51531680b,25BTCEQ34121,Final_Activation,Jai Shankar Travels,Jai Shankar Prasad Gupta,9009534700,Chhattisgarh,Surajpur,CG15EF5443,Abhishek Badholiya,0,0,0,0,0,0,0,0,0,0,0,0,0,0,10,0,15,0,0,0,0,0,0,0,0,0,0,0,2,0,Red
"April 25, 2026",cc9f133e-0e7b-4d54-8d26-3af71c9db8c4,25BTCEQ34117,Final_Activation,Jai Shankar Travels,Jai Shankar Prasad Gupta,9009534700,Chhattisgarh,Surajpur,CG15DZ3349,Abhishek Badholiya,0,0,0,0,0,0,0,0,0,0,0,0,0,0,2,7,43,0,0,0,0,0,0,0,0,0,0,0,0,0,Red
"April 24, 2026",011397d9-863f-4134-9de5-7e9c12586537,2841286268,Final_Activation,Prab Bus Service,Jaskaran Singh,9115191161,Punjab,Moga,,,144,448,356,230,204,248,362,508,360,443,361,239,339,245,505,413,398,383,282,357,308,293,385,340,445,311,394,466,451,434,Active
"April 24, 2026",651feff9-5a44-405d-8e65-f8ee368cc46c,25BTCEQ34133,Final_Activation,Sameer Travels,Ajeet Krishan Madhaw,7992213485,Bihar,Purnia,BR11PC7865,Sonu Mishra,0,0,0,0,0,0,0,0,0,0,0,0,0,0,0,0,0,0,0,0,0,0,0,0,0,0,0,0,0,0,Red
"April 24, 2026",b9db3aab-17c0-4659-8fb6-d6b8fdd0ec51,25BTCEQ34124,Final_Activation,Raperia Bus Service,Dilbag Singh,9416255456,Haryana,Hansi,,Amit Kumar,206,465,32,350,0,35,447,487,0,386,476,59,283,493,36,461,531,16,437,476,28,234,322,46,401,155,42,400,481,8,Active
"April 24, 2026",54024165-5d8f-4bac-b808-120b4ab853a0,2841894543,Final_Activation,Prab Bus Service,Jaskaran Singh,9115191161,Punjab,Moga,,,115,20,399,394,326,475,449,509,515,526,487,409,504,575,517,548,600,544,9,4,0,0,305,314,373,296,323,503,462,339,Active
"April 24, 2026",a3a8c269-0091-44e7-86cb-1cd372bf5f70,25BTCEQ34127,Final_Activation,Sameer Travels,Ajeet Krishan Madhaw,7992213485,Bihar,Purnia,WB73N7165,Sonu Mishra,0,0,0,0,0,0,0,0,0,0,0,0,1,0,136,113,53,0,16,53,0,3,68,0,0,0,0,44,0,0,Red
"April 24, 2026",1cb484d3-60e0-4cb6-8075-bc58b6fc9fb7,25BTCEQ34130,Final_Activation,Sameer Travels,Ajeet Krishan Madhaw,7992213485,Bihar,Purnia,BR11PC9065,Sonu Mishra,0,0,0,0,0,0,0,0,0,0,0,0,69,109,0,109,97,0,0,0,0,7,0,0,0,0,0,0,0,0,Red
"April 24, 2026",030bfff7-7f47-4602-a5e9-53d04949f572,2841286390,Final_Activation,Prab Bus Service,Jaskaran Singh,9115191161,Punjab,Moga,,,123,360,399,394,270,368,372,372,310,0,1,0,0,0,0,423,364,402,262,331,293,187,264,247,329,161,289,254,293,336,Active
"April 23, 2026",9eb8e948-8487-4a7a-8fc9-0d98f27920fd,2840874195,Final_Activation,Gulshan Bus Service,Harshdeep,9877709920,Punjab,Fazilka,RJ13PA9997,Harpreet Singh,230,215,140,134,400,394,0,259,573,476,466,371,422,523,497,483,449,0,0,501,432,427,455,177,435,345,355,272,475,378,Active
"April 23, 2026",d821431a-035e-4080-913e-86cf48206cd5,2841921629,Final_Activation,Harman Bus Service,Inder Singh,9803369400,Himachal Pradesh,Sh. Naina Devi,HP67A0989,Harish Verma,0,83,68,52,112,74,71,89,56,85,86,103,52,45,26,39,58,61,59,29,40,32,22,43,68,59,33,60,97,86,Active
"April 23, 2026",b54e8372-0daf-4e7a-aa3b-a81223594c70,2842105204,Final_Activation,Prab Bus Service,Jaskaran Singh,9115191161,Punjab,Moga,,,116,455,511,506,287,390,357,457,520,496,501,0,452,533,505,546,495,447,254,529,603,398,416,611,498,163,437,406,505,596,Active
"April 23, 2026",00c5bd34-ecc4-48ed-bae5-e8a80bd7b030,2842105738,Final_Activation,Dhimna Bus Service,Jaspal Singh,7018519109,Himachal Pradesh,Solan,HP12E5679,Nitin Kumar,0,0,0,0,0,0,0,26,1,35,30,30,47,48,23,17,52,44,43,0,37,29,22,17,19,118,36,3,17,11,Orange
"April 23, 2026",141df842-6fb3-421d-990d-6496a76f10fe,TJ7524BK20477,Final_Activation,Gulshan Bus Service,Harshdeep,9877709920,Punjab,Fazilka,PB04AF9901,Harpreet Singh,134,585,534,572,526,464,542,558,501,497,593,520,464,584,324,315,447,481,464,157,462,492,464,404,579,131,490,493,543,531,Active
"April 23, 2026",7c93d55b-59d3-4833-903b-a8c44c71df65,2842105749,Final_Activation,Prab Bus Service,Jaskaran Singh,9115191161,Punjab,Moga,,,131,491,458,549,315,458,484,525,536,489,531,418,496,540,508,484,512,498,466,502,440,215,509,345,490,310,271,206,285,274,Active
"April 23, 2026",6e8af8ea-c8a5-40a5-8943-93d1741b9c7f,25BTCEQ34165,Final_Activation,5-Bhai Tours Travel Hisar And Hansi,Dalbir Singh Mor,9416388999,Haryana,Hisar,,Amit Kumar,145,225,290,353,234,46,257,278,263,221,263,203,213,98,0,0,0,0,0,0,0,0,0,0,11,0,0,4,0,0,Active
"April 23, 2026",2a63b6ca-50ba-4a26-836b-c7a0cf913126,2840699569,Final_Activation,Shekhawat Travels,Amer Singh Shekhawat,9414422979,Rajasthan,Ratangarh,RJ37PA9471,Rakesh,0,5,17,8,22,5,17,18,21,1,49,45,39,42,67,43,29,52,62,28,44,68,56,47,17,61,62,47,48,51,Active
"April 22, 2026",b5493710-8600-4b2b-8b85-8fdc79ae62fd,PTJ75251A20160_146,Final_Activation,Shree Maa Sharda Travels,Deepraj Gurjar,6386194573,Madhya Pradesh,Bhopal,MP04YA9033,Nitul Patel,0,0,0,0,0,0,0,0,0,0,0,0,0,0,0,0,0,0,0,0,0,0,0,0,0,0,0,0,0,0,Red
"April 22, 2026",411c012a-3e15-4e07-8687-9700a045d5fb,25BTCEQ34147,Final_Activation,Sangwan Bus Service,Sumit Sangwan,9812810191,Haryana,Bhiwani,HR847644,Shubham Singh,0,221,0,269,0,210,0,269,0,178,0,0,0,156,0,296,297,284,0,237,1,218,0,0,35,257,0,214,0,249,Active
"April 21, 2026",9404ad93-1783-4ff4-aa8a-671f8e4f3092,2842106246,Final_Activation,Banke Bihari Travels,Rupak Kumar Singh,8434759381,Bihar,Biraul,BR07PD4002,Sonu Mishra,0,0,0,0,0,0,0,0,0,0,0,0,0,0,0,0,0,0,0,0,0,0,0,0,0,0,0,10,137,126,Red
"April 21, 2026",552b86ab-e11c-45c9-8dc4-4acee885defc,2841625416,Final_Activation,Warraich Transport,Bandeep Singh,9814290593,Punjab,Patiala,PB11BF4152,Surinder Singh,106,318,297,297,0,0,0,319,298,298,254,294,321,301,268,282,324,307,240,65,297,278,300,287,296,252,262,298,331,369,Active
"April 21, 2026",1dd7508f-6cb7-4b8f-95af-5013909ce080,2840981132,Final_Activation,Narender Travels,Narender Kumar,9416663957,Haryana,Jind,HR45E0237,Amit Kumar,117,399,319,425,399,286,306,264,387,253,384,343,320,369,320,275,135,350,336,389,347,316,0,274,345,371,263,298,198,369,Active
"April 20, 2026",38ff1a83-faaf-4a02-9895-9dd81e405e59,2840802279,Final_Activation,Parivahan Bus Service,Vinay Kumar,9816735000,Himachal Pradesh,Kangra,HP67A4181,Mohan,0,0,0,59,99,0,57,69,0,54,64,48,52,73,89,65,62,56,68,80,96,49,79,66,75,110,98,66,50,54,Active
"April 20, 2026",8dbfca86-ddcf-43c1-b338-eee9da1e5f4b,TJ75253320076,Final_Activation,Rohit Travels,Rohit Kumar,7206185702,Haryana,Ambala,,Amit Kumar,92,300,341,373,282,303,349,373,333,245,496,389,355,207,301,232,290,319,242,273,182,202,247,358,304,270,284,342,299,359,Active
"April 20, 2026",93cc255f-8e19-453d-8b79-1940c8d1b2bb,2841745165,Final_Activation,NEW PREM BUS SERVICE,Pawan Kumar,9736176255,Himachal Pradesh,Kangra,HP68A0357,Mohan,43,89,88,89,0,85,4,50,55,60,64,64,69,75,79,75,73,72,0,51,58,45,0,73,112,0,77,62,70,67,Active
"April 20, 2026",22aa6522-cdf7-453b-9d0c-2500398fd1bf,2841005318,Final_Activation,Parivahan Bus Service,Vinay Kumar,9816735000,Himachal Pradesh,Kangra,HP68B4181,Mohan,0,72,110,0,68,120,0,71,0,92,66,120,45,50,69,72,92,109,60,55,81,68,85,111,65,60,93,58,97,102,Active
"April 20, 2026",81b96137-4684-421d-92ec-cb737675bfcc,2841016652,Final_Activation,Gobin Bus Service,Jagtar Singh,9872544505,Punjab,MANSA,PB13Z6527,Surinder Singh,58,170,134,246,127,159,195,186,165,186,132,136,169,189,211,156,200,180,145,161,172,182,163,134,207,143,160,0,0,165,Active
"April 20, 2026",6f2a4422-d9ae-4bb4-a142-6792b237c7e7,2840777485,Final_Activation,NEW PREM BUS SERVICE,Pawan Kumar,9736176255,Himachal Pradesh,Kangra,HP68A2965,Mohan,0,72,0,38,61,0,0,0,0,25,87,0,38,71,0,72,79,55,65,53,48,0,0,0,0,0,0,0,92,107,Active
"April 19, 2026",ae8b3c7e-67ec-4027-9cb8-4472996666e4,2840894009,Final_Activation,Narayan ji,Narayan ji,9602618009,Rajasthan,Jaipur,RJ14PG0515,Rakesh,0,0,0,0,0,0,0,0,0,0,0,0,0,0,0,0,0,0,0,0,0,0,0,0,0,0,0,0,0,0,Red
"April 19, 2026",10fd00f8-2ed3-4409-b56c-4f9d81d85f0c,25BTCEQ34159,Final_Activation,Khalsa Travels,Shrawan Singh,6207878990,Bihar,Saharsa,BR10PB8687,Sonu Mishra,0,0,0,0,0,0,0,0,0,0,0,0,0,0,0,0,0,0,0,0,0,0,0,0,0,0,0,0,0,0,Red
"April 18, 2026",06d7a162-35c8-4cec-8b3b-93bf82e91e87,2841512881,Final_Activation,Maharaja Express,Raja Shukla,7052427125,Uttar Pradesh,Gonda,GJ18BT9977,Syed Arshi Abrar,0,0,0,0,0,0,0,36,43,39,44,36,38,0,0,0,0,0,29,2,0,0,0,0,0,0,0,0,0,0,Orange
"April 18, 2026",69ae30f4-11d9-40be-87e4-1c4e353231e2,25BTCEQ34172,Final_Activation,The Mor Modern CTSL Bass,Dalbir Singh Mor,9466155499,Haryana,Hansi,HR39C4199,Amit Kumar,39,252,291,187,450,347,43,308,414,45,423,0,37,342,324,1,0,0,0,0,0,0,0,0,11,0,19,0,0,0,Active
"April 18, 2026",ba302bfb-d394-4d38-ba26-344d38f69264,2841286210,Final_Activation,Maharaja Express,Raja Shukla,7052427125,Uttar Pradesh,Gonda,BR02PC4278,Syed Arshi Abrar,0,57,1,48,53,0,56,45,29,39,35,54,0,0,0,0,0,0,0,0,0,0,0,0,0,0,0,0,2,0,Active
"April 18, 2026",88af1ce7-5441-4abf-b970-3588f4feb6e3,2842110466,Final_Activation,NEW PREM BUS SERVICE,Pawan Kumar,9736176255,Himachal Pradesh,Kangra,HP68A2938,Mohan,0,149,86,204,109,118,115,113,0,0,0,0,0,0,0,0,0,0,0,0,0,7,0,0,0,0,0,0,0,0,Active
"April 17, 2026",fb1515b3-e9b5-48f0-87e1-a99c4a3dc59b,2841767083,Final_Activation,Yogesh Bus Service,Yogesh kumar,7018304335,Himachal Pradesh,Una,HP72B2093,Harish Verma,0,0,0,0,0,0,0,0,0,0,168,108,0,0,0,0,0,0,0,0,0,0,0,0,0,0,0,0,105,112,Orange
"April 16, 2026",dd5e0a02-31c2-4945-bcf0-350a81d9b8d3,2841285794,Final_Activation,Bhullar Bus Service,Gagandeep Singh,9465516455,Punjab,Fazilka,,Harpreet Singh,0,0,0,0,0,0,0,0,0,0,152,103,102,231,215,168,162,184,101,147,173,99,141,168,177,69,117,153,171,129,Orange
"April 16, 2026",8133f953-3d0c-4fbf-b667-d151fc0521b2,2841741275,Final_Activation,Bhagnal Travels,Manoj Bhagnal,9418087539,Himachal Pradesh,Solan,HP64D5497,Nitin Kumar,0,117,110,160,126,129,112,137,98,138,118,112,130,116,126,95,129,122,138,121,146,144,132,81,139,157,156,125,137,130,Active
"April 16, 2026",72f72533-a7d4-4d0f-a536-4540f94f0b13,2840704781,Final_Activation,Parowal Bus Service,Gurbir Singh,9988584443,Punjab,Taran Taran,PB02BE9913,Surinder Singh,0,0,0,0,0,0,0,0,0,0,0,0,0,0,0,0,0,0,185,0,0,0,0,85,136,130,116,160,134,0,Red
"April 15, 2026",90b4f51a-6ba8-4666-8738-04aa7727e80d,25BTCEQ34089,Final_Activation,City bus service,Ramesh Kumar,9813256073,Haryana,Bilaspur,HR55AC4924,Shubham Singh,0,0,0,0,0,0,0,0,0,0,0,0,0,0,0,0,0,0,0,0,0,0,0,0,0,0,0,0,0,0,Red
"April 15, 2026",909a5c6a-ea9e-4f5c-b540-a9b307e63a2d,25BTCEQ34126,Final_Activation,Khushi Travels,Manoj Sisodiya,7722953981,Madhya Pradesh,Pagar,MP41ZK2546,Dummy Madhya Pradesh,31,0,0,0,0,20,46,38,68,50,39,0,0,0,21,0,0,0,0,0,0,0,0,0,0,0,0,0,60,94,Orange
"April 15, 2026",5ad64a96-0253-4e8a-b10f-75bf12769c6e,2841010161,Final_Activation,Gill Travels,Amandeep Kaur Gill,9780007760,Punjab,Moga,PB03AX9701,Rajiv Kumar,78,207,118,243,90,196,80,224,116,204,99,205,100,163,34,220,116,85,83,25,219,204,204,162,220,135,166,228,228,190,Active
"April 15, 2026",6101dac3-8370-486f-8e3c-54bbe6a0b684,2842106252,Final_Activation,Mahasu Bus Service,Lal Singh,9816936366,Himachal Pradesh,Sirmaur,HP62B0829,Nitin Kumar,0,161,135,170,158,128,155,144,169,130,155,111,0,164,102,141,149,132,110,128,128,122,129,122,130,90,118,159,122,114,Active
"April 15, 2026",9a916755-f912-4764-a459-c448be78fd02,2840891249,Final_Activation,Mahasu Bus Service,Lal Singh,9816936366,Himachal Pradesh,Sirmaur,HP17C5455,Nitin Kumar,0,38,0,74,0,127,147,97,0,164,175,25,163,153,153,78,167,0,0,124,144,0,0,29,167,0,149,152,176,139,Active
"April 15, 2026",9019e824-5fee-446e-bd36-e14f636c2e1b,2841007509,Final_Activation,Mahasu Bus Service,Lal Singh,9816936366,Himachal Pradesh,Sirmaur,HP17C6666,Nitin Kumar,0,105,128,173,97,111,116,66,109,129,171,105,0,214,138,128,0,295,0,258,0,242,0,245,125,99,134,110,158,114,Active
"April 14, 2026",b2fe069d-9da8-4c1e-894e-0ac0c38cf8a9,2840808224,Final_Activation,Gobin Bus Service,Rajinder Singh,7889109156,Punjab,Mansa,PB31P0221,Surinder Singh,74,225,239,277,189,198,253,243,210,234,252,195,208,218,222,246,254,246,212,197,207,206,212,171,233,195,207,228,216,231,Active
"April 14, 2026",8b5eda35-6310-4de3-aafd-f51f5cbd3a3a,2841286392,Final_Activation,Kartik Bus,Madan Mohan Sharma,7018382858,Himachal Pradesh,Kangra,HP38B9192,Karan Raina,48,205,221,207,130,157,228,184,2,0,0,0,0,0,0,0,0,0,0,0,0,0,6,0,0,0,0,0,0,0,Active
"April 14, 2026",51cdd655-c9b9-4568-846f-63eee530d9e8,2840960983,Final_Activation,Dhillon Bus Service,Maninder Singh,7018786007,Himachal Pradesh,Una,HP72B2225,Harish Verma,0,4,297,282,273,293,292,303,278,279,315,302,338,298,221,333,288,134,423,284,36,34,33,25,34,37,12,25,13,15,Active
"April 14, 2026",c2373d94-e915-4be9-8cc7-da4cc76d4c12,2841626272,Final_Activation,Gobin Bus Service,Rajinder Singh,7889109156,Punjab,Mansa,PB03AZ5921,Surinder Singh,109,338,333,351,240,239,269,216,232,256,315,222,278,312,307,332,292,246,348,309,270,283,305,245,359,201,291,328,360,315,Active
"April 13, 2026",3ba8cc45-7821-43c0-9c0d-cb0b15e7fed5,2840957180,Final_Activation,Mahendra Travels,Mahendra Kumar Meena,9414590405,Rajasthan,Sawai Madhopur,,Manish Bhati,0,226,194,229,253,0,233,210,160,179,255,204,208,273,207,230,231,32,57,0,1,0,3,0,0,0,0,0,0,0,Active
"April 13, 2026",309f64f8-200e-4092-89a2-f58c40e4abf5,2842105211,Final_Activation,Bala Ji Bus Service,Amrit Singh,9816428307,Himachal Pradesh,Solan,HP71A7729,Rahul Kumar Uppal,0,71,53,71,64,47,81,56,75,50,67,18,17,81,55,58,47,41,38,44,22,27,26,24,19,25,22,11,19,17,Active
"April 12, 2026",0f2d1108-ad51-4e58-b122-f974e712ba08,2840972599,Final_Activation,Toofan Deluxe,Mukti Nath,9110196829,Bihar,Begusarai,BR01PR1314,Sonu Mishra,107,167,78,100,147,105,96,86,90,88,109,110,124,72,69,97,89,110,91,102,96,117,172,131,94,157,155,104,109,71,Active
"April 11, 2026",d6cd90cb-cc7c-4b35-85d3-b8df55c50f34,2842106241,Final_Activation,Ashi Aitianaa Travels,Raghwendar Singh,9341161088,Bihar,Purnia,WB73S3007,Sonu Mishra,0,0,0,0,0,0,0,0,0,0,0,0,0,0,0,0,0,0,0,0,0,0,24,0,70,31,0,0,0,0,Red
"April 11, 2026",c5e7ed3a-aeae-4d47-9365-3dbf009afbbb,2841027653,Final_Activation,Sewak Bus Service,Tirath Singh,9081710008,Punjab,Firozpur,,Rajat Sharma,123,0,182,171,178,0,156,214,204,231,0,123,188,216,207,211,200,211,219,0,210,201,256,93,210,0,211,214,244,201,Active
"April 10, 2026",c0d6c7b3-9e25-4eb5-bd9d-2ed210437797,2840971992,Final_Activation,The Chak Arayian Co-Op. TPT.  Soceity,Karnail Singh,8059600011,Haryana,sirsa,HR57A1946,Amit Kumar,87,124,0,265,58,0,145,209,0,137,182,0,116,132,0,129,226,0,155,130,0,90,156,0,206,153,0,161,226,0,Active
"April 10, 2026",1e8102e5-7ded-4041-8e38-c3143bbd9a04,2840814165,Final_Activation,Supreet Transport Mansa,Jaswinder Singh,9316800023,Punjab,MANSA,PB31P2823,Surinder Singh,205,315,366,295,160,394,408,329,368,332,401,226,224,342,361,373,381,415,230,327,160,304,309,278,350,188,324,437,448,414,Active
"April 10, 2026",e43c79a7-4512-48b1-9274-9ef7a037676a,2841763643,Final_Activation,Supreet Transport Mansa,Jaswinder Singh,9316800023,Punjab,MANSA,PB03BL1423,Surinder Singh,46,187,209,196,100,242,310,0,241,241,213,64,225,233,0,219,271,235,87,187,146,53,242,196,199,52,122,139,304,132,Active
"April 9, 2026",039432f7-6014-4259-b9c5-e77814de604c,TJ7524B521803,Final_Activation,Raj Bus Service,Lajinder Singh,7652879500,Punjab,Mukatsar,PB02CR7630,Nitin Kumar Yadav,0,0,0,0,0,0,0,0,0,0,0,0,0,0,0,0,0,0,0,0,0,0,0,0,0,0,0,0,0,0,Red
"April 9, 2026",56b66bf0-4769-4619-9d74-6dc68cef0875,2840925463,Final_Activation,Tourist Bus,Bimla Devi,9418034525,Himachal Pradesh,Hamirpur,HP55D4525,Mohan,37,149,114,147,59,176,184,137,140,158,220,0,0,0,0,0,0,0,0,0,0,0,0,0,0,0,0,0,0,0,Active
"April 9, 2026",2391d41e-efe1-49ba-958f-bc2dc1a7dd89,2841285887,Final_Activation,Prab Bus Service,Jaskaran Singh,9115191161,Punjab,Moga,,,0,325,371,478,301,343,375,404,372,380,374,380,439,349,385,371,419,392,334,334,344,352,362,368,405,283,356,393,378,388,Active
"April 9, 2026",25f2fb46-d0bf-4646-98a6-34ceba6ceffa,TJ75251820545,Final_Activation,Ma Triveni Travels,Prince Gupta,9755807223,Madhya Pradesh,Barwani,MP13ZD8671,Lakhan Damodar,0,99,126,84,109,80,81,70,98,0,0,80,80,61,102,69,0,84,114,73,83,48,94,44,92,88,76,68,107,108,Active
"April 9, 2026",d7a777be-68a6-448c-bbe5-a503f0185c71,2841773257,Final_Activation,A K Sheild Travels,Mohammad Noor Ul Ain,9971591786,Delhi,South West Delhi,UP32LN8292,Shubham Singh,0,0,1,0,31,38,39,28,62,37,20,43,48,35,0,46,38,35,0,0,0,0,26,86,47,57,21,39,38,0,Active
"April 9, 2026",96126718-7617-481f-9922-d8dca04e007c,25BTCEQ34143,Final_Activation,Karni Mata Travels,Ashok Kumar Jain,9302788089,Chhattisgarh,Rajnandgaon,CG08M0423,kirti kumar Sahu,0,0,0,0,0,0,0,0,0,0,0,0,0,0,0,0,0,0,0,0,0,0,0,0,0,0,0,0,0,0,Red
"April 9, 2026",26f16ad0-1ce4-459d-8873-4bc216e1d5fa,TJ75251621578,Final_Activation,Ma Triveni Travels,Prince Gupta,9755807223,Madhya Pradesh,Barwani,MP13P3455,Lakhan Damodar,0,98,125,108,166,122,137,90,134,96,121,96,84,115,130,107,110,90,100,109,111,64,4,70,114,0,0,46,49,16,Active
"April 9, 2026",3c042d81-d8ab-473c-9809-84dac028e747,2840964733,Final_Activation,Ma Triveni Travels,Prince Gupta,9755807223,Madhya Pradesh,Barwani,MP46ZG9751,Lakhan Damodar,0,0,0,0,0,0,0,0,0,0,0,0,0,0,0,0,1,76,131,110,0,135,142,107,123,112,91,89,82,111,Red
"April 7, 2026",9f3ddacb-c3af-4955-ab46-0b809900e78e,2841284884,Final_Activation,Gill Moters,Baljinder kaur,7355100668,Punjab,moga,PB19H6681,Rajiv Kumar,3,144,186,250,156,205,190,215,217,194,243,181,197,182,204,232,162,226,174,195,233,201,183,183,207,160,150,177,138,174,Active
"April 7, 2026",f6d3c49f-e516-4bca-bd9d-0645d9b7ec2a,25BTCEQ34131,Final_Activation,Sundram Travels,Nilesh Choudhary,8287308904,Bihar,Purnia,BR11PC9090,Sonu Mishra,74,209,268,109,194,126,90,29,181,98,127,103,59,125,108,109,115,112,63,129,110,117,124,218,187,123,131,208,106,94,Active
"April 7, 2026",33bc24f3-5350-4bb1-ab2b-c48f0b893acd,25BTCEQ34090,Final_Activation,Gurukripa Travels,Suraj Kumar Kumbhkar,9893143635,Chhattisgarh,Janjgirchampa,CG10BV0746,kirti kumar Sahu,0,2,21,0,6,2,0,19,0,0,0,0,0,0,0,0,0,0,0,0,0,0,0,0,0,0,0,0,3,0,Active
"April 7, 2026",e5958253-5ba9-4424-9135-04f4f358bc8d,2841159874,Final_Activation,Sewak Bus Service,Tirath Singh,9081710008,Punjab,Firozpur,PB03BH6217,Rajat Sharma,198,564,533,562,415,488,567,546,605,561,564,447,568,584,591,623,700,610,411,530,644,521,644,473,644,443,636,622,536,640,Active
"April 7, 2026",30e778df-643b-4dcd-9c4c-4e5fa8a15c42,2841779991,Final_Activation,Sewak Bus Service,Tirath Singh,9081710008,Punjab,Firozpur,,Rajat Sharma,85,436,486,463,352,390,413,427,432,452,486,156,198,205,189,125,146,133,84,190,186,185,230,0,563,389,480,566,467,522,Active
"April 7, 2026",47ba8c9e-2034-4b6e-9ab8-b542d2d1943f,2842105638,Final_Activation,Kanika bus,Anil kumar,8894413887,Himachal Pradesh,Kangra,HP36G0553,Mohan,0,0,0,0,0,0,0,0,0,0,0,0,0,0,0,0,0,0,0,0,0,0,40,27,72,0,0,0,0,18,Red
"April 7, 2026",c149bce9-ae99-44e8-8bab-6c2e26fcf835,2840983217,Final_Activation,Dev  Bus Service,Gourav,7027970306,Haryana,Rohtak,HR39F1739,Amit Kumar,45,261,292,347,0,0,0,235,214,204,178,173,166,182,201,92,275,236,180,246,277,259,216,222,286,171,112,237,280,202,Active
"April 7, 2026",d7dc1a22-2271-439c-a2c9-1de86bc10156,2841590581,Final_Activation,Jhunir Bus Mansa,Dasrath Rai,6283600031,Punjab,Mansa,,Surinder Singh,84,239,199,288,174,259,265,243,253,261,229,61,229,267,282,189,139,301,0,282,300,153,270,227,248,174,200,199,376,199,Active
"April 6, 2026",620a6b28-fe57-46e8-9e81-1a5360c78572,2841589791,Final_Activation,Amar Bus Service,Shashi Kumar,9805408115,Himachal Pradesh,Hamirpur,HP67A6715,Mohan,0,0,0,0,0,0,0,0,0,0,0,0,0,0,0,0,0,0,0,0,0,0,0,0,0,0,0,0,0,0,Red
"April 6, 2026",ff8ce324-5b71-491f-9a70-79896141ade0,2840686592,Final_Activation,Bara Travels,Gurjeet Singh Bains,9460857923,Rajasthan,Ganganagar,RJ13PA9941,Arshdeep Singh,68,138,74,63,60,119,137,147,133,106,134,72,139,123,127,155,149,107,33,123,130,121,113,136,114,119,103,96,116,55,Active
"April 6, 2026",ce2c0b60-45ac-4aa2-b9cd-6ae8ff9ae605,2840778369,Final_Activation,New Brar Bus Service,Amarjeet Singh Brar,9855630985,Punjab,shri Muktsar sahib,PB04AG8669,Rajiv Kumar,80,267,250,212,0,209,230,233,225,223,221,0,248,244,253,238,240,257,0,244,246,185,293,131,287,166,225,234,264,262,Active
"April 6, 2026",e22f8103-1d3b-4493-97e0-7a76f339709b,2840974914,Final_Activation,Suman deep Travels,Suman deep,9660122094,Rajasthan,Hanumangarh,RJ13PA9507,Rakesh,0,154,117,247,204,206,208,242,123,231,209,172,204,218,205,204,232,239,195,191,218,198,219,231,224,206,206,244,224,139,Active
"April 6, 2026",28ee8720-d10e-4bb1-ad7d-2902be02be54,2841127519,Final_Activation,A K Sheild Travels,Mohammad Noor Ul Ain,9971591786,Delhi,South West Delhi,UP40AT3734,Shubham Singh,0,0,0,0,0,0,0,0,0,0,0,0,0,0,0,0,0,0,0,0,0,0,0,0,0,0,0,0,0,43,Red
"April 5, 2026",65a59374-0352-4ec6-a751-ae7c7e86791a,2842131892,Final_Activation,Toofan Deluxe,Mukti Nath,9110196829,Bihar,Begusarai,BR09PA9188,Sonu Mishra,7,42,121,109,119,0,0,0,0,0,0,0,0,0,0,0,0,0,0,0,0,0,0,0,0,0,0,0,0,0,Active
"April 4, 2026",ccff9a5f-f205-4855-8019-aad05d3ebcf9,2841513249,Final_Activation,Kuldeep Bus,Tajinder Singh,9465877009,Punjab,Gurdaspur,PB06F2999,Nitin Kumar Yadav,125,246,248,285,211,247,210,297,205,310,243,219,224,251,268,336,298,283,234,295,325,280,299,216,288,178,234,257,339,295,Active
"April 4, 2026",fef51632-f949-4611-b593-d9cb2e87bbe4,2842107029,Final_Activation,Sukhchain Bus Service,Gamdur Singh,9478459000,Punjab,MANSA,PB13T9921,Dummy Punjab,90,207,203,290,95,139,141,176,162,201,227,152,171,254,275,241,242,258,163,217,237,222,240,220,246,184,234,200,270,218,Active
"April 3, 2026",05101e29-496d-4563-8e05-b23e23cee584,2840804847,Final_Activation,New Bishnoi Travels,Chandra Shekhar,9024274077,Rajasthan,Barmer,RJ19PB2367,Chuna Ram,0,0,0,0,0,0,0,0,0,0,0,0,0,0,0,0,0,0,0,0,0,0,0,0,0,0,0,0,0,8,Red
"April 3, 2026",1453719c-288d-4b85-bd30-8208849ddd87,2840984665,Final_Activation,Panj Peeri Bus Service,Bhim Singh,8725910915,Punjab,Moga,PB13L9299,Rajat Sharma,0,0,0,0,0,0,0,0,0,0,0,0,0,0,0,0,0,0,0,0,0,0,0,0,0,0,0,0,0,0,Red
"April 3, 2026",3c3666de-a75c-4671-a73a-928cee0703e4,2840984775,Final_Activation,Panj Peeri Bus Service,Bhim Singh,8725910915,Punjab,Moga,PB29J9723,Rajat Sharma,0,0,0,0,0,0,0,0,0,0,0,0,0,0,0,0,0,0,0,0,0,0,0,0,0,0,0,0,0,0,Red
"April 3, 2026",968f7486-a6be-432e-a34d-792556227a9a,2842105741,Final_Activation,Kalgidhar Bus Service,Jaswinder Singh,9876366773,Punjab,shri Muktsar sahib,PB30G9666,Rajiv Kumar,0,0,0,0,0,0,0,0,0,0,0,0,0,0,0,2,2,0,0,0,0,0,0,0,0,3,0,0,0,0,Red
"April 3, 2026",1f376c24-e798-4eac-b7d8-f6f6bfddcd9b,2841029169,Final_Activation,Khattra Bus Service,Neel Kamal,9056536420,Punjab,Sangur,PB11BY8655,Deepak,0,0,0,0,0,0,0,0,0,0,0,0,0,0,0,0,0,0,0,0,0,0,0,0,0,0,0,0,0,0,Red
"April 3, 2026",37d31b0b-fb1d-4598-b902-a365adf08256,2840968033,Final_Activation,Parowal Bus Service,Gurbir Singh,9988584443,Punjab,Taran Taran,PB02CC5511,Surinder Singh,0,0,0,0,0,0,0,0,0,0,0,0,0,0,0,0,0,17,161,50,0,0,0,0,113,164,112,128,122,122,Red
"April 3, 2026",cce312a8-a1b9-4c9d-aee6-956fe28f33d4,2840649258,Final_Activation,Suraj Kunwar Travels,Suraj Kunwar,9928068815,Rajasthan,Dungarpur,RJ12PB3351,Rakesh,26,51,64,76,67,70,61,53,110,18,48,74,32,69,57,44,55,76,77,45,33,50,43,36,69,71,61,60,56,71,Active
"April 2, 2026",bd960680-1cf0-4dfc-ab8c-6a1cad79da15,2841896078,Final_Activation,New State Corporation,Davinder Singh,8865800062,Punjab,fazilka,,Rajiv Kumar,0,147,177,162,126,151,156,152,140,103,79,0,0,97,141,164,161,0,161,130,162,146,0,115,141,117,130,149,150,117,Active
"April 2, 2026",67877e45-61e1-4d1a-b88a-d74d4d3f5bbd,2841594531,Final_Activation,Sagar Bus,Ranjit Singh,9915782753,Punjab,muktsar,PB30R5995,Rajiv Kumar,79,262,268,300,237,321,239,390,81,202,183,176,167,205,206,201,173,203,139,176,126,73,176,106,193,159,156,179,158,126,Active
"April 2, 2026",5e5f50a9-10df-443f-b01a-173a5c76bd9a,2841744404,Final_Activation,Sagar Bus,Ranjit Singh,9915782753,Punjab,muktsar,PB10FV1091,Rajiv Kumar,69,148,156,141,112,149,149,147,142,108,135,103,125,187,144,146,179,160,172,137,142,145,159,141,119,167,137,127,163,144,Active
"April 2, 2026",fd9995c5-b912-41ab-963a-662e98182d67,2841509809,Final_Activation,New State Corporation,Davinder Singh,8865800062,Punjab,fazilka,,Rajiv Kumar,122,418,442,142,0,213,386,354,378,383,420,371,375,467,467,400,419,369,444,409,447,369,411,399,450,351,418,433,444,456,Active
"April 2, 2026",15ee9ae0-fa08-456e-9c5b-c45010df0d78,TJ75248320414,Final_Activation,Shree Maa Sharda Travels,Deepraj Gurjar,6386194573,Madhya Pradesh,Bhopal,,Nitul Patel,66,143,147,160,116,161,152,150,154,159,167,134,159,153,148,157,142,161,109,148,140,122,163,138,160,125,132,162,135,126,Active
"April 2, 2026",9f4e4f59-f8d8-496c-acb3-201adad9f6be,2841896088,Final_Activation,New State Corporation,Davinder Singh,8865800062,Punjab,fazilka,,Rajiv Kumar,0,143,153,185,120,149,176,137,149,70,147,116,103,161,152,152,172,134,124,138,143,130,165,131,178,128,136,151,160,109,Active
"April 2, 2026",3966ef1f-0d2c-441e-9662-058f225071b3,2842107021,Final_Activation,Sheoran Bus Service,Sushil Kumar,8529250858,Haryana,hisar,HR39E9214,Amit Kumar,65,207,231,335,277,215,280,111,0,0,164,264,35,245,272,155,242,261,216,189,220,209,197,297,274,203,246,289,264,249,Active
"April 2, 2026",6aa85212-7ece-4af8-9062-a43bab7d6e94,2841008620,Final_Activation,New State Corporation,Davinder Singh,8865800062,Punjab,fazilka,,Rajiv Kumar,97,150,154,111,158,0,123,147,66,230,139,137,138,193,235,144,117,185,162,205,206,194,132,154,185,151,184,194,220,197,Active
"April 2, 2026",7db11724-9b0d-450c-b28a-d773f5b729c3,2841917814,Final_Activation,Shree Maa Sharda Travels,Deepraj Gurjar,6386194573,Madhya Pradesh,Bhopal,,Nitul Patel,0,142,138,123,119,80,163,156,101,93,97,97,103,101,95,106,102,99,102,117,134,130,115,121,134,134,139,127,156,149,Active
"April 1, 2026",6abc92cc-db2a-4c8a-a87b-04cf34202c8f,2840776819,Final_Activation,Nganarai Travels,Meva Ram,7073354440,Rajasthan,Jalore,RJ19PB2525,Chuna Ram,0,0,0,0,0,0,0,0,0,0,23,70,38,59,0,36,56,45,45,62,65,78,77,47,0,37,66,30,61,64,Orange
"April 1, 2026",86d8389f-7685-4261-baf0-968b8d59ac91,2841285049,Final_Activation,Hasin Travels,Hasibur Rahman,9733348510,West Bengal,West Bengal,WB59E6413,Sonu Mishra,45,0,0,0,0,0,0,0,0,0,0,0,0,0,0,0,0,27,66,90,65,0,132,0,0,71,0,84,79,77,Red
"April 1, 2026",75f954cf-9903-437a-8b17-039925c64dda,2841153604,Final_Activation,Hasin Travels,Hasibur Rahman,9733348510,West Bengal,West Bengal,WB59E6313,Sonu Mishra,46,0,3,0,0,0,0,0,0,0,0,0,0,0,0,0,0,0,0,0,0,0,0,0,0,1,7,0,33,141,Active
"March 31, 2026",9a9dfe17-6154-46c9-8528-534db1a88c6a,2842128125,Final_Activation,Vikram singh,Vikram Pratap singh Rathore,8769700777,Rajasthan,Bikaner,RJ07PA7821,Rakesh,0,65,96,79,0,0,0,0,0,0,0,0,0,0,0,0,0,0,0,0,0,0,0,0,0,0,0,0,0,0,Active
"March 31, 2026",16c1077a-dc64-4974-854d-4e65206ee8a5,2840878670,Final_Activation,Poonam Travels,Prakash,9784771132,Rajasthan,Barmer,RJ15PA3107,Chuna Ram,0,0,0,0,0,0,0,0,0,0,0,0,0,0,0,0,0,0,0,5,0,0,21,16,0,0,14,13,5,0,Red
"March 31, 2026",78fa6882-2147-4068-b766-791271aa5032,2842106248,Final_Activation,Yaariyan Bus Service,Vikas Thakur,8988586703,Himachal Pradesh,SHIMLA,HP2603235,Nitin Kumar,0,12,12,15,92,145,165,214,107,179,247,4,235,171,233,258,0,0,0,0,66,170,230,0,305,200,248,222,218,229,Active
"March 31, 2026",1ed68f9f-aaf8-4d94-a0aa-91f5fc34dcb2,2840701113,Final_Activation,Golden Bus,Jasbir Singh,9671700225,Haryana,panipat,HR67F5310,Amit Kumar,174,176,358,473,419,413,446,394,412,452,359,418,367,386,425,469,475,448,421,347,408,400,423,374,436,413,381,452,385,105,Active
"March 31, 2026",99538a52-e0d5-4b54-9238-22ccd8fee0de,2842129798,Final_Activation,Ashoka Bus Service,Swaraj Sood,9418013543,Himachal Pradesh,Solan,HP64D0595,Nitin Kumar,0,15,0,0,0,0,0,0,0,0,0,0,0,0,0,0,0,0,0,0,0,0,0,0,0,0,0,0,0,0,Active
"March 30, 2026",1350b44d-1bb2-42f6-ad1d-934ec2c60ae9,2842105197,Final_Activation,Patiala Express,Ranjodh Singh,9206800087,Punjab,Sirhind,PB10FF9697,Gagandeep Singh,164,333,350,401,302,337,352,322,294,339,376,297,335,406,348,364,410,357,232,393,323,164,318,175,347,233,335,294,361,351,Active
"March 30, 2026",71ae173a-a8c2-4fb4-baae-9499d183b52f,2842107024,Final_Activation,Raj Travels,Vinod Kumar,9418000166,Himachal Pradesh,Hamirpur,HP679166,Mohan,0,0,0,0,0,0,0,0,0,0,0,0,0,0,0,0,0,0,7,0,13,0,0,0,7,0,4,1,0,0,Red
"March 30, 2026",38c5ad88-85b2-44b2-aab3-94fc76f2f93d,2840932227,Final_Activation,NEW PREM BUS SERVICE,Pawan Kumar,9736176255,Himachal Pradesh,Kangra,HP686363,Mohan,0,1,0,0,0,0,0,0,97,148,143,0,0,0,0,0,0,148,94,171,171,140,165,115,160,84,166,188,151,182,Active
"March 30, 2026",f3740642-42b1-4011-919a-d7b0e6784a19,2842144641,Final_Activation,Piyush Enterprise,Bharat Singh,9761875083,Uttar Pradesh,Gautambudh nagar,,Sourav Das,0,30,78,46,99,57,41,42,29,78,46,42,77,37,26,67,27,77,38,51,51,74,47,70,39,73,47,54,5,43,Active
"March 27, 2026",44fa4bc1-07dc-412f-b373-6cc0704bb604,P2841901719_982,Final_Activation,ADITYA PRATAP SINGH,ADITYA PRATAP SINGH,9074075164,Madhya Pradesh,Anuppur,,Dummy Madhya Pradesh,0,0,0,0,0,0,0,0,0,0,0,0,0,0,0,0,0,0,0,0,0,0,0,0,0,0,0,0,0,0,Red
"March 27, 2026",38264134-171f-41b7-86b8-115263dd5e38,2841618076,Final_Activation,New India Travels,Abhimanyu Kumar Pandey,9971611962,Uttar Pradesh,Gautam Buddha Nagar,UP43CT3505,Shubham Singh,0,30,0,0,9,11,0,22,0,28,0,31,0,30,0,0,0,21,0,23,0,20,0,29,0,26,0,31,0,35,Active
"March 27, 2026",7cc4843f-8d24-4c25-89bc-4131fc49257e,2841905391,Final_Activation,Pradeep Travels,Pradeep Kumar,9459659185,Himachal Pradesh,Sirmaur,HP716571,Sandeep Kumar,0,83,90,111,83,62,99,83,94,90,111,109,97,80,82,100,97,96,60,128,137,74,95,73,116,98,102,98,85,89,Active
"March 27, 2026",49a2f214-eee5-4406-ae8c-0af66cc4300c,2841771529,Final_Activation,Gill Moters,Baljinder kaur,7355100668,Punjab,moga,,Rajiv Kumar,54,207,124,168,155,179,173,222,286,244,285,166,201,227,223,235,231,253,220,161,216,201,240,219,299,217,232,286,267,222,Active
"March 27, 2026",79d8f206-2fec-4095-9cdb-1d88a8901215,2842105205,Final_Activation,Payal Bus Service,Ashwani Kumar Sharma,9816058911,Himachal Pradesh,Hamirpur,HP674432,Mohan,0,0,0,0,0,106,78,0,48,77,102,99,39,64,64,5,42,132,100,134,91,16,5,0,2,0,14,91,92,106,Orange
"March 27, 2026",011d2d8a-dac8-432d-8f83-bc90e7ff067a,PTJ75252L21018_240,Final_Activation,Gitanjali Bus Service,Sandeep,9993461245,Madhya Pradesh,Annupur,,,0,0,0,0,0,0,0,0,0,0,0,0,0,0,0,0,0,0,0,0,0,0,0,0,0,0,0,0,0,0,Red
"March 26, 2026",f775d3ce-0039-47ee-af8d-ba724f3fc0d6,2840778871,Final_Activation,New India Travels,Abhimanyu Kumar Pandey,9971611962,Uttar Pradesh,Gautam Buddha Nagar,UP43CT3506,Shubham Singh,0,0,0,0,19,22,0,0,30,0,31,0,25,0,31,0,29,0,19,0,16,0,29,0,0,0,0,33,30,0,Yellow
"March 25, 2026",ed821ef2-7532-48f1-a25b-7bccf09986b7,PTJ75251722024_978,Final_Activation,Gitanjali Bus Service,Sandeep,9993461245,Madhya Pradesh,Annupur,MP65P0158,,0,0,0,0,0,0,0,0,0,0,0,0,0,0,0,0,0,0,0,0,0,0,0,0,0,0,0,0,0,0,Red
"March 25, 2026",bf425c58-5fed-42c3-aad0-b7cbe475cc04,TJ75251722103,Final_Activation,Kaurav  Travels,Rakesh Singh,9425130182,Madhya Pradesh,Bhind,,Nitul Patel,0,39,17,42,49,24,29,12,42,17,61,29,55,7,6,28,44,42,53,16,0,0,35,22,0,46,37,28,21,31,Active
"March 25, 2026",093af6a5-98d5-4fed-84db-68335361a6a9,2842107013,Final_Activation,Gurunanak Bus Service,Jatin Bhardwaj,8219983082,Himachal Pradesh,Chamba,HP732892,Karan Raina,0,0,0,0,0,0,0,0,0,0,0,0,0,0,0,0,0,0,0,0,0,0,0,0,0,0,0,0,0,0,Red
"March 25, 2026",9b539772-8579-4451-a6f2-1db805b57ba7,P2840965442_284,Final_Activation,ADITYA PRATAP SINGH,ADITYA PRATAP SINGH,9074075164,Madhya Pradesh,Anuppur,MP65ZB8329,Dummy Madhya Pradesh,0,0,0,0,0,0,0,0,0,0,0,0,0,0,0,0,0,0,0,0,0,0,0,0,0,0,0,0,0,0,Red
"March 25, 2026",a334b9be-1ae9-4a53-8bed-1a16f7d58d0b,P2841286878_546,Final_Activation,Ram Prakash,Ram Prakash Meena,6376707522,Rajasthan,Dausa,,Sunil Kumar,0,0,0,0,0,0,0,0,0,0,0,0,0,0,0,0,0,0,0,0,0,0,0,0,0,0,0,0,0,0,Red
"March 25, 2026",839aef82-b692-45f5-88f2-10d1aa48940e,P2841286943_553,Final_Activation,Ram Prakash,Ram Prakash Meena,6376707522,Rajasthan,Dausa,,Sunil Kumar,0,0,0,0,0,0,0,0,0,0,0,0,0,0,0,0,0,0,0,0,0,0,0,0,0,0,0,0,0,0,Red
"March 25, 2026",b770d459-b1d1-4257-afa7-ea87b8435b3e,2841286885,Final_Activation,Ram Prakash,Ram Prakash Meena,6376707522,Rajasthan,Dausa,,Sunil Kumar,9,90,112,88,89,68,65,30,69,60,45,57,33,68,26,55,63,30,63,41,45,90,44,0,50,66,56,11,59,30,Active
"March 25, 2026",890170a7-e04d-413a-b027-e5ae30551368,2841285925,Final_Activation,Ram Prakash,Ram Prakash Meena,6376707522,Rajasthan,Dausa,,Sunil Kumar,0,120,156,161,161,198,161,133,157,158,0,97,96,93,123,146,135,145,132,112,134,119,108,178,180,106,98,130,24,31,Active
"March 25, 2026",28fac9d6-0f75-4a24-9c9b-474ee283ebc9,2841738727,Final_Activation,Stc,Ramdev,9079759090,Rajasthan,Hanumangarh,RJ13PB9685,Rakesh,0,0,0,0,0,0,0,0,0,0,0,0,0,0,0,0,0,0,0,0,0,0,0,0,0,0,0,0,1,0,Red
"March 25, 2026",ad5e3f0d-5c74-4349-9ccb-6f77ee5a310e,2841286486,Final_Activation,Ram Prakash,Ram Prakash Meena,6376707522,Rajasthan,Dausa,,Sunil Kumar,76,120,94,128,0,156,153,146,161,100,201,0,168,151,223,170,169,111,142,134,112,115,152,174,17,44,63,141,122,130,Active
"March 24, 2026",e640daa3-48bc-4ded-93d0-3cb35236bc29,2842107027,Final_Activation,Baba budha bus,Gurpal Singh,9914383468,Punjab,Ajnala,PB02CR9295,Nitin Kumar Yadav,82,271,246,204,81,0,164,270,306,249,235,91,0,61,121,125,160,162,234,142,88,0,0,49,203,221,212,144,214,162,Active
"March 23, 2026",35eebe95-ad7c-4b1f-a5e5-77f44933fe1c,2841153609,Final_Activation,Vijay Transport,Ramakant Prasad Gupta,9754414437,Chhattisgarh,Jalalpur,CG30E0811,Dummy Chhatisgarh,0,0,0,0,0,0,0,0,0,0,0,0,0,0,0,0,0,0,0,0,0,0,0,0,0,0,0,0,0,0,Red
"March 23, 2026",0e7f946e-6648-4df6-bbef-b5a177037123,2841771532,Final_Activation,Krishna Bus Service,Vikash,7027727727,Haryana,Bahadurgarh,HR63D3815,Amit Kumar,0,0,0,0,0,0,0,0,0,0,0,0,0,0,0,0,0,0,0,0,149,0,0,0,24,135,0,95,59,0,Red
"March 23, 2026",786fd510-5776-40a8-970f-f77d459045a9,2841286152,Final_Activation,Vijay Transport,Ramakant Prasad Gupta,9754414437,Chhattisgarh,Jalalpur,CG30F8491,Dummy Chhatisgarh,0,0,0,0,0,0,0,0,0,0,0,0,0,0,0,0,0,0,0,0,0,0,0,0,0,0,0,0,0,0,Red
"March 23, 2026",ec6135be-3b4e-437b-a7ad-41ed4c353db2,2841536330,Final_Activation,Krishna Bus Service,Vikash,7027727727,Haryana,Bahadurgarh,HR63D0374,Amit Kumar,0,0,0,0,0,0,0,0,0,0,0,0,0,0,0,0,13,0,0,0,0,0,0,0,100,22,0,0,0,0,Red
"March 21, 2026",84da55d3-5ab1-456b-b70c-a3ee094ab5ac,2841896091,Final_Activation,K S Popel Bus,Kaur Singh,9915003147,Punjab,shri Muktsar sahib,PB13AL8449,Rajiv Kumar,0,176,197,228,0,128,155,155,203,149,182,0,161,192,198,159,180,184,0,152,154,154,195,138,184,0,151,247,0,172,Active
"March 21, 2026",dd7a5e8b-003c-46fd-b728-a84acf6e69d0,2842107023,Final_Activation,Sandhu Travel,Sukhpreet Singh,9592542242,Punjab,MANSA,PB03BD6131,Surinder Singh,0,0,0,0,0,0,206,159,172,149,0,0,0,0,0,0,0,107,147,199,204,179,200,205,201,121,178,211,183,196,Orange
"March 20, 2026",2fa3a8dc-1911-434b-b6a4-6e1f414131b1,2841905248,Final_Activation,Shri Shyam Bus,Rakesh Kumar,8930855089,Haryana,Rewari,HR47D1479,Amit Kumar,139,261,254,274,192,246,238,293,274,371,300,231,230,266,239,276,224,304,145,245,256,248,233,114,259,174,224,298,222,251,Active
"March 20, 2026",0c516e18-3f78-41fe-b068-e391349635f2,2842105198,Final_Activation,Jujhar Constructions And Travels Pvt. Ltd.,The Jujhar Group,8427999077,Punjab,Ludhiana,PB13BB0808,Rajesh Kumar,0,0,0,0,0,0,0,0,0,0,0,0,0,0,0,0,0,0,0,0,0,0,0,0,0,0,0,0,0,0,Red
"March 20, 2026",c1e8ce25-290d-48f8-bc37-eecdb5388428,2840702018,Final_Activation,Jujhar Constructions And Travels Pvt. Ltd.,The Jujhar Group,8427999077,Punjab,Ludhiana,PB13BJ1900,Rajesh Kumar,145,269,314,252,290,268,274,285,332,274,318,295,283,338,225,228,298,221,200,244,252,214,296,232,324,196,242,187,291,318,Active
"March 20, 2026",c129adc5-35b0-4db4-bb69-9e2792613e1b,2842105201,Final_Activation,Jujhar Constructions And Travels Pvt. Ltd.,The Jujhar Group,8427999077,Punjab,Ludhiana,PB10JE5663,Rajesh Kumar,37,192,231,234,215,242,223,244,279,253,213,221,250,244,248,220,0,0,0,122,203,162,163,211,182,259,206,205,205,218,Active
"March 20, 2026",72421b87-384b-4e9a-ad30-5591fa2f2628,2840891658,Final_Activation,Patial Bus,Shahil Rana,7807610451,Himachal Pradesh,Kangra,HP68A5482,Mohan,0,0,0,0,0,0,0,0,0,0,0,0,0,0,0,0,0,0,0,0,0,0,0,0,0,0,0,0,0,0,Red
"March 19, 2026",5b0d76e3-09e6-43ef-b97b-eab68b820e11,2841534125,Final_Activation,Shiv Gorakh,Harbir Chahar,8398996090,Haryana,Jhajjar,HR63C8573,Shubham Singh,238,248,286,301,242,224,0,0,0,0,0,0,164,336,303,319,306,353,208,289,328,278,382,359,377,217,315,365,381,288,Active
"March 17, 2026",ed0866f7-906b-4e60-ae8c-a839ef5ea3bf,2842105743,Final_Activation,Gupta Travels,Mukesh Kumar Gupta,9414307786,Rajasthan,Dausa,RJ25PA5556,Rakesh,72,175,142,240,278,81,122,132,75,252,265,186,172,247,204,168,190,259,279,214,115,163,123,220,219,110,224,207,185,223,Active
"March 15, 2026",1837b81c-13b6-4b4e-94d1-fe1df37082bc,2840773186,Final_Activation,Mogi travels,Naveen,8696282526,Rajasthan,Sikar,RJ23PB6326,Shiv Charan Ojha,0,94,108,112,182,0,71,109,47,40,19,0,146,46,111,98,0,117,116,197,8,103,120,110,132,108,122,121,93,88,Active
"March 15, 2026",09921ea0-d24d-4e70-8246-dc5dbea73e0f,TJ75252U20577,Final_Activation,Jabbar Travels,Abdul Jabbar,9627581239,Uttar Pradesh,Bulandshahr,UP87AT4740,Shubham Singh,0,0,104,72,0,57,35,81,121,107,117,92,94,0,0,126,127,149,60,41,60,44,118,46,35,86,76,73,7,89,Active
"March 15, 2026",069fbb34-82d0-4c76-be01-a5fa4964deac,2842131881,Final_Activation,Nganarai Travels,Meva Ram,7073354440,Rajasthan,Jalore,RJ46PB2525,Chuna Ram,0,0,0,0,0,0,0,0,0,0,0,112,95,133,128,103,131,134,96,187,197,138,122,124,0,0,0,0,0,0,Orange
"March 14, 2026",9cb41413-a37e-463b-9c44-97348ef92783,2841898723,Final_Activation,Anand Travels,Pratosh Kumar Gupta,8959649194,Chhattisgarh,Surajpur,CG29B0110,Nitesh Kumar,0,0,0,0,0,0,0,0,0,0,0,0,0,0,0,0,0,0,0,0,0,0,0,0,0,0,0,0,0,0,Red
"March 14, 2026",f690ef90-73a9-492b-8f43-0717b52e44d0,2841891657,Final_Activation,Dharam Pal Travels,Dharm Pal,9887258035,Rajasthan,Jaipur,RJ27PA5280,Rakesh,0,0,0,0,101,126,51,0,65,40,0,0,0,26,60,0,20,36,70,46,90,121,45,47,33,20,0,0,87,15,Yellow
"March 14, 2026",d54dbc67-674a-4df8-88c9-c2a48ec7064b,2841900905,Final_Activation,Dhaliwal Bus Service,Amninder Singh,7009336025,Punjab,Sangrur,PB13AF5825,Deepak,0,0,0,0,0,0,0,0,0,0,0,0,0,0,0,0,0,0,0,0,0,0,0,0,0,0,0,0,0,0,Red
"March 13, 2026",59f38ec5-162c-4d6f-822a-f5ebcb5d2951,2842105737,Final_Activation,Jhajj Express Regd,Harpreet Singh,9888300823,Punjab,Fatehgarh sahib,PB11CB9895,Rajat Sharma,0,0,0,0,0,0,0,0,0,0,0,0,0,0,0,0,0,0,0,0,0,0,0,0,0,0,0,0,0,0,Red
"March 13, 2026",2a953653-e00a-4546-ab9f-38fc41494235,2841511462,Final_Activation,New Ramdas,Dharminder Singh Gill,9463920600,Punjab,Bathinda,PB29R9252,Surinder Singh,0,91,221,231,201,183,189,214,237,247,202,141,335,239,62,281,279,229,0,269,284,156,189,186,201,40,223,187,225,248,Active
"March 13, 2026",6a748cc3-cd4d-4663-94e7-6f93a41201d2,2841592299,Final_Activation,New Ramdas,Dharminder Singh Gill,9463920600,Punjab,Bathinda,PB03U9533,Surinder Singh,84,251,267,253,56,237,283,231,235,313,258,200,23,201,328,281,291,293,350,114,146,275,220,248,310,249,258,262,295,286,Active
"March 13, 2026",2c1a66b6-0807-4831-a68c-aba86ebfe132,2841905243,Final_Activation,Ambika Bus,Nilam Kumari,9418741324,Himachal Pradesh,Solan,HP64D5217,Mohan,27,153,138,89,98,106,225,156,127,147,153,178,167,110,102,167,99,114,141,115,140,83,139,113,161,127,167,166,134,134,Active
"March 12, 2026",e83bc63f-de4c-4ed6-bd37-c3db58f6d4d5,2841886165,Final_Activation,Shiv Travels,Devendra Kumar Sharma,6260562465,Chhattisgarh,Koriya,CG15EB0688,Nitesh Kumar,0,0,0,0,0,0,0,0,0,0,0,0,0,0,0,0,0,0,0,0,0,0,0,0,0,0,0,0,0,0,Red
"March 12, 2026",be33cdf9-637c-4911-ac19-33252f75bece,2842106239,Final_Activation,Kautilya Travels,Kalyan Kumar,9771086979,Bihar,Purnia,BR11PD2541,Sonu Mishra,0,0,0,0,0,0,0,0,0,35,165,132,163,186,145,173,140,147,157,25,39,119,62,68,186,45,69,66,143,91,Orange
"March 12, 2026",c27fad32-9d5e-4426-adfa-c45738083178,2842106244,Final_Activation,Sundram Travels,Kumar Raj,6207923861,Bihar,Purnia,BR11PD2222,Sonu Mishra,0,0,0,0,0,0,0,0,0,0,0,0,0,0,0,0,0,0,0,0,0,0,0,0,0,0,0,0,0,0,Red
"March 10, 2026",60208b03-e508-4def-90ef-c4abefe56cf9,2841897917,Final_Activation,Gill Travels,Amandeep Kaur Gill,9780007760,Punjab,Moga,PB13BH4381,Rajiv Kumar,0,117,201,144,71,74,185,26,125,197,164,74,106,99,223,102,221,111,200,80,92,35,97,25,110,109,179,104,237,113,Active
"March 10, 2026",557f0770-a248-47b6-b153-12885bdb6082,2842105736,Final_Activation,Ram Kumar Travels,Ram kumar,9636282964,Rajasthan,Bikaner,RJ07PB3365,Rakesh,0,130,164,161,143,144,85,161,166,119,166,140,125,146,166,69,0,0,0,0,0,0,0,0,0,0,0,0,0,0,Active
"March 10, 2026",dee4a094-349b-4eeb-901e-e476c1df64d2,2841897581,Final_Activation,New Brar Bus Service,Amarjeet Singh Brar,9855630985,Punjab,shri Muktsar sahib,PB04AF1741,Rajiv Kumar,151,277,306,312,260,269,289,283,327,303,311,254,285,352,329,351,316,381,279,309,341,292,294,271,351,264,287,336,349,346,Active
"March 10, 2026",35abc1b8-31b5-463d-b8d5-e94ec70ac49f,2841130608,Final_Activation,Aman Travels,Vashim Sarif Khan,9724345559,Rajasthan,Banswara,MP44ZE4887,Rakesh,0,5,1,0,4,12,7,12,12,1,6,4,12,9,12,8,25,21,23,26,10,10,19,14,11,14,12,18,23,17,Active
"March 10, 2026",6cd41f2b-0061-4305-ae09-0613ceb604e6,2841575054,Final_Activation,Jhunir Bus Mansa,Dasrath Rai,6283600031,Punjab,Mansa,PB03BP9305,Surinder Singh,100,429,421,561,369,371,413,500,448,506,495,389,403,424,460,463,477,498,469,432,459,463,461,399,520,363,438,496,501,502,Active
"March 9, 2026",2ee5eb92-ac48-4a61-abd2-c91d8844829b,2841287012,Final_Activation,Prab Bus Service,Jaskaran Singh,9115191161,Punjab,Moga,,,37,296,332,408,128,313,254,308,332,343,323,198,264,277,306,313,395,333,380,355,348,321,380,162,127,150,146,156,170,142,Active
"March 9, 2026",381108b8-3705-4405-b3c6-16348193192f,2840974100,Final_Activation,Prab Bus Service,Jaskaran Singh,9115191161,Punjab,Moga,,,0,0,0,0,81,176,94,230,147,116,97,177,159,90,140,213,191,181,204,265,224,188,206,243,224,234,118,0,70,0,Yellow
"March 9, 2026",e468a88b-538e-4cd9-8588-443451cdab24,TJ7524BF20444,Final_Activation,Jalal Bus Service,Preetpal singh jalal,9876369518,Punjab,nan,PB03BR5996,,73,159,152,186,0,130,175,181,153,186,182,0,168,172,154,183,160,188,0,155,169,146,190,117,206,0,189,198,174,224,Active
"March 9, 2026",53938c8a-6569-4fde-98a9-7385befb37a2,2842134601,Final_Activation,NEW PREM BUS SERVICE,Pawan Kumar,9736176255,Himachal Pradesh,Kangra,HP68A0413,Mohan,0,102,75,93,123,113,77,135,79,0,0,0,0,0,0,0,0,4,0,0,0,0,0,0,0,0,0,0,0,0,Active
"March 9, 2026",3165149d-a53d-4bf1-9251-8028feffc013,2840696985,Final_Activation,Jalal Bus Service,Preetpal Singh Jalal,9463215001,Punjab,Sangaria,PB03AJ0986,,0,0,0,0,0,0,0,0,49,0,0,76,124,115,120,101,113,107,0,0,0,0,71,0,119,0,0,83,87,87,Orange
"March 8, 2026",95b5ca70-ff35-47b5-8024-8a2126588e2b,2840698973,Final_Activation,MTC Bus Service,Ashwani Kumar,9459840594,Himachal Pradesh,Mandi,HP30A0522,Rahul Kumar Uppal,0,309,264,312,233,219,286,250,263,232,212,153,243,247,258,302,246,302,0,139,331,211,259,226,311,185,242,255,234,263,Active
"March 7, 2026",c1a71d53-a041-490d-93ac-97e2990d853b,2841921789,Final_Activation,NEW PREM BUS SERVICE,Pawan Kumar,9736176255,Himachal Pradesh,Kangra,HP688485,Mohan,36,72,108,0,21,106,93,92,77,0,25,112,88,113,109,0,18,124,0,113,68,0,16,119,104,98,87,75,0,23,Active
"March 7, 2026",0f6e012f-7f4f-45f1-a5cb-cb51c9f7f708,2841629711,Final_Activation,MH Transport Company Regd,MH Transport Company Regd,9464177030,Punjab,Barnala,PB29X2367,Rajat Sharma,0,0,0,0,0,0,0,0,0,0,0,0,0,0,0,0,0,0,0,0,0,0,0,0,0,0,0,0,0,0,Red
"March 7, 2026",9ac796d3-3138-407b-bcd4-ba63364ed102,2841897921,Final_Activation,MH Transport Company Regd,MH Transport Company Regd,9464177030,Punjab,Barnala,PB13BG1555,Rajat Sharma,0,0,0,0,0,0,0,0,0,0,0,0,0,0,0,0,0,0,0,0,0,0,0,0,0,0,0,0,0,0,Red
"March 7, 2026",9289b1f5-3920-4dd3-91d6-40968ded5249,2841130270,Final_Activation,MH Transport Company Regd,MH Transport Company Regd,9464177030,Punjab,Barnala,PB07BG3847,Rajat Sharma,0,0,0,0,0,0,0,0,0,0,0,0,0,0,0,0,0,0,0,0,0,0,0,0,0,0,0,0,0,0,Red
"March 5, 2026",449f8008-0bea-497f-88bb-d9f478b3dce1,2840782726,Final_Activation,MH Transport Company Regd,MH Transport Company Regd,9464177030,Punjab,Barnala,PB13BG5847,Rajat Sharma,0,0,0,0,0,0,0,0,0,0,0,0,0,0,0,0,0,0,0,0,0,0,0,0,0,0,0,0,0,0,Red
"March 5, 2026",48304f61-131c-4d41-96ee-47737fcab23f,2841286451,Final_Activation,KS Bhati Travels,Kavyaraj Singh,8955579035,Rajasthan,Jodhpur,RJ19PC4315,Chuna Ram,0,19,24,12,17,14,17,20,21,27,9,13,21,17,16,11,12,19,23,19,21,20,23,21,10,14,17,14,15,0,Active
"March 5, 2026",11a19b1c-c3f8-4978-8f2f-53f856c6a69b,2840692585,Final_Activation,MH Transport Company Regd,MH Transport Company Regd,9464177030,Punjab,Barnala,PB10HS0864,Rajat Sharma,0,0,0,0,0,0,0,0,0,0,0,0,0,0,0,0,0,0,0,0,0,0,0,0,0,0,0,0,0,0,Red
"March 5, 2026",124dd0e7-4297-41c4-8d1b-5ac4cdae16da,2840704351,Final_Activation,MTC Bus Service,Ashwani Kumar,9459840594,Himachal Pradesh,Mandi,HP30A1110,Rahul Kumar Uppal,0,153,214,223,0,119,180,191,165,194,171,0,169,174,170,161,198,200,216,254,151,0,0,113,189,0,137,137,191,172,Active
"March 5, 2026",0ecefc7d-0313-4330-b33d-971a601513d6,TJ75251520847,Final_Activation,LEADING TOUR & TRAVELS,Ravi Rana,7300093099,Haryana,Hisar,RJ13PB6111,Rakesh,0,0,0,0,0,0,0,0,0,0,0,0,0,0,0,0,0,0,0,0,0,0,0,0,0,0,0,0,0,0,Red
"March 5, 2026",8c4e2d6b-f6ba-48ac-a4fb-52e96abb380a,2841517346,Final_Activation,MH Transport Company Regd,MH Transport Company Regd,9464177030,Punjab,Barnala,PB10FF2164,Rajat Sharma,0,0,0,0,0,0,0,0,0,0,0,0,0,0,0,0,0,0,0,0,0,0,0,0,0,0,0,0,0,0,Red
"March 5, 2026",67fe9246-8dbf-46fe-b286-942b26823441,2840783697,Final_Activation,MH Transport Company Regd,MH Transport Company Regd,9464177030,Punjab,Barnala,PB03BK1679,Rajat Sharma,0,0,0,0,0,0,0,0,0,0,0,0,0,0,0,0,0,0,0,0,0,0,0,0,0,0,0,0,0,0,Red
"March 5, 2026",be870c17-065c-4385-8676-c104df6ff508,2841534341,Final_Activation,MH Transport Company Regd,MH Transport Company Regd,9464177030,Punjab,Barnala,PB07BG3845,Rajat Sharma,0,0,0,0,0,0,0,0,0,0,0,0,0,0,0,0,0,0,0,0,0,0,0,0,0,0,0,0,0,0,Red
"March 2, 2026",02fe48bf-603b-4871-bbba-265baf9a3ab7,2841594751,Final_Activation,Jhunir Bus Mansa,Dasrath Rai,6283600031,Punjab,Mansa,,Surinder Singh,0,263,261,312,188,260,266,277,280,310,317,250,247,296,287,283,292,288,243,225,289,234,237,243,313,252,246,265,278,255,Active
"March 2, 2026",4cb1990e-e870-42cf-b608-077a40dda069,2840974088,Final_Activation,Jarial Bus,Rajeev Kumar,9816757358,Himachal Pradesh,Nadaun,,Mohan,0,196,209,339,0,263,202,200,205,270,328,0,218,234,187,155,168,185,0,0,193,196,159,229,169,108,115,178,79,158,Active
"March 2, 2026",f3bb7439-f0c5-4e12-9e80-4ab024835b52,2841008209,Final_Activation,Jarial Bus,Rajeev Kumar,9816757358,Himachal Pradesh,Nadaun,,Mohan,64,168,202,191,181,116,244,205,207,169,216,169,177,193,206,63,192,245,204,270,229,220,141,177,203,0,77,172,194,182,Active
"March 2, 2026",76f19708-a99b-460c-bfad-9f65640ab911,2840686811,Final_Activation,Jhunir Bus Mansa,Dasrath Rai,6283600031,Punjab,Mansa,,Surinder Singh,150,428,421,442,313,188,191,221,368,375,390,423,342,384,442,375,427,529,409,432,392,287,374,303,452,343,398,430,435,438,Active
"March 2, 2026",3815aac9-5aea-48b4-9800-97e005e00c73,2840927717,Final_Activation,Jhunir Bus Mansa,Dasrath Rai,6283600031,Punjab,Mansa,,Surinder Singh,175,217,169,294,163,442,404,441,235,226,307,222,190,223,235,189,245,249,205,218,225,0,134,162,261,140,156,210,245,432,Active
"March 2, 2026",ce0f1b7e-49ab-4a3a-b959-425e557fe119,2840811779,Final_Activation,New Sahara Travels,Sabar Mohammad,9670861101,Uttar Pradesh,Vikas Nagar,UP32SN8893,Shubham Singh,0,45,43,45,0,0,0,0,51,56,62,0,41,59,50,50,31,56,52,46,72,0,56,57,35,45,49,40,51,57,Active
"March 1, 2026",cecbc674-733e-4269-b66e-b8f4e8392d6a,2842105315,Final_Activation,DTC,Lokesh Kumar,9983150521,Rajasthan,Alwar,RJ32PA2711,Rakesh,0,0,0,0,0,0,0,0,0,0,0,0,0,0,0,0,0,0,0,0,0,0,0,0,0,0,0,0,0,0,Red
"March 1, 2026",c4cfc5fa-13fb-40a6-9f9e-e9ce7261cade,2841776198,Final_Activation,DTC,Lokesh Kumar,9983150521,Rajasthan,Alwar,RJ32PA5411,Rakesh,0,48,132,77,104,89,115,65,100,110,135,102,85,94,103,86,121,114,83,92,89,108,33,121,127,115,109,101,113,102,Active
"March 1, 2026",5d0f02fd-33dc-486c-8030-a7f4184ba2b4,2841897574,Final_Activation,Lok Parivahan Sewa,Dharmendra Singh,9413775164,Rajasthan,Alwar,RJ02PA5143,Manish Rajput,0,0,0,0,0,0,0,0,0,0,0,0,0,101,97,116,140,175,128,60,0,89,176,128,143,0,97,124,128,127,Red
"February 28, 2026",0a96acf3-c4f5-4f41-85b0-5173d20ac5c7,2841905256,Final_Activation,Dhannta Bus,Shiv Singh,9816350091,Himachal Pradesh,Shimla,HP648029,Karan Raina,95,119,46,229,0,0,1,91,190,187,246,0,131,86,84,195,217,70,0,0,227,137,164,0,221,0,206,159,236,232,Active
"February 27, 2026",decd23b0-b3ee-4180-a33d-ddc8d7b40435,2841899298,Final_Activation,Udaiveer Travels,Ashok Kumar,9416359925,Haryana,Gurgaon,HR55AS7902,Shubham Singh,0,149,109,142,17,140,141,127,148,137,162,165,130,106,96,137,91,138,158,140,106,81,7,46,158,133,42,114,80,116,Active
"February 27, 2026",cf997061-49be-4ead-91ef-15131a1224ba,2841905257,Final_Activation,Green Bus Service,Ashwani Kumar,9815590777,Punjab,Dhariwal,PB02BK9988,,0,0,0,0,0,0,0,0,0,0,0,0,0,0,0,0,0,0,0,0,0,0,0,0,0,0,0,0,0,0,Red
"February 26, 2026",ba156297-123f-461c-ad0b-1f767e86e904,TJ75248K20705,Final_Activation,Gurwant Travels,Gurwant Singh,9610653447,Rajasthan,Ganganagar,,Arshdeep Singh,0,0,0,0,46,0,219,239,239,196,243,228,244,235,243,262,245,277,0,178,220,216,253,239,250,228,257,243,163,101,Yellow
"February 26, 2026",a8c0b930-fe5d-47ff-be68-64c4774f835d,2841156555,Final_Activation,Bhatia Bus,Sanjay Bhatia,9816564594,Himachal Pradesh,Kangra,HP681335,Mohan,0,0,0,0,0,0,0,0,0,0,0,0,0,0,0,0,0,0,0,0,0,0,0,0,0,0,0,0,0,0,Red
"February 26, 2026",c595b4bc-86fb-42da-aabf-9ff7e194d4c4,2841285968,Final_Activation,Bhatia Bus,Sanjay Bhatia,9816564594,Himachal Pradesh,Kangra,HP68A4690,Mohan,0,0,0,0,0,0,0,0,0,0,0,0,0,0,0,0,0,0,0,0,0,0,0,0,0,0,0,0,0,0,Red
"February 26, 2026",13f78e0e-e816-4cfe-aa64-eaca73a90864,2841900902,Final_Activation,National Travel,Kartaar Singh Jadoun,7987216424,Madhya Pradesh,Balaghat,MP50ZJ9501,Dummy Madhya Pradesh,0,0,0,0,0,0,0,0,0,0,0,0,0,0,0,0,0,0,0,0,0,0,0,162,161,119,127,170,131,121,Red
"February 25, 2026",a5f6ba16-925a-4e70-9c2e-cf74f1b22f83,2841286685,Final_Activation,Shiv Motor,Rupinder Singla,8196900195,Punjab,Patiala,PB11DJ8195,Deepak,123,272,290,348,197,256,252,268,252,257,275,0,247,270,274,255,274,309,229,223,255,209,248,205,322,187,234,318,309,326,Active
"February 25, 2026",98cac34f-e48c-4a22-abab-cd0269038984,2841286438,Final_Activation,Shiv Motor,Rupinder Singla,8196900195,Punjab,Patiala,PB11DK3495,Deepak,0,0,0,0,0,0,0,0,0,0,0,0,0,0,0,0,0,0,0,0,0,0,0,0,0,0,0,0,0,0,Red
"February 24, 2026",86ab1b29-aa1c-40f3-87c8-463720adc9b7,2841286683,Final_Activation,Subash Travels,Subash Kumar,9876146426,Punjab,Mansa,PB31P1739,Surinder Singh,61,220,272,299,180,208,273,278,250,204,268,197,231,279,281,257,263,324,118,255,258,262,289,229,298,146,267,278,323,0,Active
"February 24, 2026",d316cb1e-a8b2-41cb-aa9a-ff10e8ad5957,2841513244,Final_Activation,Subash Travels,Subash Kumar,9876146426,Punjab,Mansa,PB03W8913,Surinder Singh,77,215,206,224,164,179,101,236,214,246,231,198,180,227,261,214,302,267,148,221,231,204,206,190,204,139,202,261,267,262,Active
"February 24, 2026",45d63720-8cf7-4d13-a056-21e670750624,2841897578,Final_Activation,ABS Bus,Tarun Garg,9463706666,Punjab,Bathinda,PB03BN9628,Rajiv Kumar,67,306,333,338,262,308,347,296,297,304,317,240,303,338,306,327,355,282,374,338,306,279,336,279,330,272,336,364,338,347,Active
"February 23, 2026",bdf2a7d6-5f20-47b6-9da7-6809a4cedd2d,2841011098,Final_Activation,Gill Moters,Baljinder kaur,7355100668,Punjab,moga,,Rajiv Kumar,136,248,223,241,183,0,0,112,274,145,0,206,217,253,206,259,217,251,214,284,251,225,261,219,295,215,226,212,208,190,Active
"February 23, 2026",d89da249-0726-4a5a-9ce1-936f86337774,2841887413,Final_Activation,MH Transport Company Regd,MH Transport Company Regd,9464177030,Punjab,Barnala,,Rajat Sharma,0,0,0,0,0,0,0,0,0,0,0,0,0,0,0,0,0,0,0,0,0,0,0,0,0,0,0,0,0,0,Red
"February 23, 2026",641dab12-90da-4cc2-a9e4-6c848a4de872,2841905400,Final_Activation,Naryal Bus Service,Dineshwar singh,9015427578,Himachal Pradesh,chamba,HP72C3105,Karan Raina,126,218,197,218,184,215,211,190,183,180,243,142,207,209,186,217,191,216,166,93,210,81,101,217,69,0,0,0,0,0,Active
"February 23, 2026",04ceee54-bb12-4426-8cf7-dfeb750db87e,2842107015,Final_Activation,NEW PREM BUS SERVICE,Pawan Kumar,9736176255,Himachal Pradesh,Kangra,HP68B0137,Mohan,0,0,152,157,104,87,96,52,0,0,0,93,154,137,155,160,136,150,131,145,136,104,137,149,155,111,108,97,121,161,Active
"February 23, 2026",b78ceced-c882-40ac-9fe2-52c307b07920,2841905259,Final_Activation,NEW PREM BUS SERVICE,Pawan Kumar,9736176255,Himachal Pradesh,Kangra,HP68A0686,Mohan,0,175,168,184,115,156,157,161,164,202,126,181,131,199,108,162,193,202,116,170,119,137,186,199,116,197,296,0,0,0,Active
"February 23, 2026",4789c5fa-4d00-452d-b396-420c567afdc0,2841286481,Final_Activation,MH Transport Company Regd,MH Transport Company Regd,9464177030,Punjab,Barnala,,Rajat Sharma,0,0,0,0,0,0,0,0,0,0,0,0,0,0,0,0,0,0,0,0,0,0,0,0,0,0,0,0,0,0,Red
"February 23, 2026",18f22892-7106-4573-ae51-be3d60915a3d,TJ75251520711,Final_Activation,MH Transport Company Regd,MH Transport Company Regd,9464177030,Punjab,Barnala,,Rajat Sharma,0,0,0,0,0,0,0,0,0,0,0,0,0,0,0,0,0,0,0,0,0,0,0,0,0,0,0,0,0,0,Red
"February 23, 2026",99105cd8-95f3-4b98-9f9c-d24ae452e992,2840828771,Final_Activation,Gill Moters,Baljinder kaur,7355100668,Punjab,moga,,Rajiv Kumar,34,212,256,261,288,278,278,327,323,299,294,241,306,289,299,264,314,187,104,109,72,107,101,107,186,74,0,0,0,96,Active
"February 23, 2026",c1f6d897-4d8e-4489-be12-9b73310676b3,2842138351,Final_Activation,Meena Travels,Dhara Singh Meena,9929057108,Rajasthan,Jaipur,RJ14PF4124,Manish Bathi,0,123,130,165,143,94,133,67,79,136,123,90,95,0,0,0,0,0,0,0,0,0,0,8,0,0,0,0,0,0,Active
"February 23, 2026",4a82cc4f-8444-41e8-ac11-d3953f0b44f9,2840408617,Final_Activation,Hargobind Bus,Nachhatar Singh,9417560778,Punjab,Mansa,PB03AF9917,Surinder Singh,0,0,0,0,0,0,0,0,0,0,0,0,0,0,0,0,0,0,0,0,0,0,0,0,0,0,0,0,0,0,Red
"February 21, 2026",7bf80b33-18cc-4664-9e41-cae0435bbdf3,2841509807,Final_Activation,MH Transport Company Regd,MH Transport Company Regd,9464177030,Punjab,Barnala,PB10EH9711,Rajat Sharma,0,0,0,0,0,0,0,0,0,0,0,0,0,0,0,0,0,0,0,0,0,0,0,0,0,0,0,0,0,0,Red
"February 21, 2026",1f2fca83-9c79-4683-b596-81a4cd4f5f2e,2841919258,Final_Activation,Rajpurohit Travels,Narpat Singh,9799214862,Rajasthan,Balotra,RJ39PA2867,Chuna Ram,0,0,0,0,0,0,0,0,0,0,0,0,0,0,0,0,0,0,0,0,0,0,0,0,0,0,0,0,0,0,Red
"February 21, 2026",c2205170-e3ed-427d-9a04-0751c052a7eb,2841286513,Final_Activation,MH Transport Company Regd,MH Transport Company Regd,9464177030,Punjab,Barnala,PB07BG3844,Rajat Sharma,0,0,0,0,0,0,0,0,0,0,0,0,0,0,0,0,0,0,0,0,0,0,0,0,0,0,0,0,0,0,Red
"February 21, 2026",26f0df9d-7210-4c2d-9fb3-8aa622500637,2841285051,Final_Activation,MH Transport Company Regd,MH Transport Company Regd,9464177030,Punjab,Barnala,PB13BM3135,Rajat Sharma,0,0,0,0,0,0,0,0,0,0,0,0,0,0,0,0,0,0,0,0,0,0,0,0,0,0,0,0,0,0,Red
"February 21, 2026",962ac045-57da-41d4-8778-870ece156bff,2841894548,Final_Activation,Rajpurohit Travels,Narpat Singh,9799214862,Rajasthan,Balotra,RJ39PA2873,Chuna Ram,0,0,0,0,0,0,0,0,0,0,0,0,0,0,0,0,0,0,0,0,0,0,0,0,0,0,0,0,0,0,Red
"February 21, 2026",70ed1af2-7a7b-4fa8-8310-3baa72e38095,2841513251,Final_Activation,Yadav Bus Service,Monu yadav,9166859743,Rajasthan,Alwar,RJ32PA2456,Dummy Rajasthan,0,0,135,169,235,135,172,118,137,66,0,0,0,0,0,0,0,0,0,0,0,0,0,34,124,157,146,131,146,122,Active
"February 21, 2026",8de2a29a-caef-4e68-a530-6cce06bcf42e,2841285553,Final_Activation,MH Transport Company Regd,MH Transport Company Regd,9464177030,Punjab,Barnala,PB04S7331,Rajat Sharma,0,0,0,0,0,0,0,0,0,0,0,0,0,0,0,0,0,0,0,0,0,0,0,0,0,0,0,0,0,0,Red
"February 20, 2026",82cb2565-1ec7-4b98-8fa6-6b029b97c596,2841286857,Final_Activation,Toofan Deluxe,Mukti Nath,9110196829,Bihar,Begusarai,BR09PA0917,Sonu Mishra,60,75,67,67,99,70,37,40,50,44,63,56,56,47,31,46,42,60,39,83,62,37,45,68,127,54,119,64,59,57,Active
"February 20, 2026",baff3093-9eac-4a14-8f4f-da8ea1b13fbb,2841886160,Final_Activation,Toofan Deluxe,Mukti Nath,9110196829,Bihar,Begusarai,BR09PA7638,Sonu Mishra,0,118,81,107,64,98,79,70,98,62,78,72,101,61,76,68,70,54,48,75,61,32,70,98,97,87,79,69,76,62,Active
"February 20, 2026",2c6866e6-a9d9-4c12-b7ea-08191326a1bf,2841285894,Final_Activation,Toofan Deluxe,Mukti Nath,9110196829,Bihar,Begusarai,BR09PA0996,Sonu Mishra,0,0,0,0,0,0,0,0,0,0,0,0,0,0,0,0,0,0,0,0,0,0,0,0,0,0,0,0,0,0,Red
"February 20, 2026",0ae988c8-1e19-491c-85d1-0c239cc9b4a3,2841897912,Final_Activation,चाचान ट्रेवल्स,Pawan Kumar,9509830240,Rajasthan,Hanumangarh,,Pawan Kumar,0,0,0,0,0,0,0,0,0,0,0,0,0,0,0,0,0,0,0,0,0,0,0,0,0,0,0,0,0,0,Red
"February 20, 2026",eecfdc0b-615e-4082-bbe8-91f9dc05bd7a,2841285945,Final_Activation,MH Transport Company Regd,MH Transport Company Regd,9464177030,Punjab,Barnala,PB13BG5847,Rajat Sharma,0,0,0,0,0,0,0,0,0,0,0,0,0,0,0,0,0,0,0,0,0,0,0,0,0,0,0,0,0,0,Red
"February 20, 2026",3f0fb7b6-2884-4bb9-bba7-8388cd1d8501,2841160628,Final_Activation,MH Transport Company Regd,MH Transport Company Regd,9464177030,Punjab,Barnala,PB03BK1679,Rajat Sharma,0,0,0,0,0,0,0,0,0,0,0,0,0,0,0,0,0,0,0,0,0,0,0,0,0,0,0,0,0,0,Red
"February 20, 2026",1bce739f-854a-4dd7-ab32-750aa5006fff,2841887880,Final_Activation,City Bus Service,Deepanshu,7303362141,Uttar Pradesh,Gautam Buddha Nagar dadri,UP70ET4839,Rahul,0,0,0,0,0,0,0,0,0,0,0,0,0,0,0,0,0,0,0,0,0,0,0,0,0,0,0,0,0,0,Red
"February 20, 2026",5596a766-fb47-4e9c-a473-8e0c86a309c8,2841285562,Final_Activation,MH Transport Company Regd,MH Transport Company Regd,9464177030,Punjab,Barnala,PB03AJ8523,Rajat Sharma,0,0,0,0,0,0,0,0,0,0,0,0,0,0,0,0,0,0,0,0,0,0,0,0,0,0,0,0,0,0,Red
"February 20, 2026",7537dab2-b075-4cd4-875d-bcabfa61b181,2841738729,Final_Activation,MH Transport Company Regd,MH Transport Company Regd,9464177030,Punjab,Barnala,PB29X2367,Rajat Sharma,0,0,0,0,0,0,0,0,0,0,0,0,0,0,0,0,0,0,0,0,0,0,0,0,0,0,0,0,0,0,Red
"February 20, 2026",46ccaa42-dbae-4944-9fe4-8d0fdac630b8,2841286836,Final_Activation,Kaushal Bus Service,Anish Kaushal,9418088248,Himachal Pradesh,Naina Devi,HP20J4800,Harish Verma,0,81,66,34,111,24,59,67,74,76,58,83,54,54,50,43,72,79,108,75,81,75,76,38,70,65,78,79,67,59,Active
"February 20, 2026",615485b9-c93f-4237-a29f-ea11ee29b6b4,2841897583,Final_Activation,Satish Travels,Satish,7742007404,Rajasthan,Alwar,RJ14PG5565,Manish Bathi,0,0,0,0,0,0,37,152,147,165,176,203,120,209,159,156,167,121,41,178,152,62,0,144,109,87,140,143,66,125,Orange
"February 20, 2026",f4ec178f-a4f6-4abb-8df2-8440152542b0,2841285829,Final_Activation,Kaushal Bus Service,Anish Kaushal,9418088248,Himachal Pradesh,Naina Devi,HP691924,Harish Verma,27,61,93,43,122,98,52,77,0,57,54,118,85,34,47,43,57,35,119,31,48,42,46,44,40,69,48,59,57,72,Active
"February 20, 2026",8abf88d6-519a-4c18-9633-845ffa13e1f3,2841895511,Final_Activation,Pragati Travels,Peera Ram,9460831613,Rajasthan,Barmer,RJ14PD0625,Chuna Ram,43,78,78,91,79,80,87,77,68,85,83,66,58,0,74,83,90,90,0,20,0,59,105,100,90,96,72,83,69,100,Active
"February 20, 2026",53cb40a4-108d-4a55-94c7-6a6488b19d4c,2841156550,Final_Activation,MH Transport Company Regd,MH Transport Company Regd,9464177030,Punjab,Barnala,PB13BG1555,Rajat Sharma,0,0,0,0,0,0,0,0,0,0,0,0,0,0,0,0,0,0,0,0,0,0,0,0,0,0,0,0,0,0,Red
"February 20, 2026",15efe381-2ea1-4755-9701-14b407343777,2841886161,Final_Activation,Toofan Deluxe,Mukti Nath,9110196829,Bihar,Begusarai,BR01PC6737,Sonu Mishra,29,85,88,66,129,99,88,82,82,86,86,70,76,80,85,69,81,64,73,101,79,80,97,75,83,54,71,84,58,99,Active
"February 19, 2026",a4d32b70-78cc-4380-b7c8-de1aa347c488,2840699484,Final_Activation,N T,Kanwarpal Singh,9914966134,Punjab,Muktsar,PB04AA9737,Rajiv Kumar,103,234,237,217,188,209,232,209,195,250,221,231,219,238,261,235,215,238,187,238,161,216,218,350,253,0,2,0,93,209,Active
"February 19, 2026",dee430d0-4d64-4ea7-a5f4-b97a0da116a4,2841568898,Final_Activation,N T,Kanwarpal Singh,9914966134,Punjab,Muktsar,PB04AD5873,Rajiv Kumar,26,139,112,106,139,143,157,120,148,147,135,162,152,139,160,207,99,164,180,89,145,152,221,125,153,80,159,127,167,116,Active
"February 19, 2026",a285ecde-1405-4c49-a9d6-26081ff500de,TJ7524BC20741,Final_Activation,Bara Travels,Gurjeet Singh Bains,9460857923,Rajasthan,Ganganagar,RJ13PA9838,Arshdeep Singh,0,134,165,138,81,133,178,83,117,141,134,76,124,133,152,136,141,148,93,97,129,110,100,122,122,55,123,119,120,135,Active
"February 19, 2026",07ad95b1-ec92-4c43-a234-575c7fe7800a,2841905393,Final_Activation,Rana Bus Service,Virender Singh,9805133405,Himachal Pradesh,Chamba,,Dummy HImachal Pradesh,0,0,0,0,0,0,0,0,0,0,0,0,0,0,0,0,0,0,0,0,0,0,0,0,0,0,0,0,0,75,Red
"February 18, 2026",27d5d035-627d-43d9-be65-34dac36dd789,2841568895,Final_Activation,Birbal Bus Service,Birbal Singh,9781449422,Punjab,Bathinda,PB13BS3265,Dummy Punjab,152,259,482,512,170,403,261,458,310,360,268,198,236,407,390,261,382,303,356,284,300,207,266,242,277,164,261,340,288,292,Active
"February 18, 2026",4524ace9-fc19-4776-b472-d2d917fe745d,2841897585,Final_Activation,Vinod Bus Service,Vinod Kumar,7340536588,Rajasthan,Sri gnaganagar,RJ07PA3085,Arshdeep Singh,0,192,389,358,346,376,387,392,398,276,311,152,332,250,309,302,397,151,279,334,281,353,373,395,371,340,304,292,334,211,Active
"February 18, 2026",f3f8ef1a-f7df-4613-b78d-510679971dfb,2841897580,Final_Activation,Ankita Tour And Travel,Praveen Kumar,8949015501,Rajasthan,Alwar,RJ02PB4065,Hira Lal,0,30,101,92,96,31,102,94,71,107,99,85,84,58,35,86,119,103,68,110,75,81,83,82,45,34,68,93,93,91,Active
"February 18, 2026",61d791ad-9703-47e7-929e-f3ae90f90a24,2841568893,Final_Activation,Birbal Bus Service,Birbal Singh,9781449422,Punjab,Bathinda,PB03AP1665,Dummy Punjab,165,315,165,469,195,360,315,248,194,0,0,0,0,0,0,313,340,317,223,281,308,251,237,210,264,190,225,274,330,286,Active
"February 17, 2026",45165704-358f-4388-bd50-3e56fb324f77,2841896075,Final_Activation,City Bus Service,Deepanshu,7303362141,Uttar Pradesh,Gautam Buddha Nagar dadri,UP16BT5572,Rahul,0,0,0,0,0,0,0,0,0,0,0,0,0,0,0,0,0,0,0,0,0,0,0,0,0,0,0,0,0,0,Red
"February 17, 2026",5162f0e9-9e42-48b9-913d-2548bf465faa,2841905251,Final_Activation,S K Travlers,Satish kumar,9355410691,Haryana,Jhajjar,,Amit Kumar,0,0,0,0,0,0,0,0,111,161,100,271,287,260,125,296,371,396,0,125,299,0,240,252,385,381,379,412,323,374,Orange
"February 16, 2026",22b2f325-db3a-41da-90db-78aaea3bcdd1,2841517830,Final_Activation,MH Transport Company Regd,MH Transport Company Regd,9464177030,Punjab,Barnala,PB13BH7451,Rajat Sharma,0,0,0,0,0,0,0,0,0,0,0,0,0,0,0,0,0,0,0,0,0,0,0,0,0,0,0,0,0,0,Red
"February 16, 2026",99482cb1-c0de-4393-9665-63026b436d42,2841519303,Final_Activation,MH Transport Company Regd,MH Transport Company Regd,9464177030,Punjab,Barnala,PB03AF3578,Rajat Sharma,0,0,0,0,0,0,0,0,0,0,0,0,0,0,0,0,0,0,0,0,0,0,0,0,0,0,0,0,0,0,Red
"February 16, 2026",7f953c06-3508-481a-8491-65ca4adc8770,2841512880,Final_Activation,MH Transport Company Regd,MH Transport Company Regd,9464177030,Punjab,Barnala,PB19H9382,Rajat Sharma,0,0,0,0,0,0,0,0,0,0,0,0,0,0,0,0,0,0,0,0,0,0,0,0,0,0,0,0,0,0,Red
"February 16, 2026",d46dbaef-80d5-4ab1-bb57-98ca5b7e6f73,2841519284,Final_Activation,MH Transport Company Regd,MH Transport Company Regd,9464177030,Punjab,Barnala,PB29X0676,Rajat Sharma,0,0,0,0,0,0,0,0,0,0,0,0,0,0,0,0,0,0,0,0,0,0,0,0,0,0,0,0,0,0,Red
"February 16, 2026",aa9ac6f7-55f2-436c-9c26-21783aa4eced,2841905244,Final_Activation,Kalgidhar Bus Service,Jashandeep singh,9478100175,Punjab,Moga,PB31J6981,Harpreet Singh,1,212,193,0,162,1,228,230,213,214,0,0,227,309,253,255,258,269,164,221,256,237,222,208,242,0,222,228,233,288,Active
"February 16, 2026",e65cdc07-c7c0-4591-bcc5-ccc86c3f8d30,2841887416,Final_Activation,Choudhary travels,Sunil Choudhary,7426936914,Rajasthan,Bikaner,,Rakesh,0,75,57,51,72,28,56,52,31,53,51,51,68,81,57,51,53,74,68,71,78,72,56,70,64,51,66,79,78,66,Active
"February 16, 2026",938ff744-0b8f-4aee-a72e-4ab8dd958a7d,2841905254,Final_Activation,NEW PREM BUS SERVICE,Pawan Kumar,9736176255,Himachal Pradesh,Kangra,HP681545,Mohan,17,111,97,97,101,0,0,0,0,0,0,0,0,0,0,0,0,0,0,0,0,0,0,0,23,179,118,212,158,228,Active
"February 16, 2026",a643e998-3a0e-4be0-9f3d-e314d248c6d3,2841895505,Final_Activation,Harsana,Shakti Harsana,7877243787,Rajasthan,Karauli,RJ29PA2443,Rakesh,0,74,84,0,0,0,0,39,0,138,116,129,101,83,70,168,144,120,76,29,131,150,139,137,79,0,17,80,127,45,Active
"February 16, 2026",75690b09-98c3-4ef1-b971-d02e4686d7cd,2841895499,Final_Activation,Harsana,Shakti Harsana,7877243787,Rajasthan,Karauli,RJ25PA1970,Rakesh,0,113,0,0,105,37,119,114,85,93,126,34,91,0,0,0,0,0,0,13,38,0,61,87,0,0,67,66,8,0,Active
"February 16, 2026",3b8afe12-720b-4461-be7c-4d99de96ba49,2841286575,Final_Activation,MH Transport Company Regd,MH Transport Company Regd,9464177030,Punjab,Barnala,PB13BN7255,Rajat Sharma,0,0,0,0,0,0,0,0,0,0,0,0,0,0,0,0,0,0,0,0,0,0,0,0,0,0,0,0,0,0,Red
"February 16, 2026",684ea135-fc94-47fb-b920-50a0f0b9c811,2841897918,Final_Activation,Pinky Travels,Ram gopal,9983836415,Rajasthan,Bikaner,,,188,291,304,314,281,296,270,275,307,279,285,245,290,290,308,281,299,315,236,319,333,286,315,304,299,255,252,327,370,310,Active
"February 14, 2026",2d9715b0-6a02-4e6f-8bc1-c8cbd2eadcd9,2841900916,Final_Activation,Jitendra Travels,Jitander Singh,9784950111,Rajasthan,Bikaner,RJ07PA3777,Manish Bathi,0,0,0,0,0,100,140,130,71,120,116,78,122,132,168,123,147,174,151,153,157,103,127,105,156,119,122,140,143,0,Orange
"February 13, 2026",e0a3604e-070d-4de0-a74e-a427c46c6753,2841905245,Final_Activation,NEW PREM BUS SERVICE,Pawan Kumar,9736176255,Himachal Pradesh,Kangra,HP68A0121,Mohan,36,38,0,61,111,38,0,64,119,48,0,0,54,75,51,0,60,107,42,0,68,91,44,0,28,12,60,0,49,65,Active
"February 13, 2026",f381d0ec-10b6-40f2-9464-a52feca932a7,2841779989,Final_Activation,Gill Moters,Baljinder kaur,7355100668,Punjab,moga,,Rajiv Kumar,37,88,118,137,0,92,161,138,175,137,171,0,137,168,157,171,165,167,0,150,162,90,106,125,175,0,89,182,148,219,Active
"February 13, 2026",2f7e0265-df8a-446a-b3b4-490ac9fad087,2841886158,Final_Activation,Toofan Deluxe,Mukti Nath,9110196829,Bihar,Begusarai,BR09PA2883,Sonu Mishra,0,45,0,0,0,0,0,0,0,0,0,0,0,0,0,0,0,0,0,0,0,0,0,0,0,0,0,0,0,0,Active
"February 13, 2026",ee199524-6b0c-467f-b41c-b9bbd51ed037,2841900907,Final_Activation,Mansahia Travels,Raghbir Singh Mansahia,9417094873,Punjab,Mansa,PB03BL3958,Surinder Singh,130,313,304,407,228,299,337,323,337,344,344,278,296,336,360,339,378,359,235,316,341,282,230,225,334,188,285,299,319,309,Active
"February 13, 2026",98f9d42d-529c-4163-b593-455b629740b6,2841897588,Final_Activation,Buttar Bus,Bhagwant Singh,9815199586,Punjab,Shri muktsar sahib,PB04AG8614,Rajiv Kumar,105,238,188,267,145,140,263,230,179,299,232,125,275,254,141,303,267,182,180,268,187,179,276,179,258,163,254,269,319,193,Active
"February 13, 2026",dc0707d3-5060-4f06-ab47-411aae917ae0,2841509964,Final_Activation,Hardyal Singh Gill,Hardyal Singh Gill,9700007631,Punjab,Moga,PB13BE8281,Rajiv Kumar,126,254,272,153,177,192,190,225,250,265,312,222,225,304,255,74,290,248,268,213,223,193,69,239,284,215,217,240,275,241,Active
"February 13, 2026",7b8a6d2f-c5c6-47e9-a4ed-23a473e41f98,2841887890,Final_Activation,Toofan Deluxe,Mukti Nath,9110196829,Bihar,Begusarai,BR09PA9189,Sonu Mishra,37,89,120,97,106,110,124,125,125,98,78,93,0,87,98,101,133,123,95,116,116,85,109,132,120,157,116,125,93,95,Active
"February 13, 2026",565c95e3-df45-485d-b9e4-4814edc41dbb,2841900919,Final_Activation,Gill Moters,Baljinder kaur,7355100668,Punjab,moga,PB02BR9144,Rajiv Kumar,0,0,135,195,161,0,89,173,163,99,168,174,134,180,178,141,146,186,133,157,168,156,155,128,163,145,136,145,167,178,Active
"February 13, 2026",2fac49b5-d76d-4dcb-a93c-cf0e6126bc26,2841900908,Final_Activation,Sanjana Travels,Sanjana Kanwar,9352656959,Rajasthan,Tonk,RJ18PA8025,Manish Bathi,0,0,0,0,0,42,115,94,106,114,0,0,127,109,123,125,108,98,0,137,127,110,131,129,123,109,108,123,67,106,Orange
"February 12, 2026",e8115ece-4acd-4ee9-a84b-aa047931c52b,2841897586,Final_Activation,NEW PREM BUS SERVICE,Pawan Kumar,9736176255,Himachal Pradesh,Kangra,HP683635,Mohan,0,0,0,0,0,0,0,0,86,0,0,17,72,112,0,50,0,36,0,0,0,0,0,0,0,0,0,0,0,0,Orange
"February 12, 2026",1d5a60d3-e921-444c-81b0-e14d0d844af3,2841898728,Final_Activation,Saran Travels,Dama Ram,9257497022,Rajasthan,Barmer,RJ19PB1761,Chuna Ram,0,0,0,0,0,0,0,0,0,0,0,0,0,0,0,0,0,0,0,0,0,0,0,0,1,16,35,21,27,18,Red
"February 12, 2026",29f7c319-02bd-4d06-8376-c641319c9d61,2841900909,Final_Activation,Rana Bus Service,Sanjeev Rana,9816326707,Himachal Pradesh,Amb,HP72A6247,Harish Verma,68,191,163,224,100,190,212,205,219,244,187,164,157,126,0,114,132,215,120,146,219,146,205,210,231,0,206,241,228,201,Active
"February 11, 2026",2f003f6f-b045-40b2-8b7b-32c351e013c9,2841905258,Final_Activation,Dhillon Bus,Dharmjit singh,9417229866,Punjab,Bathinda,PB03AC5248,Rajiv Kumar,0,0,0,0,0,0,0,0,0,0,0,0,0,0,0,0,0,0,0,0,0,0,0,0,0,0,0,0,0,0,Red
"February 11, 2026",bdfe5b94-7a72-4564-8913-6602f437c6e4,2841887428,Final_Activation,Piyer Bus,Gurbir Singh,9855453155,Punjab,Gurdaspur,PB02BH9812,Nitin Kumar Yadav,0,0,0,0,0,0,0,0,0,0,0,0,0,0,0,0,0,0,0,0,0,0,0,0,0,0,0,0,0,0,Red
"February 11, 2026",c75c937a-bacb-4796-ab5d-544d1bd8fc93,2841892694,Final_Activation,Piyer Bus,Gurbir Singh,9855453155,Punjab,Gurdaspur,PB02CR8473,Nitin Kumar Yadav,0,0,0,0,0,0,0,0,0,0,0,0,0,0,0,0,0,0,0,0,0,0,0,0,0,0,0,0,0,0,Red
"February 11, 2026",dbc49788-da36-4948-ade3-0ce842c944ab,2841898731,Final_Activation,Anuj Travels,Anuj Kumar,8854810101,Rajasthan,Karoli,RJ14PC2617,Manish Bathi,0,0,0,0,0,0,0,0,0,0,0,0,0,0,0,0,0,0,0,0,0,0,0,0,0,0,0,0,0,0,Red
"February 11, 2026",d1691c97-f32e-4994-88de-0869533b9a2c,2841898735,Final_Activation,Suresh Travels,Suresh Kumar choudhary,9636740442,Rajasthan,Jaipur,,Pavan Kumar Bhatt,0,0,0,0,0,0,0,0,0,0,0,0,0,0,0,0,0,0,0,0,0,0,0,0,0,0,0,0,0,0,Red
"February 10, 2026",a023c044-9f75-44ca-a771-7b4004b5d069,2841895916,Final_Activation,Brij Mohan Bedi,Brij Mohan Bedi,9816896555,Himachal Pradesh,Narwana,HP682925,Mohan,0,119,103,93,106,68,120,86,95,96,109,80,56,83,87,83,114,93,102,88,93,77,81,82,0,0,83,95,91,96,Active
"February 10, 2026",6f83abc8-4d51-45be-8fa6-d230965ba84b,2841918244,Final_Activation,Brij Mohan Bedi,Brij Mohan Bedi,9816896555,Himachal Pradesh,Narwana,HP68B8555,Mohan,0,55,98,87,60,72,79,95,97,90,95,100,91,106,92,90,100,116,87,99,87,68,102,72,105,76,95,0,10,84,Active
"February 10, 2026",d2586f66-21c4-4ab9-ad16-8b4209ff40d9,2841895915,Final_Activation,Brij Mohan Bedi,Brij Mohan Bedi,9816896555,Himachal Pradesh,Narwana,HP68C8555,Mohan,55,229,26,0,0,0,0,0,0,2,0,0,5,0,2,0,8,0,0,0,0,0,0,0,0,3,2,0,0,0,Active
"February 10, 2026",f6993651-16f1-47cc-b10c-8d7d0bacb877,2841589603,Final_Activation,Jhunir Bus Mansa,Dasrath Rai,6283600031,Punjab,Mansa,PB31J6505,Surinder Singh,120,340,367,372,303,291,475,415,468,433,447,386,407,471,417,434,462,428,404,398,383,438,479,306,391,295,362,456,446,453,Active
"February 10, 2026",61313184-4015-4fcd-afe7-1ee5b31c953a,2841897591,Final_Activation,Gulshan Bus Service,Harshdeep,9877709920,Punjab,Fazilka,RJ13PA9885,Harpreet Singh,156,444,507,511,316,187,481,353,358,228,248,264,245,295,296,312,300,319,356,316,289,342,319,224,316,292,332,342,361,396,Active
"February 9, 2026",5ad501c1-e219-4180-8105-6d80e55f9420,2841898732,Final_Activation,Jhala & Bishnoi,Vikram ji,9928028020,Rajasthan,Bikaner,RJ07PB2647,Manish Bathi,0,63,41,51,0,0,18,51,58,64,77,82,84,100,28,94,120,52,54,68,37,74,100,107,102,25,46,100,93,95,Active
"February 9, 2026",61a904e5-6cda-4354-90e5-7b516a9d3bea,2841900906,Final_Activation,Anmol bus,Guljeet Singh,9803723464,Punjab,Mansa,PB19E4825,Surinder Singh,89,209,205,290,179,207,194,240,211,256,253,186,184,230,221,222,214,218,199,197,197,171,156,167,199,145,159,204,193,232,Active
"February 9, 2026",55ed7e9b-150b-4386-95ca-fe61712ba095,2841286488,Final_Activation,NEW PREM BUS SERVICE,Pawan Kumar,9736176255,Himachal Pradesh,Kangra,HP68A0315,Mohan,0,0,0,0,0,0,0,0,111,233,240,236,268,250,260,283,257,269,211,270,180,219,215,159,227,25,91,0,0,0,Orange
"February 9, 2026",6a1ca2e5-38db-4d11-a510-4de0f51c99ca,2841895504,Final_Activation,Kartik Bus Service,Hira Lal,9416727377,Haryana,Sirsa,HR62A9483,Raman,0,282,332,371,250,321,343,302,156,260,328,108,329,285,304,316,385,354,266,279,294,248,278,325,312,239,277,322,310,112,Active
"February 9, 2026",a8b7f079-0ed6-4055-b972-89c5d74d991f,2840805982,Final_Activation,NEW PREM BUS SERVICE,Pawan Kumar,9736176255,Himachal Pradesh,Kangra,HP68B0119,Mohan,0,139,182,164,135,149,167,171,187,175,158,120,147,103,129,123,77,114,82,101,128,94,127,125,133,106,120,101,140,145,Active
"February 9, 2026",44281ea6-af97-45b5-961a-b165ca657c94,2841286293,Final_Activation,NEW PREM BUS SERVICE,Pawan Kumar,9736176255,Himachal Pradesh,Kangra,HP685959,Mohan,0,130,123,150,103,99,126,140,155,164,121,123,90,146,125,128,177,178,100,131,0,0,0,77,95,95,159,120,113,109,Active
"February 9, 2026",7f95f421-46b1-4978-a47a-b86d308e19f3,2841901720,Final_Activation,Gulshan Bus Service,Harshdeep,9877709920,Punjab,Fazilka,RJ13PA9177,Harpreet Singh,282,500,557,481,448,516,418,292,520,322,273,0,0,0,558,618,564,547,497,530,544,572,558,516,542,505,538,519,687,557,Active
"February 9, 2026",0aaab548-4dd0-480f-ac6a-86508747ef37,2841887431,Final_Activation,Radhika Bus Service,Rakesh Kumar,8261811004,Himachal Pradesh,Mandi,HP31C8626,Ajay Sharma,59,134,153,66,0,106,200,196,152,220,156,0,0,161,35,0,0,0,0,0,0,0,0,0,0,0,165,0,0,0,Active
"February 8, 2026",04a70e44-507e-4b09-8f8b-c3b458556b0d,2841886167,Final_Activation,Kautilya Travels,Diwakar Kumar,9431659166,Bihar,Purnea,BR11PC7429,Sonu Mishra,84,220,208,215,162,218,241,227,249,211,178,193,176,159,150,187,199,181,150,154,129,124,201,233,167,138,201,234,149,205,Active
"February 7, 2026",2cf730c1-8f63-4d63-8e4e-154b1f471008,2841905397,Final_Activation,Kaveri Bus Service,Naveen Bhardwaj,9817374156,Himachal Pradesh,Bilaspur,HP695131,Rahul Kumar Uppal,0,0,0,0,0,0,0,0,0,0,0,0,0,0,0,0,0,0,0,0,0,0,0,0,0,0,0,0,0,0,Red
"February 7, 2026",43807ec7-9209-4e62-88d3-76b1510bfd0a,2841895931,Final_Activation,PATIALA Highway,Jaswant Singh,8802100092,Punjab,Mansa,PB11CV2425,Deepak,0,0,0,0,0,0,112,152,102,47,156,98,115,55,117,170,117,112,108,112,75,189,157,64,104,189,154,106,93,96,Orange
"February 7, 2026",63d6f907-4f81-46c8-9db1-aa9fceb860f0,2841898737,Final_Activation,Bishnoi Travels,Ram Niwas Bishnoi,9462229812,Rajasthan,Ganganagar,RJ07PA6317,Manish Bathi,0,146,96,185,100,141,102,149,105,112,122,118,105,158,121,151,120,144,102,127,92,129,116,159,148,118,97,104,125,127,Active
"February 7, 2026",b7dc0811-4025-4de5-9985-47bd0419a8d7,2841898734,Final_Activation,Aman Travels,Aman Singh,6376360957,Rajasthan,Karoli,RJ25PA2784,Manish Bathi,78,133,81,0,65,202,175,177,164,142,174,155,188,163,185,163,178,176,198,206,175,159,213,252,228,144,143,196,169,190,Active
"February 7, 2026",9150c181-4f55-49c2-9e94-d2738a12f5d4,2841895497,Final_Activation,Bhullar Bus Service,Gagandeep Singh,9465516455,Punjab,Fazilka,PB05AR2392,Harpreet Singh,230,543,591,566,430,468,691,586,723,550,630,431,524,613,627,561,634,625,405,493,517,503,558,393,622,399,596,576,543,569,Active
"February 7, 2026",e1619db7-0d3c-4d72-ae4b-a8115959294f,2841895930,Final_Activation,NEW PREM BUS SERVICE,Pawan Kumar,9736176255,Himachal Pradesh,Kangra,HP63A6565,Mohan,0,0,0,0,0,0,0,0,0,0,0,0,0,0,0,2,0,0,0,0,0,0,0,0,0,0,0,0,0,0,Red
"February 7, 2026",3da1b736-47e8-4e47-9001-b4b782e22211,2841886169,Final_Activation,Butter Bus,Raghwant Singh,9463038994,Punjab,Sri Muktar Sahib,PB30R0586,Rajiv Kumar,73,211,337,265,0,153,266,230,265,271,324,0,291,329,251,328,306,256,67,269,261,201,296,305,295,0,293,288,290,301,Active
"February 6, 2026",cecd2d39-d403-4d24-a571-f644c175054a,2841905382,Final_Activation,Chudeshwar Travels,Shayam Lal,8219562212,Himachal Pradesh,Sirmaur,HP17B6786,Nitin Kumar,61,162,177,177,0,139,211,172,126,125,31,0,115,39,199,136,179,115,0,142,187,0,178,196,187,0,182,181,165,184,Active
"February 6, 2026",66ad6c0d-84a2-4955-89d4-ef86225a85fd,2841905386,Final_Activation,Kashyap Bus Service,Ashok Kumar,8544764308,Himachal Pradesh,Bilaspur,HP68A2284,Rahul Kumar Uppal,0,0,0,0,0,0,0,0,0,0,0,0,0,0,0,0,0,0,0,0,0,0,0,0,0,0,0,0,0,0,Red
"February 6, 2026",88ee60ae-0572-41f8-a942-ae54236ec8a2,2841886170,Final_Activation,Sheoran Express,Sanjay kumar,9813743777,Haryana,Bhiwani,HR39E5389,Amit Kumar,0,159,199,242,123,160,216,165,176,176,199,168,178,165,142,145,195,211,126,178,164,0,172,158,244,127,141,140,136,162,Active
"February 6, 2026",970523ed-4daf-4c82-b6af-11b29c913548,2841899299,Final_Activation,Sidhu Transport,Swaranjit Singh,9814445484,Punjab,Bathinda,PB05Y5609,Surinder Singh,97,282,290,387,225,289,294,248,251,256,250,263,284,276,262,280,285,281,262,281,282,232,210,0,288,188,282,249,255,272,Active
"February 6, 2026",1d1bde38-4660-4524-a06e-4fa40862da06,2841898722,Final_Activation,Mahendra Travels,Mahendra Singh,8955719398,Rajasthan,Churu,NL07B1011,Manish Bathi,0,0,0,0,0,0,0,0,0,0,0,0,0,0,0,0,0,0,0,0,0,0,0,0,0,0,0,0,0,0,Red
"February 5, 2026",3a375680-5976-4dd0-abea-44740cb43b70,2841905390,Final_Activation,Chauhan Bus Service,Rajender Singh,8580565200,Himachal Pradesh,Sirmour,HP711492,Ajay Sharma,0,142,115,192,107,118,159,154,129,158,164,158,163,149,163,169,156,195,162,189,163,139,0,110,188,157,159,117,157,145,Active
"February 5, 2026",dc63cc71-e105-4386-98dc-25ccbb5957cd,2841899283,Final_Activation,Kochar Bus Service,Prince Kochar,9414033061,Rajasthan,ganaganagar,RJ13PA5117,Arshdeep Singh,72,175,76,206,121,94,174,0,0,0,0,143,155,150,164,164,159,159,132,172,162,150,163,174,184,136,145,165,180,166,Active
"February 5, 2026",787e39ef-0952-417d-982e-5ecd48f481b2,2842144647,Final_Activation,Chauhan Bus Service,Rajender Singh,8580565200,Himachal Pradesh,Sirmour,HP711493,Ajay Sharma,0,164,193,251,158,173,214,181,173,195,191,158,207,180,164,141,0,0,0,0,0,0,0,0,0,0,0,0,0,0,Active
"February 5, 2026",85781adc-6cef-4746-bc6b-d4f9c93eae8f,2841886171,Final_Activation,Baljinder Singh Travels,Baljinder Singh,8268630003,Punjab,Bathinda,PB03AC9309,Rajiv Kumar,137,313,347,352,66,305,325,318,295,269,301,281,202,288,299,271,310,323,254,280,243,240,202,35,257,171,258,313,354,151,Active
"February 5, 2026",31845bd0-6ff3-4357-875b-f391d5d7d681,2841154729,Final_Activation,Sandhya Travels,Sanjay Agarwal,8823821823,Madhya Pradesh,Rajgarh,MP13P0710,Yogesh Sahu,63,168,220,200,118,200,190,165,186,182,182,67,49,87,50,0,0,0,0,1,0,0,0,0,0,0,0,0,0,0,Active
"February 5, 2026",8cc3aaae-2dd8-4463-939a-3dbfd2cf3969,2841920023,Final_Activation,Bhullar Bus Service,Gagandeep Singh,9465516455,Punjab,Fazilka,PB22H9090,Harpreet Singh,0,146,198,363,425,426,141,182,147,161,179,153,159,146,0,137,182,188,1,0,0,0,0,0,0,0,0,81,346,235,Active
"February 5, 2026",afce75c7-bd9a-477c-94c1-abbe67900bf1,2841887427,Final_Activation,Baljinder Singh Travels,Baljinder Singh,8268630003,Punjab,Bathinda,PB03AC9957,Rajiv Kumar,166,396,492,485,312,469,444,520,510,525,519,449,392,490,499,537,532,560,412,486,513,422,484,258,336,200,258,257,297,301,Active
"February 5, 2026",7f9d026a-9b25-4c17-b510-1fb3f9c1e1f8,2841898738,Final_Activation,Baljinder Singh Travels,Baljinder Singh,8268630003,Punjab,Bathinda,PB03AC5596,Rajiv Kumar,87,249,0,280,197,262,121,262,309,262,209,112,246,257,264,309,211,282,164,210,208,213,232,196,251,146,225,253,234,256,Active
"February 4, 2026",cc01e009-b921-47de-abb1-2f05269a5080,2841898739,Final_Activation,R.K Travels,Arif Khan,9887895235,Rajasthan,Ajmer,RJ01PA7546,Rakesh,0,0,0,2,0,0,7,0,0,2,3,0,5,0,0,0,0,3,0,1,0,0,35,28,0,0,0,0,0,0,Active
"February 4, 2026",3abbae85-2c2d-4ddb-8266-8c878fcd5b98,2841741028,Final_Activation,Baba Kahla Ji Tpt. Co.,Abhilasha,9914300395,Punjab,Sangrur,PB13BR9995,Deepak,0,52,170,188,0,183,195,170,199,152,184,0,126,150,180,196,255,173,0,80,162,127,164,35,177,0,142,190,191,227,Active
"February 4, 2026",2dd18495-86d4-4604-921a-efc9c62c0adc,2841886152,Final_Activation,Sundram Travels,Kumar Raj,6207923861,Bihar,Purnia,BR11PC8637,Sonu Mishra,0,0,0,0,0,0,0,0,0,0,0,0,0,0,0,0,0,0,0,0,0,0,0,0,0,0,0,0,0,0,Red
"February 4, 2026",1ce5b493-b5d7-4701-9ac9-d5748156a564,2841886163,Final_Activation,Aadarniya Travels,Dharmin Bai Dewangan,9907165341,Chhattisgarh,Balodabazar,CG06HE5939,Jayant Latare,0,0,0,0,0,0,0,0,0,0,0,0,0,0,0,0,0,0,0,0,0,0,0,0,0,0,0,0,0,0,Red
"February 4, 2026",5315fdaf-6e35-4262-9a27-f512dcd63005,2841286938,Final_Activation,Friends Bus Service,Anil Kumar,7018853661,Himachal Pradesh,Shimla,HP64A0606,Nitin Kumar,69,156,199,166,57,97,138,131,151,132,177,152,159,157,195,183,129,199,116,84,199,35,135,129,169,117,189,186,155,178,Active
"February 4, 2026",b12164fe-348d-429f-b802-944c908dcb3c,2841917821,Final_Activation,Kartars Bus Service,Tajinder Singh,9463709691,Punjab,Dasuya,PB07CK1391,Dummy Punjab,84,242,273,341,213,242,265,275,289,253,321,205,242,244,279,298,280,309,266,240,308,247,271,283,314,186,303,254,300,289,Active
"February 3, 2026",f5b32795-05a5-4b14-a9c8-0cfd8c7d0706,2841918243,Final_Activation,Paris Bus Service,Vinod,9541310029,Haryana,Hisar,HR62A0048,amitkumar,59,231,239,301,193,277,274,251,254,231,280,198,257,261,275,253,282,275,213,244,214,231,223,256,254,246,211,202,170,203,Active
"February 3, 2026",d77f4d66-51cc-4599-938d-83d02ca240c9,2841901721,Final_Activation,Maha Laxmi Bus Service,Shaweta Devi,6230491968,Himachal Pradesh,Una,HP72A1489,Harish Verma,113,0,0,24,0,149,170,209,187,191,127,87,182,164,128,172,185,194,100,153,185,151,170,163,200,136,167,92,77,84,Active
"February 3, 2026",7f971482-c6c5-4933-9760-d6c8974c1d0e,2841886153,Final_Activation,Aadarniya Travels,Dharmin Bai Dewangan,9907165341,Chhattisgarh,Balodabazar,CG07E2288,Jayant Latare,0,0,0,0,0,0,0,0,0,0,0,0,0,0,0,0,0,0,0,0,0,0,0,0,0,0,0,0,0,0,Red
"February 3, 2026",734a4f65-2ba6-4543-89cb-8a66e0b02f2d,TJ7524BD20352,Final_Activation,Vivan Travels,Gaurav Kundlas,8130750510,Himachal Pradesh,Sirmaur,,Nitin Kumar,0,0,0,0,0,0,0,0,0,0,0,0,0,0,0,0,0,0,0,0,0,0,0,0,0,0,0,59,141,168,Red
"February 3, 2026",d6e449fb-ae36-47c7-bd88-5f970d61c965,2842133288,Final_Activation,Friends Bus Service,Anil Kumar,7018853661,Himachal Pradesh,Shimla,HP63C5641,Nitin Kumar,67,184,243,56,65,157,133,199,193,233,61,0,0,0,0,0,0,0,0,0,0,0,0,0,0,0,0,0,0,0,Active
"February 2, 2026",40f2d5a9-b983-4274-bb75-f267812c5587,2841905246,Final_Activation,Taaj Bus Service,Vikram Thakur,9805608827,Himachal Pradesh,Solan,HP14B5998,Rahul Kumar Uppal,0,23,28,47,8,20,13,6,7,11,8,38,39,24,13,33,33,35,30,29,34,19,0,10,28,44,30,28,32,27,Active
"February 1, 2026",c34b19ef-90d3-4ea4-95d0-b71ab5541781,2841286510,Final_Activation,Sameer Travels,Ajeet Krishan Madhaw,7992213485,Bihar,Purnia,BR11PC6965,Sonu Mishra,0,0,0,0,0,0,0,0,0,0,0,0,0,0,0,0,0,0,0,0,0,0,0,0,0,0,0,0,0,0,Red
"February 1, 2026",1efb52c9-f523-4226-b8c2-b9db4de89726,2842104461,Final_Activation,Sameer Travels,Ajeet Krishan Madhaw,7992213485,Bihar,Purnia,BR11PC6365,Sonu Mishra,0,0,0,0,0,0,0,0,0,0,0,0,0,0,0,0,0,0,0,0,0,0,0,0,0,0,0,0,0,0,Red
"February 1, 2026",9de1f1e1-2a14-4479-a941-547e07aef322,2841738779,Final_Activation,Sameer Travels,Ajeet Krishan Madhaw,7992213485,Bihar,Purnia,WB73G5313,Sonu Mishra,0,0,0,0,0,0,0,0,0,0,0,0,0,0,0,0,0,0,0,0,0,0,0,0,0,0,0,0,0,0,Red
"February 1, 2026",ccd13163-add2-431e-831a-4bb05e1e72e2,2841738771,Final_Activation,Sameer Travels,Ajeet Krishan Madhaw,7992213485,Bihar,Purnia,WB73G5013,Sonu Mishra,0,0,0,0,0,0,0,0,0,0,0,0,0,0,0,0,0,0,0,0,0,0,0,0,0,0,0,0,0,0,Red
"January 31, 2026",26811adc-5a54-44ce-b7a7-617eeb4e7a12,2841918253,Final_Activation,New Anjali,Pratap Chand,8894533448,Himachal Pradesh,Kullu,HP06A1520,Nitin Kumar,65,112,125,171,0,61,62,126,108,106,155,0,54,144,154,130,127,121,0,0,0,0,0,0,0,0,144,112,138,121,Active
"January 31, 2026",406419e8-f061-4913-b3e7-9adb540c9aed,2841895926,Final_Activation,Saini Motors,Karanveer Singh,9872819494,Punjab,Hoshiarpur,PB08CL9494,Rajesh Kumar,34,183,192,188,186,118,150,179,207,184,178,135,159,184,186,160,195,207,109,166,174,170,169,63,97,0,125,180,159,215,Active
"January 30, 2026",a2a83754-282c-4f0a-823c-2182adec0240,2841285969,Final_Activation,Mankotia Bus,Virender Singh,8894474099,Himachal Pradesh,Kangra,HP36E7999,Mohan,121,0,279,351,0,299,340,290,208,255,279,0,238,232,250,229,229,225,0,220,203,193,192,207,253,0,202,219,226,235,Active
"January 30, 2026",2a6f9c8f-4255-4a82-af14-59f640fc6ad0,2841898741,Final_Activation,Pratap Bus Service,Paratap Ray,6376024661,Rajasthan,Sri ganaganagar,RJ13PB0170,Arshdeep Singh,0,0,20,50,67,48,63,21,54,50,16,50,48,40,28,68,52,42,65,46,50,59,65,57,64,90,48,40,0,120,Active
"January 29, 2026",397dfe6e-49a7-4439-b4a5-01801ab18e9e,2841905388,Final_Activation,Mushtaq Travels,Mushtak Ahmed,8219928770,Himachal Pradesh,Chamba,HP73A2012,Karan Raina,0,0,0,0,0,0,0,0,0,0,0,0,0,0,0,0,0,0,0,0,0,0,0,0,0,0,0,0,0,0,Red
"January 28, 2026",457777bd-2301-4b57-8859-c32aaa2173e7,2841899286,Final_Activation,Mahaveer Bus Service,Mahaveer Parsad,7737460361,Rajasthan,Sri ganganagar,RJ13PA8598,Arshdeep Singh,0,226,202,238,92,171,171,222,238,243,239,158,228,244,236,115,0,0,0,0,0,0,0,0,70,52,224,230,222,252,Active
"January 28, 2026",7aee0b7d-2727-4663-b280-ea2493562b75,2841771525,Final_Activation,Ghuman Bus,Dayakaran Singh,9814808841,Punjab,Sangrur,PB13BU4441,Deepak,103,197,181,239,177,205,193,243,215,261,223,0,266,214,218,207,229,289,177,205,141,64,152,93,200,0,193,173,195,175,Active
"January 28, 2026",a5e78519-26b4-476d-9eb2-ef46ad81c8b1,2841887424,Final_Activation,Shiv motor harry,Harpinder Harry,9814900395,Punjab,PATIALA,PB11DJ9895,Deepak,58,288,330,370,277,298,335,383,405,346,321,312,289,274,90,319,416,376,182,150,341,173,329,282,322,181,0,322,335,377,Active
"January 27, 2026",5afe9182-9747-4554-b236-1bff4d3ebc64,2841887418,Final_Activation,Kherki bus,Mohinder singh,9501200095,Punjab,PATIALA,PB13Y9765,Deepak,0,0,0,0,0,0,0,0,0,0,0,0,0,0,0,0,0,0,0,0,0,0,0,0,0,0,0,0,0,0,Red
"January 27, 2026",ae879b11-84d2-459a-bacf-52a6f356eb6c,2841899289,Final_Activation,Mahaveer Bus Service,Mahaveer Parsad,7737460361,Rajasthan,Sri ganganagar,RJ13PA9536,Arshdeep Singh,101,208,224,182,150,208,193,204,203,198,176,38,131,169,193,69,0,0,0,0,0,0,0,0,0,95,152,155,142,184,Active
"January 27, 2026",d7b94766-ec3c-442d-bf4f-3cc4cab17231,2841899288,Final_Activation,Saharan Travels,Surender Saharan,9413539805,Rajasthan,Ganganagar,RJ13PA6320,Arshdeep Singh,0,119,121,170,62,109,108,118,114,109,132,28,140,124,132,149,163,147,70,119,122,130,116,145,123,68,124,154,131,133,Active
"January 27, 2026",5fc571e8-8072-4215-9f0a-164bb386d450,TJ7524BK20743,Final_Activation,Mahaveer Bus Service,Mahaveer Parsad,7737460361,Rajasthan,Sri ganganagar,RJ31PA4977,Arshdeep Singh,89,154,241,219,0,134,181,207,232,206,231,85,168,191,150,118,0,0,0,0,0,0,0,0,0,0,203,182,194,226,Active
"January 27, 2026",76e74440-b2ce-4561-8d06-d8e71aab29df,2841917815,Final_Activation,B.Batala,Harinder Pal Singh,8725080080,Punjab,Batala,PB06BN9080,Nitin Kumar Yadav,50,235,260,301,255,213,133,236,106,223,223,240,265,242,259,214,205,298,270,104,246,227,237,215,265,261,237,254,228,319,Active
"January 27, 2026",3326555d-8fab-45b3-ac97-75692b5b3967,2841895928,Final_Activation,Jhunir bus,Gagandeep singh,8100000966,Punjab,Sangrur,PB11BY1521,Deepak,0,0,0,0,0,84,16,80,78,89,88,0,114,81,74,102,86,128,38,103,92,46,77,79,66,0,90,65,79,86,Orange
"January 27, 2026",7e579309-3cfd-4274-b804-f64a5b45cd6f,2841887888,Final_Activation,Arshad Travel,Arsad Pardhan,9813184285,Haryana,Gurgaon,HR55AD3693,Shubham Singh,0,0,0,0,0,0,0,0,0,0,0,0,0,0,0,0,0,0,0,0,0,0,0,0,0,0,0,0,0,0,Red
"January 26, 2026",816667d7-3c84-4351-bda6-2cdbc29ba58e,2841898724,Final_Activation,Sunil Travels,Sunil Jadam,9079967730,Rajasthan,Ajmer,RJ01PA7559,Pavan Kumar Bhatt,0,0,0,0,0,0,0,0,0,0,0,0,0,0,0,0,0,0,87,118,129,58,74,60,82,91,25,113,128,0,Red
"January 26, 2026",fb305b1d-38a2-497e-9f63-0fd04444ce75,2841898736,Final_Activation,Sunil Travels,Sunil Jadam,9079967730,Rajasthan,Ajmer,RJ01PA7555,Pavan Kumar Bhatt,0,28,0,0,0,0,0,0,0,0,0,0,0,60,137,25,72,169,57,136,141,123,133,102,158,116,73,0,0,68,Active
"January 26, 2026",52363e05-2bde-4371-953f-8aa9a7f08861,2841918254,Final_Activation,Mithri Bus Service,Suneetinder Singh,9215600447,Haryana,sirsa,HR57A1616,Amit Kumar,87,0,162,149,0,133,136,0,125,161,0,127,139,0,108,140,0,137,195,0,148,123,0,136,143,0,134,147,0,110,Active
"January 25, 2026",4c6cf2d3-3744-49ce-9d42-48545589ee53,2841892702,Final_Activation,GS Sodha,Narendra Singh,9929989044,Rajasthan,Koyalat,RJ07PB6027,Rakesh,0,63,97,113,80,84,93,105,63,93,98,70,70,80,68,83,102,101,83,82,74,81,89,51,0,0,0,0,0,0,Active
"January 24, 2026",83ad488f-d8d5-4f6f-9334-75c8a643430d,2841918251,Final_Activation,New Dev Yatra Tpt,RAHUL DEWAN,9311441717,Himachal Pradesh,Kangra,HP682966,Dummy HImachal Pradesh,0,0,0,0,0,0,0,0,0,0,0,0,0,0,0,0,0,0,0,0,0,0,0,0,0,0,0,0,0,0,Red
"January 24, 2026",127aa54a-817b-4d32-842f-4d5012059457,2841919256,Final_Activation,Rajpurohit Travels,Narpat Singh,9799214862,Rajasthan,Balotra,RJ39PA2694,Chuna Ram,0,0,0,0,0,0,0,0,0,0,0,0,0,0,0,0,0,0,0,0,0,0,0,0,0,0,0,0,0,0,Red
"January 24, 2026",6abbf447-074e-4d9e-b3d5-0a6e6f049afd,TJ75251622188,Final_Activation,Silu travles,Mukesh,6378475248,Rajasthan,Hanumangarh,,Rakesh,74,268,275,259,112,114,233,260,250,291,299,296,302,270,262,228,235,313,104,283,281,218,261,238,305,270,225,264,234,225,Active
"January 24, 2026",54dc828a-7891-49d7-9f85-4f1572713c0c,2841918248,Final_Activation,Avtar Bus Service,Gurtej Singh,7206690578,Haryana,sirsa,HR57A0071,Amit Kumar,145,413,432,504,363,435,490,0,419,476,483,0,436,465,463,455,521,488,111,0,455,373,378,452,448,222,365,0,473,350,Active
"January 24, 2026",805de464-8196-4eb8-9f3c-e8adbac3940c,2841917806,Final_Activation,Aman Bus Dhillon,Amandeep Singh,8000500039,Punjab,Patiala,PB11DN5871,Surinder Singh,66,182,240,219,137,235,239,206,249,253,223,160,197,179,223,190,298,230,83,199,206,182,191,177,199,138,227,201,344,214,Active
"January 23, 2026",c39584b5-5155-43af-9e50-f7692174a055,2841895495,Final_Activation,Guru Nanak Bus Service,Jatinder Singh,9501490778,Punjab,Ferozepur,PB03BN8225,Harpreet Singh,0,0,0,0,0,0,0,0,0,0,0,0,0,0,0,0,0,0,0,0,0,0,0,0,0,0,0,0,0,0,Red
"January 23, 2026",4dcdab5c-6876-4fcc-8c88-b0a35c0f6ba8,2841920024,Final_Activation,Jugraj Bus,Jugraj Singh,8446400006,Punjab,Tarn tarn,PB19F9607,Nitin Kumar Yadav,0,0,0,0,0,0,0,0,0,0,0,0,0,0,0,0,0,0,0,0,0,0,0,0,0,0,0,0,0,0,Red
"January 23, 2026",b1278128-e4d6-43fd-9f53-eb3ddb040309,2841917205,Final_Activation,Onkar Bus,Ajay Kumar,8219484026,Himachal Pradesh,Chamab,HP47A5084,Karan Raina,0,0,0,0,0,0,0,0,0,0,0,0,0,0,0,0,0,0,0,0,0,0,0,0,0,0,0,0,0,0,Red
"January 22, 2026",ce81b98f-ade7-4329-ab5a-c763631e1501,2841891653,Final_Activation,Jagat Bus Service,Jagat Ram,8091753300,Himachal Pradesh,Bilaspur,HP69A2717,Harish Verma,20,122,83,82,125,88,57,0,0,0,0,0,3,0,32,24,83,53,73,0,0,0,0,28,55,51,34,78,46,63,Active
"January 22, 2026",930a3f1e-687d-4817-bafc-b4eb7f68fe68,2841895508,Final_Activation,Dhillon Bus Service,Satnam Singh,9915723682,Punjab,Fazilka,PB05AT8700,Harpreet Singh,0,0,0,0,0,0,0,0,0,0,0,0,0,0,0,0,0,0,0,0,0,0,0,0,0,0,0,0,0,0,Red
"January 22, 2026",0f38a5b7-6306-4414-b61d-d8ec1e2c8daa,2841896080,Final_Activation,Choudhary Travels,Rakesh Choudhary,9929042864,Rajasthan,Ajmer,RJ42PA0940,Rakesh,0,0,0,0,0,0,0,0,0,0,0,0,0,0,0,0,0,0,0,0,0,0,0,0,0,0,0,0,0,0,Red
"January 22, 2026",96555d7b-e9e4-43fb-9fad-22dc683b53e1,2841738763,Final_Activation,No response,Surendra Singh,8302508191,Rajasthan,Tonk,,Manish Bathi,0,0,0,0,0,0,0,0,0,0,0,0,0,0,0,0,0,0,0,0,0,0,0,0,0,0,0,0,0,0,Red
"January 22, 2026",a25a465b-ac99-45bf-aa11-31023871f33e,2841286949,Final_Activation,Sobha Travels,Sumit Kumar,9430278574,Bihar,Katihar,BR11PA9429,Sonu Mishra,0,0,0,0,0,0,0,0,0,0,0,0,0,0,0,0,0,0,0,0,0,0,0,0,91,170,168,183,169,215,Red
"January 21, 2026",1122c853-a426-456b-aece-455e3575f752,TJ75252U20499,Final_Activation,Sodha Bus Service,Vikram Singh,9660956939,Rajasthan,Jaisalmer,RJ19PA4182A,Rakesh,0,0,0,0,0,0,0,0,0,0,0,0,0,0,0,0,45,22,0,0,0,0,0,0,0,0,0,0,0,0,Red
"January 21, 2026",73568e7e-3cb0-465a-9d6b-7be6191b9fdf,2841896076,Final_Activation,Khan Travels,Sahil,6375326576,Rajasthan,Bikaner,RJ07PB7442,Rakesh,0,43,84,94,69,68,93,84,79,66,75,74,68,77,81,73,86,87,63,92,0,0,0,0,0,0,0,0,0,0,Active
"January 20, 2026",b72d07cc-e4fd-4a71-8a70-6f5818bf8dfa,2841918250,Final_Activation,Baljinder Singh Travels,Baljinder Singh,8268630003,Punjab,Bathinda,PB03AJ2509,Rajiv Kumar,111,252,265,327,123,0,304,256,220,295,307,224,127,293,338,313,324,358,258,312,313,233,254,421,464,346,356,501,504,446,Active
"January 20, 2026",ef919e67-04ff-496d-87c2-c055ee5778d8,2841892693,Final_Activation,Suryavanshi Bus,Madan Lal,8580897435,Himachal Pradesh,Chamba,HP578555,Karan Raina,125,27,240,140,0,245,254,197,267,247,333,0,8,287,208,230,245,262,0,164,229,126,219,141,198,0,238,214,172,237,Active
"January 20, 2026",ea977ba8-bdc0-4faa-8453-5186e1fb8a93,2841892706,Final_Activation,Rajpurohit Travels,Narpat Singh,9799214862,Rajasthan,Balotra,RJ39PA2855,Chuna Ram,0,0,0,0,0,0,0,0,0,0,0,0,0,0,0,0,0,0,0,0,0,0,0,0,0,0,0,0,0,0,Red
"January 20, 2026",5a55e2d1-b17a-4fc1-95bd-de6ab85e0a74,2841896089,Final_Activation,Shankar Lal Travels,Shankar Lal,9571299699,Rajasthan,Ganganagar,,Rakesh,0,23,35,0,63,0,52,68,56,74,53,33,53,77,63,75,79,84,43,52,70,46,57,68,67,54,38,56,70,53,Active
"January 20, 2026",2552b119-c10d-49b3-86b6-7cac6bb04abf,2841887872,Final_Activation,BTC Travels,Manish Choudhary,6375456346,Rajasthan,Tonk,RJ13PA8545,Sunil Kumar,0,78,71,0,0,82,82,75,84,103,29,62,88,91,0,0,54,77,7,91,80,78,99,79,95,81,93,0,0,72,Active
"January 20, 2026",34915c03-483c-48ed-aa37-59d055aa9bc3,2841285452,Final_Activation,Yadav Bus Service,Monu yadav,9166859743,Rajasthan,Alwar,RJ32PA3611,Dummy Rajasthan,0,100,125,150,129,110,129,130,110,131,142,117,80,46,108,110,106,148,146,112,133,55,76,104,166,99,112,107,63,129,Active
"January 20, 2026",75833907-a35b-47c7-a4ec-b94f364362f9,2841918256,Final_Activation,Baljinder Singh Travels,Baljinder Singh,8268630003,Punjab,Bathinda,PB03AP3021,Rajiv Kumar,50,325,375,421,223,260,202,115,260,326,455,0,346,326,375,370,368,425,2,301,306,270,321,238,331,0,290,359,371,296,Active
"January 19, 2026",861ea2b9-9fc9-4e25-84a9-d0d221087bc5,2841894180,Final_Activation,Jan Piry Bus,Manish Kumar,9813231137,Haryana,Jhajjar,JAN 5,Rahul,146,125,372,386,306,330,0,360,0,0,0,270,450,289,393,0,0,0,0,0,0,0,6,0,0,0,0,0,0,0,Active
"January 19, 2026",005f570d-d6ac-4df5-8fea-6d935500a8d8,2841892696,Final_Activation,Choudhary Travels,Shankar Lal,9414767147,Rajasthan,GANGANAGAR,,Rakesh,0,0,0,0,0,0,0,0,0,0,0,0,0,0,0,0,0,0,0,0,0,0,0,0,0,0,0,0,0,0,Red
"January 19, 2026",3d157af2-9a58-4ea4-b27c-5ac4d5348833,2841895500,Final_Activation,Khalsa Bus,Rajiwinder Kaur,9855472048,Punjab,Batala,PB06BA9560,Nitin Kumar Yadav,0,0,0,0,0,0,0,0,0,0,0,0,0,0,0,0,0,0,0,0,0,0,0,0,0,0,0,0,0,0,Red
"January 19, 2026",66acf343-f550-40c5-b11d-34c92a1ee60e,2841892701,Final_Activation,Jan Piry Bus,Manish Kumar,9813231137,Haryana,Jhajjar,JAN 4,Rahul,0,0,0,0,0,0,0,0,339,425,374,0,0,0,9,0,0,0,0,0,0,0,10,0,0,0,0,0,0,0,Orange
"January 19, 2026",0958dd97-4e07-491f-9ad8-344923b0e93b,2841287098,Final_Activation,Rana Travels,Ravindra Singh Rana,9839370522,Uttar Pradesh,Lakhimpur Kheri,UP31AT9438,Deependra Bahadur Singh,0,0,0,0,0,0,0,0,0,0,0,0,0,0,0,0,0,0,0,0,0,0,0,0,0,0,0,0,0,0,Red
"January 19, 2026",bd45942a-9035-4181-857c-3aad8392e1f6,2841592300,Final_Activation,Prince Motors,Pawan Thakur,9857800046,Himachal Pradesh,Una,HP72B7146,Harish Verma,126,278,335,335,232,304,242,211,323,254,243,251,334,218,115,262,128,322,253,205,231,317,191,175,207,232,165,178,176,196,Active
"January 18, 2026",5ef2cba7-4f41-4caa-a260-605d476d64dc,2841517663,Final_Activation,Dharm Singh Meena,Dharm Singh Meena,9887037751,Rajasthan,Sawai Madhopur,,Manish Bathi,0,0,0,0,0,0,0,0,0,0,0,0,0,0,0,0,0,0,36,0,0,0,0,0,0,0,0,0,0,0,Red
"January 18, 2026",67a4000e-604c-4aaa-9202-4c10c892e0b2,2840888038,Final_Activation,Khatra Bus,Amarjit Singh,7973492146,Punjab,Amritsar,PB11BC3625,Rajesh Kumar,0,0,0,0,0,0,0,0,0,0,0,0,0,0,0,0,0,0,0,0,0,0,0,0,0,0,0,0,0,0,Red
"January 18, 2026",60b55405-e887-4988-b022-c4b53c0c371f,2841896090,Final_Activation,Pulkit,Pulkit Swami,8005983794,Rajasthan,Bikaner,RJ07PB3314,Manish Bathi,0,106,108,136,168,114,0,0,0,0,0,0,10,26,49,109,0,110,131,92,43,96,128,170,195,166,135,153,151,139,Active
"January 18, 2026",a593ebd9-541e-4352-ba2c-878a58e5e133,2841286856,Final_Activation,Jai Maa Vindhyawasini,Kumar Gaurav,8935805694,Bihar,Purnia,BR11PB9994,Sonu Mishra,0,0,0,0,0,0,0,0,0,0,0,0,0,0,0,0,0,0,0,0,0,0,0,0,0,0,0,0,0,0,Red
"January 18, 2026",74db2134-d784-416d-b381-333d5cdde34c,2841738766,Final_Activation,Dev  Bus Service,Gourav,7027970306,Haryana,Rohtak,HR46F8805,Amit Kumar,106,170,187,250,152,247,260,263,246,219,326,230,249,290,284,268,107,426,276,225,263,231,260,260,319,205,279,264,304,299,Active
"January 17, 2026",3a87a28a-9a6a-4e4f-94b8-3a832726f735,2841008198,Final_Activation,Mahadev Transport,Praveen Kumar,8894369975,Himachal Pradesh,Sirmaur,,Sandeep Kumar,0,180,166,253,152,56,197,183,183,194,223,125,194,175,206,212,218,284,167,184,189,161,230,127,207,160,187,132,155,145,Active
"January 17, 2026",06a1c7be-7181-4267-9b2f-ccf608d706ba,2841887875,Final_Activation,Shree Shyam Balaji Tour And Travel Pvt Ltd,Gaurav,9990572500,Delhi,North east delhi,DD01U9790,Shubham Singh,0,0,43,0,0,23,0,0,0,106,0,37,49,0,0,0,46,0,0,38,0,0,0,54,0,42,41,0,0,0,Active
"January 17, 2026",7a6b141c-a847-4c47-b975-1f86e525b6f5,2842107019,Final_Activation,Mukesh Travels,Mukesh Kumar Meena,9414138667,Rajasthan,Dasua,RJ25PA3518,Pavan Kumar Bhatt,100,182,192,242,196,214,237,197,179,181,186,194,202,172,198,198,215,207,211,206,177,187,191,244,175,204,184,217,181,194,Active
"January 16, 2026",884e5854-1074-438e-9520-4972d7c687f6,2841895506,Final_Activation,Patiala Express,Lovepreet Singh,9150500065,Punjab,Ludhiana,PB07CC0525,Rajiv Kumar,0,0,0,0,0,0,0,0,0,0,0,0,0,0,0,0,0,0,0,0,0,0,0,0,0,0,0,0,0,0,Red
"January 16, 2026",fc577f21-4727-4110-8b81-57e559ce623a,2842132827,Final_Activation,Rana Bus Service,Sanjeev Rana,9816326707,Himachal Pradesh,Amb,HP72C7747,Harish Verma,127,163,233,322,209,231,281,269,245,223,51,0,0,0,0,0,0,0,0,8,0,0,0,0,0,0,0,0,0,0,Active
"January 16, 2026",2e098b78-7816-4994-9a63-53c5e739ae6d,2841895501,Final_Activation,Patiala Express,Lovepreet Singh,9150500065,Punjab,Ludhiana,PB07CB0525,Rajiv Kumar,0,0,0,0,0,0,0,0,0,0,0,0,0,0,0,0,0,0,0,0,0,0,0,0,0,0,0,0,0,0,Red
"January 16, 2026",07d1a8b0-f519-4d0c-b44e-32653b713e5e,2841895507,Final_Activation,Patiala Express,Lovepreet Singh,9150500065,Punjab,Ludhiana,PB11CN6377,Rajiv Kumar,0,0,0,0,0,0,0,0,0,0,0,0,0,0,0,0,0,0,0,0,0,0,0,0,0,0,0,0,0,0,Red
"January 16, 2026",8482d041-67df-4c22-bc2e-3c407ee8bf82,2841919250,Final_Activation,Thakur Bus Service,Brij  Mohan,9816249177,Himachal Pradesh,Sirmaur,HP711668,Nitin Kumar,0,29,51,61,57,46,34,47,64,69,102,59,47,0,2,35,12,97,118,160,101,71,108,86,97,83,91,92,73,59,Active
"January 16, 2026",5c0cc6e8-9680-47b9-b3f4-bc6a53a79b17,2841895918,Final_Activation,Bhanwal Bus,Ajay Kumar,9816811778,Himachal Pradesh,Kangra,HP652925,Mohan,0,0,0,0,0,0,0,0,0,0,0,0,0,0,6,0,0,0,0,0,0,0,0,0,0,0,0,0,0,0,Red
"January 15, 2026",22069fc3-d913-448f-afc5-ef7c5d4c9649,2841918247,Final_Activation,Jagat Bus Service,Kanishk Sharma,9816440993,Himachal Pradesh,Shimla,HP63C1993,Nitin Kumar,0,0,0,0,0,0,0,0,0,22,87,0,38,53,82,57,35,0,0,0,0,0,68,4,81,61,75,0,64,74,Orange
"January 15, 2026",739d4492-0f36-464d-b631-d7e67d80c426,2841887426,Final_Activation,Fatehgarh Bus Gogi,Sukhwider Singh,7399400077,Punjab,Sangrur,,Deepak,21,53,62,68,34,46,46,206,71,72,58,57,51,70,47,63,57,84,47,48,69,30,54,48,57,31,44,58,77,63,Active
"January 15, 2026",f33d61eb-ea8d-4edc-93a2-63007fc1c1fb,2841887425,Final_Activation,Fatehgarh Bus Gogi,Sukhwider Singh,7399400077,Punjab,Sangrur,,Deepak,0,90,63,104,58,94,64,111,97,98,55,83,63,79,90,107,78,73,87,63,57,68,32,60,33,59,99,120,108,46,Active
"January 15, 2026",1b1e02cd-72f6-4f5d-aa01-b1a529e380e7,2841919252,Final_Activation,Muskan Travels,Niranjan Singh,9165512000,Chhattisgarh,Mahasamund,CG06GP9994,Dummy Chhatisgarh,0,57,51,61,61,42,51,56,43,56,72,45,56,56,48,68,0,45,77,51,57,92,61,69,55,63,70,55,53,60,Active
"January 15, 2026",82963f38-db22-4fb5-8e5a-23119f0387c3,2841900917,Final_Activation,Fatehgarh Bus Gogi,Sukhwider Singh,7399400077,Punjab,Sangrur,,Deepak,73,316,321,318,311,292,356,344,330,323,370,236,307,353,300,332,295,352,289,279,51,197,304,237,339,251,300,300,309,0,Active
"January 15, 2026",da724e44-2890-4a97-ba3f-553a232ce7b1,2841895917,Final_Activation,Ram Parivahan,Sudesh Kumar,9418792971,Himachal Pradesh,Kangra,HP53B0971,Mohan,88,89,226,116,69,173,115,46,86,252,110,83,56,260,113,147,116,77,205,60,199,71,56,132,63,53,60,141,98,99,Active
"January 15, 2026",92c1b020-5486-468c-a669-dc36f20941f4,2841895924,Final_Activation,Ram Parivahan,Sudesh Kumar,9418792971,Himachal Pradesh,Kangra,HP53C9071,Mohan,0,0,109,270,118,94,194,131,93,138,116,211,159,104,177,73,246,187,85,225,167,126,186,108,95,240,148,116,198,114,Active
"January 15, 2026",b1865ca3-aff7-481c-9bba-e7ca4f19820f,2841895919,Final_Activation,Ram Parivahan,Sudesh Kumar,9418792971,Himachal Pradesh,Kangra,HP53A0971,Mohan,117,49,0,0,0,0,0,0,0,0,8,165,178,249,229,82,228,213,130,209,172,210,166,240,195,166,198,178,153,168,Active
"January 15, 2026",df4664e0-40e1-47cb-b973-27f8aff78990,2841895923,Final_Activation,Ram Parivahan,Sudesh Kumar,9418792971,Himachal Pradesh,Kangra,HP536977,Mohan,0,196,102,67,229,113,76,49,187,112,113,117,97,80,126,120,82,226,129,82,90,146,78,160,120,131,102,50,210,137,Active
"January 14, 2026",01d13d53-b274-4618-a7b5-a206dbbe5dfc,2841887883,Final_Activation,Rajpreet Travels,Vikram Sain,8279202449,Rajasthan,Ganaganagar,RJ13PA2708,Arshdeep Singh,85,122,162,163,0,112,112,133,145,168,154,0,133,136,146,143,162,162,0,144,111,132,135,108,173,0,125,147,156,166,Active
"January 14, 2026",960bec99-5a68-4fdd-9f8c-d3cb6467dca2,2841286493,Final_Activation,Keladevi Express,Pintu Kumar Meena,9414721351,Rajasthan,Dausa,,Dummy Rajasthan,0,123,101,152,165,144,134,128,131,139,131,116,151,148,134,155,139,125,0,32,121,111,45,132,108,123,146,123,119,150,Active
"January 14, 2026",33367295-baa5-43d7-ace4-3d3bfa74042e,2841887414,Final_Activation,Highway Bus,Gurdeep Singh,7889084255,Punjab,Ludhiana,PB11AB9925,Rajesh Kumar,71,78,152,79,142,141,144,157,134,169,164,148,147,160,137,167,152,163,137,145,152,139,131,129,174,143,130,100,121,141,Active
"January 14, 2026",58ce1434-9a3b-4999-983d-d74b77378a83,TJ75251520939,Final_Activation,Jetha Travels,Jetha Ram,9783707070,Rajasthan,,RJ04PB7070,Rajnish Ab,0,0,0,0,0,0,0,0,0,0,0,0,0,0,0,0,0,0,0,0,0,0,0,0,0,0,0,0,0,0,Red
"January 13, 2026",4164dbec-449b-4174-8b05-e265d81da757,2841741026,Final_Activation,Shatabdi Tour & Travels,Nohar Lal Sahu,9617313154,Chhattisgarh,Mahasamund,CG05AH3297,Jayant Latare,0,0,0,0,0,0,0,0,0,0,0,0,0,0,0,0,0,0,0,0,0,0,0,0,0,0,0,0,0,0,Red
"January 13, 2026",d784cb16-32d8-4988-b6bd-ffdc5ccd83ad,2841917820,Final_Activation,NEW PREM BUS SERVICE,Pawan Kumar,9736176255,Himachal Pradesh,Kangra,HP68B0229,Mohan,0,61,122,248,195,0,26,72,66,0,0,138,72,238,93,133,110,103,0,0,23,50,27,49,0,0,74,90,0,0,Active
"January 13, 2026",0c266de2-8a04-408b-b519-7325b4bc94cb,TJ75248H20222,Final_Activation,Sodha Bus Service,Vikram Singh,9660956939,Rajasthan,Jaisalmer,RJ46PA1478,Rakesh,15,0,28,37,65,0,27,41,18,34,19,19,38,0,17,29,21,19,37,0,14,32,25,28,33,0,21,17,19,28,Active
"January 13, 2026",3bb41490-4983-45f1-8a23-d2fcde9b5f6e,2841919245,Final_Activation,Shatabdi Tour & Travels,Nohar Lal Sahu,9617313154,Chhattisgarh,Mahasamund,CG06GZ0102,Jayant Latare,0,0,0,0,0,0,0,0,0,0,0,0,0,0,0,0,0,0,0,0,0,0,0,0,0,0,0,0,0,0,Red
"January 13, 2026",fdfb1e30-50b2-4318-9a25-773728446781,2841895922,Final_Activation,NEW PREM BUS SERVICE,Pawan Kumar,9736176255,Himachal Pradesh,Kangra,HP68B0130,Mohan,47,193,173,186,156,166,212,211,180,200,168,175,178,161,182,182,197,175,84,176,0,169,207,183,211,141,159,160,195,172,Active
"January 12, 2026",7c892a51-3ddf-497c-b0ac-e4545a9df7cb,2841003230,Final_Activation,NEW PREM BUS SERVICE,Pawan Kumar,9736176255,Himachal Pradesh,Kangra,HP68B0166,Mohan,0,0,0,0,0,0,27,110,90,108,77,77,80,0,10,115,87,90,102,0,19,105,94,78,90,0,14,104,76,85,Orange
"January 12, 2026",1503b157-2397-4db5-8e3d-98ef40261145,2841286516,Final_Activation,Rana Travels,Ravindra Singh Rana,9839370522,Uttar Pradesh,Lakhimpur Kheri,UP31AT8199,Deependra Bahadur Singh,0,0,0,0,0,0,0,0,0,0,0,0,0,0,0,0,0,0,0,0,0,0,0,0,0,0,0,0,0,0,Red
"January 12, 2026",d914f584-5b0d-4f16-9590-94d5f9726d36,2842105735,Final_Activation,Gill Moters,Baljinder kaur,7355100668,Punjab,moga,,Rajiv Kumar,176,283,250,300,53,0,307,315,253,291,337,265,219,263,314,332,341,276,268,274,253,239,188,119,0,0,0,0,12,268,Active
"January 12, 2026",00233849-649a-4736-8d85-db78e1bf5e14,2841159710,Final_Activation,Muskan Travels,Niranjan Singh,9165512000,Chhattisgarh,Mahasamund,CG06HB8887,Dummy Chhatisgarh,0,86,78,84,78,75,82,59,58,77,86,63,77,70,72,77,81,79,0,2,0,0,0,0,0,0,0,0,0,0,Active
"January 12, 2026",8488b0da-5624-4af6-9bb3-d821a7044cdc,2841024083,Final_Activation,Gill Moters,Baljinder kaur,7355100668,Punjab,moga,,Rajiv Kumar,160,353,338,184,511,304,398,336,380,285,0,0,1,120,99,171,169,0,0,0,0,0,212,125,226,194,145,241,244,229,Active
"January 11, 2026",0f43d1c8-19a2-481c-a15b-ba3e231c3b20,2842105194,Final_Activation,Rajaram Gurjar,Rajaram Gurjar,8000920344,Rajasthan,Sawai Madhopur,,Shubham Gujrati,0,106,166,144,121,0,54,78,112,93,85,112,0,124,110,118,119,108,122,139,105,63,34,0,32,113,90,54,153,109,Active
"January 10, 2026",ef6b9aa4-c8d1-4211-bbdf-760eae3053bb,2841536480,Final_Activation,Jujhar Constructions And Travels Pvt. Ltd.,The Jujhar Group,8427999077,Punjab,Ludhiana,PB13BJ1700,Rajesh Kumar,0,163,175,138,116,124,110,148,103,129,83,112,176,216,252,265,269,291,246,250,251,260,190,159,132,153,90,154,90,122,Active
"January 10, 2026",f9e47633-4bf4-4c4c-b094-638b48d9b208,2841917211,Final_Activation,Jujhar Constructions And Travels Pvt. Ltd.,The Jujhar Group,8427999077,Punjab,Ludhiana,PB10JS2271,Rajesh Kumar,0,262,308,317,239,311,261,305,351,345,276,221,317,259,291,224,293,232,241,167,287,166,244,264,226,208,197,298,271,234,Active
"January 10, 2026",93828520-ed09-48a5-ae4a-48c8868d6262,2841286645,Final_Activation,Jujhar Constructions And Travels Pvt. Ltd.,The Jujhar Group,8427999077,Punjab,Ludhiana,PB10JP1891,Rajesh Kumar,29,268,272,339,313,311,386,388,398,359,402,275,359,351,0,0,0,48,0,0,0,0,0,0,0,258,175,296,240,267,Active
"January 10, 2026",8f7a3f7c-cf35-43eb-9913-8bf920aca936,2841536476,Final_Activation,Jujhar Constructions And Travels Pvt. Ltd.,The Jujhar Group,8427999077,Punjab,Ludhiana,PB10FV8804,Rajesh Kumar,0,203,183,271,224,192,199,202,284,204,195,199,216,205,173,185,228,198,222,78,234,156,209,55,234,136,143,182,180,159,Active
"January 10, 2026",8dc7fef8-f0dd-4c25-9e61-ab7b54cda38b,TJ75251520025,Final_Activation,Jujhar Constructions And Travels Pvt. Ltd.,The Jujhar Group,8427999077,Punjab,Ludhiana,PB10FV8801,Rajesh Kumar,93,177,196,237,202,201,213,223,301,240,247,256,247,258,251,278,248,297,289,306,233,221,111,340,268,180,193,231,238,229,Active
"January 10, 2026",d70e2a67-0676-4319-a04f-4043ce8475e3,2842133021,Final_Activation,Jujhar Constructions And Travels Pvt. Ltd.,The Jujhar Group,8427999077,Punjab,Ludhiana,PB04AC7181,Rajesh Kumar,0,282,304,362,235,280,337,338,372,332,72,0,0,0,0,0,0,0,0,0,0,0,8,0,0,0,0,0,0,0,Active
"January 10, 2026",a0bbc5f4-3d4c-41b8-a602-a99a4e53749b,2841285559,Final_Activation,Jujhar Constructions And Travels Pvt. Ltd.,The Jujhar Group,8427999077,Punjab,Ludhiana,PB03AY2355,Rajesh Kumar,0,368,363,384,291,340,288,339,365,313,326,259,325,298,317,325,303,340,300,307,436,284,326,273,326,264,276,298,328,293,Active
"January 10, 2026",7485301d-142d-4646-b05d-02e9533ab5d1,2841153610,Final_Activation,Jujhar Constructions And Travels Pvt. Ltd.,The Jujhar Group,8427999077,Punjab,Ludhiana,PB10KA1399,Rajesh Kumar,34,151,171,170,143,160,162,167,192,174,180,155,147,188,162,149,143,189,153,152,162,122,176,140,180,64,139,110,117,195,Active
"January 10, 2026",7b4d8cc2-e1f8-4e1c-9b1e-c5c03a3e046c,2841534115,Final_Activation,Jujhar Constructions And Travels Pvt. Ltd.,The Jujhar Group,8427999077,Punjab,Ludhiana,PB10FV8808,Rajesh Kumar,0,326,327,316,274,269,223,239,88,269,252,289,288,312,297,333,283,299,241,260,311,212,231,216,250,304,230,247,265,241,Active
"January 10, 2026",ac320fbc-0576-4e29-8e02-92a287f80d8d,2842105746,Final_Activation,Jujhar Constructions And Travels Pvt. Ltd.,The Jujhar Group,8427999077,Punjab,Ludhiana,PB04AC7396,Rajesh Kumar,64,142,148,166,144,132,152,101,149,112,74,206,132,155,118,134,141,155,163,61,72,0,194,118,181,0,143,47,82,60,Active
"January 10, 2026",a322af14-c36d-4fdc-a730-ca7e926b6293,1494820311,Final_Activation,Jujhar Constructions And Travels Pvt. Ltd.,The Jujhar Group,8427999077,Punjab,Ludhiana,PB10JS2271,Rajesh Kumar,17,411,363,368,292,252,297,276,606,287,295,278,305,327,334,312,396,329,365,283,229,267,270,203,301,217,290,219,348,277,Active
"January 10, 2026",ef7b7f8c-3bbf-405c-98d5-994195dfcf54,TJ75251520933,Final_Activation,Jujhar Constructions And Travels Pvt. Ltd.,The Jujhar Group,8427999077,Punjab,Ludhiana,PB65AW5008,Rajesh Kumar,0,101,98,64,65,75,115,119,126,108,152,49,87,71,91,66,104,42,0,17,43,114,107,88,101,114,89,52,100,114,Active
"January 10, 2026",053db5c6-9454-487d-af39-aacccf261174,2841894545,Final_Activation,Hari Gobind Bus,Sandeep Singh,7009483660,Punjab,Malout,PB04AB6922,Rajiv Kumar,130,214,261,216,228,214,206,201,231,251,241,163,214,278,274,200,212,218,122,225,234,199,224,185,279,196,230,257,243,245,Active
"January 10, 2026",d8bd3d7f-2135-4c8f-8706-5da849e5fb5f,2841920027,Final_Activation,Walia Bus Service,Sandeep Kumar,9816677975,Himachal Pradesh,Kangra,HP675983,Mohan,107,261,0,193,124,259,242,291,262,283,257,187,241,265,211,240,258,233,129,0,0,0,0,11,235,173,226,228,242,156,Active
"January 10, 2026",7c2d036a-9c9d-4b79-a1f7-ee93b004238c,2842107017,Final_Activation,Jujhar Constructions And Travels Pvt. Ltd.,The Jujhar Group,8427999077,Punjab,Ludhiana,PB13BF7900,Rajesh Kumar,58,248,237,213,175,207,206,57,293,260,235,151,193,239,221,201,210,207,228,177,186,164,193,90,196,186,184,143,189,208,Active
"January 10, 2026",faefac9b-efe6-45aa-8410-a1caa70ed084,2841534117,Final_Activation,Jujhar Constructions And Travels Pvt. Ltd.,The Jujhar Group,8427999077,Punjab,Ludhiana,PB65AW5007,Rajesh Kumar,0,223,232,188,221,320,243,318,324,313,263,274,319,312,269,295,304,318,324,288,279,139,287,204,308,227,229,243,233,242,Active
"January 10, 2026",ab1d9f03-e2bc-4fd0-9ded-8621acc3f402,2840965440,Final_Activation,Jujhar Constructions And Travels Pvt. Ltd.,The Jujhar Group,8427999077,Punjab,Ludhiana,PB13BJ6300,Rajesh Kumar,0,168,200,185,186,181,154,174,177,185,176,161,188,165,178,154,155,177,174,200,164,187,205,147,169,147,159,144,176,187,Active
"January 10, 2026",afb4018f-2c5d-4b03-ab62-975ddcb7a38d,2841161587,Final_Activation,Jujhar Constructions And Travels Pvt. Ltd.,The Jujhar Group,8427999077,Punjab,Ludhiana,PB10HX2267,Rajesh Kumar,0,211,224,225,175,210,206,189,273,221,235,204,193,269,203,241,242,262,303,272,252,183,249,168,267,181,201,217,153,176,Active
"January 10, 2026",e0a7bf25-e2fb-402e-8e0b-e4a88ae688c4,1494819977,Final_Activation,Jujhar Constructions And Travels Pvt. Ltd.,The Jujhar Group,8427999077,Punjab,Ludhiana,PB07BV6501,Rajesh Kumar,25,227,169,142,182,172,186,153,182,127,178,138,144,108,172,145,178,156,178,63,47,103,20,95,154,104,138,148,145,81,Active
"January 10, 2026",fcb5bc10-462d-4b14-8eb4-38d0e7be1a1a,2842131877,Final_Activation,Jujhar Constructions And Travels Pvt. Ltd.,The Jujhar Group,8427999077,Punjab,Ludhiana,PB04AC7179,Rajesh Kumar,56,258,178,185,112,143,168,138,176,181,191,167,137,175,174,0,0,0,0,0,0,0,0,0,0,0,0,0,0,0,Active
"January 10, 2026",ba9da669-270b-4810-a1b0-712456e251c9,2841285935,Final_Activation,Jujhar Constructions And Travels Pvt. Ltd.,The Jujhar Group,8427999077,Punjab,Ludhiana,PB10JC4571,Rajesh Kumar,0,97,103,88,78,72,132,64,124,33,80,69,91,44,78,85,94,102,91,78,69,58,59,68,70,78,88,137,120,149,Active
"January 10, 2026",94d57ea8-3c72-4bd1-aca8-21d36cd16e4e,1493087228,Final_Activation,Jujhar Constructions And Travels Pvt. Ltd.,The Jujhar Group,8427999077,Punjab,Ludhiana,PB13BJ5599,Rajesh Kumar,0,237,284,288,237,280,312,295,305,293,257,260,295,284,305,320,303,312,263,192,289,260,312,288,323,280,318,308,329,349,Active
"January 10, 2026",c0d41c1a-8e3f-435c-8192-08589b34e4f1,2842139125,Final_Activation,Jujhar Constructions And Travels Pvt. Ltd.,The Jujhar Group,8427999077,Punjab,Ludhiana,PB13BF7900,Rajesh Kumar,0,0,0,0,0,0,0,0,0,0,0,0,0,12,0,0,0,0,0,0,0,0,0,0,0,0,0,0,0,0,Red
"January 10, 2026",707274f3-58c7-4bfd-8ff0-8aab0e3c329b,2841024093,Final_Activation,Jujhar Constructions And Travels Pvt. Ltd.,The Jujhar Group,8427999077,Punjab,Ludhiana,PB10JB2833,Rajesh Kumar,0,182,180,171,167,174,159,178,201,183,203,182,198,200,187,223,216,207,192,222,231,226,224,217,247,177,233,274,291,289,Active
"January 10, 2026",80ddc3aa-af42-4118-bc81-f578d0a26394,2841285921,Final_Activation,Jujhar Constructions And Travels Pvt. Ltd.,The Jujhar Group,8427999077,Punjab,Ludhiana,PB04AC7319,Rajesh Kumar,57,196,210,273,218,229,228,236,240,238,226,198,233,226,202,189,170,167,152,154,209,77,177,148,211,163,194,200,176,207,Active
"January 10, 2026",f6d0c801-07c0-4e60-b808-187dd91c7887,2840821203,Final_Activation,Jujhar Constructions And Travels Pvt. Ltd.,The Jujhar Group,8427999077,Punjab,Ludhiana,PB04AC7177,Rajesh Kumar,0,303,265,252,222,203,240,283,218,273,240,249,275,271,335,276,284,285,237,239,257,247,308,262,298,196,253,260,284,250,Active
"January 10, 2026",89357b81-16c9-4685-ae09-69f5cc311d86,2842138350,Final_Activation,Jujhar Constructions And Travels Pvt. Ltd.,The Jujhar Group,8427999077,Punjab,Ludhiana,PB07BV6507,Rajesh Kumar,80,77,0,0,0,0,0,117,91,0,0,0,0,0,0,0,0,0,0,0,0,0,0,9,0,0,0,0,0,0,Active
"January 10, 2026",895b1ae0-66a7-475f-97c1-9d24c63ccf58,2841900913,Final_Activation,Jujhar Constructions And Travels Pvt. Ltd.,The Jujhar Group,8427999077,Punjab,Ludhiana,PB29X4199,Rajesh Kumar,0,84,133,124,128,98,175,105,135,152,145,127,148,132,138,186,138,117,64,127,129,94,117,182,205,123,91,209,144,195,Active
"January 10, 2026",b0135175-f7d9-4124-af15-213f0c520a87,2841900912,Final_Activation,Jujhar Constructions And Travels Pvt. Ltd.,The Jujhar Group,8427999077,Punjab,Ludhiana,PB10HX2293,Rajesh Kumar,95,213,206,237,180,194,204,199,260,241,209,179,215,220,220,67,154,207,224,193,215,168,190,202,223,150,190,209,206,217,Active
"January 10, 2026",80ace2f1-382d-44cb-abe7-04346c30d543,2841285869,Final_Activation,Jujhar Constructions And Travels Pvt. Ltd.,The Jujhar Group,8427999077,Punjab,Ludhiana,PB04AA3519,Rajesh Kumar,92,215,242,221,182,156,277,116,215,287,200,127,220,122,146,218,179,143,139,156,152,145,163,153,190,96,118,199,0,0,Active
"January 10, 2026",a9b586f5-f4ef-4cc0-8122-95e9d52b388c,2841024086,Final_Activation,Jujhar Constructions And Travels Pvt. Ltd.,The Jujhar Group,8427999077,Punjab,Ludhiana,PB10HX2267,Rajesh Kumar,129,337,351,343,249,272,333,366,401,325,352,359,303,356,353,133,288,294,257,269,364,254,159,112,92,149,165,148,24,29,Active
"January 10, 2026",7eedd1e7-5047-4e8f-875d-c82eaa3d808a,2841511455,Final_Activation,Jujhar Constructions And Travels Pvt. Ltd.,The Jujhar Group,8427999077,Punjab,Ludhiana,PB13BF1900,Rajesh Kumar,119,282,273,285,272,227,232,255,307,307,293,274,250,308,234,113,22,0,0,2,364,339,330,350,409,303,380,360,390,379,Active
"January 10, 2026",cd3e0e65-4eb0-465f-83fd-a9d8c851ce99,2841536487,Final_Activation,Jujhar Constructions And Travels Pvt. Ltd.,The Jujhar Group,8427999077,Punjab,Ludhiana,PB10JZ8134,Rajesh Kumar,0,0,52,214,157,115,295,175,239,133,293,203,266,137,249,222,269,302,261,271,293,228,289,124,390,226,237,268,280,146,Active
"January 10, 2026",ba9ec837-88e1-40de-9ea2-2cb357a9df6b,2841001713,Final_Activation,Jujhar Constructions And Travels Pvt. Ltd.,The Jujhar Group,8427999077,Punjab,Ludhiana,PB10GK1283,Rajesh Kumar,111,155,221,213,124,223,201,174,202,222,200,154,242,222,208,226,223,211,273,148,138,236,211,167,140,154,174,159,195,222,Active
"January 10, 2026",f5e87b7b-66c4-43db-acd7-712868a6d91c,2841536485,Final_Activation,Jujhar Constructions And Travels Pvt. Ltd.,The Jujhar Group,8427999077,Punjab,Ludhiana,PB10JZ8134,Rajesh Kumar,39,220,207,256,236,226,212,249,270,221,256,183,256,238,246,122,233,283,210,219,271,222,258,204,287,160,201,186,188,101,Active
"January 10, 2026",770a0b0a-cf9d-4d3e-b140-5ee7550426ea,2842139130,Final_Activation,Jujhar Constructions And Travels Pvt. Ltd.,The Jujhar Group,8427999077,Punjab,Ludhiana,PB10KA1399,Rajesh Kumar,0,0,0,0,0,0,0,0,0,0,0,0,0,12,0,0,0,0,0,0,0,0,0,0,0,0,0,0,0,0,Red
"January 10, 2026",92327931-d37f-471e-aae0-94ee343dff18,2841536484,Final_Activation,Jujhar Constructions And Travels Pvt. Ltd.,The Jujhar Group,8427999077,Punjab,Ludhiana,PB13BJ2900,Rajesh Kumar,0,241,225,244,188,224,274,251,218,256,272,230,224,289,235,229,200,276,194,299,208,261,187,199,248,191,249,325,171,225,Active
"January 10, 2026",7508079b-6f53-4c66-aada-375c196e59ad,2841536483,Final_Activation,Jujhar Constructions And Travels Pvt. Ltd.,The Jujhar Group,8427999077,Punjab,Ludhiana,PB13BJ6300,Rajesh Kumar,0,0,0,0,0,0,0,0,0,0,0,0,0,0,0,0,0,0,0,0,0,0,0,0,0,0,0,209,165,150,Red
"January 10, 2026",febbb9be-e302-4f7c-a523-638d04d16b98,2842105195,Final_Activation,Jujhar Constructions And Travels Pvt. Ltd.,The Jujhar Group,8427999077,Punjab,Ludhiana,PB04AC6582,Rajesh Kumar,53,107,167,181,130,0,171,189,291,226,171,128,169,177,172,171,198,192,147,86,166,165,181,145,222,154,175,177,209,180,Active
"January 10, 2026",b4f84fb7-bef1-4e3a-9c74-b5cd2b0c49c5,2841919253,Final_Activation,Ratan Travels,Ratan,8890023977,Rajasthan,Alwar,RJ02PC9169,Manish Bathi,0,0,0,0,0,0,0,0,0,0,0,0,0,0,0,0,0,0,0,0,0,0,0,0,0,0,0,0,0,0,Red
"January 10, 2026",af59a394-4401-4476-be35-31d170269228,2841286941,Final_Activation,Jujhar Constructions And Travels Pvt. Ltd.,The Jujhar Group,8427999077,Punjab,Ludhiana,PB07BV6510,Rajesh Kumar,0,0,183,204,143,179,161,182,168,191,218,220,118,231,187,242,211,237,227,181,146,122,130,14,227,178,199,202,190,132,Active
"January 10, 2026",ffbaf570-4298-4b09-8cb3-4b2d7334b2e6,2841536482,Final_Activation,Jujhar Constructions And Travels Pvt. Ltd.,The Jujhar Group,8427999077,Punjab,Ludhiana,PB04AC7177,Rajesh Kumar,137,232,332,198,178,225,187,200,216,164,181,160,155,143,197,157,196,174,124,269,146,179,135,188,171,68,272,191,302,309,Active
"January 10, 2026",c18d8ff2-f19e-452a-89f0-48a017797f26,2841909056,Final_Activation,Jujhar Constructions And Travels Pvt. Ltd.,The Jujhar Group,8427999077,Punjab,Ludhiana,PB10JA2596,Rajesh Kumar,40,164,215,185,150,151,156,195,212,209,67,141,153,184,164,155,159,64,65,155,141,127,174,143,178,122,152,165,196,117,Active
"January 9, 2026",54f9c8e3-9a76-49dc-a534-e9fa0a9d73d4,1494806104,Final_Activation,Jujhar Constructions And Travels Pvt. Ltd.,The Jujhar Group,8427999077,Punjab,Ludhiana,PB07BV6546,Rajesh Kumar,0,0,0,0,0,125,163,120,104,102,105,0,111,121,114,108,95,55,66,79,152,102,142,104,102,145,115,114,67,69,Orange
"January 9, 2026",310dbe65-362e-46a6-a7a3-4f6acebcf22c,2841286641,Final_Activation,Jujhar Constructions And Travels Pvt. Ltd.,The Jujhar Group,8427999077,Punjab,Ludhiana,PB13BJ6300,Rajesh Kumar,58,213,224,242,198,196,233,281,242,194,208,180,193,223,269,254,214,255,172,217,188,219,140,121,181,225,182,212,228,249,Active
"January 9, 2026",0a0445b1-c524-4998-97ef-264d88733254,2841917735,Final_Activation,Highway Bus,Darshan Singh,7986141950,Punjab,LUDHIANA,PB11B6625,Rajesh Kumar,0,0,136,177,128,34,130,200,164,178,139,148,81,0,0,0,0,0,0,0,0,0,0,0,0,0,0,0,0,0,Active
"January 9, 2026",07117c51-4e3f-41a8-8574-36a35f7da068,2841917220,Final_Activation,Jujhar Constructions And Travels Pvt. Ltd.,The Jujhar Group,8427999077,Punjab,Ludhiana,PB10HX2287,Rajesh Kumar,0,128,156,175,133,160,129,174,125,157,163,191,148,175,203,185,158,176,197,251,195,141,213,124,210,10,95,213,168,176,Active
"January 9, 2026",2cb7b596-17fd-4ca7-b57f-691b7f063920,2841917215,Final_Activation,Jujhar Constructions And Travels Pvt. Ltd.,The Jujhar Group,8427999077,Punjab,Ludhiana,PB13BB2121,Rajesh Kumar,0,137,150,157,83,123,156,213,332,192,211,225,185,183,192,222,206,205,280,175,179,181,174,192,173,104,72,161,154,150,Active
"January 9, 2026",609da905-cedf-423b-981e-e48850bad0b6,2841536481,Final_Activation,Jujhar Constructions And Travels Pvt. Ltd.,The Jujhar Group,8427999077,Punjab,Ludhiana,PB04AA3519,Rajesh Kumar,95,273,261,288,189,219,217,249,279,258,283,249,257,277,271,263,231,315,204,275,286,219,286,234,271,199,262,269,284,284,Active
"January 9, 2026",20d5a135-952b-4e57-a168-0ad6826b508d,2841536479,Final_Activation,Jujhar Constructions And Travels Pvt. Ltd.,The Jujhar Group,8427999077,Punjab,Ludhiana,PB03AY2348,Rajesh Kumar,0,192,215,195,182,205,203,246,233,173,177,181,196,236,228,178,223,212,233,224,223,178,193,186,227,174,229,257,218,176,Active
"January 9, 2026",20989f43-c82f-44df-b8ff-f5114fa475cc,2841536478,Final_Activation,Jujhar Constructions And Travels Pvt. Ltd.,The Jujhar Group,8427999077,Punjab,Ludhiana,PB10JT3304,Rajesh Kumar,38,167,196,195,158,153,193,152,247,207,217,166,223,182,196,175,205,188,150,126,196,190,185,108,198,105,194,206,229,223,Active
"January 9, 2026",4b1fd2bf-e883-41db-9d53-18c075259d37,2842105212,Final_Activation,Jujhar Constructions And Travels Pvt. Ltd.,The Jujhar Group,8427999077,Punjab,Ludhiana,PB13BJ5599,Rajesh Kumar,0,206,206,215,163,182,219,176,245,186,212,198,178,196,203,187,218,222,199,216,241,185,189,168,215,179,254,211,237,268,Active
"January 9, 2026",59fb680a-49b7-4e0b-8e38-31928d9584db,2842105739,Final_Activation,Jujhar Constructions And Travels Pvt. Ltd.,The Jujhar Group,8427999077,Punjab,Ludhiana,PB13BJ1700,Rajesh Kumar,112,177,257,171,221,135,258,154,245,174,189,191,221,177,215,174,179,166,188,114,195,170,189,118,196,165,159,173,213,170,Active
"January 9, 2026",dfed92ee-dba9-4859-b98c-f0ea9c27f3f0,2841738762,Final_Activation,Manpreet Bus Service,Sanjeev Kumar,9315617966,Haryana,sirsa,,Amit Kumar,0,0,197,0,0,0,0,0,60,58,45,0,0,0,112,0,111,0,0,115,102,0,131,0,0,0,119,0,81,0,Active
"January 9, 2026",6d9740eb-8414-4c74-bef4-42f8bd5f931d,2841153614,Final_Activation,Jujhar Constructions And Travels Pvt. Ltd.,The Jujhar Group,8427999077,Punjab,Ludhiana,PB10JS2271,Rajesh Kumar,0,0,0,0,0,0,0,0,0,0,0,0,0,0,0,0,0,0,0,0,0,0,0,0,0,0,0,0,0,0,Red
"January 9, 2026",2ab133de-cbc5-4504-9bb4-5652646044e1,2841154115,Final_Activation,Jujhar Constructions And Travels Pvt. Ltd.,The Jujhar Group,8427999077,Punjab,Ludhiana,PB10GK0209,Rajesh Kumar,84,290,302,264,201,289,275,307,324,266,267,190,213,266,234,282,227,300,214,241,253,170,253,194,308,188,264,264,283,274,Active
"January 9, 2026",0f5a9eaf-fd9b-408c-a0d3-727e34bab894,2841008196,Final_Activation,Jujhar Constructions And Travels Pvt. Ltd.,The Jujhar Group,8427999077,Punjab,Ludhiana,PB10JJ2934,Rajesh Kumar,0,0,0,0,0,0,0,0,0,0,0,0,0,0,0,0,0,0,0,0,0,0,0,0,0,0,0,0,0,0,Red
"January 9, 2026",6e1b37fd-51ee-4a87-af68-176b97d81074,2842107025,Final_Activation,Jujhar Constructions And Travels Pvt. Ltd.,The Jujhar Group,8427999077,Punjab,Ludhiana,PB13BJ4100,Rajesh Kumar,0,145,147,108,85,86,82,88,71,96,100,76,101,100,109,129,106,145,128,84,109,94,107,98,134,110,97,122,128,124,Active
"January 9, 2026",49f7b028-6aa6-4bcd-b637-62719fc47f1e,2841534120,Final_Activation,Jujhar Constructions And Travels Pvt. Ltd.,The Jujhar Group,8427999077,Punjab,Ludhiana,PB10JZ9265,Rajesh Kumar,110,284,310,296,290,276,330,297,374,309,290,289,280,137,201,229,262,273,239,243,179,130,150,65,43,17,206,272,305,282,Active
"January 9, 2026",10fc4d30-9b39-42ce-b594-31a025677c24,2842111645,Final_Activation,Jujhar Constructions And Travels Pvt. Ltd.,The Jujhar Group,8427999077,Punjab,Ludhiana,PB10JT3304,Rajesh Kumar,1,202,290,294,211,330,203,417,313,180,328,261,293,295,72,0,0,0,0,0,0,0,8,0,0,0,0,0,0,0,Active
"January 9, 2026",3e7dc1f7-39f2-420c-86d9-2c3560d6d419,2841534119,Final_Activation,Jujhar Constructions And Travels Pvt. Ltd.,The Jujhar Group,8427999077,Punjab,Ludhiana,PB10HX2287,Rajesh Kumar,0,269,242,241,161,212,250,211,212,209,228,268,255,249,187,239,290,220,240,147,154,229,209,223,217,207,110,127,202,217,Active
"January 9, 2026",607d2ca1-d715-4d48-9fe3-af21171dfaa1,2841284893,Final_Activation,Sandhu Tpt Co,Damanpreet Singh,9565038267,Uttar Pradesh,Lakhimpur Kheri,,Deependra Bahadur Singh,0,0,0,0,0,0,0,0,0,0,0,0,0,0,0,0,0,0,0,0,0,0,0,0,0,0,0,0,0,0,Red
"January 9, 2026",42cc28ae-f778-4075-adbe-76762345e294,2842131880,Final_Activation,Jujhar Constructions And Travels Pvt. Ltd.,The Jujhar Group,8427999077,Punjab,Ludhiana,PB10JJ4469,Rajesh Kumar,0,0,0,0,0,0,0,0,0,0,0,0,0,0,0,0,0,0,0,0,0,0,0,0,0,0,0,0,5,0,Red
"January 9, 2026",584da5f8-ae17-4982-a784-ea9947452c35,2841534116,Final_Activation,Jujhar Constructions And Travels Pvt. Ltd.,The Jujhar Group,8427999077,Punjab,Ludhiana,PB07BV6797,Rajesh Kumar,0,0,0,0,0,0,0,0,0,0,0,261,287,349,339,228,350,312,300,192,305,216,216,221,269,201,197,277,274,350,Orange
"January 9, 2026",25b83b5a-6964-4ab9-b77d-5bcee0c6509b,2842131887,Final_Activation,Jujhar Constructions And Travels Pvt. Ltd.,The Jujhar Group,8427999077,Punjab,Ludhiana,PB07BV6539,Rajesh Kumar,0,0,225,219,233,289,272,290,306,243,330,244,283,297,321,260,258,248,285,225,232,212,272,219,300,199,263,282,65,0,Active
"January 9, 2026",6bfc3a92-5a7f-454e-97c6-ed64db0c559e,2840894433,Final_Activation,Jujhar Constructions And Travels Pvt. Ltd.,The Jujhar Group,8427999077,Punjab,Ludhiana,PB10FV8801,Rajesh Kumar,69,200,220,215,225,284,305,309,174,260,258,212,248,305,224,284,282,333,213,225,285,217,245,188,242,167,269,350,310,261,Active
"January 9, 2026",0be41f2b-e067-417e-903c-0eafa4408f5f,2841285560,Final_Activation,Jujhar Constructions And Travels Pvt. Ltd.,The Jujhar Group,8427999077,Punjab,Ludhiana,PB10JE8931,Rajesh Kumar,119,333,366,344,288,417,371,376,386,302,365,336,370,355,359,366,395,404,257,256,289,208,274,318,355,271,300,319,281,329,Active
"January 9, 2026",062bb9da-a28b-4404-998c-ed48e3f09e4b,2841287154,Final_Activation,Jujhar Constructions And Travels Pvt. Ltd.,The Jujhar Group,8427999077,Punjab,Ludhiana,PB65AW5009,Rajesh Kumar,18,84,140,128,188,121,108,148,157,152,157,218,241,248,263,225,313,372,384,239,232,304,258,332,350,301,258,289,218,188,Active
"January 9, 2026",404c7fc5-db27-4fe7-9817-45a0b98926a9,2841895920,Final_Activation,Jujhar Constructions And Travels Pvt. Ltd.,The Jujhar Group,8427999077,Punjab,Ludhiana,PB13BB0808,Rajesh Kumar,0,200,261,273,286,218,327,220,297,268,245,242,269,258,5,0,0,0,86,106,92,80,72,74,88,88,66,95,41,54,Active
"January 9, 2026",3e48bffc-60a2-4eeb-889e-22a678ac654c,2841286156,Final_Activation,Jujhar Constructions And Travels Pvt. Ltd.,The Jujhar Group,8427999077,Punjab,Ludhiana,PB13BB2121,Rajesh Kumar,46,204,209,162,138,160,168,193,211,145,163,148,175,168,165,209,182,206,174,149,201,167,171,166,162,158,176,209,156,197,Active
"January 9, 2026",05f051c5-99f8-46ac-89e0-df93e4e3d2fb,1494799675,Final_Activation,Jujhar Constructions And Travels Pvt. Ltd.,The Jujhar Group,8427999077,Punjab,Ludhiana,PB03AY2352,Rajesh Kumar,0,0,0,0,0,0,0,0,0,0,0,0,0,0,0,0,0,0,0,0,0,0,0,0,0,0,0,0,0,0,Red
"January 9, 2026",1b0dd1b0-1844-4f94-99d8-b85918cfa80b,1494799688,Final_Activation,Jujhar Constructions And Travels Pvt. Ltd.,The Jujhar Group,8427999077,Punjab,Ludhiana,PB10JV8171,Rajesh Kumar,0,0,0,0,0,0,0,0,0,0,0,0,0,0,0,0,0,0,0,0,0,0,0,0,0,0,0,0,0,0,Red
"January 9, 2026",59aff711-8daa-4f46-9d10-8ba3aeb44f59,2841286209,Final_Activation,Rehan Travels,Monowar Hussain,7002947964,Assam,Dhubri district,AS17B8931,Mithun Das,0,0,0,0,0,0,0,0,0,0,0,0,0,0,0,0,0,0,0,0,0,0,0,0,0,0,0,0,0,0,Red
"January 9, 2026",16bfd2d3-a2e7-44b8-9106-24c35d4006ae,2841895503,Final_Activation,Jujhar Constructions And Travels Pvt. Ltd.,The Jujhar Group,8427999077,Punjab,Ludhiana,PB13BB4141,Rajesh Kumar,0,220,270,260,247,277,295,284,263,219,271,235,233,262,273,328,301,332,328,345,291,287,185,178,217,191,192,189,206,220,Active
"January 9, 2026",60eba6d2-6488-46ca-9458-c0249a2b69c7,2841286259,Final_Activation,Jujhar Constructions And Travels Pvt. Ltd.,The Jujhar Group,8427999077,Punjab,Ludhiana,PB07BV6510,Rajesh Kumar,11,114,127,0,0,0,0,0,60,31,32,16,28,4,0,0,0,4,17,20,0,0,14,13,20,77,39,30,0,0,Active
"January 9, 2026",287cb198-47a6-4b9e-9b65-eca4f55664bb,2841286270,Final_Activation,Jujhar Constructions And Travels Pvt. Ltd.,The Jujhar Group,8427999077,Punjab,Ludhiana,PB10JZ9265,Rajesh Kumar,35,196,148,220,162,158,145,257,261,284,204,168,275,267,272,354,294,264,277,219,252,254,219,188,304,212,225,286,290,364,Active
"January 9, 2026",023cb09f-1a0f-4d5a-b4df-7b52c77ff334,2841286382,Final_Activation,Jujhar Constructions And Travels Pvt. Ltd.,The Jujhar Group,8427999077,Punjab,Ludhiana,PB04AC6583,Rajesh Kumar,0,244,220,288,185,215,223,237,236,230,218,182,219,308,230,246,254,236,251,185,264,218,232,210,318,188,214,186,188,203,Active
"January 9, 2026",4c471cfa-f43f-4d44-8a9e-965ddd19d466,1494819991,Final_Activation,Jujhar Constructions And Travels Pvt. Ltd.,The Jujhar Group,8427999077,Punjab,Ludhiana,PB10JW1225,Rajesh Kumar,44,207,223,313,173,250,268,241,302,186,247,159,204,199,204,211,244,209,177,209,249,182,265,137,275,205,232,220,254,226,Active
"January 9, 2026",dbcf4fe9-fec3-417d-a57f-1cc56ed91b83,TJ75247X20117,Final_Activation,Sandhu Tpt Co,Gurupal Singh,9452459459,Uttar Pradesh,Lakhimpur Kheri,,Deependra Bahadur Singh,29,49,55,46,55,44,45,20,0,26,65,51,40,30,64,18,58,46,28,0,0,26,50,47,51,46,36,48,40,40,Active
"January 9, 2026",1ce3fdb7-2160-477a-963f-4a7c41cdaafc,1494820300,Final_Activation,Jujhar Constructions And Travels Pvt. Ltd.,The Jujhar Group,8427999077,Punjab,Ludhiana,PB07BQ4100,Rajesh Kumar,0,0,0,0,0,0,0,0,0,0,0,0,0,0,0,0,0,0,0,0,0,0,0,0,0,0,0,0,0,0,Red
"January 9, 2026",25029eb3-e1a8-43bc-bf04-011ba98002b0,2841892711,Final_Activation,Lok Parivahan,Mukesh Khokhar,7300474082,Rajasthan,Nagaur,RJ01PA7530,Pavan Kumar Bhatt,0,0,0,0,0,0,0,0,0,0,0,0,0,0,0,0,0,0,0,0,0,0,0,0,0,0,0,0,0,0,Red
"January 9, 2026",44ca231b-3eaf-44e5-958f-e1233217eab8,2841891661,Final_Activation,Jujhar Constructions And Travels Pvt. Ltd.,The Jujhar Group,8427999077,Punjab,Ludhiana,PB03AY2348,Rajesh Kumar,56,125,95,97,115,147,195,142,117,163,127,162,146,152,167,126,145,185,160,121,183,162,203,171,192,186,143,147,156,151,Active
"January 8, 2026",433bc47f-5926-45db-bacf-492590799e96,2841896081,Final_Activation,Dashmesh Transport,Ramvir Singh,9417035417,Punjab,Bathinda,PB03BC5017,Surinder Singh,102,193,199,287,202,199,247,232,184,266,202,182,262,202,201,272,201,197,142,221,195,235,249,0,100,242,194,273,213,233,Active
"January 8, 2026",2caa759e-246c-4816-a4ac-a83a8df594b1,2841896087,Final_Activation,Dashmesh Transport,Ramvir Singh,9417035417,Punjab,Bathinda,PB03AP2917,Surinder Singh,41,83,177,162,125,175,142,201,209,185,223,250,234,282,220,254,192,152,177,181,213,173,95,162,223,181,220,154,221,213,Active
"January 8, 2026",f0593c6e-4e73-4d30-8c39-5240d21bfd55,2841920026,Final_Activation,Walia Bus Service,Sandeep Kumar,9816677975,Himachal Pradesh,Kangra,HP68B6475,Mohan,69,165,255,340,158,296,287,255,255,307,292,172,220,224,115,214,236,233,140,214,250,190,244,188,250,154,178,185,160,243,Active
"January 8, 2026",b93ed80c-788c-4bbe-b5eb-60a46d352de9,2841920033,Final_Activation,Kapoor Bus,Amit Kapoor,8580584410,Himachal Pradesh,Kangra,HP37C0290,Mohan,0,0,0,0,0,0,0,0,0,0,0,0,0,0,0,0,0,0,0,0,0,0,0,0,3,0,9,2,0,0,Red
"January 8, 2026",1a8fff32-d787-41e7-993f-e2684163ed3f,2841920025,Final_Activation,Rana Bus,Ravinder Singh Rana,9816229953,Himachal Pradesh,Kangra,HP68B2412,Mohan,0,23,0,5,6,0,0,0,101,26,0,0,0,0,59,0,1,73,101,0,40,0,28,0,0,2,0,0,0,55,Active
"January 8, 2026",e0c54a63-ea31-4e40-8ebf-42348f758857,2841920034,Final_Activation,Dogra Bus Service,Asheem Dogra,9816800055,Himachal Pradesh,Kangra,HP53D8500,Dummy HImachal Pradesh,0,0,0,0,0,0,0,0,0,0,0,0,0,0,0,0,0,0,0,0,0,0,0,0,32,72,52,116,64,27,Red
"January 8, 2026",a9870908-ae14-4151-9e88-02fc5133a9d2,2841896074,Final_Activation,Dashmesh Transport,Ramvir Singh,9417035417,Punjab,Bathinda,PB03AP3017,Surinder Singh,139,182,259,270,0,273,214,245,272,216,235,246,198,208,311,215,216,347,0,142,228,191,248,177,283,0,271,257,210,305,Active
"January 8, 2026",75b143bf-65f2-4cab-bfd6-7122eed7edbe,2841917725,Final_Activation,Dashmesh Transport,Ramvir Singh,9417035417,Punjab,Bathinda,PB03BN4571,Surinder Singh,95,277,232,179,144,220,176,249,226,159,258,0,156,242,318,159,329,226,246,273,217,158,245,169,201,142,254,168,258,227,Active
"January 8, 2026",7b9d7c7e-5202-44b5-8268-cb47ebf0565b,2841917729,Final_Activation,Dashmesh Transport,Ramvir Singh,9417035417,Punjab,Bathinda,PB03BB3217,Surinder Singh,72,173,173,163,87,119,165,121,120,235,139,170,257,221,185,219,252,213,197,192,199,226,221,173,273,21,0,6,226,257,Active
"January 8, 2026",d5605975-846b-4a86-b23d-1d393228cddf,2841920029,Final_Activation,Dogra Bus Service,Asheem Dogra,9816800055,Himachal Pradesh,Kangra,HP53D2725,Dummy HImachal Pradesh,67,107,254,276,211,236,336,282,132,239,232,183,120,71,145,206,256,270,0,0,72,0,7,0,0,0,9,0,0,0,Active
"January 8, 2026",560546d2-3de8-4929-bde3-b446bb5c32b8,2841920032,Final_Activation,Dogra Bus Service,Asheem Dogra,9816800055,Himachal Pradesh,Kangra,HP53A2725,Dummy HImachal Pradesh,0,54,42,25,22,38,48,0,58,35,81,30,48,40,66,0,86,54,106,117,135,110,129,7,0,0,0,0,0,0,Active
"January 7, 2026",c166030e-4ca8-49be-a24d-e999a8bb24ed,2841917733,Final_Activation,Nadda Bus Service,Bhupesh Nadda,9805910957,Himachal Pradesh,Shimla,HP26A1153,Nitin Kumar,0,0,57,89,102,86,127,105,109,105,128,110,121,117,108,111,111,96,104,110,107,103,96,101,137,105,89,89,88,87,Active
"January 7, 2026",ba05efa5-6575-4caf-b154-4e696bc73b4f,2841897579,Final_Activation,Shivay,Rakesh Kumar,9816806254,Himachal Pradesh,Mandi,HP652650,Ajay Sharma,0,0,0,0,0,0,0,0,0,0,0,0,0,0,0,0,0,0,0,0,0,0,98,100,169,0,0,0,0,0,Red
"January 7, 2026",6e294864-691d-4f35-95de-d1a2c2df73af,2841920030,Final_Activation,Jagat Bus Service,Jagat Ram,8091753300,Himachal Pradesh,Bilaspur,HP692087,Harish Verma,0,0,0,0,0,0,0,0,27,28,68,33,57,0,0,28,20,48,66,18,12,45,50,64,14,70,0,8,31,80,Orange
"January 7, 2026",39c9ccc3-fb22-47f4-bab1-bc830cdc56dd,2841285545,Final_Activation,Sahara Travels,Mohammad Amish,7232985830,Uttar Pradesh,Lucknow,UP32WN7641,Deependra Bahadur Singh,0,0,0,0,0,0,0,0,0,0,0,0,0,0,0,0,0,0,0,0,0,0,0,0,0,0,0,0,0,0,Red
"January 7, 2026",6ef7eaee-f960-4d7a-be6c-dc159729a295,2841917731,Final_Activation,Nadda Bus Service,Bhupesh Nadda,9805910957,Himachal Pradesh,Shimla,HP920392,Nitin Kumar,72,136,129,159,103,122,136,99,130,147,150,78,137,135,161,129,131,121,107,115,134,88,116,91,137,80,104,107,127,99,Active
"January 7, 2026",14920b91-aeb6-4dbc-8409-9f0290115d79,2841287141,Final_Activation,Manish Travels,Akash Jain,9111991607,Chhattisgarh,Durg,CG07CR5110,Jayant Latare,0,0,0,0,0,0,0,0,0,0,0,0,0,0,0,0,0,0,0,0,0,0,0,0,0,0,0,0,0,0,Red
"January 7, 2026",0b2be16e-af23-410e-b871-34177fd0a140,2841771409,Final_Activation,Satluj Bus,Sukhwinder Singh,7340816023,Punjab,Mansa,PB31H0323,Surinder Singh,0,310,356,363,280,328,346,369,335,332,357,343,304,376,331,296,378,429,247,310,363,265,292,276,319,270,287,338,398,328,Active
"January 6, 2026",8ca83a91-5e34-4709-a73e-2d443b3c5033,2841286851,Final_Activation,Muskan Travels,Niranjan Singh,9165512000,Chhattisgarh,Mahasamund,CG06H0713,Dummy Chhatisgarh,0,21,51,63,47,63,58,73,63,81,53,63,51,61,60,26,54,31,43,26,38,61,60,43,53,0,45,33,0,45,Active
"January 6, 2026",81afe52e-0f2a-4267-8464-f2de2474057d,2841738770,Final_Activation,Meena Travels,Sampat Lal Meena,9829730440,Rajasthan,Jaipur,RJ14PF8141,Manish Bathi,0,0,0,0,0,0,0,0,0,0,0,0,0,0,0,0,0,0,0,0,0,0,0,0,0,0,0,0,0,0,Red
"January 6, 2026",01a0d16b-2b1d-4af7-a28b-3e11f04c28ef,2840957178,Final_Activation,Viswash Travels,Anurag Mandloi,7067619796,Madhya Pradesh,Dewas,MP41P1361,Nitul Patel,0,53,109,80,83,23,99,104,28,98,79,56,97,35,91,62,85,81,62,136,81,109,66,117,140,78,76,108,67,54,Active
"January 6, 2026",df44f162-355f-4e66-a22f-ed9f8f23f217,2841919248,Final_Activation,Viswash Travels,Anurag Mandloi,7067619796,Madhya Pradesh,Dewas,MP41P1382,Nitul Patel,19,69,44,0,0,0,15,114,115,93,0,0,0,0,0,155,132,186,23,21,159,125,127,169,155,23,125,150,98,18,Active
"January 6, 2026",12a6b4cb-304b-4117-9d63-dd793e66d3d4,2841917804,Final_Activation,Viswash Travels,Anurag Mandloi,7067619796,Madhya Pradesh,Dewas,MP41P1360,Nitul Patel,0,0,0,0,0,0,33,0,14,38,14,0,0,0,0,0,0,0,0,0,0,0,0,0,0,0,0,0,0,0,Orange
"January 6, 2026",dd15da84-33c9-41c3-bbf6-f9e407ccee58,2841597839,Final_Activation,Viswash Travels,Anurag Mandloi,7067619796,Madhya Pradesh,Dewas,MP41P1282,Nitul Patel,30,109,104,79,0,0,0,0,0,0,0,0,0,0,0,0,0,0,0,0,44,0,0,0,0,0,43,38,0,0,Active
"January 6, 2026",8486fa11-fa82-42cd-90b4-7267ba768a25,2842139124,Final_Activation,Viswash Travels,Anurag Mandloi,7067619796,Madhya Pradesh,Dewas,MP41P1482,Nitul Patel,26,0,0,0,0,0,0,0,0,0,0,0,0,12,0,0,0,0,0,0,0,0,0,0,0,0,0,0,0,0,Red
"January 5, 2026",826263dd-0b82-4809-975e-bd8d4dac1a74,2841509820,Final_Activation,Jetha Travels,Jetha Ram,9783707070,Rajasthan,,RJ39PA2874,Rajnish Ab,0,0,0,0,0,0,0,0,0,0,0,0,0,0,0,0,0,0,0,0,0,0,0,0,0,0,0,0,0,0,Red
"January 5, 2026",cc9191c2-4b78-4b8f-89b4-69e635ceaa8f,2841917741,Final_Activation,Narinder Singh,Narinder Singh,8837743231,Punjab,Jalandhar,PB08BN9835,Rajesh Kumar,0,0,0,0,0,0,0,0,0,0,0,0,0,0,0,0,0,0,0,0,0,0,0,0,0,0,0,0,0,0,Red
"January 5, 2026",cc0c6e10-f638-45ae-9da9-d689b77f8727,2841285446,Final_Activation,Baba Loknath Travels,Debashish Prasad,9854179338,Assam,Dhubri,AS01GC7185,Mithun Das,0,0,0,0,0,0,0,0,0,0,0,0,0,0,0,0,0,0,0,0,0,0,0,0,0,0,0,0,0,0,Red
"January 5, 2026",67ea313c-d296-4c2d-a23e-264f07e95ae6,2841285544,Final_Activation,Viswash Travels,Anurag Mandloi,7067619796,Madhya Pradesh,Dewas,MP41P1489,Nitul Patel,74,187,0,1,42,108,35,70,51,100,94,0,9,112,120,65,91,100,132,91,105,70,28,78,68,116,58,7,108,71,Active
"January 5, 2026",0e63f0c1-c0aa-4207-931b-be642d50cb5a,TJ75251621478,Final_Activation,Viswash Travels,Anurag Mandloi,7067619796,Madhya Pradesh,Dewas,MP41P1358,Nitul Patel,0,0,187,101,0,11,76,54,60,57,75,43,65,60,47,25,53,52,43,0,0,0,0,0,0,0,0,19,48,53,Active
"January 4, 2026",086161fe-e53e-4104-a6f8-a0833d86829b,2841917730,Final_Activation,Bhupindera,Bhupinder singh thakur,9805431585,Himachal Pradesh,Solan,HP12K9327,Rahul Kumar Uppal,0,0,0,0,0,0,0,0,0,0,0,0,0,0,0,0,0,0,0,0,0,0,0,0,0,0,0,0,0,0,Red
"January 4, 2026",b26306bc-cd1b-4ccb-bdc0-fe9ed4d503eb,2841917727,Final_Activation,Rajbandhu Bus Service,Prithviraj,9625521351,Himachal Pradesh,Sirmaur,HP16B1151,Nitin Kumar,57,134,147,308,112,157,184,154,154,184,220,176,260,210,167,168,196,179,88,130,141,99,157,144,183,113,69,151,173,176,Active
"January 4, 2026",313e5c7c-99eb-4ec9-a010-bb838aa8924c,2841917726,Final_Activation,Bhupindera,Bhupinder singh thakur,9805431585,Himachal Pradesh,Solan,HP12F9327,Rahul Kumar Uppal,0,0,0,0,0,0,0,0,0,0,0,0,0,0,0,0,0,0,0,0,0,0,0,0,0,0,0,0,0,0,Red
"January 3, 2026",7e20fa54-54c4-4cfc-9ae5-0eec6c2cb29e,2841738722,Final_Activation,Dashmesh Transport,Ramvir Singh,9417035417,Punjab,Bathinda,PB03AC9717,Surinder Singh,96,238,267,304,200,217,272,234,272,267,276,202,249,297,268,284,155,267,156,281,263,202,264,0,68,227,321,304,213,295,Active
"January 3, 2026",797e63c0-8588-49cc-a857-30220fb4da46,2841771524,Final_Activation,Dashmesh Transport,Ramvir Singh,9417035417,Punjab,Bathinda,PB65AH2218,Surinder Singh,53,267,233,318,145,234,261,248,265,333,202,222,185,280,264,221,267,264,170,239,253,220,229,237,348,208,276,248,300,262,Active
"January 3, 2026",0943628f-0fd5-4657-a49f-99d30c89bbbd,2841917740,Final_Activation,Chandel Bus Service,Anil Kumar,9805454171,Himachal Pradesh,Bilaspur,HP69A3126,Rahul Kumar Uppal,0,0,0,0,0,0,0,0,0,0,0,0,0,0,0,0,0,0,0,0,0,0,0,0,0,0,0,0,0,0,Red
"January 3, 2026",01634447-ca24-443d-b38e-cb04b6d077ca,2841917722,Final_Activation,Chandel Bus Service,Anil Kumar,9805454171,Himachal Pradesh,Bilaspur,HP67A7646,Rahul Kumar Uppal,0,0,0,0,0,0,0,0,0,0,0,0,0,0,0,0,0,0,0,0,0,0,0,0,0,0,0,0,0,0,Red
"January 3, 2026",3c8b43d0-b50a-4bdd-8db1-20e2c26d1dfc,2841917732,Final_Activation,Bal Majitha Transport,Manpreet Singh,9464119107,Punjab,majitha,PB02AT9857,Nitin Kumar Yadav,113,352,342,380,250,244,263,318,303,274,321,202,0,224,316,194,280,294,304,171,318,266,119,246,312,280,181,315,307,281,Active
"January 2, 2026",f577fc35-ff01-47c9-8d04-3a574a7c85c9,2841536321,Final_Activation,Sapna Bus Service,Anil Rawat,6265420521,Madhya Pradesh,Shivpuri,MP08P0495,Jeetendra Buwade,0,0,0,0,0,0,0,0,0,0,0,0,0,0,0,0,0,0,0,0,0,0,0,0,0,0,0,0,0,0,Red
"January 2, 2026",c72388b5-c546-4bbb-91d8-7f505a8dcbbd,2841738767,Final_Activation,Monty Bus,Nitesh Sangwan,9050153147,Haryana,charkhi dadri,RJ18PA0737,Amit Kumar,0,0,0,0,0,0,0,0,0,0,0,0,0,0,0,0,0,0,0,0,0,0,0,0,0,0,0,0,0,0,Red
"January 1, 2026",dfdf964b-836a-496f-a9aa-88d988b1fcb8,2841891660,Final_Activation,Pandit Bus Service,Akshy Kumar Sharma,9816303101,Himachal Pradesh,Una,HP72C7324,Harish Verma,0,0,0,0,0,0,0,0,0,0,0,0,0,0,0,0,0,0,0,0,0,0,0,0,0,0,0,0,0,11,Red
"December 31, 2025",45b7fa0b-14f0-4383-9052-8970c375b2f7,2841568886,Final_Activation,N T,Kanwarpal Singh,9914966134,Punjab,Muktsar,PB30L2978,Rajiv Kumar,26,176,168,159,153,98,206,163,164,150,174,136,175,163,163,163,164,178,261,175,169,179,188,225,242,147,127,195,251,216,Active
"December 31, 2025",07bb01d9-e7bd-4cf3-9784-ade7de096621,2841006757,Final_Activation,N T,Kanwarpal Singh,9914966134,Punjab,Muktsar,RJ31PB0031,Rajiv Kumar,144,283,285,246,235,281,265,248,230,245,244,242,234,290,318,236,240,297,248,266,241,227,286,253,294,211,258,274,309,249,Active
"December 30, 2025",fb295d30-e2db-4e02-b6a0-eb652ec8a52a,2841287143,Final_Activation,Yuvraj Motor Service,Archana Singh,9931392443,Bihar,Begusarai,BR11PA2428,Ritesh kumar singh,0,0,0,0,0,0,0,0,0,0,0,0,0,0,0,0,0,0,0,0,0,0,0,0,0,0,0,0,0,0,Red
"December 30, 2025",f087277a-4172-497f-96be-ac78dd47246c,2841286655,Final_Activation,Jan Piry Bus,Manish Kumar,9813231137,Haryana,Jhajjar,JAN 3,Rahul,205,482,533,551,460,416,505,529,539,573,579,421,513,492,534,158,4,584,443,510,557,502,481,495,584,363,456,511,489,546,Active
"December 30, 2025",82ad4eb7-716d-4065-961a-a25723b7de45,2841741025,Final_Activation,MHT Express,Nirmal Singh,9094400025,Punjab,Bathinda,PB19M2507,Rajesh Kumar,0,0,0,0,0,0,0,0,0,0,0,0,0,0,0,0,0,0,0,0,0,0,0,0,0,0,0,0,0,0,Red
"December 30, 2025",66339452-191f-4726-a60f-2761e35441e4,TJ75253Q21029,Final_Activation,Sodha Bus Service,Vikram Singh,9660956939,Rajasthan,Jaisalmer,RJ19PA6789,Rakesh,0,0,0,0,30,45,28,66,39,55,42,0,0,58,32,13,0,64,20,36,44,56,38,98,52,57,35,86,61,42,Yellow
"December 30, 2025",e577f782-5047-44e6-969c-387985f65835,TJ7524BE22045,Final_Activation,Jhala travels 80RD,Mahendra singh,8890301100,Rajasthan,Bikaner,RJ09PA4440,Manoj,0,0,0,0,0,0,0,0,0,0,30,62,35,40,70,24,0,0,0,0,0,0,0,0,0,0,0,0,24,17,Orange
"December 30, 2025",ad44370b-9ece-45a5-b44c-3a9b2172daa0,2841287108,Final_Activation,Jan Piry Bus,Manish Kumar,9813231137,Haryana,Jhajjar,JAN 1,Rahul,137,163,377,420,275,346,384,386,363,425,438,250,375,394,397,363,404,416,310,421,422,317,375,395,444,0,381,388,353,416,Active
"December 30, 2025",3180fcf4-d829-4a6f-ae02-3d8b9d405ea0,2841285893,Final_Activation,Jan Piry Bus,Manish Kumar,9813231137,Haryana,Jhajjar,JAN 2,Rahul,194,240,532,572,459,548,539,498,511,579,535,392,477,562,551,523,615,568,483,556,561,455,508,528,545,448,537,596,534,617,Active
"December 30, 2025",3f88652c-0627-40a3-a2ea-a2f12503c402,2841285861,Final_Activation,Mohammad Sahban Travels,Mohammad Sahban,9667113838,Rajasthan,Sawai Madhopur,RJ10PA6391,Shubham Gujrati,0,142,157,151,146,108,122,125,120,134,160,52,143,141,142,124,135,145,125,124,143,102,151,152,132,110,138,163,132,0,Active
"December 30, 2025",bf6b2093-8470-4c61-8d87-1cbcc924f1b2,2841519300,Final_Activation,Yuvraj Motor Service,Archana Singh,9931392443,Bihar,Begusarai,BR09R0526,Ritesh kumar singh,0,0,0,0,0,0,0,0,0,0,0,0,0,0,0,0,0,0,0,0,0,0,0,0,0,0,0,0,0,0,Red
"December 30, 2025",7c727eb4-6597-4c39-a0fe-579681e6b8ca,2841887889,Final_Activation,Jhala travels 80RD,Mahendra singh,8890301100,Rajasthan,Bikaner,RJ07PB8158,Manoj,0,0,0,0,0,0,0,0,0,0,153,109,161,147,149,141,172,136,123,130,161,109,180,137,169,109,153,136,203,122,Orange
"December 29, 2025",8c1c1701-2327-42dd-a86c-dbefb30d9934,2840872157,Final_Activation,Ram Parivahan,Sudesh Kumar,9418792971,Himachal Pradesh,Kangra,HP53D0971,Mohan,0,0,0,0,0,0,0,120,250,208,63,0,0,0,0,0,0,0,83,49,24,0,0,0,0,0,0,153,62,111,Orange
"December 29, 2025",38337b41-acb8-4013-af08-7fce9f840ffe,2841285862,Final_Activation,Himalya Bus Service,Khem Singh,9625425123,Himachal Pradesh,Mandi,HP657104,Ajay Sharma,0,0,0,0,0,0,0,0,0,0,0,0,0,0,0,0,0,0,0,0,0,0,0,0,0,0,0,0,0,0,Red
"December 29, 2025",8480c555-1314-446e-9115-bde2fea6800f,2841905250,Final_Activation,Chandel Bus Service,Geeta Chandel,9817585288,Himachal Pradesh,Bilaspur,HP693356,Rahul Kumar Uppal,62,200,286,290,4,247,273,0,0,0,0,0,245,0,0,0,0,0,0,0,0,208,0,0,0,0,21,199,169,162,Active
"December 29, 2025",a2da6648-a5e4-4db7-ba29-257513fd378f,2841738774,Final_Activation,The Mata Mansa Devi Coopretive Society Pvt Ltd,Mahinder Pal,9813174321,Haryana,Yamunanagar,HR58A9939,Amit Kumar,140,431,541,516,426,519,446,415,406,497,477,448,405,490,491,456,488,488,388,217,443,358,457,524,427,348,470,525,516,555,Active
"December 28, 2025",c4b5b08c-20f4-4469-86e1-049c08b966cc,2841774463,Final_Activation,New Thulel Valley,Mohinder Singh,9816002797,Himachal Pradesh,Chamba,HP577527,Mohan,60,138,150,183,83,103,158,118,159,158,181,83,157,165,138,166,157,184,84,149,155,4,0,0,0,0,4,0,0,0,Active
"December 27, 2025",0cfcdaa1-43ac-42e7-958d-e220d8ed5940,2841771523,Final_Activation,Ritika Bus Service,Keshav Chand,9129725099,Himachal Pradesh,Hamirpur,CH02AA0299,Mohan,0,0,0,0,0,0,0,0,0,0,0,0,0,0,0,0,0,0,0,0,0,0,0,0,0,0,0,0,0,0,Red
"December 26, 2025",637e45e7-8869-4c8b-9811-4e6df80aaba6,TJ75253M22208,Final_Activation,Prince Motors,Pawan Thakur,9857800046,Himachal Pradesh,Una,HP804600,Harish Verma,206,217,351,162,214,212,248,238,201,227,250,247,236,91,211,204,218,264,212,193,175,168,232,0,0,273,224,277,353,260,Active
"December 26, 2025",d9862bd9-88d0-4313-a619-1d8179f310fb,2841285187,Final_Activation,Bal Majitha Transport,Manpreet Singh,9464119107,Punjab,majitha,PB07M8316,Nitin Kumar Yadav,94,308,310,373,272,146,0,0,0,0,0,0,0,0,0,0,0,0,0,0,0,0,0,0,0,0,0,0,0,0,Active
"December 26, 2025",3ae6f81f-5c9f-4844-94bf-d85b9c5cdeb0,2841741022,Final_Activation,Radheshyam,Radheshyam,7568895019,Rajasthan,Bikaner,RJ50PA0189,Rakesh,0,0,0,0,0,0,0,0,0,0,0,0,0,0,0,0,0,0,29,55,113,130,70,115,82,112,70,74,83,49,Red
"December 25, 2025",ec4b6bf0-e396-4266-a4bc-e35fb89024e1,2841782704,Final_Activation,Veerendra singh,VEERENDRA SINGH,9828151026,Rajasthan,Karauli,RJ14PG6755,Shiv Charan Ojha,0,123,132,154,131,122,124,108,110,109,119,104,90,122,120,135,129,122,102,109,123,95,99,119,111,126,96,108,124,115,Active
"December 25, 2025",fcd83839-d0b9-4dbb-9b83-8a787cb1ff67,2841602146,Final_Activation,Sagar Bus,Ranjit Singh,9915782753,Punjab,muktsar,PB30R7701,Rajiv Kumar,85,295,361,324,297,301,366,192,362,295,300,204,333,311,295,284,276,288,153,315,346,291,282,43,280,260,401,257,323,317,Active
"December 25, 2025",fd1f591d-acb7-4a3e-abd7-3450bd6d6d4d,2841738726,Final_Activation,Sagar Bus,Ranjit Singh,9915782753,Punjab,muktsar,PB30R8701,Rajiv Kumar,69,189,181,206,180,148,195,190,119,326,339,305,380,293,368,305,398,281,322,262,209,333,330,293,320,194,201,351,287,330,Active
"December 25, 2025",a6d6fcfc-2cd5-47da-a838-4107759ed9c6,2841769293,Final_Activation,Sandeep Bus Service,Sandeep kumar,9355551608,Haryana,Yamunanagar,HR37A0005,Amit Kumar,77,211,278,365,312,259,283,313,349,337,317,290,277,311,250,344,344,355,252,429,281,217,201,327,320,293,304,268,275,144,Active
"December 24, 2025",72110a7d-3d0c-422b-9b1d-03c41f9a2372,2841286497,Final_Activation,Himalya Bus Service,Khem Singh,9625425123,Himachal Pradesh,Mandi,HP657575,Ajay Sharma,0,0,0,0,0,0,0,0,0,0,0,0,0,0,0,0,0,0,0,0,0,0,0,0,0,0,0,0,0,0,Red
"December 24, 2025",50d4e3f5-3705-49e9-b4bf-bdd692c9cbb7,2841771531,Final_Activation,Murari Bus Service,Suresh Kumar,8894208116,Himachal Pradesh,Mandi,HP31B8643,Ajay Sharma,136,176,217,261,0,167,199,168,237,194,0,0,0,0,0,0,1,0,0,155,210,0,151,0,209,0,134,219,230,170,Active
"December 24, 2025",61694387-508e-47ad-9180-94f460f78829,2841741034,Final_Activation,Neelgagan Bus Service,Ashok Kumar,9816507922,Himachal Pradesh,Naina Devi,HP69A2325,Dummy HImachal Pradesh,21,34,0,10,86,28,10,37,12,37,41,80,53,35,26,29,6,32,41,13,29,5,40,34,10,31,23,35,40,25,Active
"December 24, 2025",1658c768-2692-4e0d-acf7-5c5687cf4922,2842133276,Final_Activation,B.Batala,Harinder Pal Singh,8725080080,Punjab,Batala,PB06BN8080,Nitin Kumar Yadav,0,0,222,336,310,270,283,230,281,271,276,203,203,284,272,288,244,266,218,325,235,233,240,202,266,255,244,222,239,295,Active
"December 24, 2025",ed68cb2d-2c8e-4368-8b6b-a7a65a7aec32,2841509115,Final_Activation,B.Batala,Harinder Pal Singh,8725080080,Punjab,Batala,PB06Q9780,Nitin Kumar Yadav,88,308,327,368,310,242,363,313,347,313,323,304,319,330,323,254,300,298,298,144,325,308,355,286,0,0,0,0,330,8,Active
"December 23, 2025",5c34a36c-6595-4b0a-b1e0-9f94582e5170,2841026230,Final_Activation,Khatra Bus Service,Sandeep Singh Khatra,9112900040,Punjab,Patiala,PB11CB6455,Deepak,0,0,0,0,0,0,0,0,0,0,0,0,0,0,0,0,0,0,0,0,0,0,0,0,0,0,0,0,0,0,Red
"December 23, 2025",21441df0-fef0-4bd0-93a9-d633cc8bbf53,2840965426,Final_Activation,Khatra Bus Service,Sandeep Singh Khatra,9112900040,Punjab,Patiala,PB11DL0755,Deepak,0,0,0,0,0,0,0,0,0,0,0,0,0,0,0,0,0,0,0,0,0,0,0,0,0,0,0,0,0,0,Red
"December 23, 2025",e97423db-cea3-44b5-a588-8d952654f0c2,2840974099,Final_Activation,Akhalesh Kumar Meena,Akhalesh Kumar Meena,9899190680,Delhi,Delhi,RJ29PA5481,Manish Bathi,0,103,120,103,119,123,107,107,108,112,100,90,104,105,0,0,82,121,103,82,83,52,88,47,61,98,97,115,81,119,Active
"December 23, 2025",4cf14eb6-31c9-4e88-a0bc-e4bda898dd21,2842107022,Final_Activation,Rana Bus Service,Sanjeev Rana,9816326707,Himachal Pradesh,Amb,HP72B3947,Harish Verma,65,117,221,416,0,269,264,273,253,256,216,147,137,192,245,212,256,194,179,0,195,0,48,88,192,104,140,186,190,196,Active
"December 23, 2025",8480441d-0b36-4330-8b61-05482cdb1154,2841779981,Final_Activation,Gill Travels,Amandeep Kaur Gill,9780007760,Punjab,Moga,,Rajiv Kumar,0,143,138,141,106,146,138,153,148,129,145,123,127,110,0,279,376,333,311,262,334,219,294,196,272,238,275,255,325,263,Active
"December 23, 2025",4b649eb0-c55d-4d70-aa30-a782532e07e1,TJ7524BJ21618,Final_Activation,Shehnaz Bus Service,Jaswinder Singh,9463429432,Punjab,Ferozepur,PB08CB8378,Harpreet Singh,0,0,0,0,0,0,0,0,0,0,0,0,0,0,0,0,0,0,0,0,0,0,0,0,10,145,123,185,135,154,Red
"December 23, 2025",9716e1e5-dfe8-4e33-8280-3aca063c9160,TJ7524B520255,Final_Activation,Kuldeep Bus Service,Kuldeep Singh,9729448607,Haryana,Hisar,,Amit Kumar,0,0,74,161,129,147,131,123,145,153,169,122,107,141,141,143,148,139,126,161,147,104,142,149,138,111,132,127,74,89,Active
"December 23, 2025",a38b77b6-38cd-4874-ba2b-59efdbd8f1e0,2841887419,Final_Activation,Khatra Bus Service,Sandeep Singh Khatra,9112900040,Punjab,Patiala,PB11CU4955,Deepak,0,0,0,0,0,0,0,0,0,0,0,0,0,0,0,0,0,0,0,0,0,0,0,0,0,0,0,0,0,0,Red
"December 23, 2025",8a52de42-7eaf-44c8-9f0c-1e0b00c8bcfe,2841012425,Final_Activation,Khatra Bus Service,Sandeep Singh Khatra,9112900040,Punjab,Patiala,PB11CB5755,Deepak,0,0,0,0,0,0,0,0,0,0,0,0,0,0,0,0,0,0,0,0,0,0,0,0,0,0,0,0,0,0,Red
"December 23, 2025",b2116079-da15-4c72-8528-80c30c4ffa4f,2841917214,Final_Activation,Khatra Bus Service,Sandeep Singh Khatra,9112900040,Punjab,Patiala,PB11DH4755,Deepak,0,0,0,0,0,0,0,0,0,0,0,0,0,0,0,0,0,0,0,0,0,0,0,0,0,0,0,0,0,0,Red
"December 23, 2025",ea12fd68-44df-4066-b6c0-e0e76d119195,TJ7524B520073,Final_Activation,Shehnaz Bus Service,Jaswinder Singh,9463429432,Punjab,Ferozepur,PB08CH7678,Harpreet Singh,0,162,151,223,142,50,146,158,140,147,139,158,174,200,157,180,125,167,126,178,129,142,126,159,150,101,129,130,172,125,Active
"December 22, 2025",f53ee333-3ce2-4341-b070-0fdffb1ddbd8,2841921631,Final_Activation,Rana Bus Service,Sanjeev Rana,9816326707,Himachal Pradesh,Amb,HP72B7147,Harish Verma,20,148,199,202,164,186,194,196,189,105,197,0,179,187,249,241,178,260,132,195,151,166,205,170,225,0,178,217,185,205,Active
"December 22, 2025",7546a4f5-012e-417f-8966-ae956a24a1bd,2840934183,Final_Activation,Ram Parivahan,Sudesh Kumar,9418792971,Himachal Pradesh,Kangra,HP53B6977,Mohan,63,59,53,72,41,19,114,34,64,88,71,28,99,76,19,44,18,57,0,0,69,96,83,107,79,18,63,173,81,84,Active
"December 22, 2025",5e0bb01c-6cbf-4983-a830-d06de88ab042,2841284917,Final_Activation,Goyal bus service,Ankush Goyal,9996591788,Haryana,Sirsa,HR57A4547,Amit Kumar,75,226,280,242,256,200,231,94,296,329,222,208,312,288,0,255,315,280,221,303,256,265,208,263,308,250,231,393,294,275,Active
"December 22, 2025",bcaebb57-4415-43d3-af50-b7c24f7a14a7,TJ75248N20058,Final_Activation,Btc Travels,Baljinder Singh,7073704072,,Rawatsar,,,0,0,0,0,0,0,0,0,0,0,0,0,0,0,0,0,0,0,0,0,0,0,0,0,0,0,0,0,0,0,Red
"December 21, 2025",0181aeeb-7a32-4748-822d-bf046502afd1,2841287148,Final_Activation,NEW PREM BUS SERVICE,Pawan Kumar,9736176255,Himachal Pradesh,Kangra,HP68A0286,Mohan,0,0,0,0,0,0,0,0,41,94,34,0,0,0,0,52,62,39,0,46,101,30,0,82,109,37,0,50,101,77,Orange
"December 21, 2025",6117943c-7119-4757-bb7a-0e8a67b92786,TJ75251620829,Final_Activation,Tour Travel Agency,Akash ji,7568070029,Rajasthan,Ganganagar,RJ13PB8573,Ranjit kachhava,0,0,0,0,0,0,0,0,0,0,0,0,0,0,0,0,0,0,0,0,0,0,0,0,0,0,0,0,0,0,Red
"December 21, 2025",f3aac45b-4cf0-4a88-b914-e3f54c5f7a74,2841895731,Final_Activation,Ram Parivahan,Sudesh Kumar,9418792971,Himachal Pradesh,Kangra,HP53D5077,Mohan,0,274,101,164,257,84,120,157,113,253,265,108,256,103,260,240,119,129,170,97,115,96,278,114,132,147,123,27,0,0,Active
"December 20, 2025",a97d1fa5-f741-4a63-835d-c744440ae5b7,2841286450,Final_Activation,Bharat CTS Ltd,Anil Malik,9050021507,Haryana,Jind,HR67C1960,Yudhveer Singh,0,0,0,0,0,0,0,97,107,284,102,0,238,327,266,225,235,266,251,285,265,290,352,303,249,275,279,111,302,311,Orange
"December 20, 2025",fd657359-2dea-4453-82c5-e02c89566451,2841738730,Final_Activation,Khan Travels,Sahil,6375326576,Rajasthan,Bikaner,RJ13PA4631,Rakesh,0,83,90,106,68,76,79,92,71,70,93,82,74,91,81,85,85,112,73,26,56,0,0,0,0,0,0,0,0,0,Active
"December 20, 2025",8407db98-0d23-4d15-97e3-14781bdb3cac,2841285445,Final_Activation,Sharwan Kumar,Sharwan Kumar,8619354560,Rajasthan,Nokha,RJ50PA8405,,24,107,63,61,65,44,55,60,57,59,54,42,37,57,0,0,0,0,0,0,0,0,0,0,0,0,0,0,0,0,Active
"December 20, 2025",d6d01374-8289-4821-bda2-a1ee9ac0b36b,2841024096,Final_Activation,Pathania Bus,Rajinder Singh,8219773822,Himachal Pradesh,Kangra,HP54B4145,Karan Raina,52,110,53,53,30,84,66,65,146,42,18,58,104,97,110,30,99,111,0,0,0,41,65,65,96,75,106,0,0,85,Active
"December 19, 2025",6a6a0ebe-2f12-4926-818a-7d6680e10c0b,2841738737,Final_Activation,Gill Moters,Baljinder kaur,7355100668,Punjab,moga,PB05AT9444,Rajiv Kumar,110,344,410,517,317,345,347,395,484,355,392,342,359,354,407,388,465,463,373,388,402,334,378,370,467,358,395,391,358,414,Active
"December 19, 2025",ddbc751b-db56-4b99-83e3-eb9a4b3681c6,2841738735,Final_Activation,Gill Moters,Baljinder kaur,7355100668,Punjab,moga,PB03W0511,Rajiv Kumar,125,317,270,303,389,134,228,297,446,187,337,161,229,369,345,291,186,340,376,325,325,325,279,340,13,0,152,279,275,289,Active
"December 19, 2025",1f1f2967-97f7-4bdb-a11f-a479ece6299b,2841286273,Final_Activation,New khaira tpt,Ketan singh khaira,9956564556,Uttar Pradesh,Kheri,UP31BT6277,Deependra Bahadur Singh,0,23,60,60,40,40,17,0,26,64,61,16,16,55,38,51,40,56,36,14,0,26,33,42,53,50,59,76,47,49,Active
"December 18, 2025",273ba655-228e-45ff-bf4f-e691b5d6a614,2841286681,Final_Activation,Jai Mata Di,Aayush,9111444002,Madhya Pradesh,Hoshangabad,MP05P0407,Nitul Patel,0,0,0,0,0,0,0,0,0,0,0,0,0,0,0,0,0,0,0,0,0,0,0,0,0,0,0,0,0,0,Red
"December 18, 2025",5b2878c2-d606-4a89-92db-e3b162ecd31e,2841917817,Final_Activation,Jai Mata Di,Aayush,9111444002,Madhya Pradesh,Hoshangabad,MP05P0396,Nitul Patel,0,0,0,0,0,0,0,0,0,0,0,0,0,0,0,0,0,0,0,0,0,0,0,0,0,0,0,0,0,0,Red
"December 18, 2025",94367394-ddbc-4e6c-98eb-41b09957e3ab,2840969977,Final_Activation,Jai Mata Di,Aayush,9111444002,Madhya Pradesh,Hoshangabad,MP04PA2568,Nitul Patel,0,0,0,0,0,0,0,0,0,0,0,0,0,0,0,0,0,0,0,0,0,0,0,0,0,0,0,0,0,0,Red
"December 17, 2025",b6ba6044-c9b1-4c2d-aede-413db0852c99,2841568887,Final_Activation,Jai Mata Di,Aayush,9111444002,Madhya Pradesh,Hoshangabad,MP04PA2569,Nitul Patel,0,0,0,0,0,0,0,0,0,0,0,0,0,0,0,0,0,0,0,0,0,0,0,0,0,0,0,0,0,0,Red
"December 17, 2025",02f46404-216c-44bf-9aeb-3716dcffd34d,2841738728,Final_Activation,Dashmesh Transport,Ramvir Singh,9417035417,Punjab,Bathinda,PB03BS7317,Surinder Singh,100,169,124,155,124,118,162,157,164,172,129,0,69,176,176,209,197,223,0,217,167,173,193,157,252,159,194,196,227,201,Active
"December 17, 2025",8ec8f10a-2449-4531-b6a9-5a2d93711384,2841285797,Final_Activation,Bharti Bus Service,Anwar Bharti,9816024505,Himachal Pradesh,Kullu,HP34F4646,Ajay Sharma,0,0,0,0,0,0,0,0,0,0,0,0,0,0,0,0,0,0,0,0,0,0,0,0,0,0,0,0,0,0,Red
"December 17, 2025",596c046f-8923-45de-b2f6-ae4c15e20bb8,2841738721,Final_Activation,Dashmesh Transport,Ramvir Singh,9417035417,Punjab,Bathinda,PB03BM6517,Surinder Singh,87,205,199,200,168,162,175,133,192,171,176,154,213,176,187,164,178,173,193,153,164,145,145,269,43,179,233,232,186,0,Active
"December 17, 2025",f5587c26-862f-443e-a8de-d1ebcceac543,2841741024,Final_Activation,Dashmesh Transport,Ramvir Singh,9417035417,Punjab,Bathinda,PB03BS3417,Surinder Singh,71,278,272,272,150,242,248,261,274,176,258,181,297,296,300,294,286,292,149,300,287,272,293,0,305,169,291,306,313,356,Active
"December 17, 2025",8ce3c752-4b05-4575-92a6-d587df030f80,2841741021,Final_Activation,Ahuluwali Bus Service,Sukhwinder Singh,9872831811,Punjab,Mansa,PB13BG8511,Deepak,0,0,0,0,0,0,0,0,0,0,0,0,0,0,0,0,0,0,0,0,0,0,0,0,0,0,0,0,0,0,Red
"December 16, 2025",b3367c3e-3f89-4cbf-a89f-3e52edb31c9b,2841286656,Final_Activation,NEW PREM BUS SERVICE,Pawan Kumar,9736176255,Himachal Pradesh,Kangra,HP685252,Mohan,0,21,143,111,106,76,0,16,123,83,0,15,111,119,108,86,0,20,92,112,93,74,0,26,142,127,99,0,0,166,Active
"December 16, 2025",45514be7-6f62-4769-b5f1-12022571c134,2841509114,Final_Activation,Rajasthan Lok Parivahan,Mahipal,9602184619,Rajasthan,Jodhpur,RJ43PB0505,Manish Bathi,0,21,44,36,33,12,72,0,24,26,50,0,0,0,0,34,31,0,0,13,0,15,17,14,0,16,10,0,0,19,Active
"December 16, 2025",34fcb0fa-d76f-430a-8f3e-e394333e8bf4,2841285538,Final_Activation,Lok parivahan sewa,Rashid khan,9509121373,Rajasthan,Alwar,,Manish Rajput,40,3,125,59,57,51,0,0,0,0,0,0,0,0,0,0,0,0,0,0,0,0,0,0,0,0,0,0,0,0,Active
"December 16, 2025",5ca80e34-b072-4d9e-af29-5e43452714de,2841738739,Final_Activation,Radha Krishan Service,Kuldeep,9813048045,Haryana,Mewat,,Shubham Singh,0,0,0,0,0,0,0,0,0,0,0,0,0,0,0,0,0,0,0,0,0,0,0,0,0,0,0,0,0,0,Red
"December 16, 2025",e405c362-7a75-4997-9e7f-a981f2c1a180,2841286490,Final_Activation,Mandhor Corporative Society,Jasbir Singh,9896797313,Haryana,Ambala,HR37A7458,Dummy Haryana,0,0,0,0,0,0,0,0,0,0,0,0,0,0,0,0,0,0,0,0,0,0,0,0,0,0,0,0,0,0,Red
"December 15, 2025",7d627ba6-3a1c-4b10-ac7c-a6b545035504,2841012423,Final_Activation,Parowal Bus Service,Gurdeep Singh,6283324002,Punjab,Amritsar,PB05R9381,Jagjeet Singh,0,0,0,0,0,0,0,0,0,0,0,0,0,0,0,0,0,0,0,0,0,0,0,0,0,0,0,0,0,0,Red
"December 15, 2025",d54594ee-650f-4caf-b079-e848ca9f9e4a,2841509369,Final_Activation,Attal Bus Sarvice,Sukhwinder Singh,9872092997,Punjab,Patiala,PB13BP9777,Deepak,0,170,160,206,99,167,190,187,231,137,199,69,214,178,164,151,166,204,231,195,180,154,161,172,166,138,239,51,221,177,Active
"December 15, 2025",795adfe7-d2cc-44d6-b77f-a31997f9d703,2840685890,Final_Activation,NEW PREM BUS SERVICE,Pawan Kumar,9736176255,Himachal Pradesh,Kangra,HP68B1551,Mohan,0,46,122,41,0,51,105,49,0,0,0,27,52,0,53,99,42,0,25,105,35,0,46,118,51,0,34,99,55,0,Active
"December 15, 2025",ecaa724b-5b78-4ae1-af04-b298d4f1e60f,2841771521,Final_Activation,Shiv motor harry,Harpinder Harry,9814900395,Punjab,PATIALA,PB11DG9895,Deepak,42,208,204,215,0,283,83,174,210,194,220,0,166,205,220,208,213,219,281,361,207,47,205,124,247,0,185,212,274,223,Active
"December 14, 2025",ea79058e-d323-4bc5-9a76-3712adbf39da,2841738769,Final_Activation,Radha Krishna Service,Mahesh Kumar,9540316184,Haryana,Gurgaon,HR55BA0084,Shubham Singh,151,244,237,172,177,190,252,25,266,211,363,267,318,311,252,279,296,278,185,42,208,11,238,262,147,205,230,246,201,139,Active
"December 14, 2025",531ff3f7-cb40-4036-acf0-aa2e79c38045,2841738765,Final_Activation,Radha Krishna Service,Mahesh Kumar,9540316184,Haryana,Gurgaon,HR55AJ0084,Shubham Singh,89,214,175,76,202,170,111,168,214,221,254,285,230,246,190,226,199,196,200,211,208,149,162,183,219,171,245,262,195,173,Active
"December 13, 2025",25ea9288-7392-4f90-8fde-677570bad5ba,2841287112,Final_Activation,The Desujodha Dhillon Co Op Tpt,Gurchet Singh,9416215591,Haryana,Sirsa,HR570096,Amit Kumar,0,0,0,0,0,0,0,0,0,0,0,0,0,0,0,0,0,0,0,0,0,0,0,0,0,0,0,0,0,0,Red
"December 13, 2025",9d6267e4-986e-4a3a-9c55-023f8c424fcf,TJ75251520433,Final_Activation,Kartik Bus Service,Arvind Kumar Gupta,7247603722,Madhya Pradesh,Panna,MP16ZG9577,Kailash Patkar,0,0,0,0,0,0,0,0,0,0,0,0,0,0,0,0,0,0,0,0,0,0,0,0,0,0,0,0,0,0,Red
"December 12, 2025",b1eeca48-e8b6-489a-b822-9811af1a1329,2841286951,Final_Activation,Shriman bus service,Shriman meena,9694993064,Rajasthan,Dausa,,Sunil Kumar,0,0,0,0,0,0,0,0,0,0,0,0,0,0,0,0,0,0,0,0,0,0,0,0,0,0,0,0,0,0,Red
"December 12, 2025",32256501-6823-4955-a292-863d6c9ba75a,2841006768,Final_Activation,Tamana Bus,Isha Sharma,8219746181,Himachal Pradesh,Chamba,HP57A6005,Karan Raina,59,112,130,82,0,93,106,126,129,97,124,0,128,98,110,138,92,149,1,126,141,58,122,82,136,0,103,88,96,89,Active
"December 12, 2025",3014c811-9cf5-420c-940a-25075192d36e,2841286262,Final_Activation,Choudhary Travels,Jitendra Choudhary,9672010577,Rajasthan,Ajmer,RJ14PG9639,Rakesh,32,84,84,73,76,108,63,0,36,66,0,0,0,0,0,0,0,0,0,0,0,0,0,0,0,0,0,0,0,0,Active
"December 12, 2025",06142589-2495-43df-bf88-a539ca41607b,2841285758,Final_Activation,Shivangan Holiday,Seema Tripathi,9452689219,Uttar Pradesh,Gonda,UP52BT9739,Deependra Bahadur Singh,0,0,0,0,0,0,0,0,0,0,0,0,0,0,0,0,0,0,0,0,0,0,0,0,0,0,0,0,0,0,Red
"December 12, 2025",bf3dca8e-5465-472b-bd32-e355782d5e36,2841286380,Final_Activation,Choudhary Travels,Satpal,9509020277,Rajasthan,Ganganagar,RJ13PA9767,Rakesh,0,0,0,0,0,0,0,0,0,0,0,0,0,0,0,0,0,0,0,0,0,0,0,0,0,0,0,0,0,0,Red
"December 12, 2025",83eddae9-f0d0-46a2-8a6e-ad8fa488ec32,2841891161,Final_Activation,Tamana Bus,Isha Sharma,8219746181,Himachal Pradesh,Chamba,HP577005,Karan Raina,0,0,0,0,0,0,0,0,0,86,101,0,45,51,0,0,0,0,0,0,0,0,80,73,0,0,38,89,44,0,Orange
"December 11, 2025",1da81359-4386-470d-a103-2158e7275994,2841285881,Final_Activation,Swastik Bus Service,Rabi kumar,7762802786,Bihar,Gopalganj,BR04Q3291,Sonu Mishra,0,0,0,0,0,0,0,0,0,0,0,0,0,0,0,0,0,0,0,0,0,0,0,0,0,0,0,0,0,0,Red
"December 11, 2025",fb3511cf-877f-4ebf-8a5c-ebdb75bac104,2841027751,Final_Activation,Radha Krishna Travels,Mahender Singh Yadav,8505925151,Haryana,Gurgaon,HR55AB8965,Shubham Singh,0,0,0,0,0,0,0,0,0,0,0,0,0,0,0,0,0,0,0,0,0,0,0,0,0,0,0,0,0,0,Red
"December 11, 2025",e0d85c97-09f2-46a5-9a23-22b36ef3a2d3,2841286955,Final_Activation,Parvati Bus Service,Satish Chandel,9816990164,Himachal Pradesh,Bilaspur,HP65B0205,Rahul Kumar Uppal,0,0,0,0,0,0,0,0,0,0,0,0,0,0,0,0,0,0,0,0,0,0,0,0,0,0,0,0,0,0,Red
"December 11, 2025",9c6a76cd-1b7c-4435-a1a9-c32b426b850c,2841901713,Final_Activation,Mahendra Kumar,Mahendra Kumar,9079746283,Rajasthan,Jodhpur,RJ19PD2266,Rakesh,38,76,90,50,150,102,79,82,82,39,92,40,69,71,38,52,43,123,85,67,72,35,114,62,77,68,29,141,79,78,Active
"December 11, 2025",37622ad9-14f4-4d80-81c1-7a3a86c71e4b,2841286213,Final_Activation,Parvati Bus Service,Satish Chandel,9816990164,Himachal Pradesh,Bilaspur,HP697589,Rahul Kumar Uppal,0,0,0,0,0,0,0,0,0,0,0,0,0,0,0,0,0,0,0,0,0,0,0,0,0,0,0,0,0,0,Red
"December 11, 2025",61d02a26-9804-4087-8db9-757e24386f06,2841286890,Final_Activation,Chandel Bus Service,Geeta Chandel,9817585288,Himachal Pradesh,Bilaspur,HP697616,Rahul Kumar Uppal,0,0,0,0,0,0,0,238,207,234,248,0,0,141,212,251,215,195,0,205,204,1,197,186,219,0,219,185,200,220,Orange
"December 10, 2025",027c5a13-fc21-4603-8cc1-0e3c75d5772f,2841286640,Final_Activation,Randhawa Bus Service,Rapinder Singh,9416403592,Haryana,Sirsa,HR57A3634,kamal kumar,84,265,242,290,265,0,90,303,327,283,290,160,292,0,0,256,339,274,321,341,0,91,301,378,312,298,279,406,0,0,Active
"December 10, 2025",3014e2e1-b126-43fe-8642-020feb1846fd,2841887882,Final_Activation,Radha Krishna Travels,Mahender Singh Yadav,8505925151,Haryana,Gurgaon,HR55AB8965,Shubham Singh,0,0,0,0,0,0,0,0,0,0,0,0,0,0,0,0,0,0,0,0,0,0,0,0,0,0,0,0,0,0,Red
"December 10, 2025",07b785cb-85ac-4e65-b3c7-eb0fe08e03ce,2841286838,Final_Activation,Hardyal Singh Gill,Hardyal Singh Gill,9700007631,Punjab,Moga,,Rajiv Kumar,0,205,244,251,202,209,223,222,200,207,191,106,206,211,185,85,0,204,166,187,180,237,251,206,191,176,211,208,246,103,Active
"December 10, 2025",98b7866d-cb0f-4f79-9415-9d187fd184c8,2840960981,Final_Activation,Tamana Bus,Isha Sharma,8219746181,Himachal Pradesh,Chamba,HP57B8005,Karan Raina,0,37,83,85,57,81,92,76,78,70,99,81,91,88,66,98,101,98,0,104,112,88,105,67,107,74,96,88,73,71,Active
"December 9, 2025",febc501b-ff4c-4064-bdd8-18cac774df81,2841891654,Final_Activation,Neelgagan Bus Service,Ashok Kumar,9816507922,Himachal Pradesh,Naina Devi,HP722523,Dummy HImachal Pradesh,76,156,137,149,179,166,158,136,98,83,85,82,71,81,64,86,87,76,83,78,99,51,79,90,82,88,85,54,61,0,Active
"December 9, 2025",71a0b634-b41f-46a7-b490-002aaf26777b,2841286211,Final_Activation,Mogi travels,Naveen,8696282526,Rajasthan,Sikar,RJ46PA1899,Shiv Charan Ojha,0,89,109,103,94,101,81,86,107,53,157,99,102,79,99,98,0,98,93,122,95,85,108,117,119,85,88,99,39,93,Active
"December 9, 2025",f7371024-a52e-4a02-894a-e01aa0caed01,2842138347,Final_Activation,Kaila Devi Express Seva,Ramkesh Meena,9414150639,Rajasthan,Dausa,RJ14PE5545,Peeyush Chaturvedi	,0,98,99,94,55,58,129,72,0,77,118,103,116,149,109,112,0,0,0,0,0,0,0,8,0,0,0,0,0,0,Active
"December 9, 2025",c384bbb0-d10a-4435-a8bb-9015a6f81bda,TJ75248D20290,Final_Activation,Gbs Bus Service,Bhinderpal Singh,9814300066,Punjab,Amritsar,PB11CJ4188,Jagjeet Singh,0,0,0,0,0,0,0,0,0,0,0,0,0,0,0,0,0,0,0,0,0,0,0,0,0,0,0,0,0,0,Red
"December 9, 2025",2efb55c9-6e84-405c-a9ce-9294a1723132,2840894427,Final_Activation,Chaudhary Anand Travels,Ankit Kumar,8118875041,Rajasthan,Ganganagar,,,0,124,117,158,137,114,135,150,122,134,124,115,123,125,146,114,122,126,123,105,147,118,105,132,128,125,89,140,113,106,Active
"December 9, 2025",a818ec1b-2bcd-40d7-8d03-d9184a7a90a9,TJ75248K21454,Final_Activation,Gbs Bus Service,Bhinderpal Singh,9814300066,Punjab,Amritsar,PB02BM9369,Jagjeet Singh,0,0,0,0,0,0,0,0,0,0,0,0,0,0,0,0,0,0,0,0,0,0,0,0,0,0,0,0,0,0,Red
"December 9, 2025",920974c2-d720-4230-9380-964a8449c100,2841285795,Final_Activation,Ravidas Travels,Guntash Singh Warring,9872305000,Punjab,Bhatinda,PB03AJ8674,Rajiv Kumar,0,0,0,0,0,0,0,0,0,0,0,0,0,0,0,0,0,0,0,0,0,0,0,0,0,0,0,0,0,0,Red
"December 8, 2025",7fe2cb03-fb98-4cf3-84f4-a8d040bab29b,2841287140,Final_Activation,Anmol bus,Guljeet Singh,9803723464,Punjab,Mansa,PB31L2723,Surinder Singh,85,285,341,388,281,294,317,349,326,406,335,294,318,362,352,372,378,360,315,349,312,298,375,293,385,271,350,304,356,350,Active
"December 8, 2025",19060575-8c8d-4688-b013-929ac7edcbca,2840693414,Final_Activation,Suraj Bus,Suraj Prakash,9805003711,Himachal Pradesh,Chamba,HP73A8711,Karan Raina,63,32,192,176,0,146,151,152,170,69,178,0,217,171,161,165,155,167,0,171,163,114,168,111,189,0,0,148,162,166,Active
"December 8, 2025",65159b99-2d3f-47f4-a32d-d542d1d24cc3,2841286505,Final_Activation,Radha Krishna Travels,Mahender Singh Yadav,8505925151,Haryana,Gurgaon,HR55AJ7867,Shubham Singh,0,0,0,0,0,0,0,0,0,0,0,0,0,0,0,0,0,0,0,0,0,0,0,0,0,0,0,0,0,0,Red
"December 7, 2025",9320385c-c5f4-4422-ae77-0bf902a781da,TJ7524B620119,Final_Activation,Santoshi Travels,Dashrath Paliwal,9414684524,Rajasthan,Udaipur,RJ27PD1071,Chuna Ram,0,0,0,0,0,0,0,0,0,0,0,0,0,0,0,0,0,0,0,0,0,0,0,0,0,0,0,0,0,0,Red
"December 7, 2025",3c0d2d64-1cf4-4bfb-86eb-60411e3238ec,2841285879,Final_Activation,Santoshi Travels,Dashrath Paliwal,9414684524,Rajasthan,Udaipur,RJ27PB5542,Chuna Ram,0,0,0,0,0,0,0,0,0,0,0,0,0,0,0,0,0,0,0,0,0,0,0,0,0,0,0,0,0,0,Red
"December 6, 2025",f466a4e8-f9e9-4bfc-a492-436ff8cad55e,2841919254,Final_Activation,Hardyal Singh Gill,Hardyal Singh Gill,9700007631,Punjab,Moga,,Rajiv Kumar,0,247,214,316,184,230,273,221,150,0,205,245,204,280,0,0,0,3,0,110,0,289,270,268,322,243,285,354,369,385,Active
"December 6, 2025",7bea50ae-b4bf-4d42-853c-ca2eac1a828d,2841593241,Final_Activation,Radha Krishna Travels,Mahender Singh Yadav,8505925151,Haryana,Gurgaon,HR55AB1768,Shubham Singh,0,0,0,0,0,0,0,0,0,0,0,0,0,0,0,0,0,0,0,0,0,0,0,0,0,0,0,0,0,0,Red
"December 6, 2025",00fd3078-52a6-4cbc-a0b2-d651bd5e90bd,2841285449,Final_Activation,Lok parivahan sewa,Rashid khan,9509121373,Rajasthan,Alwar,RJ02PA9272,Manish Rajput,49,142,59,0,19,45,0,0,0,0,0,0,0,0,0,0,0,0,0,0,0,0,0,0,0,0,0,0,0,0,Active
"December 6, 2025",afb951c4-cfe1-4624-9a74-8ce788f85510,2842138348,Final_Activation,Jayan meena,Jayan meena,9660998762,Rajasthan,Dausa,RJ14PD8873,Shiv Charan Ojha,0,49,153,135,166,59,79,143,77,183,118,2,42,0,0,0,0,0,0,0,0,0,0,8,0,0,0,0,0,0,Active
"December 5, 2025",14e2b9a5-c51c-49f1-a26e-c6d6bdb3fe4e,2841287110,Final_Activation,Patial Bus Service,Rajesh Patial,9805000875,Himachal Pradesh,Bilaspur,HP695505,Rahul Kumar Uppal,63,81,107,44,0,0,127,146,136,0,0,0,0,0,0,131,138,145,0,46,161,108,114,0,155,0,141,149,140,146,Active
"December 5, 2025",f8b33f18-d430-45d2-928b-838e18f1405c,TJ75251521146,Final_Activation,SKT,Hem Chand,7006144471,Himachal Pradesh,Shimla,HP630108,Nitin Kumar,67,144,162,201,108,134,176,165,174,163,167,115,180,108,172,193,184,157,108,15,157,14,217,140,169,136,209,186,157,169,Active
"December 5, 2025",3a28bcfe-8d23-467a-821e-62e38e6d2308,2841008614,Final_Activation,Amirt Pal,Amirt Pal,9783070013,Rajasthan,Ganganagar,RJ13PA9710,Arshdeep Singh,36,86,74,101,74,105,102,80,84,78,84,76,106,103,117,94,78,100,71,75,79,33,71,91,0,0,0,0,0,0,Active
"December 5, 2025",6e30b8fd-ebf0-4e6c-9fba-53470b79ce70,2841511463,Final_Activation,Piyush Bus Service,Arvindra,7078881000,Uttar Pradesh,Firozabad,UP82BT4892,Rahul,0,46,104,113,135,109,81,64,130,107,125,101,79,97,0,72,90,103,85,91,86,64,87,110,0,67,112,67,60,93,Active
"December 5, 2025",796f909b-b397-4476-931b-02fa83cf0d5f,2841286896,Final_Activation,Choudhary Travels,Dhanraj Rav,9079519111,Rajasthan,Bikaner,RJ17PB5510,Arshdeep Singh,91,60,0,46,89,170,172,175,188,162,191,0,166,181,172,153,170,157,136,78,162,147,157,142,189,147,135,145,162,154,Active
"December 5, 2025",4fb63f0f-5a36-4cdf-acc6-47db650e3a08,TJ7524BC21794,Final_Activation,Nagnechi Travels,Jasvant Singh,9571622582,Rajasthan,Jalor,RJ07PB6780,Chuna Ram,0,89,83,81,85,100,93,72,76,71,91,69,71,70,73,86,43,79,62,35,76,49,76,63,74,71,78,78,76,74,Active
"December 5, 2025",422aea46-fd2b-486a-8c1b-3d96e3a813db,2841286697,Final_Activation,Choudhary Travels,Dhanraj Rav,9079519111,Rajasthan,Bikaner,RJ17PB9065,Arshdeep Singh,41,137,153,151,154,157,116,78,98,170,158,62,153,173,149,164,170,146,130,149,131,140,125,107,143,147,130,198,155,137,Active
"December 4, 2025",bbceedcd-9e07-4e18-9a5d-08eeb4e08036,TJ7524BE22185,Final_Activation,Gursewak Singh,Sekhu coach,7626859159,Punjab,Bathinda,,Surinder Singh,75,319,299,341,260,270,288,300,304,302,325,291,295,342,304,325,368,314,245,299,344,263,278,233,358,199,273,275,320,299,Active
"December 4, 2025",b4671a62-e613-4911-899e-b2818dc9d5f3,2841568885,Final_Activation,Radha Krishna Travels,Mahender Singh Yadav,8505925151,Haryana,Gurgaon,HR55AY5151,Shubham Singh,0,0,0,0,0,0,0,0,0,0,0,0,0,0,0,0,0,0,0,0,0,0,0,0,0,0,0,0,0,0,Red
"December 4, 2025",8c843fc5-260f-4ba3-afe4-d7fbd61e2eca,2841284899,Final_Activation,Sunanda travels,Anil kumar sahu,9755506295,Chhattisgarh,Gariyabandh,CG23P9700,Jayant Latare,0,0,0,0,0,0,0,0,0,0,0,0,0,0,0,0,0,0,0,0,0,0,0,0,0,0,0,0,0,0,Red
"December 4, 2025",71272c00-5161-45c3-985b-e59681c3240a,TJ75248A20604,Final_Activation,Dinesh,Dinesh,9355125258,Uttar Pradesh,Bulandshahr,UP13CT5953,Vivek Srivastava,0,0,70,15,14,61,66,72,82,109,94,89,77,90,98,102,105,111,105,71,92,66,72,75,91,76,92,89,96,90,Active
"December 4, 2025",17fa03ef-4d11-404e-b777-b8e7bf539a40,2841286882,Final_Activation,Gill Travels,Amandeep Kaur Gill,9780007760,Punjab,Moga,PB10HJ0345,Rajiv Kumar,76,316,322,378,304,356,393,428,394,353,362,297,343,334,288,302,148,39,193,280,321,345,328,261,498,259,324,420,455,391,Active
"December 4, 2025",d3026027-cb5b-4fd3-83fa-fb3fea4142d9,2841286845,Final_Activation,Gurjit Singh Travels,Gurjit Singh,8872731195,Punjab,Ludhiana,PB10JB6915,Gagandeep Singh,0,0,0,0,0,0,0,0,0,0,0,0,0,0,0,0,0,187,0,0,0,0,0,0,0,0,0,68,155,278,Red
"December 4, 2025",17251c4b-9fdb-4eea-b25b-a35677b161e8,2841900921,Final_Activation,Gursewak Singh,Sekhu coach,7626859159,Punjab,Bathinda,,Surinder Singh,129,305,300,384,214,249,285,306,261,270,315,167,235,294,293,304,316,312,234,280,336,235,294,280,338,308,273,339,345,330,Active
"December 3, 2025",4f1a9584-0fdf-4307-a23f-1c21d2b3e413,2841285055,Final_Activation,Dhaliwal Bus,Kewal Singh,8591700050,Punjab,shri Muktsar sahib,PB05S9858,Rajiv Kumar,80,226,245,254,172,207,227,215,228,225,219,190,215,216,239,249,230,207,169,223,231,196,229,163,218,174,224,234,217,220,Active
"December 3, 2025",bb0fd24c-78f9-4fc2-acd5-614f28126c9c,2841285896,Final_Activation,Bhandari Bus,Praveen Kumar,9805073279,Himachal Pradesh,Bilaspur,HP23B6573,Rahul Kumar Uppal,0,0,0,0,0,0,0,0,0,0,0,0,0,0,0,0,0,0,0,0,0,0,0,0,0,0,0,0,0,0,Red
"December 3, 2025",16518707-9d36-4425-8611-990d1f3ebd9b,TJ75248D20630,Final_Activation,MHT Transport,Harmandeep singh,7658824714,Punjab,Barnala,PB10HN0964,Deepak,0,0,0,0,0,0,0,0,0,0,0,0,0,0,0,0,0,0,0,0,0,0,0,0,0,0,0,0,0,0,Red
"December 1, 2025",2694f8e0-618e-4cb1-8ef2-71eeb577c6ce,TJ75251420063,Final_Activation,Verma Travels,Sunita Verma,9251201577,Haryana,Gurugram,MP44ZF0577,Manish Bathi,0,0,0,0,0,0,0,0,0,0,0,0,0,0,0,0,0,0,0,0,0,0,0,0,0,0,0,0,0,0,Red
"December 1, 2025",4bc20ade-cc66-433d-9514-ab22ee3721f7,2842105200,Final_Activation,Baba budha bus,Gurpal Singh,9914383468,Punjab,Ajnala,PB02DF9295,Nitin Kumar Yadav,0,0,0,142,46,0,0,0,0,60,58,163,279,310,244,252,264,291,338,274,81,0,0,0,0,0,0,0,0,0,Active
"December 1, 2025",3fccf299-2950-4f57-8434-9cafb532f0cc,2840967473,Final_Activation,Verma Travels,Sunita Verma,9251201577,Haryana,Gurugram,RJ39PA1688,Manish Bathi,0,0,0,0,0,0,0,0,0,0,0,0,0,0,0,0,0,0,0,0,0,0,0,0,0,0,0,0,0,0,Red
"December 1, 2025",f47e902c-e5c7-46d8-a930-9a9f2ac161bd,2841285046,Final_Activation,Sheoran Express,Sanjay kumar,9813743777,Haryana,Bhiwani,HR39E0466,Amit Kumar,144,250,323,277,195,284,230,242,141,328,298,150,277,288,209,299,289,243,237,135,297,336,250,283,244,192,263,269,276,293,Active
"December 1, 2025",f2940999-9012-41b1-ac35-4f20823989df,2840957177,Final_Activation,Sheoran Express,Sanjay kumar,9813743777,Haryana,Bhiwani,HR39E6120,Amit Kumar,76,183,151,245,216,234,303,292,301,353,192,173,238,239,267,267,302,315,217,177,265,229,273,297,245,189,274,346,179,239,Active
"December 1, 2025",3be8c173-14e1-4b4a-a975-d2268d0ffe4e,TJ75251820624,Final_Activation,Sandhu Tpt.Co.,Balraj Singh,9532100041,Uttar Pradesh,Lakhimpur,UP31CT2277,Deependra Bahadur Singh,0,0,0,0,0,0,0,0,0,0,0,0,0,0,41,57,52,44,42,50,51,0,63,69,26,44,51,29,52,55,Red
"November 30, 2025",54467c57-4025-4672-8e8d-bcfe9e433c9b,2841517660,Final_Activation,Mundrika Travels,Sadhna Singh,7073814094,Bihar,Bhagalpur,BR10PC5494,,0,0,0,0,0,0,0,0,0,0,0,0,0,0,0,0,0,0,0,0,0,0,0,0,0,0,0,0,0,0,Red
"November 29, 2025",6aba5324-e372-47f2-aedf-6e75b29a042c,1493866395,Final_Activation,S R Jaryal,Sadhu Ram,9805125005,Himachal Pradesh,Chamba,HP732524,Karan Raina,0,0,0,0,0,0,0,0,0,0,0,0,0,0,0,0,0,0,0,0,0,0,0,0,0,0,0,0,0,0,Red
"November 29, 2025",59d4c4f6-bcf8-408d-97d9-90d2e483d768,2841285923,Final_Activation,M H T Transport,Amandeep Singh,6284009348,Punjab,bathinda,PB13BN7155,Gagandeep Singh,0,187,230,236,174,163,188,175,218,197,235,194,212,187,193,206,210,234,214,205,189,181,191,92,217,168,198,208,231,208,Active
"November 28, 2025",70e838c9-fc9d-4482-8ea8-cc0fa8dba091,P2841128690_318,Final_Activation,NEW PREM BUS SERVICE,Pawan Kumar,9736176255,Himachal Pradesh,Kangra,HP68A0425,Mohan,0,0,0,0,0,0,0,0,0,0,0,0,0,0,0,0,0,0,0,0,0,0,0,0,0,0,0,0,0,0,Red
"November 28, 2025",84709917-6db4-4b34-ab99-c01b9c59de2b,TJ7524BB21342,Final_Activation,NEW PREM BUS SERVICE,Pawan Kumar,9736176255,Himachal Pradesh,Kangra,HP685959,Mohan,0,102,93,110,75,66,93,85,58,77,96,87,93,146,67,107,51,98,62,96,101,74,93,86,113,0,102,79,93,77,Active
"November 28, 2025",1de87757-d737-44e5-b701-5078be944cc9,2841509123,Final_Activation,Bala Ji Bus Service,Sanjeev Kumar Gadi,9416077999,Haryana,Sirsa,HR62A2514,Raman,82,0,266,0,188,0,277,139,233,197,276,0,222,0,238,0,260,43,138,57,170,0,236,61,238,71,153,57,177,61,Active
"November 28, 2025",5976874b-733c-4140-88bd-442c3e9cd3a4,TJ75252H21100,Final_Activation,NEW PREM BUS SERVICE,Pawan Kumar,9736176255,Himachal Pradesh,Kangra,HP683735,Mohan,0,197,269,229,181,141,99,225,219,161,232,195,79,281,260,252,226,234,0,177,231,191,233,150,255,194,205,215,205,209,Active
"November 28, 2025",5be66b7b-a2b8-424d-9066-d40172bc7d20,2841284911,Final_Activation,Raghav kripa,Anuradha Singh Rajput,7974541734,Chhattisgarh,Gariyabandh,CG23N8728,Piyush Soni,0,0,0,0,0,0,0,0,0,0,0,0,0,0,0,0,0,0,0,0,0,0,0,0,0,0,0,0,0,0,Red
"November 28, 2025",5dfa260c-0699-4208-9763-996ccbbf6657,2841285928,Final_Activation,Amirt Pal,Amirt Pal,9783070013,Rajasthan,Ganganagar,RJ13PB6624,Arshdeep Singh,111,239,274,275,197,212,200,195,219,211,240,172,225,238,205,268,246,237,178,253,214,237,255,241,242,186,217,226,223,225,Active
"November 28, 2025",eeba60de-39d9-47ef-b23e-19d7805b508e,TJ7524B420353,Final_Activation,NEW PREM BUS SERVICE,Pawan Kumar,9736176255,Himachal Pradesh,Kangra,HP689495,Mohan,0,143,277,192,168,0,0,0,0,42,160,169,140,161,167,173,173,0,0,0,0,0,167,186,165,161,154,154,140,136,Active
"November 28, 2025",93b21535-3af5-483e-b1dd-6327c290d444,2842134607,Final_Activation,NEW PREM BUS SERVICE,Pawan Kumar,9736176255,Himachal Pradesh,Kangra,HP63D5511,Mohan,0,0,0,0,0,0,0,0,0,0,0,0,0,0,0,0,0,8,0,0,0,0,0,0,0,0,0,0,0,0,Red
"November 28, 2025",aa2be71d-8018-47ab-af50-eea8ec269f2d,TJ75251621450,Final_Activation,NEW PREM BUS SERVICE,Pawan Kumar,9736176255,Himachal Pradesh,Kangra,HP685858,Mohan,0,114,95,100,96,122,122,102,90,112,124,93,115,126,124,121,104,77,62,80,45,76,55,0,0,61,46,65,58,81,Active
"November 28, 2025",041662ee-dac8-4826-9af2-290779f6ac00,2841286693,Final_Activation,NEW PREM BUS SERVICE,Pawan Kumar,9736176255,Himachal Pradesh,Kangra,HP68A0412,Mohan,65,89,82,75,119,77,112,53,118,101,107,95,135,122,63,159,165,104,25,74,0,0,66,139,110,121,72,106,109,83,Active
"November 28, 2025",46d44b7b-870e-42ed-93cc-e8d12dc7bbfe,2841917807,Final_Activation,NEW PREM BUS SERVICE,Pawan Kumar,9736176255,Himachal Pradesh,Kangra,HP688485,Mohan,0,137,172,145,106,152,173,126,144,123,167,185,178,133,182,157,185,118,139,129,123,54,49,120,119,80,122,160,130,124,Active
"November 28, 2025",0bb3f72f-a95f-440e-bb15-d11b9dceb2ec,2841285546,Final_Activation,Rehan Travels,Monowar Hussain,7002947964,Assam,Dhubri district,AS17C8618,Mithun Das,0,0,0,0,0,0,0,0,0,0,0,0,0,0,0,0,0,0,0,0,0,0,0,0,0,0,0,0,0,0,Red
"November 27, 2025",34e9bea7-1c79-4a0c-b540-223b3188e387,2840879367,Final_Activation,NEW PREM BUS SERVICE,Pawan Kumar,9736176255,Himachal Pradesh,Kangra,HP63D1551,Mohan,39,122,112,88,100,102,155,92,138,116,115,88,123,141,107,103,133,101,116,93,154,66,86,84,77,125,92,83,106,72,Active
"November 27, 2025",c4f09f89-2256-4495-9e3b-a6acb4a518c4,2842134611,Final_Activation,NEW PREM BUS SERVICE,Pawan Kumar,9736176255,Himachal Pradesh,Kangra,HP68B0228,Mohan,0,0,0,0,0,0,0,0,0,0,0,0,0,0,0,0,0,7,0,0,0,0,0,0,0,0,0,0,0,0,Red
"November 27, 2025",a4c90f1a-f883-47dc-a995-e9fef242e869,2841898727,Final_Activation,Sahu Travels,Manoj Kumar,9416246859,Haryana,Sirsa,RJ13PA6548,Ravi Kumar Jedia,0,48,193,69,168,114,128,122,110,145,62,134,143,142,103,150,197,89,113,177,60,106,187,70,152,41,153,48,150,89,Active
"November 27, 2025",a0a3d1df-67bd-43e9-b56b-dbb096c068bd,2841886162,Final_Activation,NEW PREM BUS SERVICE,Pawan Kumar,9736176255,Himachal Pradesh,Kangra,HP68A0225,Mohan,0,132,143,129,116,123,156,133,131,114,142,120,138,59,116,129,114,119,104,56,132,101,137,111,115,109,117,125,142,127,Active
"November 27, 2025",8316611a-d269-43ce-a34a-ff00cc0933c8,2840872011,Final_Activation,Ram Parivahan,Sudesh Kumar,9418792971,Himachal Pradesh,Kangra,HP53B9071,Mohan,0,26,0,243,207,227,195,269,227,172,273,199,251,217,242,235,58,118,200,37,0,0,0,104,201,202,175,178,218,201,Active
"November 27, 2025",5c29a977-0d63-4840-af12-2240040b4014,2841920031,Final_Activation,NEW PREM BUS SERVICE,Pawan Kumar,9736176255,Himachal Pradesh,Kangra,HP68A3067,Mohan,75,0,72,111,54,0,42,113,60,59,98,49,17,60,90,58,0,56,98,43,0,65,119,56,0,0,0,0,0,0,Active
"November 27, 2025",cafb05d7-21f2-4ce7-844d-6feb9c372b69,TJ75251920219,Final_Activation,NEW PREM BUS SERVICE,Pawan Kumar,9736176255,Himachal Pradesh,Kangra,HP681746,Mohan,75,136,131,111,114,143,118,77,137,132,132,112,126,77,133,164,99,149,22,0,97,141,116,44,158,57,122,138,104,110,Active
"November 27, 2025",c4182be6-a026-4a3d-ba8b-0de66e0de0d1,2840692762,Final_Activation,NEW PREM BUS SERVICE,Pawan Kumar,9736176255,Himachal Pradesh,Kangra,HP68B0133,Mohan,0,128,110,124,88,106,99,90,127,112,153,125,136,108,125,110,124,121,101,96,0,0,19,65,74,21,144,122,98,38,Active
"November 27, 2025",8f82cc50-38d8-4f28-a5ee-213b78a35194,2841584212,Final_Activation,NEW PREM BUS SERVICE,Pawan Kumar,9736176255,Himachal Pradesh,Kangra,HP68A0122,Mohan,0,0,29,120,78,87,65,0,21,89,77,0,30,112,109,89,55,0,22,108,77,82,56,0,0,0,0,0,0,0,Active
"November 27, 2025",ae98f0f3-801b-4413-b23c-fa646402c822,TJ75253N20090,Final_Activation,NEW PREM BUS SERVICE,Pawan Kumar,9736176255,Himachal Pradesh,Kangra,HP68B0242,Mohan,13,44,53,66,70,63,46,83,87,76,106,0,71,60,55,71,61,73,0,95,97,105,96,61,62,0,57,65,44,46,Active
"November 27, 2025",d3b4693c-b92a-47a6-888c-e4efaef4b158,2841771528,Final_Activation,Ram Parivahan,Sudesh Kumar,9418792971,Himachal Pradesh,Kangra,HP53D9071,Mohan,93,209,199,254,161,179,215,50,0,0,0,0,0,0,0,0,0,0,0,0,0,0,0,0,0,0,0,0,0,0,Active
"November 27, 2025",784c0c14-b78a-4d3b-a621-0ef51be3ca2c,TJ75248K20712,Final_Activation,NEW PREM BUS SERVICE,Pawan Kumar,9736176255,Himachal Pradesh,Kangra,HP681935,Mohan,0,0,0,0,0,0,0,0,0,0,0,0,0,0,0,0,0,140,141,165,136,135,0,0,0,0,0,0,0,0,Red
"November 27, 2025",2a763a15-1445-45af-a2e4-780a10e37c39,P2840932292_968,Final_Activation,Narmada Travels,Subodh Pateriya,9893300500,Madhya Pradesh,Chhatarpur,MP16ZD8117,Nitul Patel,0,0,0,0,0,0,0,0,0,0,0,0,0,0,0,0,0,0,0,0,0,0,0,0,0,0,0,0,0,0,Red
"November 27, 2025",e0d53c9c-59d0-49d5-a94c-e87a8c85e4fb,2842144653,Final_Activation,NEW PREM BUS SERVICE,Pawan Kumar,9736176255,Himachal Pradesh,Kangra,HP68A0255,Mohan,0,68,80,79,53,71,90,101,84,67,99,78,79,99,76,91,67,120,71,99,88,94,54,0,0,0,0,0,0,0,Active
"November 27, 2025",5d1dc0ad-1c4d-419d-99a5-86bb2e811333,TJ7524BE22605,Final_Activation,NEW PREM BUS SERVICE,Pawan Kumar,9736176255,Himachal Pradesh,Kangra,HP683635,Mohan,0,0,0,150,135,82,155,116,117,58,109,0,26,0,0,0,27,0,0,0,0,0,0,0,0,13,120,103,102,0,Active
"November 27, 2025",1e75456b-4c62-4e14-8eea-f8e941e6fbf6,2841511461,Final_Activation,Golden temple bus service,Balwant singh,9872287408,Punjab,Gurdaspur,,Sumit Sharma,0,0,0,0,0,0,0,0,0,0,0,0,0,0,0,0,0,0,0,0,0,0,0,0,0,0,0,0,0,0,Red
"November 27, 2025",ad9fbcd1-26a1-4153-9822-c5983ca8b777,TJ75247X20957,Final_Activation,NEW PREM BUS SERVICE,Pawan Kumar,9736176255,Himachal Pradesh,Kangra,HP68A0625,Mohan,0,88,108,0,0,44,80,0,0,0,0,0,0,0,0,0,0,0,0,0,0,0,0,0,0,0,0,0,0,0,Active
"November 27, 2025",259c8650-75bb-4e06-9456-de8d8d7c393b,TJ75247X20585,Final_Activation,NEW PREM BUS SERVICE,Pawan Kumar,9736176255,Himachal Pradesh,Kangra,HP68A0356,Mohan,0,143,0,158,117,115,116,116,133,149,174,119,149,0,0,44,0,0,8,0,0,0,0,0,0,62,84,106,152,162,Active
"November 27, 2025",cf3812da-1eb8-4164-8992-f56ac4e8b7db,TJ75248A20758,Final_Activation,NEW PREM BUS SERVICE,Pawan Kumar,9736176255,Himachal Pradesh,Kangra,HP681925,Mohan,0,0,0,0,0,0,0,0,0,0,0,0,0,0,0,0,0,0,0,0,0,0,0,0,0,0,0,0,0,0,Red
"November 27, 2025",8e0c9efb-e19c-42c1-bb6f-45c4f3cea484,2841285779,Final_Activation,Yadav Deluxe,Bijendra Kumar,6206705947,Jharkhand,Koderma,JH12S6641,Vikash Kumar,0,0,0,0,0,0,0,0,0,0,0,0,0,0,0,0,0,0,0,0,0,0,0,0,0,0,0,0,0,0,Red
"November 27, 2025",be86017e-d836-4d74-8976-6e11f11d023e,2841509972,Final_Activation,Kaila Devi,Rajesh Meena,6367721296,Rajasthan,Lalsot,,,0,127,42,253,134,104,102,122,104,116,97,120,102,142,0,0,0,0,0,0,0,0,0,0,0,0,0,0,0,104,Active
"November 27, 2025",ce3315cd-c704-495e-9d6e-ab144f030f98,2841287105,Final_Activation,MH TPT (Barnala),Kuldeep Singh,9780000508,Punjab,Faridkot,PB13AL1403,Rajiv Kumar,148,264,278,248,200,230,221,271,209,175,230,192,209,230,196,162,232,259,208,0,20,292,269,275,326,262,322,297,326,287,Active
"November 27, 2025",64304ce6-9dd1-40ad-b2b6-bd57d2ed6152,2841285550,Final_Activation,Ram Parivahan,Sudesh Kumar,9418792971,Himachal Pradesh,Kangra,HP53C6977,Mohan,91,171,264,2,225,176,271,231,209,255,208,239,217,201,240,204,182,245,171,166,255,148,253,193,211,163,184,205,159,163,Active
"November 27, 2025",7e027bf4-3656-4726-b8fa-352263493f98,TJ75248C21373,Final_Activation,NEW PREM BUS SERVICE,Pawan Kumar,9736176255,Himachal Pradesh,Kangra,HP68A0285,Mohan,25,227,180,191,176,159,208,155,211,213,1,0,0,0,0,0,0,0,0,0,0,0,0,0,0,0,0,0,0,0,Active
"November 26, 2025",55f54b43-3121-4cd0-bb09-d830c284fc55,2841904852,Final_Activation,Dhaliwal bus service,Samuel,9780717474,Punjab,Ferozepur,PB03T7921,Harpreet Singh,80,146,202,204,85,189,200,216,187,232,169,0,167,208,247,228,19,215,0,168,244,180,211,154,192,0,172,222,235,192,Active
"November 26, 2025",285d0d14-e571-42fe-9861-058c33873e16,2841286509,Final_Activation,Gill Travels,Amandeep Kaur Gill,9780007760,Punjab,Moga,PB11CR1695,Rajiv Kumar,0,417,453,555,368,415,464,397,464,449,461,360,388,445,484,478,454,444,343,392,470,394,433,329,464,358,315,410,454,449,Active
"November 26, 2025",d2828726-5c0f-40da-8da9-48a68d67de63,1492278386,Final_Activation,The Hoshiarpur Doaba Tpt,Balvinder Singh,7589882216,Punjab,Hoshiarpur,PB07AS1979,Dummy Punjab,136,154,271,135,0,0,0,0,0,0,279,177,157,222,154,172,190,161,211,135,216,121,254,118,207,122,208,221,222,171,Active
"November 26, 2025",135a9ee6-81b0-409b-9872-eaff25ae03f0,2841286482,Final_Activation,NEW PREM BUS SERVICE,Pawan Kumar,9736176255,Himachal Pradesh,Kangra,HP68B0241,Mohan,57,186,203,230,180,161,211,241,225,218,210,169,109,205,187,123,227,215,170,161,197,132,213,177,244,145,250,217,211,228,Active
"November 26, 2025",c0c9f275-202c-459f-a53e-1101343de5cb,2841286452,Final_Activation,The Hoshiarpur Doaba Tpt,Balvinder Singh,7589882216,Punjab,Hoshiarpur,PB07AL4195,Dummy Punjab,81,279,190,274,229,204,194,204,106,37,0,0,0,0,0,217,110,202,236,109,170,177,157,91,463,205,277,191,216,255,Active
"November 26, 2025",e9a293f2-b347-49d4-83fb-05711c61b1cf,PTJ75252K20447_700,Final_Activation,NEW PREM BUS SERVICE,Pawan Kumar,9736176255,Himachal Pradesh,Kangra,HP68C5115,Mohan,0,0,0,0,0,0,0,0,0,0,0,0,0,0,0,0,0,0,0,0,0,0,0,0,0,0,0,0,0,0,Red
"November 26, 2025",48a6e1aa-1971-43dc-99fe-09d9ab938de9,PTJ7524B421647_631,Final_Activation,NEW PREM BUS SERVICE,Pawan Kumar,9736176255,Himachal Pradesh,Kangra,HP681835,Mohan,0,0,0,0,0,0,0,0,0,0,0,0,0,0,0,0,0,0,0,0,0,0,0,0,0,0,0,0,0,0,Red
"November 26, 2025",ede9db1d-40af-4110-9415-4e34ff2391fc,PTJ75248320463_891,Final_Activation,NEW PREM BUS SERVICE,Pawan Kumar,9736176255,Himachal Pradesh,Kangra,HP68B6262,Mohan,0,0,0,0,0,0,0,0,0,0,0,0,0,0,0,0,0,0,0,0,0,0,0,0,0,0,0,0,0,0,Red
"November 26, 2025",9c7a4bf3-bdbe-4aa5-b053-ddc938b6afca,2841592294,Final_Activation,NEW PREM BUS SERVICE,Pawan Kumar,9736176255,Himachal Pradesh,Kangra,HP68A2937,Mohan,0,209,150,157,123,143,193,174,0,0,0,0,9,0,0,0,165,151,120,0,156,118,143,167,165,139,150,134,122,132,Active
"November 26, 2025",1e9af309-7141-4c92-93c0-b17f4d60b0e6,TJ75248P20010,Final_Activation,Tiwana Ways,Karandeep Singh,7879000097,Punjab,Patiala,PB11BK7897,Deepak,75,134,204,208,128,174,205,142,215,204,152,139,175,143,181,194,169,206,155,124,131,129,148,159,195,120,211,180,148,208,Active
"November 26, 2025",8a51f427-5f81-4065-94b8-6b9a792cce19,TJ75252F20373,Final_Activation,NEW PREM BUS SERVICE,Pawan Kumar,9736176255,Himachal Pradesh,Kangra,HP687585,Mohan,0,0,87,170,104,108,102,0,180,0,193,0,88,76,185,0,85,95,179,0,182,0,166,0,260,0,170,0,81,146,Active
"November 26, 2025",7297f177-d67b-407f-9b4c-fab1786e3a8a,2841025668,Final_Activation,NEW PREM BUS SERVICE,Pawan Kumar,9736176255,Himachal Pradesh,Kangra,HP68A0254,Mohan,48,72,0,17,109,79,66,82,0,27,156,83,87,96,0,17,130,98,82,62,0,23,147,65,83,77,3,18,114,91,Active
"November 26, 2025",954942a8-011a-4eca-aeb6-3d1696fbc0d5,TJ7524B520626,Final_Activation,NEW PREM BUS SERVICE,Pawan Kumar,9736176255,Himachal Pradesh,Kangra,HP686685,Mohan,0,98,99,147,106,119,136,127,112,67,141,96,138,71,102,129,105,104,104,0,0,0,0,0,104,132,131,105,130,141,Active
"November 26, 2025",9b80a905-ab1f-4d7f-95cd-f94d0c8eef17,TJ7524BB20064,Final_Activation,NEW PREM BUS SERVICE,Pawan Kumar,9736176255,Himachal Pradesh,Kangra,HP68A3121,Mohan,0,152,159,89,150,101,0,60,114,49,0,0,0,1,38,88,0,22,139,96,120,64,150,112,142,58,130,117,99,127,Active
"November 26, 2025",b35ca40e-06f0-40ac-8c8c-94f7c8fe930b,2841285044,Final_Activation,The Hoshiarpur Doaba Tpt,Balvinder Singh,7589882216,Punjab,Hoshiarpur,PB07AZ9595,Dummy Punjab,93,192,231,203,150,176,139,143,223,160,205,121,178,181,232,146,119,176,108,195,186,151,163,46,259,216,305,153,177,145,Active
"November 26, 2025",998c04b8-249e-43df-b559-2e63a702e604,2841741033,Final_Activation,Tiwana Ways,Karandeep Singh,7879000097,Punjab,Patiala,PB11CB7897,Deepak,74,178,123,185,129,118,168,178,143,184,192,96,159,173,101,123,187,227,138,3,175,163,81,214,141,162,204,131,176,236,Active
"November 26, 2025",f072e2eb-b572-49fd-9ca6-c901cd23dda9,2841741036,Final_Activation,Tiwana Ways,Karandeep Singh,7879000097,Punjab,Patiala,PB11CB7797,Deepak,66,125,197,240,112,287,163,117,192,249,135,145,223,198,122,223,120,286,130,62,205,175,127,121,174,116,259,143,109,149,Active
"November 26, 2025",47c216fb-5955-4415-ae1a-191218e28eab,2842133285,Final_Activation,NEW PREM BUS SERVICE,Pawan Kumar,9736176255,Himachal Pradesh,Kangra,HP68B1155,Mohan,0,97,137,116,96,100,106,103,82,108,110,95,134,135,130,121,95,70,94,66,101,85,105,109,29,0,0,0,0,0,Active
"November 26, 2025",b1038934-6568-4f7f-9bc5-0e23f9c7a484,2842134608,Final_Activation,NEW PREM BUS SERVICE,Pawan Kumar,9736176255,Himachal Pradesh,Kangra,HP68B0227,Mohan,46,148,170,149,40,101,40,0,0,0,0,0,0,0,0,0,0,6,0,0,0,0,0,0,0,0,0,0,0,0,Active
"November 25, 2025",e4e09dff-265f-48f8-a0d3-3457c402c39d,2841285936,Final_Activation,Patial Bus Service,Rajesh Patial,9805000875,Himachal Pradesh,Bilaspur,HP23D5505,Rahul Kumar Uppal,133,160,210,233,98,191,197,187,215,227,279,0,191,218,176,193,0,234,80,138,173,142,227,204,230,0,204,167,182,183,Active
"November 25, 2025",1a0bfd3c-aa5a-49de-b763-a5eb9f318119,2841284897,Final_Activation,Patial Bus Service,Rajesh Patial,9805000875,Himachal Pradesh,Bilaspur,HP23F5505,Rahul Kumar Uppal,42,100,131,131,0,113,91,88,86,91,81,0,0,0,0,0,0,0,0,68,58,0,0,0,0,0,0,0,0,0,Active
"November 25, 2025",5f419ea2-9fed-4d81-a320-0b485428c5fe,2841735980,Final_Activation,NEW PREM BUS SERVICE,Pawan Kumar,9736176255,Himachal Pradesh,Kangra,HP68C1551,Mohan,110,319,262,307,241,246,304,198,143,264,293,231,276,239,245,260,274,294,201,254,253,224,234,253,215,223,265,248,263,274,Active
"November 25, 2025",0c1b046f-1128-4837-b3f5-e3660f50f42a,2841284905,Final_Activation,NEW PREM BUS SERVICE,Pawan Kumar,9736176255,Himachal Pradesh,Kangra,HP681766,Mohan,24,2,133,138,0,141,151,95,140,83,80,45,315,274,287,320,239,254,207,189,245,217,188,244,171,240,106,129,119,96,Active
"November 25, 2025",0ac645aa-6bdf-4b2d-b15f-147c047fa9a3,2841286948,Final_Activation,Rehan Travels,Monowar Hussain,7002947964,Assam,Dhubri district,AS17B8931,Mithun Das,0,0,0,0,0,0,0,0,0,0,0,0,0,0,0,0,0,0,0,0,0,0,0,0,0,0,0,0,0,0,Red
"November 25, 2025",16a93be6-f188-409a-8508-7424d251933d,2841512879,Final_Activation,Bullar Bus,Swaranjeet Singh,9878531668,Punjab,Mansa,PB03BH7525,Surinder Singh,87,325,311,291,87,128,310,293,270,257,241,0,202,254,257,260,211,238,144,293,228,188,224,0,0,149,217,302,272,262,Active
"November 25, 2025",fe9324f6-b175-4fd4-af9b-021f7d2c235f,2841286479,Final_Activation,Hardyal Singh Gill,Hardyal Singh Gill,9700007631,Punjab,Moga,PB07BP7474,Rajiv Kumar,30,379,0,0,200,245,264,0,348,302,306,209,272,349,331,314,369,320,248,0,167,135,83,113,176,99,97,131,154,129,Active
"November 25, 2025",a65087f2-5810-49fb-9f55-0f50c278e5bf,2841285771,Final_Activation,NEW PREM BUS SERVICE,Pawan Kumar,9736176255,Himachal Pradesh,Kangra,HP681745,Mohan,0,119,140,139,106,127,0,232,20,253,108,16,0,190,185,240,0,301,95,130,0,234,95,136,158,0,94,105,121,0,Active
"November 25, 2025",e0ab0b6a-f9c8-4e00-b1a3-221bd3633ed7,2841286646,Final_Activation,NEW PREM BUS SERVICE,Pawan Kumar,9736176255,Himachal Pradesh,Kangra,HP68B5115,Mohan,85,153,139,0,35,94,114,107,164,170,163,173,140,126,151,152,140,149,143,122,102,130,120,120,135,119,147,88,0,0,Active
"November 24, 2025",4ee10b3f-5e88-4dda-89a1-692f2fc74b6d,2841286153,Final_Activation,Rajasthan Lok Parivahan,Vasudev Singh,9887094190,Rajasthan,Bharatpur,RJ14PE3178,Peeyush Chaturvedi	,0,0,0,0,0,0,0,0,0,0,0,0,0,0,0,0,0,0,0,0,0,0,0,0,0,0,0,0,0,0,Red
"November 24, 2025",995bde1f-849b-48f1-9ceb-35a9638bee2c,2841286894,Final_Activation,Thakur Bus Service,Jagdish Thakur,9816637543,Himachal Pradesh,Shimla,HP63D1453,Nitin Kumar,0,155,133,152,111,162,193,165,161,159,167,131,155,152,144,146,123,111,126,118,119,122,98,133,160,194,119,103,130,125,Active
"November 24, 2025",887f34a9-c61e-4118-897a-9f5d872be20c,2841533166,Final_Activation,NEW PREM BUS SERVICE,Pawan Kumar,9736176255,Himachal Pradesh,Kangra,HP68A2525,Mohan,36,243,255,6,0,165,224,205,152,227,311,186,270,248,243,243,240,153,196,163,209,199,191,224,92,216,173,156,15,128,Active
"November 24, 2025",ebe4a8b1-9bb8-42a5-9682-ebcad72a52fb,2841285041,Final_Activation,Ram Prakash,Ram Prakash Meena,6376707522,Rajasthan,Dausa,RJ14PD9061,Sunil Kumar,0,0,0,0,0,0,26,21,0,35,26,44,25,13,16,19,0,18,18,34,18,14,21,71,111,24,39,23,39,43,Orange
"November 24, 2025",15d77508-f20d-4ce8-af72-dc74661ca2f9,2841285882,Final_Activation,HRTC,Suraj Rathore,9166755872,Rajasthan,Jaipur,HR55AF2810,Ravi Kumar Jedia,0,0,0,0,0,0,0,0,0,0,0,0,0,0,0,0,0,0,0,0,0,0,0,0,0,0,0,0,0,0,Red
"November 23, 2025",d69ca444-10b9-40aa-8501-b3f837791c2f,2841287153,Final_Activation,Brar Bus Service,Manveer Singh Brar,9646596225,Rajasthan,Sri Ganganagar,RJ13PA8043,Arshdeep Singh,0,0,0,0,0,0,0,0,0,0,0,0,0,0,0,0,0,0,0,0,0,0,0,0,0,0,0,0,0,0,Red
"November 23, 2025",52dd295b-49aa-4447-8d7d-bf2c0c3a5cdc,TJ75248K20597,Final_Activation,Jhala travels 80RD,Mahendra singh,8890301100,Rajasthan,Bikaner,RJ07PB8535,Manoj,0,0,0,0,0,0,0,0,0,0,0,42,70,62,77,70,87,53,0,0,0,0,0,0,4,0,0,0,0,0,Orange
"November 23, 2025",aa429899-5a5c-44e1-a121-fddf482c0ef9,2841509808,Final_Activation,SHRINET TOUR AND TRAVELS,Prasidh Narayan Singh,9721832218,Uttar Pradesh,Deoria,UP53GT9991,Chandan Singh,0,0,0,0,0,0,0,0,0,0,0,0,0,0,0,0,0,0,0,0,0,0,0,0,0,0,0,0,0,0,Red
"November 22, 2025",f665a169-2b3a-495e-b71a-39788f8002cc,2841519095,Final_Activation,Shiv Motor,Rupinder Singla,8196900195,Punjab,Patiala,PB11CT3295,Deepak,0,204,308,418,0,175,183,161,273,339,268,196,363,274,0,1,263,451,371,0,338,274,0,200,234,162,184,192,229,307,Active
"November 22, 2025",d8cd0c61-ddb4-4391-ac73-53c66066b55f,2841286502,Final_Activation,Shiv Motor,Rupinder Singla,8196900195,Punjab,Patiala,PB11BA7095,Deepak,53,238,181,305,105,166,190,232,214,217,213,0,180,206,200,159,222,206,71,181,174,118,167,105,202,106,172,204,185,212,Active
"November 22, 2025",9cfec95b-7a1c-4b0c-86b1-c67e72d115f7,2841287152,Final_Activation,Meena Travels,Ramkesh Meena,9783980055,Rajasthan,Lalsot,,Dummy Rajasthan,0,71,102,152,53,40,134,100,145,146,109,88,143,140,26,115,124,178,33,93,109,51,116,146,0,66,55,113,126,0,Active
"November 22, 2025",fe9efe2e-9e50-4c8f-a165-c9e0e1b5ee0b,TJ7524B420513,Final_Activation,NEW PREM BUS SERVICE,Pawan Kumar,9736176255,Himachal Pradesh,Kangra,HP689585,Mohan,0,172,147,189,0,272,195,187,169,245,0,342,166,152,212,0,353,225,184,164,0,396,197,171,187,168,215,146,0,325,Active
"November 22, 2025",bf9b830a-b67e-4808-911c-97bf5b9395c8,2841286387,Final_Activation,Raghav kripa,Anuradha Singh Rajput,7974541734,Chhattisgarh,Gariyabandh,CG22B6555,Piyush Soni,0,0,0,0,0,0,0,0,0,0,0,0,0,0,0,0,0,0,0,0,0,0,0,0,0,0,0,0,0,0,Red
"November 22, 2025",42f9ddf0-5ab7-447c-8457-33b0eb89f98d,2841286689,Final_Activation,Shiv Motor,Rupinder Singla,8196900195,Punjab,Patiala,PB11BA3695,Deepak,54,218,221,289,176,216,212,254,245,201,237,193,232,237,260,272,247,257,226,209,222,173,195,163,225,147,222,234,196,244,Active
"November 21, 2025",a72c2828-3b1f-4e72-a90c-47637e80ff4d,2841285441,Final_Activation,Ajay Bus,Ajay Pal,9815790491,Punjab,Patiala,PB11BF9815,Surinder Singh,0,157,168,206,110,117,135,0,171,156,183,145,155,220,195,176,218,0,0,178,177,167,216,163,177,136,172,164,159,104,Active
"November 21, 2025",95db3b67-8899-46df-929c-3eea811dda14,TJ75248C20130,Final_Activation,Mudssir khan,Mudssir khan,9680815676,Rajasthan,Jaipur,RJ23PA8751,Shiv Charan Ojha,0,0,0,0,0,0,0,0,0,0,0,0,0,0,0,0,0,0,0,0,0,0,0,0,0,0,0,0,0,0,Red
"November 21, 2025",209fdf8c-51d3-4ce7-9680-ad4413bbc1cc,TJ75248K20852,Final_Activation,Mudssir khan,Mudssir khan,9680815676,Rajasthan,Jaipur,RJ07PA4834,Shiv Charan Ojha,0,0,0,0,0,0,0,0,0,0,0,0,0,0,0,0,0,0,0,0,0,0,0,0,0,0,0,0,0,0,Red
"November 20, 2025",82f7fe25-b931-440c-8e1d-a66967053e30,2841533159,Final_Activation,Prem Bus Service,Manup Kumar,9691600007,Himachal Pradesh,Mandi,HP29D4649,Rahul Kumar Uppal,0,0,0,0,0,0,0,0,0,0,0,0,0,0,0,0,0,0,0,0,0,0,0,0,0,0,0,0,0,0,Red
"November 20, 2025",af60fbb1-6e17-45ce-bfc4-171b287f4a29,2841533163,Final_Activation,NEW PREM BUS SERVICE,Pawan Kumar,9736176255,Himachal Pradesh,Kangra,HP68B6161,Mohan,145,301,323,341,161,170,330,315,322,397,327,133,202,173,160,159,136,153,21,45,109,0,0,0,0,0,0,0,0,0,Active
"November 20, 2025",177bf021-6ade-4883-b35d-1c3ad608882c,2841286441,Final_Activation,Kholi Travells Bhiwadi And Nasik,Sunil Kumar,9413891748,Rajasthan,Jhunjhunu,AR01U8184,Manish Rajput,0,0,0,0,0,0,0,0,0,0,0,0,0,0,0,0,0,0,0,0,0,0,0,0,0,0,0,0,0,0,Red
"November 20, 2025",2d9aec6a-c2d6-4782-859f-bd6fa7ec272e,2841285910,Final_Activation,Nirmal bus,Raj Kumar,9816346785,Himachal Pradesh,Kangra,HP684590,Anil Kumar,26,73,79,25,48,81,71,39,86,84,97,77,102,112,75,66,89,96,76,45,98,121,101,51,97,15,149,108,99,123,Active
"November 20, 2025",add10bb7-68a6-42e4-9691-5400aef5c55f,2841533164,Final_Activation,Shailja Bus Service,Ranjeet Singh,9015400500,Himachal Pradesh,Bilaspur,HP692902,Rahul Kumar Uppal,0,0,0,0,0,0,0,0,0,0,0,0,0,0,0,0,0,0,0,0,0,0,0,0,0,0,0,0,0,0,Red
"November 19, 2025",47f82f78-220d-495b-b42f-efd0577bd698,2841533161,Final_Activation,NEW PREM BUS SERVICE,Pawan Kumar,9736176255,Himachal Pradesh,Kangra,HP68B0167,Mohan,0,94,80,0,0,0,0,0,109,94,87,104,156,104,90,95,116,109,97,0,104,84,70,109,84,65,91,98,145,141,Active
"November 19, 2025",59d694be-fd4a-421a-a81c-d7de7113a5db,2841534122,Final_Activation,NEW PREM BUS SERVICE,Pawan Kumar,9736176255,Himachal Pradesh,Kangra,HP682885,Mohan,0,157,111,182,106,149,150,168,111,229,149,202,110,181,141,190,0,32,128,172,119,182,115,189,155,188,64,182,84,191,Active
"November 19, 2025",b9d1ce4f-61be-474b-a4c7-ea7b11b6c043,2842144652,Final_Activation,NEW PREM BUS SERVICE,Pawan Kumar,9736176255,Himachal Pradesh,Kangra,HP68B2525,Mohan,0,68,62,71,66,138,0,69,83,0,0,0,0,0,0,48,65,49,0,123,107,109,88,138,0,0,0,0,0,0,Active
"November 19, 2025",62f9aefd-5a3b-459b-8137-994db2fc30a7,2842132829,Final_Activation,Rana Bus Service,Sanjeev Rana,9816326707,Himachal Pradesh,Amb,HP72D7147,Harish Verma,41,181,162,182,158,138,130,152,126,153,86,0,0,0,0,0,0,0,0,10,0,0,0,0,0,0,0,0,0,0,Active
"November 18, 2025",98e92eeb-1c13-4420-9176-71f90ea781df,2841593248,Final_Activation,MRL,Ravinder Kumar,9805745000,Himachal Pradesh,solan,,Nitin Kumar,0,107,78,121,88,80,109,15,102,6,138,97,120,92,86,116,103,110,27,44,81,0,98,80,99,44,0,0,0,0,Active
"November 18, 2025",1f8a93fd-2448-4eb1-84fb-5094dc77f8d2,2841285931,Final_Activation,Fatehgarh Transport Bus,Balwinder Singh,9855611677,Punjab,Patiala,PB03AJ5131,Deepak,20,46,58,54,27,33,53,44,0,0,0,0,0,0,0,45,49,62,45,37,45,39,51,25,56,41,37,65,53,40,Active
"November 18, 2025",e7a6c08c-3588-4555-bc94-18b85d883128,2841509974,Final_Activation,Ramdev Travels,Komesh Awasthi,7877334444,Rajasthan,Pali,RJ22PA6613,Chuna Ram,0,0,0,0,0,0,0,0,0,0,0,0,0,0,0,0,0,0,0,0,0,0,0,0,0,0,0,0,0,0,Red
"November 18, 2025",7d0b66d8-b39e-4cf2-87cd-4c7572a18731,2841533168,Final_Activation,Ram Parivahan,Sudesh Kumar,9418792971,Himachal Pradesh,Kangra,HP53D6977,Mohan,0,245,125,217,85,59,138,128,219,88,243,97,33,78,123,95,238,150,94,192,45,217,131,158,124,58,233,126,119,221,Active
"November 18, 2025",70e866e5-2ee7-485f-8680-e96743422d8e,2841287150,Final_Activation,GILL BUS,Nishan Singh,9416597539,Haryana,Sirsa,HR57A5354,Amit Kumar,0,245,77,0,193,221,239,195,165,258,166,203,198,169,267,228,238,318,118,288,191,180,173,140,233,133,204,203,147,265,Active
"November 18, 2025",46230f2f-3428-4cde-8ec1-427ac51c6fd9,2841533172,Final_Activation,Thakur bus,Rakesh kumar,8219223884,Himachal Pradesh,Chamab,HP731655,Karan Raina,0,0,0,0,0,0,128,195,114,156,99,0,140,175,139,128,92,134,0,139,61,0,133,187,167,0,73,211,81,140,Orange
"November 17, 2025",ae90ff31-2b17-4347-8e29-a8a658049753,2841593250,Final_Activation,Kalyan Bus Service,Anil kumar,9816300565,Himachal Pradesh,Sirmour,HP71A7009,Ajay Sharma,0,0,0,0,0,5,0,0,0,1,3,0,0,0,0,2,8,4,28,50,77,96,75,75,90,83,84,143,143,119,Orange
"November 17, 2025",c7e44f2f-1a22-4479-bd29-41891012bbc3,TJ75252U20471,Final_Activation,OM BABA MAIL,Rajesh Ojha,8127523818,Uttar Pradesh,Gorakhpur,UP43BT8272,Sayyed Mohd. Belal,0,0,0,0,0,0,0,0,0,0,0,0,0,0,0,0,0,0,0,0,0,0,0,0,0,0,0,0,0,0,Red
"November 17, 2025",b71fa095-a546-4203-9255-669c6b3322f3,2841533467,Final_Activation,Ram Parivahan,Sudesh Kumar,9418792971,Himachal Pradesh,Kangra,,Mohan,119,270,252,267,240,258,228,223,262,225,246,251,240,259,163,260,231,259,234,204,242,202,218,196,260,140,275,227,216,237,Active
"November 16, 2025",61d4cc59-5ce8-48b9-a99c-e906bad41c48,2842107032,Final_Activation,Ram Parivahan,Sudesh Kumar,9418792971,Himachal Pradesh,Kangra,HP53A1943,Mohan,0,102,342,135,95,140,100,90,136,106,260,125,106,169,40,263,111,87,64,218,140,85,174,121,183,108,168,87,76,132,Active
"November 15, 2025",71433c1d-2742-4cbd-9168-c9f6a5e8d7f2,2841509969,Final_Activation,Prahlad Singh,Prahlad Singh,8107224071,Rajasthan,Rajsamand,RJ30PA4794,Manish Bathi,0,0,0,0,0,0,0,0,0,0,0,0,0,0,0,0,0,0,0,0,0,0,0,0,0,0,0,0,0,0,Red
"November 15, 2025",1a827aa2-864e-4bd6-9a80-6a30695ba139,2841592296,Final_Activation,Ram Parivahan,Sudesh Kumar,9418792971,Himachal Pradesh,Kangra,HP53C5077,Mohan,0,81,72,91,65,60,93,96,104,97,75,82,75,74,65,82,99,134,105,145,134,109,126,116,155,120,108,86,92,114,Active
"November 15, 2025",5b67fd63-d9bc-4135-a9e2-98c5849f99c5,2841592298,Final_Activation,Ram Parivahan,Sudesh Kumar,9418792971,Himachal Pradesh,Kangra,HP53A5077,Mohan,75,215,256,229,163,163,185,171,189,193,56,0,0,0,0,65,176,193,174,164,227,140,189,175,179,168,169,173,191,247,Active
"November 15, 2025",5f8f6f10-6766-4c8d-b967-4485256179f5,2841286897,Final_Activation,Harsana,Shakti Harsana,7877243787,Rajasthan,Karauli,RJ34PA8087,Rakesh,54,103,79,39,93,78,82,69,66,83,74,63,81,73,68,77,80,86,79,56,67,74,76,65,72,57,52,55,65,59,Active
"November 15, 2025",bf7ba16d-e883-4e71-a458-91e5e505c020,2841285447,Final_Activation,Harsana,Shakti Harsana,7877243787,Rajasthan,Karauli,RJ34PB8087,Rakesh,0,100,0,0,0,86,89,106,71,0,0,0,105,105,95,86,95,101,0,104,111,100,126,98,109,0,0,77,99,106,Active
"November 15, 2025",1a7f7e5d-41fc-449c-be61-d847b375d255,2841533156,Final_Activation,Prince Motors,Pawan Thakur,9857800046,Himachal Pradesh,Una,HP72C5646,Harish Verma,96,272,279,282,220,218,260,282,0,0,358,269,323,335,323,339,346,408,294,310,362,256,340,247,415,164,180,334,340,347,Active
"November 15, 2025",fa11f580-d91f-41a9-8f1f-588aac55f555,2841286393,Final_Activation,Lok Parivahan Sewa,Dharmendra Singh,9413775164,Rajasthan,Alwar,RJ02PA9312,Manish Rajput,0,0,0,0,0,0,0,0,0,0,0,0,0,0,0,0,0,0,0,0,0,4,1,0,34,7,26,36,30,40,Red
"November 15, 2025",c5444539-f872-4f8a-a88f-49b2fa172dcc,TJ7524BD20644,Final_Activation,Ram Parivahan,Sudesh Kumar,9418792971,Himachal Pradesh,Kangra,HP53A1944,Mohan,0,160,121,125,137,90,130,129,123,138,134,131,115,125,105,124,124,108,131,140,186,97,136,94,98,125,127,86,106,107,Active
"November 14, 2025",f34dffb7-3e20-4f7d-a1a4-6e33436f7032,2840887299,Final_Activation,Paris Bus Service,Vinod,9541310029,Haryana,Hisar,RJ10PA6513,amitkumar,55,0,0,0,0,0,0,0,0,0,0,0,0,0,0,0,0,0,0,0,0,0,0,0,0,0,0,0,0,0,Red
"November 14, 2025",f6d6d671-3fec-4acd-8db8-95ba319d396e,2841779986,Final_Activation,MH TPT (Barnala),Kuldeep Singh,9780000508,Punjab,Faridkot,,Rajiv Kumar,0,140,141,177,97,149,149,181,198,167,114,179,187,181,0,106,111,141,100,134,154,120,142,153,183,153,147,100,171,156,Active
"November 14, 2025",6a319cad-d6ed-4c30-ad3e-ef4c29220f92,TJ75253N20991,Final_Activation,MH TPT (Barnala),Kuldeep Singh,9780000508,Punjab,Faridkot,,Rajiv Kumar,63,244,200,273,175,240,227,272,319,244,261,223,247,302,257,270,243,218,201,193,202,233,210,181,225,194,185,206,178,205,Active
"November 14, 2025",8bc2e442-c90e-4e0e-ad09-7ab8931f2e61,2841779985,Final_Activation,MH TPT (Barnala),Kuldeep Singh,9780000508,Punjab,Faridkot,,Rajiv Kumar,53,219,268,305,279,262,337,324,376,299,273,197,267,306,268,241,221,181,161,256,252,228,254,239,330,202,266,185,260,309,Active
"November 14, 2025",40735ce6-2041-4246-a6fa-b2f5770b4e34,2841005377,Final_Activation,MH TPT (Barnala),Kuldeep Singh,9780000508,Punjab,Faridkot,,Rajiv Kumar,174,213,260,314,241,253,246,250,228,247,291,166,265,235,237,269,266,322,134,230,256,28,6,119,97,0,335,610,683,627,Active
"November 14, 2025",315f7736-f109-406e-9d24-225a1bfeda0a,2841779994,Final_Activation,MH TPT (Barnala),Kuldeep Singh,9780000508,Punjab,Faridkot,,Rajiv Kumar,108,213,259,237,236,217,239,269,304,188,222,170,223,128,220,257,242,221,232,229,251,226,249,199,312,184,271,310,339,280,Active
"November 14, 2025",ef72d9c9-a693-4ae7-9fb8-41eebebd4e2c,TJ75251821416,Final_Activation,MH TPT (Barnala),Kuldeep Singh,9780000508,Punjab,Faridkot,,Rajiv Kumar,63,268,293,299,242,292,288,304,360,306,122,0,0,14,108,26,123,32,161,0,161,169,175,147,154,127,113,168,172,110,Active
"November 14, 2025",31d53862-7f1c-4d28-9fb1-ddd91c2e0828,TJ75252N20102,Final_Activation,MH TPT (Barnala),Kuldeep Singh,9780000508,Punjab,Faridkot,,Rajiv Kumar,50,148,125,192,155,132,123,147,127,160,138,158,112,270,143,171,127,177,92,167,171,160,122,176,149,161,149,236,131,159,Active
"November 14, 2025",f0373028-6e5c-45ed-98ed-c42c5a2be13c,TJ75252G20212,Final_Activation,MH TPT (Barnala),Kuldeep Singh,9780000508,Punjab,Faridkot,,Rajiv Kumar,46,236,269,266,183,248,241,291,302,253,273,217,238,262,279,265,253,293,223,231,129,224,274,212,311,136,294,305,267,260,Active
"November 14, 2025",98446c9c-9c61-4012-adc9-d4d0460a4ddb,TJ75252G21525,Final_Activation,MH TPT (Barnala),Kuldeep Singh,9780000508,Punjab,Faridkot,,Rajiv Kumar,0,201,214,224,253,245,259,241,228,211,284,219,232,256,315,163,244,235,191,189,217,143,295,137,342,130,304,270,270,99,Active
"November 14, 2025",09a6e7aa-42c9-4c41-82da-fafbbb1bfc19,2841779997,Final_Activation,MH TPT (Barnala),Kuldeep Singh,9780000508,Punjab,Faridkot,,Rajiv Kumar,41,144,166,165,149,162,120,208,189,161,175,170,165,176,151,176,192,182,182,214,324,178,194,176,201,174,185,160,182,144,Active
"November 14, 2025",b2235e64-93c5-4fbe-b21f-7e0201951863,TJ75248B20655,Final_Activation,MH TPT (Barnala),Kuldeep Singh,9780000508,Punjab,Faridkot,,Rajiv Kumar,50,150,168,155,119,114,139,125,124,106,0,0,0,0,4,59,138,0,0,0,0,0,0,0,0,0,0,0,0,0,Active
"November 13, 2025",90e9eb72-f47d-4d10-a805-b71aa36b81c2,2841286508,Final_Activation,MHT travels,Parvinder Singh,9056542521,Punjab,Mansa,PB03AP9980,Surinder Singh,289,292,388,291,408,209,349,227,501,248,469,246,405,252,414,286,478,259,378,232,348,124,374,209,491,189,389,258,448,232,Active
"November 13, 2025",26840f00-bf39-42a8-839c-9a8b909b76e8,2841517831,Final_Activation,Dinesh,Dinesh,9355125258,Uttar Pradesh,Bulandshahr,UP13BT9663,Vivek Srivastava,0,0,0,0,0,0,46,138,97,59,161,47,148,50,75,0,0,16,0,0,79,69,69,81,80,46,120,64,122,91,Orange
"November 13, 2025",b4a57cdd-fa5d-4207-972d-92d952d2fc0f,2841921633,Final_Activation,NARYAL Bus Service,Paras Naryal,9318013144,Himachal Pradesh,Chamba,HP921551,,0,169,178,190,0,120,155,130,97,145,153,0,153,146,161,63,158,195,0,126,121,110,0,96,121,0,143,131,138,128,Active
"November 13, 2025",d613a8e1-200d-4a45-9d72-1d465a84d058,2841509971,Final_Activation,MH TPT (Barnala),Kuldeep Singh,9780000508,Punjab,Faridkot,,Rajiv Kumar,0,15,0,284,213,259,2,275,263,236,229,210,198,243,246,262,276,253,151,223,176,139,184,160,172,185,173,144,144,178,Active
"November 13, 2025",63345d7f-d229-4989-844c-03342c1fae5f,2841285554,Final_Activation,Preet Bus Service,Amarjit Singh,9417763471,Punjab,Fazilka,PB04S7602,Harpreet Singh,109,134,173,220,86,159,166,198,186,185,175,123,166,190,212,182,190,182,159,176,132,138,174,105,161,100,136,146,164,161,Active
"November 12, 2025",1f1ae21c-7186-40d3-aa2f-d9e1e198585a,2841285889,Final_Activation,Khalsa Bus Service,Baljinder Singh,9872644883,Punjab,Dasuya,PB07Z6197,Sumit Sharma,77,251,240,226,181,196,194,98,209,195,199,165,178,148,206,220,226,246,174,233,231,202,167,202,235,61,131,220,183,214,Active
"November 12, 2025",e8662bd7-c110-4be1-8fb5-db22e5928515,2841285548,Final_Activation,Darvesh Bus Service (MKS),Gurbhej Singh,9478200025,Punjab,Sri Muktsar Sahib,PB04AG0924,Rajiv Kumar,129,291,329,332,200,272,313,309,337,312,325,297,294,349,381,337,352,368,295,284,293,292,253,194,332,241,272,282,328,300,Active
"November 12, 2025",70edffa5-32fc-4703-82eb-8e79a373e073,2841286489,Final_Activation,NARYAL Bus Service,Paras Naryal,9318013144,Himachal Pradesh,Chamba,HP731704,,56,162,149,192,0,125,171,167,173,183,210,0,174,135,187,181,153,176,0,137,151,109,142,134,177,0,148,146,167,162,Active
"November 12, 2025",2785e4f6-186a-402c-be24-23feda179fac,TJ75252M20241,Final_Activation,Meena travles,Ajit Kumar Meena,9667897641,Rajasthan,Dausa,RJ14PF7749,Rakesh,0,0,0,0,0,0,0,0,0,0,0,0,0,0,0,0,0,0,0,0,0,0,0,0,0,0,0,0,0,0,Red
"November 12, 2025",d5a224d9-e316-484f-a554-793107c30b79,2841287099,Final_Activation,Darvesh Bus Service (MKS),Gurbhej Singh,9478200025,Punjab,Sri Muktsar Sahib,PB04AH9725,Rajiv Kumar,151,263,202,348,190,183,301,336,236,315,361,134,307,395,174,264,351,207,0,315,209,271,334,171,345,242,182,326,295,231,Active
"November 12, 2025",bbab9a14-0ea8-4e64-bd1f-bcf0e2446f5a,TJ75252G21445,Final_Activation,Mehta Transport Co.Operative Society,Raghvendra Singh Mehta,9418056107,Himachal Pradesh,Solan,HP14E8999,Nitin Kumar,61,145,105,71,55,104,144,134,90,126,45,107,147,144,145,131,64,111,91,74,129,58,131,111,130,79,96,119,125,105,Active
"November 12, 2025",ffb5d062-e380-4f1f-ae56-62a84ec88625,TJ75251820679,Final_Activation,Khalsa Bus Service,Baljinder Singh,9872644883,Punjab,Dasuya,PB07U2070,Sumit Sharma,89,230,217,0,0,0,0,0,0,0,220,223,203,224,216,0,0,0,0,0,0,0,0,0,0,0,0,0,0,0,Active
"November 11, 2025",1bbd3846-f0a6-4379-acf7-6aaacf19bd5e,2841533167,Final_Activation,Parmar Bus Service,Balbir singh prmaar,9817505400,Himachal Pradesh,Hamirpur,HP67A4454,Mohan,0,46,49,55,48,45,90,62,66,64,77,74,79,77,80,49,99,95,65,59,74,84,52,51,17,0,46,79,83,74,Active
"November 11, 2025",4713d1ad-af48-47a9-a983-3b3568a56b44,2841008193,Final_Activation,The Hoshiarpur Doaba Tpt,Balvinder Singh,7589882216,Punjab,Hoshiarpur,PB07AS3795,Dummy Punjab,70,159,217,164,200,153,213,119,168,159,257,144,215,164,233,149,241,196,37,174,205,104,216,135,273,112,0,78,50,0,Active
"November 11, 2025",36a99f78-0ce8-4da2-8576-715f93a2f4b4,2841008612,Final_Activation,The Hoshiarpur Doaba Tpt,Balvinder Singh,7589882216,Punjab,Hoshiarpur,PB07AS4195,Dummy Punjab,89,223,247,210,169,216,239,223,290,201,295,197,241,221,228,212,236,241,214,178,240,0,248,156,0,0,202,203,225,241,Active
"November 11, 2025",c2c622fc-e5b7-4cb4-b539-b2d518673a5f,2841285871,Final_Activation,The Hoshiarpur Doaba Tpt,Balvinder Singh,7589882216,Punjab,Hoshiarpur,PB07AS9595,Dummy Punjab,35,198,222,172,234,188,259,142,300,129,254,102,230,155,248,159,226,150,74,179,0,0,0,0,0,0,108,137,300,160,Active
"November 11, 2025",ce1073fc-6087-4781-a06b-bb6907362b2d,2840969965,Final_Activation,Gurukripa Trevels,Neha Sharma,8982510304,Madhya Pradesh,Gwalior,MP07P4282,Jeetendra Buwade,0,0,0,0,0,0,0,0,0,0,0,0,0,0,0,0,0,0,0,0,0,0,0,0,0,0,0,0,0,0,Red
"November 11, 2025",0a21d4d9-8c36-45b8-a248-7c8e1c636b56,TJ7524BB20057,Final_Activation,The Hoshiarpur Doaba Tpt,Balvinder Singh,7589882216,Punjab,Hoshiarpur,PB07AS6695,Dummy Punjab,61,113,187,210,182,157,194,204,169,26,207,125,128,0,0,0,0,20,0,0,58,187,177,67,0,0,25,138,0,0,Active
"November 11, 2025",ad25cf35-85a3-45c1-a17f-0d4cf84c9d28,P2841533160_961,Final_Activation,Parmar Bus Service,Balbir singh prmaar,9817505400,Himachal Pradesh,Hamirpur,HP67A9554,Mohan,0,0,0,0,0,0,0,0,0,0,0,0,0,0,0,0,0,0,0,0,0,0,0,0,0,0,0,0,0,0,Red
"November 11, 2025",e65c899d-a4c9-4949-aea2-fbbaafdd0d82,2841286643,Final_Activation,Amarpal bus service,Malkit Singh,8872118777,Punjab,Ferozepur,PB30R5992,Harpreet Singh,0,0,0,0,0,0,0,0,0,0,0,0,0,0,0,0,0,0,0,0,0,0,0,0,0,0,0,0,0,0,Red
"November 11, 2025",2f5194e3-b71c-4d9c-9bec-7e99b651b894,2841285922,Final_Activation,The Hoshiarpur Doaba Tpt,Balvinder Singh,7589882216,Punjab,Hoshiarpur,PB07BT0095,Dummy Punjab,127,232,190,213,186,171,240,177,247,215,205,109,162,219,181,193,222,228,225,198,260,215,210,186,211,0,66,222,251,269,Active
"November 10, 2025",8a6f6824-16b6-4997-8ecb-6c606ab4793f,2842105203,Final_Activation,Priyanshi Travels,Karmpal,9587535351,Rajasthan,Alwar,RJ13PA5763,Ravi Kumar Jedia,0,0,0,0,0,0,0,0,0,0,0,0,0,0,0,0,0,0,0,0,0,0,0,0,0,0,0,0,0,0,Red
"November 10, 2025",a7ed472c-ca43-461f-ac73-2fae472378e6,2841285048,Final_Activation,Guru Nanak Bus Service,Jatinder Singh,9501490778,Punjab,Ferozepur,PB03AJ7800,Harpreet Singh,0,0,0,0,0,0,0,0,0,0,0,0,0,0,0,0,0,0,0,0,0,0,0,0,0,0,0,0,0,0,Red
"November 10, 2025",74cbf777-85a5-4ac6-b7c0-f1f46e813a40,2840957759,Final_Activation,Priyanshi Travels,Karmpal,9587535351,Rajasthan,Alwar,RJ37PA3867,Ravi Kumar Jedia,0,0,0,0,0,0,0,0,0,0,0,0,0,0,0,0,0,0,0,0,0,0,0,0,0,0,0,0,0,0,Red
"November 10, 2025",cde61d5a-6cbb-4e2f-8b8e-b7c8730ed673,TJ7524BC22311,Final_Activation,Anubhav Tour And Travel,Neeraj Kumar Tiwari,6394749009,Uttar Pradesh,Faizabad,UP53KT4549,Sayyed Mohd. Belal,0,0,0,0,0,0,0,0,0,0,0,0,0,0,0,0,0,0,0,0,0,0,0,0,0,0,0,0,0,0,Red
"November 10, 2025",5c283c8a-9626-4b3c-8b4a-47ae01f5c3bd,2841285555,Final_Activation,Priyanshi Travels,Karmpal,9587535351,Rajasthan,Alwar,RJ37PA3866,Ravi Kumar Jedia,0,0,0,0,0,0,0,0,0,0,0,0,0,0,0,0,0,0,0,0,0,0,0,0,0,0,0,0,0,0,Red
"November 8, 2025",71ad9846-1d01-4899-8cde-53f611cdda5a,2841286141,Final_Activation,NARYAL Bus Service,Paras Naryal,9318013144,Himachal Pradesh,Chamba,HP67A0516,,78,182,214,252,135,136,212,238,279,221,157,287,85,250,221,229,237,254,149,129,154,142,147,111,233,151,254,97,234,103,Active
"November 8, 2025",cf9f6f64-30f0-4cc2-b25f-b438310836c0,2841285772,Final_Activation,Birbal Bus Service,Birbal Singh,9781449422,Punjab,Bathinda,PB03AP9665,Dummy Punjab,95,377,308,374,377,206,160,327,280,246,243,218,201,142,131,265,296,454,140,418,204,276,222,281,283,152,209,429,240,412,Active
"November 8, 2025",e097c662-0966-4d04-91da-12bad4582525,2841285892,Final_Activation,NARYAL Bus Service,Paras Naryal,9318013144,Himachal Pradesh,Chamba,HP440599,,175,325,120,371,221,103,325,43,184,104,281,171,259,244,274,306,84,101,240,105,82,199,95,58,332,210,144,207,179,174,Active
"November 8, 2025",86c00df0-648d-4144-b377-c10f59acb515,TJ75248H20832,Final_Activation,Bala ji bus service,Pintu Gurjar,9079607897,Rajasthan,Dousa,RJ34PA5587,Manish Rajput,0,0,0,0,0,0,0,0,0,0,0,0,0,0,0,0,0,0,0,0,0,0,0,0,0,0,0,0,0,0,Red
"November 7, 2025",7e09b8d3-feb0-4d0f-ae7f-d0be35626c7e,2842105747,Final_Activation,Mogi travels,Naveen,8696282526,Rajasthan,Sikar,RJ23PB4987,Shiv Charan Ojha,55,45,101,126,101,98,104,121,0,95,131,116,107,72,112,123,146,114,77,99,106,90,120,98,105,104,94,102,119,107,Active
"November 7, 2025",0d77ba70-5588-4a9d-a653-a13f073189a9,2842105744,Final_Activation,Hardyal Singh Gill,Hardyal Singh Gill,9700007631,Punjab,Moga,PB05AR0677,Rajiv Kumar,0,157,142,179,122,205,172,180,105,156,130,130,120,0,298,154,121,171,122,168,98,118,120,123,134,133,127,187,157,157,Active
"November 7, 2025",f4b74c61-4ea1-4714-a676-9f5f4fac110a,2841286886,Final_Activation,NARYAL Bus Service,Paras Naryal,9318013144,Himachal Pradesh,Chamba,HP73B9090,,65,168,150,190,0,115,149,132,232,125,144,0,148,126,111,104,139,176,0,155,152,83,108,77,150,0,79,103,120,101,Active
"November 7, 2025",e5fffaf1-fef1-4791-9808-b6c558fbf3bb,2841887423,Final_Activation,Birbal Bus Service,Birbal Singh,9781449422,Punjab,Bathinda,PB03AP1865,Dummy Punjab,119,441,215,277,239,303,442,199,430,232,379,144,362,240,240,419,262,239,265,185,348,175,185,185,361,162,271,243,384,207,Active
"November 6, 2025",c5a4abc1-d5ed-4a1b-b019-b880ec570052,TJ75251920817,Final_Activation,Royal Express,Chhote lal,8604513021,Uttar Pradesh,Ambedkarnagar,UP45T8963,Saurabh,0,0,0,0,0,0,0,0,0,0,0,0,0,0,0,0,0,0,0,0,0,0,0,0,0,0,0,0,0,0,Red
"November 6, 2025",0f999310-a8d6-44c5-81ff-0c2abd431bd3,2841593244,Final_Activation,Choudhari bus,Manish kumar,9015229121,Himachal Pradesh,Mandi,HP68A1558,Ajay Sharma,0,0,0,0,0,0,0,0,0,0,0,0,0,0,0,0,0,0,0,0,0,0,0,0,0,0,0,0,0,0,Red
"November 6, 2025",b3267c1c-9eae-44d5-920a-67207f656019,2841517661,Final_Activation,Royal Express,Chhote lal,8604513021,Uttar Pradesh,Ambedkarnagar,UP45T4359,Saurabh,0,0,0,0,0,0,0,0,0,0,0,0,0,0,0,0,0,0,0,0,0,0,0,0,0,0,0,0,0,0,Red
"November 6, 2025",ab2b9dcb-96d4-4c22-b133-9cec7c3e971b,2841285929,Final_Activation,Nagpal Bus Service,Jivan Dass Nagpal,9416389220,Haryana,Sirsa,HR57A0953,kamal kumar,103,282,348,318,262,218,293,301,229,230,217,0,297,179,163,261,348,242,265,286,307,295,277,318,302,0,0,133,245,150,Active
"November 6, 2025",094de11f-6fa8-49a1-980f-d9de8684019d,P2841588004_522,Final_Activation,Thakur bus,Ajay thakur,8278750076,Himachal Pradesh,chamba,HP72B0481,Karan Raina,0,0,0,0,0,0,0,0,0,0,0,0,0,0,0,0,0,0,0,0,0,0,0,0,0,0,0,0,0,0,Red
"November 5, 2025",ed672c7a-45b1-44e2-880d-5f9ef532ed05,TJ7524BB21485,Final_Activation,Guru Nanak Bus,Parvinder Pal Singh,8875080095,Rajasthan,Ganganagar,RJ13PA7586,Rakesh,68,186,188,200,131,166,156,186,176,190,186,141,175,175,165,175,179,197,135,152,167,184,168,188,169,125,161,185,187,176,Active
"November 5, 2025",684c1226-e115-44c2-955e-06a8f254535e,2841285873,Final_Activation,Ruby Mander Trasnport Services,Barinderpal Singh,7009618528,Punjab,Sangrur,PB10DE5327,Gagandeep Singh,0,0,0,0,0,0,0,0,0,0,0,0,0,0,0,0,0,0,0,0,0,0,0,0,0,0,0,0,0,0,Red
"November 5, 2025",3a2c5c6e-caf4-458d-b988-56b093211efd,TJ75248C20111,Final_Activation,Dahiya Deluxe,Sushil Kumar,9671946595,Haryana,Sonipat,HR69C4422,Yudhveer Singh,0,0,0,0,0,0,0,0,0,0,0,0,0,0,0,0,0,0,0,0,0,0,0,0,0,0,0,0,0,0,Red
"November 5, 2025",fcdf65a0-578f-430c-bd27-5bf3c3779247,2841286266,Final_Activation,Sarbjit Bus Service,Jagraj Singh,9465318403,Punjab,Ferozepur,PB05M9732,Harpreet Singh,110,0,0,91,36,173,311,294,281,297,287,239,245,305,235,310,2,0,0,49,270,259,278,235,304,275,283,294,283,304,Active
"November 4, 2025",c89f9b6b-a6d4-49a6-9738-e7bb9e5c4b78,2841284878,Final_Activation,Baba Bandq Singh Bahadur Highway Bus,Jagtar Singh,9463125655,Punjab,Khanna,PB11AV9925,Gagandeep Singh,0,0,0,0,0,0,0,0,0,0,0,0,0,0,0,0,0,0,0,0,0,0,0,0,0,0,0,0,0,0,Red
"November 4, 2025",d7c2fd01-3b41-48c6-a662-7877623e12a4,2841286684,Final_Activation,Khalsa Bus Service,Baljinder Singh,9872644883,Punjab,Dasuya,PB07CJ1897,Sumit Sharma,0,167,0,0,0,22,250,182,242,216,254,0,239,242,272,251,248,223,0,0,81,0,41,28,223,0,25,153,235,220,Active
"November 4, 2025",4af11974-0fd6-4c49-bd5d-f26c31b68c44,2841285769,Final_Activation,Kamal Deep Bus Service,Tajinder Singh,8284009457,Punjab,Ropar Rupnagar,PB12F8317,Harish Verma,0,0,0,0,0,0,0,0,0,0,0,0,0,0,0,0,0,0,0,0,0,0,0,0,0,0,0,0,0,0,Red
"November 4, 2025",b36fcc0a-7bfd-41d2-bc7f-ccd63ab8b2fb,2841001712,Final_Activation,Radheshyam,Radheshyam,7568895019,Rajasthan,Bikaner,RJ50PA5199,Rakesh,0,0,0,0,0,0,0,0,0,0,0,0,0,0,0,0,0,0,0,0,0,0,0,0,0,0,0,0,0,0,Red
"November 3, 2025",2fa243ba-0ccd-4629-b94c-442e86f0ae34,2841285877,Final_Activation,Lok parivahan,Ramesh gupta,7689081599,Rajasthan,Alwar,RJ02PB4111,Sunil Kumar,0,49,75,50,78,86,51,56,73,69,56,0,67,75,35,36,27,0,0,28,40,11,35,37,61,0,0,42,36,41,Active
"November 3, 2025",7d7bdcc2-bd2f-4836-9ccd-58a07901d4bb,TJ75251620962,Final_Activation,Baba Bejnath Travels,Krishan Pal Songira,9752710969,Madhya Pradesh,Rajgar,MP70ZB1121,Jagdish Kushwah,0,0,0,0,0,0,0,0,0,0,0,0,0,0,0,0,0,0,0,0,0,0,0,0,0,0,0,0,0,0,Red
"November 2, 2025",8c25624e-a9b2-4615-91dd-16a5db7c5b3f,2841509106,Final_Activation,Dagar Bus Service,Yashpal,8930143055,Haryana,Gurgaon,HR55AE8331,Shubham Singh,0,0,0,0,0,0,0,0,0,0,0,0,0,0,0,0,0,0,0,0,0,0,0,0,0,0,0,0,0,0,Red
"November 2, 2025",fb64d9dd-208e-48ce-9c9a-311e5e2b5b29,2841887885,Final_Activation,Choudhary Travels,Anirudh,9079221337,Rajasthan,Ganganagar,RJ13PB0653,Rakesh,0,100,80,71,75,59,92,68,83,78,101,63,55,76,73,66,86,68,63,69,64,69,70,60,87,46,52,71,68,72,Active
"November 2, 2025",312a49b5-58be-4f11-a0b9-817edf567346,2840968438,Final_Activation,Choudhary Travels,Sunil,9521862609,Rajasthan,Ganganagar,RJ50PA0199,Rakesh,48,62,95,94,66,78,60,80,90,82,90,90,64,73,84,94,106,128,88,87,44,91,92,0,62,65,45,0,0,0,Active
"November 1, 2025",769fb10a-c24c-495f-b5e5-9c55ca1c8825,2841286891,Final_Activation,NARYAL Bus Service,Paras Naryal,9318013144,Himachal Pradesh,Chamba,HP730769,,71,210,294,127,0,303,48,302,108,288,130,0,83,132,146,146,218,278,0,234,286,72,313,282,82,0,112,258,91,279,Active
"November 1, 2025",52cfbf19-d462-46f9-98de-04f49f16aa8a,2841027596,Final_Activation,Corprate Taxi &Travels,Mr Aalam  Bablu,7055055550,Uttarakhand,Nainital,UK04PA2113,Rajat agarwal,0,0,0,0,0,0,0,0,0,0,0,0,0,0,0,0,0,0,0,0,0,0,0,0,0,0,0,0,0,0,Red
"October 31, 2025",4912cc5c-7823-42e0-ada1-9bf2dd6dcb1c,2840810674,Final_Activation,Paras Tour & Travel,Gurmukh Sandhu,7015539855,Haryana,Fatehabad,HR39D2458,Parvinder,0,0,0,0,0,0,0,0,0,0,0,0,0,0,0,0,0,0,0,0,0,0,0,0,0,0,0,0,152,377,Red
"October 31, 2025",f43dd62b-5376-42e7-9574-a22d439e22c3,2841285042,Final_Activation,Kapoor Travels,Sunil Kapoor,9816590001,Himachal Pradesh,sirmour,HP17C9001,,0,0,0,0,0,0,0,0,0,0,0,0,0,0,0,0,0,0,0,0,0,0,0,0,0,0,0,0,0,0,Red
"October 31, 2025",c248ad30-a388-423f-8e62-6a9cd2d727a4,2841285886,Final_Activation,Kapoor Travels,Sunil Kapoor,9816590001,Himachal Pradesh,sirmour,HP715001,,45,197,161,229,157,176,216,182,173,174,227,0,188,202,176,226,214,215,90,45,206,60,192,204,210,0,205,187,198,95,Active
"October 31, 2025",98fe3c68-ff9b-4337-8b90-e85472fcc96d,2841286500,Final_Activation,NARYAL Bus Service,Paras Naryal,9318013144,Himachal Pradesh,Chamba,HP736704,,85,45,232,246,199,191,205,215,212,233,230,242,243,209,241,242,237,250,196,225,225,189,218,190,245,194,221,208,185,252,Active
"October 31, 2025",768a31a4-446f-403c-9a70-f735bb212e18,2841285863,Final_Activation,Verma Travels,Yashvant Verma,9816797908,Himachal Pradesh,Solan,HP07E3331,Nitin Kumar,0,0,0,0,0,0,0,0,0,0,0,0,0,0,0,0,0,0,0,0,0,0,0,0,0,0,0,0,0,0,Red
"October 31, 2025",d15e1ce8-07ae-4b74-9fbf-d1801e3b0157,2841285790,Final_Activation,Dhiman Bus Service,Shashi Pal,7018469619,Himachal Pradesh,Bilaspur,HP64A6626,,0,0,0,0,0,0,0,0,0,0,0,0,0,0,0,0,0,0,0,0,0,0,0,0,0,0,0,0,0,0,Red
"October 30, 2025",451d31e9-8a30-48ca-aa50-9ce711aa0bc9,2841517840,Final_Activation,Umar mohd,Umar Mohd,9582038938,Uttar Pradesh,Bulandshahr,UP13ET4534,Jitendra,0,100,75,46,116,126,110,86,106,170,155,118,90,155,113,110,98,121,110,116,140,99,106,111,141,102,106,137,0,99,Active
"October 30, 2025",f361bf1b-d8b3-4892-a558-d50f7fac85e2,2841519299,Final_Activation,Maa Travel,Rajinder,9467209331,Haryana,Panipat,HR67D2570,Yudhveer Singh,0,0,0,0,0,0,0,0,0,0,0,0,0,0,0,0,0,0,0,0,0,0,0,0,0,0,0,0,0,0,Red
"October 29, 2025",86a90cdf-4287-43d6-8c88-f454f321dd29,TJ7524BB20542,Final_Activation,Hitendra Singh Shekhwat,Hitendra Singh Shekhwat,9596782053,Rajasthan,Jaipur,RJ23PB1449,Shiv Charan Ojha,0,0,0,0,0,0,0,0,0,0,0,0,0,0,0,0,0,0,0,0,0,0,0,0,0,0,0,0,0,0,Red
"October 29, 2025",763b33ab-d36b-4a5e-943b-4e0d0d1580f9,2841285444,Final_Activation,Tiwana Bus,Tejpal Singh,9646000123,Punjab,Patiala,PB23M9745,Deepak,51,156,173,146,132,155,157,151,148,150,174,145,175,88,158,180,151,183,153,146,150,160,164,58,165,104,127,187,174,187,Active
"October 29, 2025",7bef5ac6-b8fa-4813-8292-dd018508c54a,P2841511451_512,Final_Activation,Thakur bus,Ajay thakur,8278750076,Himachal Pradesh,chamba,HP73B1121,Karan Raina,0,0,0,0,0,0,0,0,0,0,0,0,0,0,0,0,0,0,0,0,0,0,0,0,0,0,0,0,0,0,Red
"October 28, 2025",4c1287b5-8986-401f-939b-8555a6ce05bb,TJ75248A20384,Final_Activation,Yadav,Gourav yadav,9785555581,Rajasthan,Alwer,RJ32PA3769,Rakesh,0,82,106,149,0,127,196,165,168,181,197,0,25,106,62,29,132,140,0,94,73,80,98,89,76,0,47,61,66,65,Active
"October 28, 2025",ef277a48-a2e8-48d0-becf-46d03d6371cc,2841509979,Final_Activation,Hitendra Singh Shekhwat,Hitendra Singh Shekhwat,9596782053,Rajasthan,Jaipur,RJ23PB2984,Shiv Charan Ojha,0,0,0,0,0,0,0,0,0,0,0,0,0,0,0,0,0,0,0,0,0,0,0,0,0,0,0,0,0,0,Red
"October 28, 2025",224a4a47-8e5c-4f68-9ce0-987a067ed787,2841007358,Final_Activation,Gill Travels,Amandeep Kaur Gill,9780007760,Punjab,Moga,PB07BG3853,Rajiv Kumar,0,206,363,398,295,318,353,361,383,295,341,430,373,356,358,334,391,395,356,395,360,326,334,298,345,300,346,360,392,355,Active
"October 28, 2025",189efb4d-b763-4aa7-99c6-e3875e990069,2841026578,Final_Activation,Gurbaz Toor  And Travels,Gurbaz Singh,9012839003,Uttarakhand,Udham Singh Nagar,UK18PA0488,Rajat agarwal,0,0,0,0,0,0,0,0,0,0,0,0,0,0,0,0,0,0,0,0,0,0,0,0,0,0,0,0,0,0,Red
"October 28, 2025",fc2413fe-dd92-49be-90e1-50143b7b3b62,2841286657,Final_Activation,Gill Travels,Amandeep Kaur Gill,9780007760,Punjab,Moga,PB13BS4915,Rajiv Kumar,79,267,329,310,282,279,286,325,403,281,0,0,287,327,348,0,222,242,324,307,339,308,297,266,230,195,176,232,272,230,Active
"October 28, 2025",fb997b5a-61b5-4a44-8313-5b1036458464,TJ75251620471,Final_Activation,Hitendra Singh Shekhwat,Hitendra Singh Shekhwat,9596782053,Rajasthan,Jaipur,RJ23PB0523,Shiv Charan Ojha,0,0,0,0,0,0,0,0,0,0,0,0,0,0,0,0,0,0,0,0,0,0,0,0,0,0,0,0,0,0,Red
"October 28, 2025",4a4dda06-5dd1-49ee-bcc6-7f724a970d12,2841285878,Final_Activation,Vishwakarma Travels,Manpinder Kaur,9416241537,Haryana,Sirsa,RJ31PA3886,,0,0,0,0,0,0,0,0,0,0,0,0,0,0,0,0,0,0,0,0,0,0,0,0,0,0,0,0,0,0,Red
"October 27, 2025",e2e577d5-3243-4287-a9c1-87c179d12e01,2841509976,Final_Activation,Shakti Tervels,Jitendra Singh,9983484346,Rajasthan,Jaipur,RJ32PA3800,Sunil Kumar,0,0,0,0,0,0,0,0,0,0,0,0,0,0,0,127,145,81,141,150,126,24,80,154,203,137,149,73,83,96,Red
"October 27, 2025",ce289242-0165-41fe-a55f-3455da1374ed,2842105206,Final_Activation,Jitandar kumar,Jitandar kumar,9166524875,Rajasthan,Sawai Madhopur,RJ07PA5823,Manish Bathi,97,195,208,222,212,171,189,142,188,182,205,201,157,168,152,179,216,196,178,202,209,178,149,142,98,164,185,189,152,185,Active
"October 27, 2025",e48a595a-4c4d-4c5e-a77e-c87990a5f623,P2841286501_818,Final_Activation,Nagnechi Travels,Jasvant Singh,9571622582,Rajasthan,Jalor,RJ16PA3346,Chuna Ram,0,0,0,0,0,0,0,0,0,0,0,0,0,0,0,0,0,0,0,0,0,0,0,0,0,0,0,0,0,0,Red
"October 27, 2025",4b57740b-2811-4691-aa5b-927aa28fbcf7,2841509967,Final_Activation,Lok parivahan sewa,Manoj Kumar,6375342167,Rajasthan,Bharatpur,RJ05PA7461,Manish Rajput,0,0,0,0,0,0,0,0,0,0,0,0,0,0,0,0,0,0,0,0,0,0,0,0,0,0,0,0,0,0,Red
"October 26, 2025",a057955f-a3fe-4b90-8b05-77cdd3f9d170,2841513261,Final_Activation,Pyar Bus,Satwinderpal singh,9815173723,Punjab,SHRI AMRITSAR SAHIB,PB02EJ6597,Gagandeep Singh,0,0,0,0,0,0,0,0,0,0,0,0,0,0,0,0,0,0,0,0,0,0,0,0,0,0,0,0,0,0,Red
"October 25, 2025",934b7abe-3574-4f26-bccb-229bd495e22d,2841285891,Final_Activation,CITY BUS SERVICE,Krishan Kumar,8000003620,Haryana,Gurgaon,HR55AW8023,,0,0,0,0,0,0,0,0,0,0,0,0,0,0,0,0,0,0,0,0,0,0,0,0,0,0,0,0,0,0,Red
"October 25, 2025",33a38718-502b-403f-be4b-08fedd7ba058,2841285457,Final_Activation,Jagwinder aingh,Jagwinder Singh,9877339108,Punjab,Sangrur,PB13BV1521,Surinder Singh,89,197,141,71,155,70,201,140,309,221,225,208,203,221,210,217,247,234,179,243,203,273,187,178,0,172,211,261,282,244,Active
"October 25, 2025",c896b38a-d8f2-4142-8cb5-a074edc4247e,2842133278,Final_Activation,NEW PREM BUS SERVICE,Pawan Kumar,9736176255,Himachal Pradesh,Kangra,HP68B0127,Mohan,0,27,73,0,26,64,0,18,16,0,0,0,0,1,0,0,0,0,0,0,0,0,0,0,0,0,0,0,0,0,Active
"October 25, 2025",07c55da8-59eb-4471-8c57-e0984166b86a,2841533456,Final_Activation,Thakran Bus Service,Dheeraj Thakran,9999848689,Haryana,,HR55AD3024,Shubham Singh,0,0,0,0,0,0,0,0,0,0,0,0,0,0,0,0,0,0,0,0,0,0,0,0,0,0,0,0,0,0,Red
"October 25, 2025",0d7eae69-68d5-4685-91bd-2b2036341c3b,2841511459,Final_Activation,City Bus Service,Dharampal,9350143779,Haryana,Gurgaon,HR55AT2226,,0,0,0,0,0,0,0,0,0,0,0,0,0,0,0,0,0,0,0,0,0,0,0,0,0,0,0,0,0,0,Red
"October 24, 2025",e6d02ea1-e8af-499a-b4f2-12aa290f3a8f,2842133282,Final_Activation,NEW PREM BUS SERVICE,Pawan Kumar,9736176255,Himachal Pradesh,Kangra,HP68B0158,Mohan,0,147,129,148,121,167,136,128,127,128,155,128,119,49,140,147,141,0,0,0,0,0,0,0,0,0,0,0,0,0,Active
"October 23, 2025",a13e849f-665e-4c94-b6b4-acceb96b85df,2840957182,Final_Activation,Isha Travels,Isha Kumari,9142109127,Bihar,Gaya,BR02PB3486,Tabish akhter,0,0,0,0,0,0,0,0,0,0,0,0,0,0,0,0,0,0,0,0,0,0,0,0,0,0,0,0,0,0,Red
"October 23, 2025",873e0781-955a-43be-a6b2-a0822a209091,2841284914,Final_Activation,Rajendra,Rajender Kumar,9857849000,Himachal Pradesh,Shimla,HP63D9222,,0,0,0,0,0,0,0,0,0,0,0,0,0,0,0,0,0,0,0,0,0,0,0,0,0,0,54,146,125,46,Red
"October 23, 2025",930ec345-c3c9-4bd7-ad95-ba023ebac2c2,2841900903,Final_Activation,Una Highway,Savita Prashar,9418406744,Himachal Pradesh,Una,HP72B5544,Harish Verma,0,0,0,0,0,0,0,0,0,0,0,0,0,0,0,0,0,0,0,0,0,0,0,0,0,0,0,0,0,0,Red
"October 23, 2025",a08cbc59-ff97-40b2-bed5-e021ab7e1c9b,2841509117,Final_Activation,Rajeev Travel,Rajeev Kumar,9466662550,Haryana,Ambala,HR37D5988,Yudhveer Singh,137,212,428,397,414,304,431,388,381,330,360,388,318,336,335,297,371,353,435,393,369,342,361,354,352,359,365,399,380,432,Active
"October 22, 2025",8d3ea353-52ee-44d2-9f2b-4385b1959453,2841519288,Final_Activation,Duhan Bus,Jitender,9991231133,Haryana,ROHTAK,HR46F4646,Amit Kumar,0,0,0,0,0,0,0,291,260,0,0,0,270,299,324,0,0,0,0,0,0,0,0,0,0,74,1,273,291,312,Orange
"October 19, 2025",f6688996-0e1d-4214-b62a-c49aa2db5686,2841286202,Final_Activation,Kanwar Bus Service,Abhishek Kanwar,9816173097,Himachal Pradesh,Shimla,HP63D3486,Nitin Kumar,7,28,38,51,37,45,40,31,41,43,47,0,47,36,33,30,50,39,0,34,41,32,42,0,37,0,33,17,24,39,Active
"October 18, 2025",71d575ea-4bea-4fce-b283-9954cbc29398,2841519086,Final_Activation,Gill Travels,Amandeep Kaur Gill,9780007760,Punjab,Moga,PB19M1781,Rajiv Kumar,188,281,256,274,269,186,256,291,216,0,197,0,0,0,0,0,5,34,0,0,9,0,0,2,156,170,199,278,292,255,Active
"October 18, 2025",2f675bf1-a991-48e6-a7dd-d54d5dfcba8a,2841517644,Final_Activation,prince bus,Harjinder singh,9463533110,Punjab,Ludhiana,PB10HH5183,,47,225,145,251,164,183,187,158,239,262,206,209,220,187,205,183,138,142,202,109,52,189,204,103,162,189,127,268,59,59,Active
"October 17, 2025",e4bb968f-7e66-4536-96ad-a2ac6e1d0048,2841513262,Final_Activation,Payar Bus,Gagandeep Singh,7973684048,Punjab,TARANTARN,PB46M8486,Deepak,0,0,0,0,0,0,0,0,0,0,0,0,0,0,0,0,0,0,0,0,0,0,0,0,0,0,0,0,0,0,Red
"October 16, 2025",9430d854-b4f3-4b6a-bbc3-2f04e215f48e,2841003314,Final_Activation,Satpal Bus Service,Anoop Kumar,9466247203,Haryana,Hisar,HR39E8678,,173,317,231,401,136,77,409,300,141,416,292,68,349,277,74,391,269,49,232,254,54,318,282,78,445,144,80,368,253,67,Active
"October 16, 2025",4bd5367c-2de7-495f-bd50-280f6a43f251,2841512867,Final_Activation,Banwari Lal,Banwari Lal,8058971549,Rajasthan,Tonk,RJ32PA3411,,0,99,106,114,107,104,133,89,97,95,144,124,123,135,110,104,111,96,105,108,79,88,92,114,126,94,88,104,130,121,Active
"October 16, 2025",69405038-1706-469f-8696-15ec07627825,2841519301,Final_Activation,Mundrika Travels,Sadhna Singh,7073814094,Bihar,Bhagalpur,BR34P7494,,0,0,0,0,0,0,0,0,0,0,0,0,0,0,0,0,0,0,0,0,0,0,0,0,0,0,0,0,0,0,Red
"October 16, 2025",8705e150-1e24-4ce9-b221-6013deefa1be,2841519094,Final_Activation,Baba Deep Singh Bus,Veer Davinder Singh,6284862622,Punjab,Patiala,PB13AL2576,,0,212,165,151,76,235,222,238,199,211,146,111,279,124,139,127,129,148,146,269,137,89,124,0,108,74,265,107,131,101,Active
"October 15, 2025",a06e9341-d641-4dc4-8ce8-6bf461942d1b,2841286478,Final_Activation,Mittal Transport,Jagdeep Mittal,9416808000,Haryana,Ambala,HR37D5115,,97,258,250,275,142,154,259,241,192,174,189,147,271,238,243,269,249,231,137,172,0,220,226,190,261,0,191,267,240,188,Active
"October 15, 2025",3a9746e2-6c0b-4d3d-99b7-01126ad7a172,2841512874,Final_Activation,Yadav Bus Service,Monu yadav,9166859743,Rajasthan,Alwar,RJ32PA3774,Dummy Rajasthan,0,0,0,0,0,0,0,0,0,0,0,48,143,160,0,0,164,170,159,125,146,104,141,120,158,142,122,113,102,129,Orange
"October 15, 2025",4be56383-c44f-47b5-bb3e-2df9d71f1ad5,2841509806,Final_Activation,Jai Maa Travels,Kripal Singh,9799271379,Rajasthan,Bharatpur,RJ05PA7786,Dummy Rajasthan,0,0,0,0,0,0,0,0,0,0,0,0,0,0,0,0,0,0,0,0,0,0,0,0,0,0,0,0,0,0,Red
"October 15, 2025",a1f44f64-6f25-49ba-9d78-7796db00c621,2841511445,Final_Activation,K.I.T.C BUS SERVICE,KAUSHALESH KUMAR,9817261111,Himachal Pradesh,Bagsaid,HP87A3302,Ajay Sharma,0,0,0,108,0,0,0,0,0,0,0,0,0,0,0,0,0,0,0,0,0,0,0,0,0,0,0,0,0,0,Active
"October 14, 2025",22caa2fe-9494-43b9-a769-1cff74a1b627,2841509107,Final_Activation,Parvati Valley Transport Company,Rajesh Kumar Sood,9816004051,Himachal Pradesh,Kullu,HP34E4051,Dummy HImachal Pradesh,25,89,56,76,61,89,84,100,43,90,102,72,108,90,77,44,59,79,13,99,125,78,99,103,95,92,88,85,138,96,Active
"October 14, 2025",c501570a-065e-4282-b651-51a77a43f4aa,2841509105,Final_Activation,Sharma Bus Service,Ankush Sharma,9418385106,Himachal Pradesh,Village galiyan teh ghumarwin district bilaspur,HP69A2337,,0,0,0,0,0,0,0,0,0,0,0,0,0,0,0,0,0,0,0,0,0,0,0,0,0,0,0,0,0,0,Red
"October 14, 2025",d5c98c20-fc37-4c0f-a1cb-2eb9283c0c65,2841285761,Final_Activation,Gudiya Bus Service,Ashok Kumar,9817973379,Himachal Pradesh,Bilaspur,HP69A3088,,0,253,255,213,183,216,244,264,232,239,238,213,208,241,234,283,232,257,169,167,178,154,240,216,306,211,234,213,251,222,Active
"October 14, 2025",ca37f1c0-dbc8-4348-8686-a4c4f0e1c195,2841519292,Final_Activation,Parvati Valley Transport Company,Rajesh Kumar Sood,9816004051,Himachal Pradesh,Kullu,HP34F4051,Dummy HImachal Pradesh,21,112,148,156,148,124,148,111,152,114,138,117,109,112,121,93,133,116,103,98,115,149,121,112,84,60,118,98,139,118,Active
"October 14, 2025",27621d1a-1ce5-4067-aa13-0d624e142174,2841513253,Final_Activation,Ghohlwarh Sandhu,Gurjant Singh,8968399815,Punjab,TARAN TARAN,PB04N8453,,0,0,0,0,0,0,0,0,0,0,0,0,0,0,0,0,0,0,0,0,0,0,0,0,0,0,0,0,0,0,Red
"October 14, 2025",cbd3dc13-cb79-4c8b-b5af-c2785a100dbe,2841568890,Final_Activation,Iqbaljit Bus Service,Iqbaljit Singh,9876713204,Punjab,Ferozepur,PB05AB7234,,0,0,0,0,0,0,0,0,0,0,0,0,0,0,0,0,0,0,0,0,0,0,0,0,0,0,0,0,0,0,Red
"October 14, 2025",99c34a7d-d3b3-4786-99c2-b49bbfcad0eb,2841568888,Final_Activation,Iqbaljit Bus Service,Iqbaljit Singh,9876713204,Punjab,Ferozepur,PB05R9376,,0,0,0,0,0,0,0,0,0,0,0,0,0,0,0,0,0,0,0,0,0,0,0,0,0,0,0,0,0,0,Red
"October 13, 2025",1a701ca6-4222-4e10-9faf-7c36d1477c91,TJ75248P20011,Final_Activation,Ravidas Travels,Guntash Singh Warring,9872305000,Punjab,Bhatinda,PB03BQ1774,Rajiv Kumar,111,296,340,356,254,251,344,268,343,359,308,224,298,349,331,374,332,369,223,105,0,0,0,0,0,0,0,0,126,275,Active
"October 13, 2025",7c679a98-2612-42c4-adcc-b0e088685978,2841024127,Final_Activation,Chhapola Bus Service,Satya Prakash,9466668282,Haryana,Sirsa,HR57A5271,Raman,73,247,152,235,172,154,193,236,269,84,115,82,101,206,214,182,205,211,145,226,337,217,171,352,177,343,242,204,381,271,Active
"October 13, 2025",f61f7a68-3893-4144-acac-a28f3fa00632,2841511460,Final_Activation,Thakur Coach,Sohan,9816569455,Himachal Pradesh,Kamrau,HP17C3955,,83,172,177,198,159,186,217,174,183,178,221,163,173,182,163,201,190,192,172,167,191,149,202,193,190,120,34,159,144,189,Active
"October 13, 2025",b8f881e1-5c08-4a79-a5db-b16bad04fc82,2841509819,Final_Activation,Gudiya Bus Service,Ashok Kumar,9817973379,Himachal Pradesh,Bilaspur,HP693088,,0,0,0,0,0,0,0,0,0,0,0,0,0,0,0,0,0,0,0,0,0,0,0,0,0,0,0,0,0,0,Red
"October 13, 2025",e4df03d8-5397-4432-9be8-d13713535d00,2840685135,Final_Activation,Jalal Bus Service,Preetpal Singh Jalal,9463215001,Punjab,Sangaria,PB03AF0996,,62,353,321,378,264,348,351,348,369,348,509,268,304,363,334,367,370,373,302,353,360,338,327,341,423,251,285,354,404,344,Active
"October 13, 2025",37391bd9-cb6a-40e6-898e-86d4a5138218,2840649146,Final_Activation,Chhapola Bus Service,Satya Prakash,9466668282,Haryana,Sirsa,HR57A9075,Raman,84,203,298,294,208,281,348,299,343,322,367,208,274,229,281,260,292,273,272,411,436,210,320,248,264,226,307,303,272,314,Active
"October 13, 2025",136c97f7-a7f7-481f-9856-29cb00f85f1e,TJ7524BB20082,Final_Activation,P B S,Manpreet Singh,9877115883,Punjab,Amritsar,PB02DF9597,,0,0,0,0,0,0,0,0,0,0,0,0,0,0,0,0,0,0,0,0,0,0,0,0,0,0,0,0,0,0,Red
"October 13, 2025",b983ef0e-18f2-4d6f-baf2-736544ea34dc,TJ75253320031,Final_Activation,THE KALWALI SAKTI CO PT TPT,Narender,9812620750,Haryana,Rohtak,HR46G6605,,74,243,225,113,179,148,133,238,207,252,210,190,219,247,213,288,259,235,213,161,319,126,142,237,0,0,0,0,0,0,Active
"October 13, 2025",c254f76f-109a-4564-9de8-7aa3e1c645da,2841517654,Final_Activation,Jalal Bus Service,Preetpal Singh Jalal,9463215001,Punjab,Sangaria,PB03X5488,,108,317,296,352,258,273,318,312,281,306,368,255,294,318,265,292,282,315,226,326,267,278,268,236,280,203,286,326,195,296,Active
"October 13, 2025",c6eb41b3-1cd8-4bf0-ae99-f440c066d561,2840891507,Final_Activation,Kamrunag Bus Service,Naveen Kumar,7590005304,Himachal Pradesh,Mandi,HP655209,,0,0,0,0,21,39,84,0,0,0,0,0,0,0,0,0,0,0,0,0,0,0,0,0,0,0,0,0,0,0,Yellow
"October 13, 2025",4f33fa52-66d3-49df-a52c-836c662f072a,2841511448,Final_Activation,Jalal Bus Service,Preetpal singh jalal,9876369518,Punjab,nan,PB03AJ4896,,0,0,0,0,0,0,0,0,0,0,0,0,0,0,0,0,0,0,0,0,0,0,0,0,0,0,0,0,0,0,Red
"October 12, 2025",004ac5fd-46ba-4d4c-a84f-50ce896011f9,2841519096,Final_Activation,Raj Bus Sarvice,Ramesh Chand,7355871997,Rajasthan,Bharatpur,RJ05PA7614,Dummy Rajasthan,0,0,0,0,0,0,0,0,0,0,0,0,0,0,0,0,0,0,0,0,0,0,0,0,0,0,0,0,0,0,Red
"October 12, 2025",e56427a7-8ace-4832-a08f-46e451b6ea30,2841287117,Final_Activation,Jhala Travels 80 Rd,Chhailu Singh,9983183131,Rajasthan,Bikaner,RJ07PA6801,,0,0,0,0,0,0,0,0,0,0,0,0,0,0,0,0,0,0,0,0,0,0,0,0,0,0,0,0,0,0,Red
"October 12, 2025",ff693827-8850-4a97-84d4-ec2b77a071e2,2841536322,Final_Activation,Ananya Bus Services,Narayan Bain,7489419194,Chhattisgarh,Raigarh,CG14MG9901,,55,129,83,174,78,177,61,177,169,155,187,178,116,174,155,136,117,149,171,99,165,118,53,151,160,90,78,172,140,161,Active
"October 11, 2025",80138a21-c255-43aa-8911-303f0f630cf9,2841511452,Final_Activation,Ravindera Bus Service,Mohinder Kumar,9882169715,Himachal Pradesh,Mandi,HP65A0315,,0,0,0,0,0,0,0,0,0,0,0,0,0,0,0,0,0,0,0,0,0,0,0,0,0,0,0,0,0,0,Red
"October 11, 2025",0ea2d00a-cf10-43d3-ba48-e058a8fa54ef,2841286825,Final_Activation,NEW PREM BUS SERVICE,Pawan Kumar,9736176255,Himachal Pradesh,Kangra,HP68B0134,Mohan,0,40,114,99,49,41,69,77,52,40,77,118,82,62,36,76,0,0,44,91,79,60,40,87,94,71,51,91,71,70,Active
"October 10, 2025",90983ebe-7a89-48b8-b433-8a3ee890dda7,2841534124,Final_Activation,Rajendra Bus Service,Rajendra Singh,9782189569,Rajasthan,Udaipur,RJ27PB8964,,0,0,0,0,0,0,0,0,0,0,0,0,0,0,0,0,0,0,0,0,0,0,0,0,0,0,0,0,0,0,Red
"October 9, 2025",c8c21055-4540-45cd-90ad-5d5b4917655c,2841511456,Final_Activation,Golden Temple Bus Service,Daljit Singh,9815809422,Punjab,Hoshiarpur,PB29R4663,,7,280,8,350,281,0,0,42,0,0,0,240,177,76,0,0,211,0,0,0,83,0,0,59,0,0,0,0,228,0,Active
"October 9, 2025",7f6313bc-3b45-4763-af75-8718a362f0ee,2841509120,Final_Activation,Rana Trevels,Ranbir Singh,8904800005,Himachal Pradesh,Una,HP67A0669,,0,0,0,0,0,0,0,0,0,0,0,0,0,0,0,0,0,0,0,0,0,0,0,0,0,0,0,0,0,0,Red
"October 8, 2025",580b0733-dc18-4f00-9c00-b2d3be4e0c8a,2841519087,Final_Activation,Bala Ji Bus Service,Sanjeev Kumar Gadi,9416077999,Haryana,Sirsa,HR62A5342,Raman,76,323,327,384,2,326,333,314,295,0,342,0,0,300,315,289,302,346,240,124,341,294,284,404,357,305,292,286,300,288,Active
"October 8, 2025",91942a47-0955-4ae4-b2c0-eb93ee554c2b,2841536318,Final_Activation,Salasar Bus Service,Swatantr Singh,9992325852,Haryana,Hisar,HR39E9168,Raman,45,224,221,324,209,255,237,236,209,238,229,171,189,239,201,233,232,269,242,144,174,164,226,129,201,196,172,161,211,201,Active
"October 8, 2025",9ec04fc1-cf78-4bf8-8c70-98c5c5f9eadb,2841285777,Final_Activation,Puja Travels,Virendra Singh,9828237611,Rajasthan,Bharatpur,RJ05PA7613,,0,0,0,0,0,0,0,0,0,0,0,0,0,0,0,0,0,0,0,0,0,0,74,70,76,24,0,0,0,0,Red
"October 8, 2025",52ea4d1d-8e89-4a22-90dd-f11aa8a7efe0,2841509104,Final_Activation,Bala Ji Bus Service,Sanjeev Kumar Gadi,9416077999,Haryana,Sirsa,HR62A2681,Raman,76,302,236,374,284,121,265,301,247,275,235,283,297,298,301,252,297,318,307,278,280,223,295,336,344,92,253,256,271,248,Active
"October 8, 2025",f351f676-e723-467f-a4dd-abe4f673ef94,2841729146,Final_Activation,NEW PREM BUS SERVICE,Pawan Kumar,9736176255,Himachal Pradesh,Kangra,HP68B0162,Mohan,0,131,110,107,81,147,107,0,193,208,244,308,0,152,145,142,0,122,75,59,145,154,0,0,0,0,0,0,0,0,Active
"October 8, 2025",f47bd472-cc94-493f-b869-ecb02922c13c,2841536326,Final_Activation,Salasar Bus Service,Swatantr Singh,9992325852,Haryana,Hisar,HR56C4582,Raman,0,0,0,0,0,0,0,0,0,0,0,0,0,0,0,0,0,0,0,0,0,0,0,0,0,0,0,0,0,0,Red
"October 8, 2025",e9371338-7653-4eea-911e-e7e285b2ad6b,2841517649,Final_Activation,Maa Khela Devi Express,Shiv Lahri Meena,9414857737,Rajasthan,Dausa,RJ09PA4840,Dummy Rajasthan,0,150,161,150,146,174,134,136,146,143,135,124,151,190,154,175,158,159,176,190,136,140,175,128,138,140,185,122,133,153,Active
"October 8, 2025",847e2432-fb83-4522-821d-195215bbd635,2841517838,Final_Activation,Maa Khela Devi Express,Shiv Lahri Meena,9414857737,Rajasthan,Dausa,RJ25PA1345,Dummy Rajasthan,0,89,175,169,136,122,134,148,158,128,144,142,140,155,160,186,158,171,131,148,161,182,142,164,162,160,160,153,172,181,Active
"October 7, 2025",062382e0-f006-4436-9589-fce530c7dcae,2840879821,Final_Activation,The Rania Braich Co-Op TPT,Nirmal Singh,8708622241,Haryana,Rania,HR57B0385,,95,0,66,327,296,237,270,236,265,0,0,220,257,222,312,129,0,0,162,289,317,258,283,360,0,0,199,320,250,296,Active
"October 6, 2025",21146506-59d4-432e-a736-0ad00d4eebf6,2841027746,Final_Activation,Ombir Singh,Ombir Singh,9466042655,Haryana,Ambala,HR37D8474,Yudhveer Singh,138,366,435,508,414,382,378,440,499,371,430,423,450,367,396,394,397,385,376,381,372,333,455,449,426,356,377,477,364,416,Active
"October 6, 2025",a73cb98d-e788-48a4-b3be-d38386031acb,2840973950,Final_Activation,Hardyal Singh Gill,Hardyal Singh Gill,9700007631,Punjab,Moga,PB05AM0222,Rajiv Kumar,133,377,322,298,175,227,233,252,240,245,229,224,254,177,211,180,199,190,136,35,203,154,246,195,290,2,203,306,318,239,Active
"October 6, 2025",fda46388-f0c7-4a7d-90ce-9ba4a50a4060,2841030086,Final_Activation,Baba Basti Kular,Gurmeet Singh,9872451060,Punjab,Fatehpur Kullar,PB32L9024,,0,0,0,0,51,126,8,2,91,47,0,0,0,0,0,0,0,0,0,0,0,0,0,0,0,0,0,0,0,0,Yellow
"October 6, 2025",806acdcf-3266-43b5-bc06-b1cfe0be07e4,2841536323,Final_Activation,Ekta Transport,Bahadar Singh,9996727274,Haryana,Ambala,HR37E5295,Yudhveer Singh,147,497,483,433,462,413,169,414,412,484,445,454,354,486,442,364,356,473,405,352,342,448,434,411,426,388,411,367,409,450,Active
"October 5, 2025",fd97b271-734a-47d0-a08a-7d350b2d200c,2841738734,Final_Activation,Chourasia Bus Service,Shankar Lal,9826572487,Madhya Pradesh,Mahgaon,MP20ZD3939,Dummy Madhya Pradesh,0,0,0,0,0,0,0,0,0,0,0,0,0,0,0,0,0,0,0,0,0,0,0,0,0,0,0,0,0,0,Red
"October 5, 2025",29d0e9fb-347b-4b7e-aeb3-195faf9c0ad0,TJ75248D20969,Final_Activation,बेनीवाल बस सर्विस,Suresh Kumar,7597369587,Rajasthan,Ganganagar,RJ14PD4633,Dummy Rajasthan,0,0,0,0,0,0,0,0,0,0,0,0,0,0,0,0,0,0,0,0,0,0,0,0,0,0,0,0,0,0,Red
"October 5, 2025",2d7e8f5d-3148-49f9-bb43-16cf1d9d3473,2841509818,Final_Activation,Santoshi Bus Service,Rakesh Kumar,8894403510,Himachal Pradesh,Bilaspur,HP69A1892,Dummy HImachal Pradesh,0,13,0,0,0,7,0,0,0,0,0,0,0,0,0,0,0,0,0,0,0,7,3,0,0,0,0,0,0,0,Active
"October 4, 2025",4daf0845-a5b7-43a9-9a7c-5aea717ed8c8,2841568894,Final_Activation,NEW PREM BUS SERVICE,Pawan Kumar,9736176255,Himachal Pradesh,Kangra,HP68B0156,Mohan,0,80,67,83,94,97,109,89,77,93,101,94,93,116,95,104,102,110,108,82,75,70,102,97,118,71,72,94,76,77,Active
"October 4, 2025",e17b8f82-950e-4d42-80ad-bada4e966a18,2841513258,Final_Activation,Sisai Bus Service,Sunil,9054257000,Haryana,Hisar,CH02AA8500,Raman,48,2,158,188,0,61,47,58,99,177,198,0,0,215,144,180,154,172,0,0,209,75,184,153,180,0,0,220,155,171,Active
"October 4, 2025",cb19b036-3a5f-4a37-af45-c51828cca6e4,TJ75251520126,Final_Activation,Mahadev Travles,Mahendra Singh,9664359416,Rajasthan,Barmer,MP44ZE6626,Chuna Ram,0,0,0,0,0,0,0,0,0,0,0,0,0,0,0,0,0,0,0,0,0,0,0,0,0,0,0,0,0,0,Red
"October 4, 2025",30fba6eb-094b-444d-ae14-53daee7096cd,2841519089,Final_Activation,Bhikhta Travels,Vikrant Kumar Bhikhta,9817300062,Himachal Pradesh,Rohru,HP63D1362,Nitin Kumar,0,0,0,0,0,0,0,51,161,0,0,0,0,0,0,0,119,90,0,0,0,0,58,81,176,0,84,119,185,145,Orange
"October 4, 2025",0c24fe27-8ccc-4f9e-92b8-1819907ba1a5,2841509812,Final_Activation,Bhikhta Travels,Vikrant Kumar Bhikhta,9817300062,Himachal Pradesh,Rohru,HP63D0362,Nitin Kumar,0,0,0,0,0,0,0,0,0,0,0,0,0,0,0,0,0,0,0,0,0,0,55,150,51,0,54,76,188,67,Red
"October 4, 2025",e1f4cc61-7077-4218-b7ab-e8db8465d1da,2841509110,Final_Activation,Sisai Bus Service,Sunil,9054257000,Haryana,Hisar,CH02AA6008,Raman,181,265,318,277,193,288,235,284,248,106,267,233,263,301,274,260,304,354,325,206,286,306,264,338,272,305,237,191,282,300,Active
"October 4, 2025",6714718d-678b-4dc4-8d87-27b41c7b12d5,2840969982,Final_Activation,Golden TRAVEL,MOHAMMAD FARHAN KHAN,9424037867,Madhya Pradesh,Ujjain,MP13P7864,Jagdish Kushwah,0,0,0,0,0,0,0,0,0,0,0,0,0,0,0,0,0,0,0,0,0,0,0,0,0,0,0,0,0,0,Red
"October 3, 2025",dc958d9b-497d-471a-9d29-de4ffb8862cc,2841534127,Final_Activation,Ranawat Travels,Rajendra Singh,9928942152,Rajasthan,Udaipur,RJ27PB3276,Manish Bathi,23,51,44,62,39,64,43,45,14,50,48,40,42,38,34,62,45,34,55,41,42,51,39,41,53,42,39,70,55,48,Active
"October 3, 2025",6d079797-3846-4f1a-849e-7f1c95b75491,2841534130,Final_Activation,Ram Kumar Travels,Ram Kumar Bishnoi,9799664921,Rajasthan,Bikaner,RJ07PB6302,Rakesh,123,260,300,316,264,316,310,253,291,273,280,218,265,293,287,325,295,318,267,331,251,274,262,296,300,230,284,308,304,270,Active
"October 3, 2025",0c0ed086-eb0e-4dd2-b447-57b087dd054d,2842144636,Final_Activation,Luxmi Bus,Archana,9992101717,Haryana,Rohtak,HR46F6113,Dummy Haryana,84,183,187,216,155,219,187,203,170,134,238,108,233,267,208,218,219,215,79,59,0,0,0,0,0,0,0,0,0,0,Active
"October 3, 2025",cf44cf31-bbf1-45d3-a760-f8bcd96fe65b,2841536332,Final_Activation,Luxmi Bus,Archana,9992101717,Haryana,Rohtak,HR63E9762,Dummy Haryana,146,205,134,207,226,240,256,250,134,213,238,0,191,227,127,199,218,189,194,210,0,192,83,210,239,0,202,189,260,103,Active
"October 3, 2025",d40da86c-b4f5-402a-a31d-fde283e547e4,2841513246,Final_Activation,Ram Kumar Travels,Ram Kumar Bishnoi,9799664921,Rajasthan,Bikaner,RJ07PB6720,Rakesh,100,146,133,121,0,33,132,160,106,126,160,130,102,246,123,127,181,183,72,150,113,107,151,151,131,175,116,132,167,135,Active
"October 3, 2025",08317198-e8da-473d-bd38-339b21432932,TJ75251621717,Final_Activation,Ram Kumar Travels,Ram Kumar Bishnoi,9799664921,Rajasthan,Bikaner,RJ21PA1697,Rakesh,95,256,290,286,173,253,240,287,258,259,298,211,241,242,240,272,295,267,205,252,250,227,263,266,321,191,276,291,276,315,Active
"October 3, 2025",a40fc859-c49e-4683-aaab-a257e3023b62,2841517839,Final_Activation,RATAN  EXPRESS,Ashish Pandey,9616659000,Uttar Pradesh,Gonda,UP43BT8172,Sayyed Mohd. Belal,0,0,0,0,0,0,0,0,0,0,57,40,64,61,0,0,0,0,0,57,45,48,47,56,47,12,27,48,2,57,Orange
"October 2, 2025",7203ee71-350a-44d3-9dd2-87d3aa852414,2841511447,Final_Activation,Chauhan Bus Service,Kishori Lal,8544779309,Himachal Pradesh,Salooni,HP73A8301,Sumit Sharma,0,76,0,0,0,0,6,0,0,0,0,0,0,0,0,0,0,0,0,0,1,0,0,0,0,0,0,0,34,3,Active
"October 2, 2025",b343906a-e2a9-4c2b-b691-e392e21261de,P1493054990_477,Final_Activation,Pallavi Parivahan,Shiv Kumar Sharma,9425195681,Madhya Pradesh,Ujjain,MP13P1254,Jagdish Kushwah,0,0,0,0,0,0,0,0,0,0,0,0,0,0,0,0,0,0,0,0,0,0,0,0,0,0,0,0,0,0,Red
"October 1, 2025",facacbf4-314f-46bf-90dd-dc3b311ee9dd,2841517837,Final_Activation,Gurvinder,Gurvinder,9466852394,Haryana,Ambala,HR37E8524,Yudhveer Singh,205,371,406,409,464,451,339,317,317,469,393,423,384,460,339,415,526,447,428,410,483,294,170,454,436,481,352,437,505,441,Active
"October 1, 2025",aa1d65ce-980d-4833-8dca-c9fa7547a6cc,2841513250,Final_Activation,Salasar Bus Service,Swatantr Singh,9992325852,Haryana,Hisar,HR56C4582,Raman,44,205,201,376,280,227,317,283,251,358,263,94,215,302,262,253,259,270,258,219,203,176,172,211,238,0,212,243,233,197,Active
"October 1, 2025",c2f1a4cd-bf68-45f0-8f1f-021e3ae26830,2841006695,Final_Activation,Rajta Coach,Rajesh Rajta,9816402008,Himachal Pradesh,Theog Dehna,HP63D9063,Nitin Kumar,47,130,187,157,49,201,86,38,97,113,30,56,40,0,0,0,0,0,0,0,165,83,132,126,130,61,122,137,123,146,Active
"October 1, 2025",107b20de-5d82-43ef-b85a-59941e1cb6c9,2841519099,Final_Activation,Ravi Travels,Ravi Kant Pandey,7985222803,Uttar Pradesh,Ballia,UP53CT7613,Rohit Rai,0,0,0,0,0,0,0,0,0,0,0,0,0,0,0,0,0,0,0,0,0,0,0,0,0,0,0,0,0,0,Red
"October 1, 2025",5bb689bf-1181-44a8-8e74-28165d5012a6,2841568896,Final_Activation,Raghukul Holidays,Anita Kumari,9129005500,Himachal Pradesh,Shahpur,HP90A7980,Mohan,0,0,0,0,0,0,0,0,0,0,0,0,0,0,0,0,0,0,0,0,0,0,0,0,0,0,0,0,0,0,Red
"September 30, 2025",c14669ae-55f6-4a02-b90f-5c37479c4ddf,2841517825,Final_Activation,Yuvraj Bus,Chain Singh,9465577816,Punjab,Nangal,PB07BZ0691,Harpreet Singh,0,0,0,0,0,0,0,0,0,0,0,0,0,0,0,0,0,0,0,0,0,0,0,0,0,0,0,0,0,0,Red
"September 30, 2025",81681be6-f1c7-4afb-a3ec-4d7cb1968903,2840973949,Final_Activation,Manoj Bus,Manoj Kumar,8219571009,Himachal Pradesh,Chamba,HP73A4528,Karan Raina,53,0,123,166,103,117,141,138,104,110,54,110,121,0,15,136,138,145,0,42,122,52,171,81,143,129,112,133,97,137,Active
"September 30, 2025",19e18cf3-76b7-4fc4-ab38-b23dadd8d56f,2840824178,Final_Activation,Kanwar Bus Service,Madan Lal,8628890413,Himachal Pradesh,Kasauli,HP12G2223,Dummy HImachal Pradesh,0,0,0,0,0,0,0,0,0,0,0,36,66,52,43,44,0,81,44,43,61,44,49,58,48,95,40,40,46,35,Orange
"September 30, 2025",973670da-395d-4fe6-8d3e-0c86a11abfbd,2841284879,Final_Activation,Priyanka Bus,Narendra Meena,7509501416,Madhya Pradesh,Guna,MP08P0383,Dummy Madhya Pradesh,0,0,0,0,0,0,0,0,0,0,39,79,75,97,103,88,124,99,82,89,100,118,117,148,150,108,112,93,111,132,Orange
"September 29, 2025",641bbc1a-14b4-47f9-a7d5-6b1a59632774,2842144640,Final_Activation,Kalpna  Travels,Mangej Singh,9950702737,Rajasthan,Bikaner,RJ15PA9160,Rakesh,0,0,69,97,108,0,60,86,74,93,0,0,0,0,0,0,0,0,0,8,93,84,83,94,83,93,94,108,122,45,Active
"September 29, 2025",db9134a3-f505-4eaa-85b1-0189333ffe7a,2841285876,Final_Activation,Mahadev Travels,Jagdish Kumar,8544755510,Himachal Pradesh,Kamrau,HP719254,Sandeep Kumar,0,188,176,222,158,178,215,241,100,222,230,101,206,196,165,159,226,214,51,158,148,157,149,156,224,3,0,0,0,0,Active
"September 29, 2025",c6baa7b9-2cf6-46fb-8771-84037bdfe2e8,2840878892,Final_Activation,Chhapola Bus Service,Satya Prakash,9466668282,Haryana,Sirsa,HR57A8419,Raman,102,294,349,320,219,259,303,335,266,288,333,129,198,240,298,226,283,251,252,0,265,315,302,334,330,226,281,323,364,345,Active
"September 27, 2025",96f627f3-7cd4-4a87-8b0b-9075233f6d29,TJ75253L22159,Final_Activation,Maa Khela Devi Express,Shiv Lahri Meena,9414857737,Rajasthan,Dausa,RJ25PA3102,Dummy Rajasthan,0,138,182,224,152,176,182,167,146,171,175,123,165,174,179,151,190,204,156,193,201,42,81,126,110,115,141,117,121,156,Active
"September 27, 2025",04989705-adda-4fef-993a-015bc2c9079a,2841536319,Final_Activation,Maa Travel,Rajinder,9467209331,Haryana,Panipat,HR67D0888,Yudhveer Singh,0,0,0,0,0,0,0,0,0,0,0,0,0,258,218,256,274,236,196,266,180,240,217,273,297,310,216,206,268,264,Red
"September 27, 2025",d7319f48-9392-49e4-81e2-424a2c700601,2841509817,Final_Activation,Rajesh Kumar,Rajesh Kumar,9983775175,Rajasthan,Alwar,RJ02PA4554,Dummy Rajasthan,0,0,0,0,0,0,0,0,0,0,0,0,0,0,0,0,0,0,0,0,0,0,0,0,0,0,0,0,0,0,Red
"September 27, 2025",669025fd-3c41-4b52-a14f-75a2d8104326,2841519294,Final_Activation,Rajesh Kumar,Rajesh Kumar,9983775175,Rajasthan,Alwar,RJ02PA4127,Dummy Rajasthan,0,0,0,0,0,0,0,0,0,0,0,0,0,0,0,0,0,0,0,0,0,0,0,0,0,0,0,0,0,0,Red
"September 27, 2025",2e531632-b7c0-4a3e-8e36-423839ede6fa,2841519090,Final_Activation,Rajesh Kumar,Rajesh Kumar,9983775175,Rajasthan,Alwar,RJ02PA3933,Dummy Rajasthan,0,0,0,0,0,0,0,0,0,0,0,0,0,0,0,0,0,0,0,0,0,0,0,0,0,0,0,0,0,0,Red
"September 26, 2025",b1ccb349-3970-4f9a-adb1-4776ab911c40,2841003318,Final_Activation,Tiwana Bus,Tejpal Singh,9646000123,Punjab,Patiala,PB11BU3186,Deepak,0,0,0,243,196,272,296,296,290,262,237,0,236,244,273,279,302,0,199,303,0,0,132,92,174,0,0,0,0,0,Active
"September 26, 2025",845f0eca-b45b-4449-a806-9650ab40f8b3,2841509982,Final_Activation,Randhawa Bus Service Nakora,Jasvir Singh,9467362628,Haryana,Sirsa,HR57A6851,kamal kumar,66,296,0,94,249,291,308,316,234,251,0,0,195,277,278,263,299,0,62,258,281,248,274,280,386,0,0,247,327,286,Active
"September 26, 2025",d5b4f62c-b167-48d6-adca-d2649ac3b419,2841512875,Final_Activation,Randhawa Bus Service Nakora,Jasvir Singh,9467362628,Haryana,Sirsa,HR57A4308,kamal kumar,0,115,117,302,101,337,355,138,295,233,279,242,220,261,256,240,272,257,231,217,218,213,215,230,241,204,251,272,230,281,Active
"September 26, 2025",7a6e678c-3157-48fd-8125-f40562febec1,2841287147,Final_Activation,Pathania Bus,Sanjay Pathaina,9805763217,Himachal Pradesh,chamab,HP73A7978,Karan Raina,82,73,134,213,103,172,208,222,225,225,206,60,0,0,75,167,152,113,101,94,147,77,142,85,141,96,122,103,114,116,Active
"September 26, 2025",46e8a78d-7372-45e7-99aa-59e49ef58cc9,2841509973,Final_Activation,Tiwana Bus,Tejpal Singh,9646000123,Punjab,Patiala,PB11BF7986,Deepak,0,0,0,0,0,0,0,0,0,0,0,0,0,0,0,0,0,0,0,0,0,0,0,0,0,0,0,0,0,0,Red
"September 26, 2025",96772eb6-07c6-4c1a-ac05-55eaf0015463,TJ7524BJ21354,Final_Activation,Ravindra Bus Service,Ranjeet  Singh,8628883815,Himachal Pradesh,Mandi,HP65A0915,Ajay Sharma,0,0,0,0,0,0,0,0,0,0,0,0,0,0,0,0,0,0,0,0,0,0,0,0,0,0,0,0,0,0,Red
"September 25, 2025",7e363e8e-dd57-4eb4-bdab-207bd98f8447,2841024092,Final_Activation,Bist Bus Service,Govindi Devi,9012705320,Uttarakhand,Pithoragarh,UK04PA7176,Rajat agarwal,0,0,0,0,0,0,0,0,0,0,0,0,0,0,0,0,0,0,0,0,0,0,0,0,0,0,0,0,0,0,Red
"September 25, 2025",fc0d6ba8-97f1-4295-9b0b-389de0cfc97b,TJ7524BE21674,Final_Activation,Chaudhary Travels,Harpreet Singh,9817485423,Himachal Pradesh,Paonta sahib,HP17B6750,Dummy HImachal Pradesh,0,0,0,0,0,0,0,0,0,0,0,0,0,0,0,0,0,0,0,0,0,0,0,0,0,0,0,0,0,0,Red
"September 25, 2025",9d88f118-1437-4740-98f1-10111b54407f,2841005374,Final_Activation,Balouria Bus,Anuj Balouria,9816605403,Himachal Pradesh,Rait,HP68A5742,Mohan,114,384,360,436,386,365,373,379,388,365,445,365,331,362,363,373,324,397,338,294,338,276,332,250,301,284,309,306,295,312,Active
"September 25, 2025",73a53a1b-c561-4b6f-8631-bae2090e5578,2841513255,Final_Activation,Ranawat Travels,Rajendra Singh,9928942152,Rajasthan,Udaipur,RJ24PC1474,Manish Bathi,0,59,53,51,53,41,55,53,60,50,42,38,51,32,42,41,48,59,50,46,50,54,53,56,56,33,63,50,55,53,Active
"September 25, 2025",248b76b7-0d21-4e66-86ca-a69098c84522,TJ75251820346,Final_Activation,Rayeen Bus,Mohd Nasir,7000932713,Madhya Pradesh,Bhopal,MP33P3586,Nitul Patel,0,0,0,0,0,1,0,16,10,12,10,10,18,19,14,8,9,0,0,0,0,0,0,8,5,0,14,5,11,6,Orange
"September 25, 2025",1e9ec7fb-4a90-447e-8eaa-47af960d777e,2840957170,Final_Activation,Ramshyam Travels,Shivkumar Singh Kushwah,6265001016,Madhya Pradesh,Bhind,MP30ZG5574,Dummy Madhya Pradesh,0,0,0,0,0,0,0,0,0,0,0,0,0,0,0,0,0,0,0,0,0,0,0,0,0,0,0,0,0,0,Red
"September 25, 2025",d94fcdb8-9508-40b8-afe8-c359aea1e65d,2841887421,Final_Activation,Khalsa Bus Service,Baljinder Singh,9872644883,Punjab,Dasuya,PB07BA6565,Sumit Sharma,145,319,342,317,230,278,324,286,339,309,344,258,279,319,278,321,320,380,293,299,246,338,318,229,409,192,315,311,328,305,Active
"September 25, 2025",0ae5c8c2-5289-4bc7-ae2a-ac5b2bd932fa,2841509983,Final_Activation,RAJDHANI MAIL,GULREJ AHMAD,9235269911,Uttar Pradesh,Sant kabir nagar,UP58AT7211,Sayyed Mohd. Belal,0,70,70,75,55,66,64,71,100,99,98,78,71,74,55,70,61,76,69,61,61,52,57,69,75,60,54,55,83,64,Active
"September 25, 2025",f553c352-f90b-45a9-951d-cf92661e8fb7,2841895914,Final_Activation,Balouria Bus,Anuj Balouria,9816605403,Himachal Pradesh,Rait,HP68A2410,Mohan,101,266,249,223,150,176,218,184,164,214,265,181,200,206,220,237,4,0,0,0,0,93,102,2,0,0,0,0,0,60,Active
"September 25, 2025",5399df2b-33a4-424c-ba66-5de2e9b013ca,2840973955,Final_Activation,Bist Bus Service,Govindi Devi,9012705320,Uttarakhand,Pithoragarh,UK04PA7076,Rajat agarwal,0,0,0,0,0,0,0,0,0,0,0,0,0,0,0,0,0,0,0,0,0,0,0,0,0,0,0,0,0,0,Red
"September 25, 2025",7aa39f54-da75-4cd6-b0d6-839674b50452,2841512873,Final_Activation,Randhawa Bus Service,Rapinder Singh,9416403592,Haryana,Sirsa,HR63C6180,kamal kumar,0,243,300,240,249,297,0,0,387,344,314,268,234,304,0,0,284,334,269,180,327,0,12,345,306,239,268,293,310,0,Active
"September 25, 2025",b541e001-6692-4a93-9b59-135060d73f61,2841008192,Final_Activation,Balouria Bus,Anuj Balouria,9816605403,Himachal Pradesh,Rait,HP68B2313,Mohan,104,227,177,203,132,169,191,182,208,171,237,120,203,207,238,233,203,218,173,150,207,166,190,159,215,139,183,183,181,191,Active
"September 25, 2025",690d9031-b7f8-4fa3-8571-8b6d005a6dae,2840964983,Final_Activation,Ramshyam Travels,Shivkumar Singh Kushwah,6265001016,Madhya Pradesh,Bhind,,Dummy Madhya Pradesh,0,0,0,0,0,0,0,0,0,0,0,0,0,0,0,0,0,0,0,0,0,0,0,0,0,0,0,0,0,0,Red
"September 25, 2025",150d9d7a-13a7-4844-a115-bca7370ec1d0,TJ75251820773,Final_Activation,Miglani Travels,Raman Kumar,9351200912,Rajasthan,Padampur,RJ13PA5200,Arshdeep Singh,30,79,180,160,81,137,55,0,105,99,124,0,99,120,100,0,102,166,116,85,110,152,30,0,84,117,50,104,64,190,Active
"September 25, 2025",7f3d13e6-2528-497f-88b2-cfb9d6ce5d04,TJ75251721228,Final_Activation,Chaudhary Travels,Harpreet Singh,9817485423,Himachal Pradesh,Paonta sahib,HP17C6750,Dummy HImachal Pradesh,0,0,0,0,0,0,0,0,0,0,0,0,0,0,0,0,0,0,0,0,0,0,0,0,0,0,0,0,0,0,Red
"September 24, 2025",22fb836a-ebd3-4799-9f00-7185355196ac,2842107030,Final_Activation,Birbal Bus Service,Birbal Singh,9781449422,Punjab,Bathinda,PB03AT2865,Dummy Punjab,0,0,0,0,0,119,117,115,99,271,373,377,310,281,338,285,363,289,214,229,263,314,269,234,223,178,380,275,426,352,Orange
"September 24, 2025",7ef0aa00-b06a-4d50-a565-785fe3e4a477,TJ75251520042,Final_Activation,Birbal Bus Service,Birbal Singh,9781449422,Punjab,Bathinda,PB03AY2665,Dummy Punjab,110,264,386,507,0,188,438,469,469,479,496,149,336,507,448,421,553,473,149,394,394,354,370,344,401,244,203,346,239,447,Active
"September 24, 2025",68fc806b-7747-4160-8758-ba6686b40a6e,2840964968,Final_Activation,Birbal Bus Service,Birbal Singh,9781449422,Punjab,Bathinda,PB03AW1883,Dummy Punjab,47,198,263,327,160,201,275,281,309,356,340,234,241,315,297,304,302,247,182,238,240,206,225,183,227,168,232,181,283,310,Active
"September 24, 2025",4a50ccf5-c655-4422-8c06-c0f0b556384b,2841534123,Final_Activation,Ram Kumar Travels,Ram Kumar Bishnoi,9799664921,Rajasthan,Bikaner,RJ07PB6719,Rakesh,53,88,81,174,0,149,169,119,153,137,85,63,123,159,160,87,170,127,127,137,67,146,119,143,109,64,83,117,187,133,Active
"September 24, 2025",10fcb052-acf8-4260-aed9-3b112827e3ce,TJ75251820354,Final_Activation,Choudhary Travels,Rakesh Kumar,8219672011,Himachal Pradesh,Paonta Sahib Sirmaur,HP17C2344,Sandeep Kumar,36,196,187,246,73,192,0,109,185,79,259,190,228,266,275,105,115,35,0,0,0,0,0,0,0,0,0,24,118,88,Active
"September 24, 2025",7b0a966e-fc20-478c-8210-b6179e39dbb9,TJ75251621155,Final_Activation,Birbal Bus Service,Birbal Singh,9781449422,Punjab,Bathinda,PB03AP2865,Dummy Punjab,0,127,221,156,59,130,233,134,136,148,140,107,114,251,268,0,0,0,126,138,121,140,142,104,118,104,67,81,177,169,Active
"September 24, 2025",5e2691f0-9602-4c5c-b0c8-0f486aab752f,2841894540,Final_Activation,Parmod Bus Service,Parmod Kumar,9694245030,Rajasthan,Hanumangarh,RJ13PA9703,Pawan Kumar,140,249,291,334,188,239,320,313,177,302,315,269,313,284,376,337,329,305,211,328,322,346,320,269,58,136,275,312,342,366,Active
"September 23, 2025",2fad9e26-19d0-4210-ab16-08d8fa3bda3a,TJ75251622045,Final_Activation,Vijat Bus,Satpal Sharma,9816754356,Himachal Pradesh,Paonta sahib,HP715968,Arun pundir,0,0,166,0,0,0,37,63,176,171,227,131,197,181,188,158,201,0,129,200,195,91,140,135,171,0,133,172,168,181,Active
"September 23, 2025",544ee5ba-e930-4ad4-82c5-31dd1d9083e7,2841006165,Final_Activation,Paris Bus Service,Vinod,9541310029,Haryana,Hisar,RJ10PA7925,amitkumar,82,156,164,173,0,156,174,173,161,155,159,135,155,172,165,167,146,185,182,169,179,151,161,165,177,148,153,171,168,152,Active
"September 23, 2025",f392cbc7-9730-4f8d-871a-1d0f0d619051,2841899282,Final_Activation,Manoj Kumar,Manoj Kumar,9950754242,Rajasthan,Barmer,RJ04PA3990,Chuna Ram,50,157,179,160,157,179,145,142,88,86,151,78,143,0,0,61,35,110,98,176,79,72,0,39,0,0,0,25,95,169,Active
"September 23, 2025",70bade3d-f1bf-4639-ae4e-777978865ec6,TJ75251821055,Final_Activation,Paris Bus Service,Vinod,9541310029,Haryana,Hisar,RJ10PA5675,amitkumar,0,62,81,229,107,93,149,139,141,140,136,0,148,233,144,120,141,155,144,143,82,121,163,322,229,122,133,142,180,152,Active
"September 23, 2025",6ec28292-2bae-44e9-a4bf-ead2437a9364,TJ75252G21481,Final_Activation,Satish Gupta,Satish Gupta,8696108098,Rajasthan,Jorali Alwar,RJ02PA8645,Dummy Rajasthan,0,118,177,0,0,85,103,39,90,178,136,0,110,135,63,179,139,217,287,83,167,17,182,213,163,69,0,98,68,124,Active
"September 22, 2025",2fd5318e-6baa-4fc5-8cbc-3cae0b5229fe,2841509978,Final_Activation,Rattan Singh & Sons,Hardial Singh,9888360719,Punjab,Gurdaspur,PB06Q8024,Sumit Sharma,0,27,141,217,239,203,190,150,120,282,258,146,243,214,151,256,209,153,206,260,198,33,283,86,235,165,87,219,218,100,Active
"September 22, 2025",00799dfa-fc9c-4ada-9406-796ad75069c2,2841517841,Final_Activation,Rattan Singh & Sons,Hardial Singh,9888360719,Punjab,Gurdaspur,PB06G9625,Sumit Sharma,94,211,207,224,76,96,225,190,163,197,182,107,151,204,181,180,190,217,83,181,202,84,121,101,213,161,182,195,213,223,Active
"September 22, 2025",93cb0f13-e702-446a-92b9-9726fac09278,TJ7524BJ20716,Final_Activation,Raghukul Holidays,Anita Kumari,9129005500,Himachal Pradesh,Shahpur,HP90A8280,Mohan,0,0,0,0,0,0,0,0,0,0,0,0,0,0,0,0,0,0,0,0,0,0,0,0,0,0,0,0,0,0,Red
"September 22, 2025",13f8f7e8-41d5-4688-bbdb-280061cc6a31,TJ75253120074,Final_Activation,Pinku Travels,Ishwar Singh,8219459802,Himachal Pradesh,Solan,HP64A4888,Dummy HImachal Pradesh,0,0,151,241,307,277,341,305,284,220,310,230,269,321,249,316,212,299,258,211,337,217,44,289,375,265,336,338,301,298,Active
"September 22, 2025",a8e4b102-0c51-4f13-9c6c-d930c6499eb5,TJ75251821257,Final_Activation,Akhil  Travels,Abhinay Chauhan,6230054099,Himachal Pradesh,Shimla,HP10B5614,Dummy HImachal Pradesh,0,0,0,0,0,0,0,0,0,0,0,0,0,0,0,113,149,166,0,0,0,0,0,0,95,0,164,152,33,159,Red
"September 22, 2025",e19afc73-5ad7-41f5-bd98-14df8af1016a,2841287101,Final_Activation,Patial Bus Service,Suresh Patial,9218600975,Himachal Pradesh,ghumarwin,HP696599,Dummy HImachal Pradesh,36,30,39,64,10,17,33,34,43,44,68,15,33,35,36,34,69,101,0,29,39,0,2,65,35,0,36,37,40,68,Active
"September 22, 2025",c962bbf4-fe59-4ec9-bb4b-9ce790c65943,TJ75252U20392,Final_Activation,Lali Devi,Lali Devi,9928048559,Rajasthan,Dausa,RJ14PF0058,Dummy Rajasthan,0,133,164,183,151,152,180,136,157,176,185,161,188,157,178,169,183,190,158,174,190,161,171,200,101,150,171,188,189,151,Active
"September 21, 2025",6283e04b-9424-405b-9bb0-d1ce5bebcb0c,TJ75248K20009,Final_Activation,Himalaya Bus Service,Birender Singh,9816061722,Himachal Pradesh,Mandi,HP28B2299,Ajay Sharma,0,0,0,0,0,0,0,0,0,0,0,0,0,0,0,0,0,0,0,0,0,0,0,0,0,0,0,0,0,0,Red
"September 20, 2025",6dfaccb9-786b-40cf-8b1b-ea0d5d17e3ed,2841512868,Final_Activation,Fatehgarh Transport Bus,Balwinder Singh,9855611677,Punjab,Patiala,PB11BU9577,Deepak,0,268,163,211,274,134,346,172,315,159,311,114,182,294,162,299,167,294,154,259,161,248,26,138,321,28,321,167,362,178,Active
"September 20, 2025",900b2317-5c0c-48ce-9653-62ad5d1a3074,TJ75252U20943,Final_Activation,Baba Budha Transport,Mandeep Singh,9888780927,Punjab,Gurdaspur,PB02CC4957,Sumit Sharma,69,278,264,237,261,190,228,226,240,220,211,223,252,229,193,243,227,207,285,246,256,200,243,212,237,239,222,311,199,257,Active
"September 20, 2025",1702f1f5-c528-4293-b687-7f44e7ca25f8,2841517826,Final_Activation,D.B.N MOTORS Amritsar,Gurdeep Singh,7986914878,Punjab,Gurdaspur,PB02CC9797,Sumit Sharma,0,0,109,261,146,190,224,238,321,129,335,268,265,322,256,254,285,309,170,127,258,116,125,171,270,185,274,0,234,253,Active
"September 20, 2025",4648428e-635b-42c5-80af-db99e8ab2e67,2841517833,Final_Activation,D.B.N MOTORS Amritsar,Gurdeep Singh,7986914878,Punjab,Gurdaspur,PB02CR5439,Sumit Sharma,0,226,188,198,202,218,210,223,229,227,222,0,0,0,0,0,0,0,0,0,0,0,0,0,0,0,13,215,221,8,Active
"September 20, 2025",4713b102-1686-4125-a37d-6447e80afd73,2841153772,Final_Activation,P B S,Major Singh,9872686443,Punjab,Tarn Taran,T0825PB5655E,Gagandeep Singh,63,246,222,246,32,0,0,152,283,171,208,200,238,241,213,172,194,207,246,233,176,148,160,0,0,0,53,28,51,215,Active
"September 20, 2025",cbfa702a-09fa-4fb5-9276-4c4caef9658f,2841497887,Final_Activation,P B S,Gurpreet Singh,9915674732,Punjab,Gurdaspur,T0825PB5654E,Gagandeep Singh,78,142,149,171,129,163,107,107,148,121,90,223,88,167,137,153,177,170,218,248,122,72,67,130,153,61,109,117,131,59,Active
"September 20, 2025",0743d14f-aaa4-471e-9d57-74b8a5c1293b,TJ7524BK22099,Final_Activation,Brar Bus Service,Manveer Singh Brar,9646596225,Rajasthan,Sri Ganganagar,RJ13PA8501,Arshdeep Singh,0,0,0,0,0,0,0,0,0,0,0,0,0,0,0,0,0,0,0,0,0,0,0,0,0,0,0,0,0,0,Red
"September 20, 2025",ecec41b9-dcc8-4990-a764-56696e712f62,2841509981,Final_Activation,D.B.N MOTORS Amritsar,Gurdeep Singh,7986914878,Punjab,Gurdaspur,PB02CC7482,Sumit Sharma,0,0,0,0,0,0,0,216,27,171,18,211,234,269,70,157,226,237,173,0,153,123,140,97,141,155,139,211,195,199,Orange
"September 20, 2025",d2ed8a61-8683-482d-a65b-b9efb9314a84,2841512866,Final_Activation,Fatehgarh Transport Bus,Balwinder Singh,9855611677,Punjab,Patiala,PB30N8078,Deepak,4,158,321,184,261,0,198,145,148,169,0,133,164,198,234,169,224,199,9,299,144,194,331,231,412,220,304,293,396,220,Active
"September 19, 2025",05d8ac37-411e-4a7c-9503-d3cdf5e9e10c,2841003330,Final_Activation,Saraswati Travels,Sangeeta Singh,9620945754,Jharkhand,jamshedpur,JH05DV4984,Prashant Sagar,22,0,20,0,54,0,35,0,56,0,47,0,59,0,59,0,64,0,56,0,45,13,51,0,65,0,34,0,40,0,Active
"September 19, 2025",09da7929-d35a-4e72-8a6c-34087adb88d8,2842105752,Final_Activation,Saraswati Travels,Sangeeta Singh,9620945754,Jharkhand,jamshedpur,JH05DU3811,Prashant Sagar,0,0,0,0,0,13,0,20,0,25,0,12,0,23,0,13,0,20,0,19,0,0,0,0,0,0,0,18,0,18,Orange
"September 19, 2025",a892f97c-fb79-4a6d-afcc-9cdd9ce7284b,TJ75248H20700,Final_Activation,Priyanka Bus,Rajendra Meena,8085569610,Madhya Pradesh,Guna,MP10P2999,Dummy Madhya Pradesh,0,0,0,0,0,0,0,0,0,0,0,0,0,0,0,0,0,0,0,0,0,0,0,0,0,0,0,0,0,0,Red
"September 19, 2025",ebed7f4c-95b8-4a40-bb9e-12937858af3e,TJ75251821386,Final_Activation,Priyanka Bus,Rajendra Meena,8085569610,Madhya Pradesh,Guna,MP08P0436,Dummy Madhya Pradesh,0,0,0,0,0,0,0,0,18,103,114,67,108,68,87,83,108,78,77,119,101,76,82,91,97,97,94,115,103,116,Orange
"September 18, 2025",89c395db-e0d1-439e-960d-c3c95bf2cabf,TJ75251620201,Final_Activation,Varma Travels,Krisna Varma,9698008700,Madhya Pradesh,Sehore,MP37ZB1919,Nitul Patel,0,113,129,100,120,113,118,119,120,104,124,107,110,112,116,134,115,119,120,122,134,110,112,119,154,127,109,125,122,135,Active
"September 18, 2025",eb4e589d-44f1-412d-9990-45ca9d8e3085,2841891158,Final_Activation,Mandyal Bus Service,Jagdev Singh,9882720040,Himachal Pradesh,Amb,HP726727,Harish Verma,60,134,263,285,82,173,232,306,258,281,230,0,203,207,222,208,177,333,134,222,138,164,162,175,199,20,214,181,13,245,Active
"September 18, 2025",83684033-8f96-4ba8-af00-6c99df42544c,TJ75248H20732,Final_Activation,The Paramhans Travels,Prince Kaushik,8960000870,Haryana,Rohtak,HR46F9797,Amit Kumar,26,156,165,0,17,202,214,165,204,215,232,234,206,217,213,226,138,155,19,149,29,87,154,17,198,159,104,122,150,195,Active
"September 18, 2025",923db716-5cef-40e3-93dc-e2be8008344a,TJ7524BE21639,Final_Activation,Ratan Express,Krishna Kumar,9918198439,Uttar Pradesh,Gonda,UP43AT1972,Dummy Uttar Pradesh,29,20,23,20,0,0,0,0,0,0,0,0,0,0,0,0,0,0,0,0,0,0,0,0,0,20,0,0,0,0,Active
"September 18, 2025",9d48b6b0-571a-4ae9-abcd-ce31fee5147d,TJ75248D21095,Final_Activation,Kartars Bus Service,Tajinder Singh,9463709691,Punjab,Dasuya,PB07CF9691,Dummy Punjab,105,274,272,299,168,250,152,158,0,154,0,0,0,0,48,278,291,257,279,318,275,288,331,249,368,195,319,296,300,328,Active
"September 18, 2025",464150b1-c942-4234-ba1f-0c92ed587c46,2841286839,Final_Activation,PYAR BUS,SATNAM SINGH,9872458926,Punjab,AMRITSAR,PB02BV8197,Gagandeep Singh,0,253,226,313,243,311,88,193,199,281,118,122,148,180,190,243,158,142,190,201,147,134,201,236,219,161,207,194,175,7,Active
"September 18, 2025",46f923aa-87f7-437b-acb0-ce253a3d78af,TJ7524BD20079,Final_Activation,Ratan Express,Krishna Kumar,9918198439,Uttar Pradesh,Gonda,UP43BT9952,Dummy Uttar Pradesh,48,62,49,0,53,73,69,70,69,71,0,65,67,67,64,82,78,87,53,69,63,48,71,0,86,40,67,67,81,25,Active
"September 18, 2025",b65d9088-4786-4fef-a071-4855e12f45ca,TJ75251920148,Final_Activation,Rajesh Travels,Rajesh Kumar,7015169830,Haryana,Ambala,HR58B7322,Yudhveer Singh,198,426,706,567,305,383,586,560,413,384,660,531,375,642,748,733,519,636,356,479,417,503,543,580,351,361,573,527,658,754,Active
"September 18, 2025",7ca3010e-d103-4e1d-812e-6a8aa6ffabaa,TJ75248K20668,Final_Activation,Kartars Bus Service,Tajinder Singh,9463709691,Punjab,Dasuya,PB07AB1146,Dummy Punjab,85,182,239,178,0,193,235,249,229,171,233,121,176,194,210,196,225,179,103,163,244,203,224,207,330,191,145,196,204,174,Active
"September 17, 2025",dc6e190c-a10e-4452-99ac-a228326bd5ef,TJ75248320757,Final_Activation,Sheetal Bus Service,Tara Chand,8894302460,Himachal Pradesh,Mandi,HP65A2460,Dummy HImachal Pradesh,0,0,0,0,0,0,0,0,0,0,0,0,0,0,0,0,0,0,0,0,0,0,0,0,0,0,0,0,0,0,Red
"September 17, 2025",c20bdeb6-1570-4df4-a193-3f8625c0ea80,TJ75247X20519,Final_Activation,Ratan Express,Krishna Kumar,9918198439,Uttar Pradesh,Gonda,UP43AT3597,Dummy Uttar Pradesh,27,79,75,88,65,83,90,56,79,61,83,44,50,59,67,70,62,62,55,71,52,47,48,77,53,39,43,43,48,69,Active
"September 17, 2025",3d050451-eddc-4b2d-847b-b5f1d531e7e2,2841891154,Final_Activation,Mandyal Bus Service,Sukhvinder Singh,9816863872,Himachal Pradesh,Meddi,HP72D6579,Harish Verma,122,212,269,301,92,1,0,267,303,301,307,123,221,243,236,247,262,166,217,0,0,0,231,195,288,49,299,263,306,203,Active
"September 17, 2025",ff3f22d0-92bc-460d-b772-af01aff3839d,TJ75251520222,Final_Activation,Rajesh Travels,Rajesh Kumar,7015169830,Haryana,Ambala,HR650001,Yudhveer Singh,253,439,703,645,457,400,634,601,430,396,583,430,476,668,0,0,0,0,0,169,437,426,573,576,669,333,572,543,657,414,Active
"September 16, 2025",84f66aeb-ec43-4d69-94f3-aa1524ad23a5,TJ7524B521274,Final_Activation,Robin Bus,Sarbrinderjeet Singh Sandhu,7650000047,Punjab,Amritsar,PB02CC6696,Dummy Punjab,83,210,216,203,173,152,182,191,201,186,194,186,217,222,161,212,142,145,65,0,0,66,161,159,208,173,166,194,236,224,Active
"September 16, 2025",f3856c38-5e05-4fb5-85dc-bc94f469032d,TJ75251620686,Final_Activation,Fatehgarh Transport Bus,Balwinder Singh,9855611677,Punjab,Patiala,PB03BJ3331,Deepak,98,221,282,299,202,244,327,251,329,230,354,232,217,292,208,238,336,296,273,230,332,295,161,242,175,136,0,0,0,0,Active
"September 16, 2025",73ae8fa0-e608-4907-a70e-f7c5322765ef,TJ75251622255,Final_Activation,Bala Ji Bus Service,Sanjeev Kumar Gadi,9416077999,Haryana,Sirsa,HR57A0555,Raman,83,298,219,93,0,0,184,158,132,176,157,0,238,322,328,334,376,323,165,223,262,243,243,252,302,216,225,325,251,279,Active
"September 16, 2025",669e043b-e910-4de5-b692-ba4aee217721,2840816762,Final_Activation,Bala Ji Bus Service,Sanjeev Kumar Gadi,9416077999,Haryana,Sirsa,HR57A8535,Raman,82,238,176,331,131,122,266,238,159,259,256,267,255,326,289,282,302,298,189,154,128,215,225,214,258,0,128,232,243,141,Active
"September 16, 2025",d621af0d-084a-4135-9cad-0f6ab97933ce,TJ7524B521127,Final_Activation,NEW BLUE STAR,BARKAT ALI,9838389394,Uttar Pradesh,Lucknow,UP32SN8895,Dummy Uttar Pradesh,0,0,0,0,0,0,0,0,0,0,0,0,0,0,0,0,0,0,0,0,0,0,0,0,0,0,0,0,0,0,Red
"September 16, 2025",6c85d1cb-d6a2-4e76-b951-d1d23f2606b7,TJ75248C21416,Final_Activation,Kalgidhar Trasport,Harwinder Singh,9815337140,Punjab,Phagwara,PB29R2766,Rajiv Kumar,0,0,0,0,0,0,0,0,0,0,0,0,0,0,0,0,0,0,0,0,0,0,0,0,0,0,0,0,0,0,Red
"September 16, 2025",4e838847-5be0-4183-baa4-2a1797868e51,TJ7524BE21235,Final_Activation,Dutta Travels,Mannat Dutta,7404779127,Haryana,Ambala,HR37E6380,Yudhveer Singh,0,0,0,0,0,0,0,0,0,0,0,0,0,0,0,0,0,0,0,0,0,0,0,0,0,0,0,0,0,0,Red
"September 16, 2025",d12308ce-2449-4012-9374-b683c1ebfd3d,TJ75252T20295,Final_Activation,M/S Chirag Travels,Pradeep,9414122974,Rajasthan,Pali,RJ07PB6012,Dummy Rajasthan,49,133,107,137,94,117,115,188,159,144,120,111,139,154,84,0,0,0,0,0,0,0,0,0,14,0,0,0,0,0,Active
"September 16, 2025",07325d81-1cb7-4f35-8df0-9293593cb0b8,TJ75252Q20736,Final_Activation,Bal Majitha Transport,Manpreet Singh,9464119107,Punjab,majitha,PB30F9441,Nitin Kumar Yadav,118,202,239,314,185,259,247,255,212,183,267,201,0,240,198,244,281,245,194,217,247,217,208,188,217,210,208,193,263,186,Active
"September 16, 2025",594d8663-7751-4e19-b5bd-5bbc1acca737,TJ75253M21485,Final_Activation,Fatehgarh Transport Bus,Balwinder Singh,9855611677,Punjab,Patiala,PB03BJ1853,Deepak,91,275,270,352,189,250,107,300,200,296,188,270,221,189,317,165,372,187,93,0,0,0,0,0,0,0,121,316,293,306,Active
"September 16, 2025",ace1a9a6-fd1d-4c45-bc7b-13b1ca47621c,TJ75248M20239,Final_Activation,Shree IR Dada,Anna Ram,9001934672,Rajasthan,Barmer,RJ39PA2581,Chuna Ram,0,1,0,0,0,0,0,0,0,0,0,0,0,0,0,0,0,0,0,0,9,5,12,12,13,16,0,22,14,8,Active
"September 16, 2025",28327b21-8cbc-4de3-bfde-631b27a0f5f3,TJ75248A20825,Final_Activation,NEW BLUE STAR,BARKAT ALI,9838389394,Uttar Pradesh,Lucknow,UP32YN8895,Dummy Uttar Pradesh,0,0,0,0,0,0,0,0,0,0,0,0,0,0,0,0,0,0,0,0,0,0,0,0,0,0,0,0,0,0,Red
"September 16, 2025",c7f5b56f-74fb-4d68-8c61-7c160ff21649,TJ75253K21154,Final_Activation,Bal Majitha Transport,Manpreet Singh,9464119107,Punjab,majitha,PB02BV9857,Nitin Kumar Yadav,130,314,339,417,285,225,307,279,299,280,296,217,42,298,267,301,266,316,277,274,313,277,309,392,334,279,335,322,332,278,Active
"September 15, 2025",295a6f58-ece1-411e-a6b6-1903aed4bf37,TJ75251820420,Final_Activation,Neelgagan Bus Service,Ashok Kumar,9816507922,Himachal Pradesh,Naina Devi,HP695603,Dummy HImachal Pradesh,12,59,38,30,91,53,35,34,28,78,41,57,34,28,32,53,26,18,43,23,0,23,0,0,0,33,17,26,29,30,Active
"September 15, 2025",940f90bf-4798-4f1a-be74-fda1f066eced,TJ7524BC22331,Final_Activation,Kartars Bus Service,Tajinder Singh,9463709691,Punjab,Dasuya,PB07X5991,Dummy Punjab,80,170,106,0,0,89,112,151,175,124,182,103,139,133,130,130,197,197,93,161,42,101,120,129,223,64,45,93,123,88,Active
"September 15, 2025",a67afc12-fc16-4570-9eaa-d218f96994d5,2841008618,Final_Activation,Robin Bus,Sarbrinderjeet Singh Sandhu,7650000047,Punjab,Amritsar,PB02CR9850,Dummy Punjab,0,0,0,0,0,0,0,0,0,0,0,0,0,0,0,0,0,0,0,0,0,0,0,0,0,0,0,0,0,0,Red
"September 15, 2025",8197aa78-ca98-4ab3-a245-52d148c1ff8b,TJ75248C21409,Final_Activation,चाचान ट्रेवल्स,Pawan Kumar,9509830240,Rajasthan,Hanumangarh,RJ09PA5043,Pawan Kumar,0,0,0,0,0,0,0,0,0,0,0,0,0,0,0,0,0,0,0,0,0,0,0,0,0,0,0,0,0,0,Red
"September 15, 2025",1cbc0709-6667-4ba6-9998-bd599eeadeab,TJ7524BC21454,Final_Activation,Anuj,Banita Kumari,6230002450,Himachal Pradesh,Hamirpur,HP67A8699,Rahul Kumar Uppal,0,0,0,0,0,0,0,0,0,0,0,0,0,0,0,0,0,0,0,0,0,0,0,0,0,0,0,0,0,0,Red
"September 15, 2025",5cba381f-ab08-495e-a52b-f2e515f70b7c,TJ75253M22707,Final_Activation,चाचान ट्रेवल्स,Pawan Kumar,9509830240,Rajasthan,Hanumangarh,RJ18PB2887,Pawan Kumar,92,110,260,255,0,0,0,0,0,0,0,0,0,0,0,0,0,0,0,0,0,0,0,0,0,0,0,0,0,0,Active
"September 15, 2025",368141a5-7cd3-48e6-bf08-29303f46730f,2841895494,Final_Activation,Sharam Travles,Lalit Sharma,8890000650,Rajasthan,Bikaner,RJ07PB6810,Rakesh,0,0,0,0,0,0,0,0,0,0,0,0,0,0,0,0,0,0,0,0,0,0,0,0,0,0,0,0,0,57,Red
"September 15, 2025",a1b11e46-a730-43c3-9ee8-dcd40cf55ad1,TJ75252G20720,Final_Activation,Sharam Travles,Lalit Sharma,8890000650,Rajasthan,Bikaner,RJ13PA8065,Rakesh,0,0,0,0,0,0,0,0,0,0,0,0,0,0,0,0,0,0,0,0,0,0,0,0,0,0,0,0,0,0,Red
"September 14, 2025",55cd38ef-f8ac-447d-b3a3-8e9cda17de62,2841517834,Final_Activation,PATIALA BUS HIGHWAY SERVICE,BALWINDER SINGH,9501902847,Punjab,MALERKOTLA,PB11DK9725,Gagandeep Singh,0,0,0,0,0,0,0,0,0,0,0,0,0,0,0,0,0,0,0,0,0,0,0,0,28,50,0,240,220,228,Red
"September 13, 2025",4827cefa-69df-4791-8370-99074a936a51,2841286846,Final_Activation,Mandyal Bus Service,Pushvinder Mandyal,8988200059,Himachal Pradesh,Una,HP67A4585,Harish Verma,0,0,0,0,58,115,223,128,222,127,140,0,114,144,127,191,124,223,189,145,123,151,124,0,134,0,104,143,113,135,Yellow
"September 13, 2025",7cd032c1-dc34-48b3-b786-6e70f6f470c9,TJ75252K20800,Final_Activation,Patiala Express,Ranjodh Singh,9206800087,Punjab,Sirhind,PB11BY9825,Gagandeep Singh,45,273,273,290,235,239,276,274,249,259,314,250,235,283,257,275,267,293,242,249,180,117,245,204,271,215,223,250,270,256,Active
"September 13, 2025",d824bd77-213a-4e82-ae25-1ce0c8fb9282,TJ7524BC21845,Final_Activation,BISHNOI TRAVELS,Manish Kumar,9001505418,Rajasthan,Ganganagar,RJ31PB1941,Dummy Rajasthan,0,0,0,0,0,0,0,0,0,0,0,0,0,0,0,0,0,0,0,0,0,0,0,0,0,0,0,0,0,0,Red
"September 13, 2025",48efaaac-a0bb-457f-9d79-8152121f92cb,2841886156,Final_Activation,Mandyal Bus Service,Pushvinder Mandyal,8988200059,Himachal Pradesh,Una,HP727459,Harish Verma,84,149,139,161,0,146,58,154,0,136,130,0,149,120,166,82,144,186,117,89,140,37,117,152,131,57,161,110,151,98,Active
"September 12, 2025",819fb5ae-0ee6-43f9-90a2-5516fc7dedb8,TJ75252G20163,Final_Activation,Ishrwal Bus,Rajesh Kumar,8950486900,Haryana,Bhiwani,HR39E3016,Amit Kumar,78,361,137,0,0,387,193,117,254,200,283,0,91,273,194,232,296,288,0,0,0,0,231,137,127,188,200,256,246,339,Active
"September 12, 2025",4b499d77-8e12-4476-b817-b8f649c9794e,2841161582,Final_Activation,PATIALA HIGHWAY,PUPINDER SINGH,8284090751,Punjab,Fatehgarh Sahib,PB11CB1781,Dummy Punjab,0,0,0,0,0,0,0,0,0,0,0,0,0,0,0,0,0,0,0,0,0,0,0,0,0,0,0,0,0,0,Red
"September 12, 2025",0e1dec96-2f8b-4415-978b-cb58a5f92290,TJ75253N20897,Final_Activation,M/S The Dilkhush CO. OP. TPT,Vinod Kumar,9991616092,Haryana,Jathlana,HR58B1692,Dummy Haryana,0,0,0,0,259,0,550,504,418,0,548,0,353,391,363,358,509,478,346,530,0,400,551,452,0,337,367,314,0,0,Yellow
"September 12, 2025",644331c7-f03d-4acd-ab9f-fbf1523ca38d,2841511453,Final_Activation,Dhuri Travels,Gurwinder Singh,6280916604,Punjab,Dhuri,PB13BF3278,Gagandeep Singh,0,0,0,0,0,0,0,0,0,0,0,0,0,0,0,0,0,0,0,0,0,0,0,0,0,0,0,0,0,0,Red
"September 11, 2025",5c144c38-d8d2-412b-9df9-74fafaac7c66,2841008206,Final_Activation,Robin Bus,Sarbrinderjeet Singh Sandhu,7650000047,Punjab,Amritsar,PB02CR9849,Dummy Punjab,109,210,177,260,224,217,228,215,250,86,0,0,0,0,0,0,0,0,0,81,377,303,289,242,359,255,284,334,348,388,Active
"September 11, 2025",16b84700-106a-489b-91da-2410ff45874e,TJ75253N20644,Final_Activation,Aaryan Bus Service,Narayan Dass,9816401112,Himachal Pradesh,Mandi,HP67A5685,Ajay Sharma,0,157,188,222,180,167,220,37,222,259,251,169,195,212,197,211,229,234,187,0,263,140,42,224,246,188,227,198,239,219,Active
"September 11, 2025",1195eea0-b05f-4d10-970c-a4802d98534d,2842133022,Final_Activation,Patiala Highway Bus Express,Bhartinder,9041835863,Punjab,Patiala,PB11DL2125,Rajesh Kumar,0,161,156,157,149,161,143,171,236,188,243,226,199,173,216,124,0,0,0,0,0,0,6,0,0,0,0,0,0,0,Active
"September 11, 2025",84a20319-0045-495f-bc5a-f06bd345b3b2,TJ75248L20282,Final_Activation,HUSAN DEEP SINGH,HUSAN DEEP SINGH,7837259995,Rajasthan,Sri Ganganagar,RJ13PB5758,Arshdeep Singh,114,304,313,280,230,262,322,300,306,335,323,223,315,277,321,294,306,302,232,313,291,258,313,293,359,242,301,221,335,249,Active
"September 10, 2025",efd6cd2b-de6e-42e8-8092-adae62f7a580,TJ75251A20180,Final_Activation,Kela Devi Express,BabuLal gurjer,9783979899,Rajasthan,Kherli,RJ13PA5873,Dummy Rajasthan,0,107,130,116,197,31,119,111,109,111,139,118,0,130,0,0,0,0,0,0,0,0,0,0,0,0,0,0,0,41,Active
"September 10, 2025",d5544b0c-b8c6-4fc8-9b20-18f845a27575,TJ75253120101,Final_Activation,Thurwal Travels,Ravi Shankar Meena,9660271611,Rajasthan,Lalsot,RJ14PE2738,Dummy Rajasthan,0,0,0,0,0,0,0,0,0,0,0,0,0,0,0,0,0,0,0,0,0,0,0,0,0,0,0,0,0,0,Red
"September 10, 2025",5a7a0a8a-d701-49e9-a483-c34fd68aee8d,TJ75251820544,Final_Activation,Priyanka Bus,Narendra Meena,7509501416,Madhya Pradesh,Guna,MP04PA2215,Dummy Madhya Pradesh,0,107,140,107,86,119,88,95,93,105,96,97,90,105,101,92,99,114,0,0,0,136,146,135,141,95,63,0,0,123,Active
"September 9, 2025",0bc5a39f-e99a-4b0c-b6d5-5b41ebfa72e9,TJ75251821418,Final_Activation,Uppal Gulmare Travels,Amritpal Singh,9876282297,Punjab,Gurdaspur,PB06E2876,Sumit Sharma,76,221,275,262,198,258,274,251,269,232,264,240,220,252,219,251,262,301,214,218,244,238,260,236,254,230,282,222,244,293,Active
"September 9, 2025",4d70a620-69db-475d-b8c2-ceed4091c382,TJ75253M20723,Final_Activation,N T,Kanwarpal Singh,9914966134,Punjab,Muktsar,PB30AB9937,Rajiv Kumar,0,359,312,325,268,244,232,293,357,313,312,259,275,325,356,328,326,316,276,279,310,316,313,264,354,249,272,340,358,349,Active
"September 9, 2025",8d325e6c-ac19-45ce-b8c9-e9e62ed47bd7,TJ75248H20402,Final_Activation,Choudhary Travels,Anirudh,9079221337,Rajasthan,Ganganagar,RJ13PB2900,Rakesh,0,45,42,54,36,17,84,39,55,37,63,40,19,40,73,31,25,49,27,34,45,49,48,32,55,34,43,2,48,25,Active
"September 9, 2025",7020b50d-2786-4934-9e56-ffa6e0e53300,TJ7524BF20590,Final_Activation,N T,Kanwarpal Singh,9914966134,Punjab,Muktsar,PB30N9937,Rajiv Kumar,0,182,135,167,124,152,126,201,126,169,142,172,140,188,95,196,129,189,123,173,142,176,138,157,164,150,148,154,197,202,Active
"September 9, 2025",64798c35-9e44-4334-a958-7fbad752f748,TJ7524B420247,Final_Activation,Mahadev Travels,Pravesh Tomar,9805870754,Himachal Pradesh,Paonta sahib,HP71A5454,Arun pundir,0,0,0,0,0,94,0,113,93,96,107,0,62,107,110,106,105,123,0,73,100,0,88,116,118,0,90,98,105,116,Orange
"September 9, 2025",c0597014-3930-4af4-8373-c3b625343d55,2841738738,Final_Activation,Amanpreet Singh Travels,Amanpreet Singh,9872016336,Punjab,Batala,PB65G0265,Dummy Punjab,134,173,207,266,28,0,0,140,230,176,186,191,139,258,89,220,170,267,183,191,281,217,216,177,267,179,195,220,214,214,Active
"September 9, 2025",5bbd35d4-b4de-4aa3-bc72-7d19ff4f87f6,TJ75248B21895,Final_Activation,Rajasthan Lok Privahan,Hajari Lal Meena,9414164941,Rajasthan,Dausa,RJ13PB5763,Dummy Rajasthan,0,0,0,0,0,0,0,0,0,0,0,0,0,0,0,0,0,0,0,0,0,0,0,0,0,0,0,0,0,0,Red
"September 9, 2025",3120ed98-874e-4e5e-91d9-1e6e4274eed3,2841898729,Final_Activation,Madan Mohan,Madan Mohan,9785852561,Rajasthan,Dausa,RJ14PG1781,Dummy Rajasthan,0,0,0,0,0,0,1,0,0,0,0,0,0,0,78,31,28,13,5,70,1,1,0,0,0,36,102,79,83,68,Orange
"September 8, 2025",8b2108a8-0e2f-4327-9701-4e60cdb2b086,2842132826,Final_Activation,Vikas Bus Service,Som Dutt Sharma,9625567633,Himachal Pradesh,Talai,HP695523,Harish Verma,55,109,126,0,0,77,43,0,0,0,0,0,0,0,0,0,0,6,0,0,0,0,0,0,0,0,0,0,0,0,Active
"September 8, 2025",b1bdad0b-4898-41ed-94d8-3a6b14db1dec,TJ75253M22261,Final_Activation,Paris Bus Service,Vinod,9541310029,Haryana,Hisar,RJ10PA6097,amitkumar,0,230,234,245,210,249,228,130,330,250,232,100,250,267,261,255,258,288,254,230,362,210,211,86,344,178,225,216,229,205,Active
"September 8, 2025",d6e54c8c-a043-4581-8edf-951736330e99,2841285776,Final_Activation,Chunu Travels,Surender Singh,9805211256,Himachal Pradesh,sirmour,HP17C7015,Arun pundir,0,113,126,184,15,129,149,157,112,141,192,64,123,114,122,116,121,0,151,107,117,89,104,126,157,109,125,128,116,143,Active
"September 8, 2025",905ba37a-e810-4705-9dc8-926ecbfad8a8,2841001721,Final_Activation,Hardip Bus,Hardip Singh,8968482047,Punjab,Turn Taran,PB02DQ2875,Dummy Punjab,0,226,230,204,231,159,212,238,225,203,249,242,234,200,203,217,234,198,213,226,197,214,192,82,250,204,249,232,269,233,Active
"September 8, 2025",b1fdd848-8a71-4f2b-8f73-5c9dc7b5d26b,2842105750,Final_Activation,Mad Monk Bus Service,Joginder Pal,8219500788,Himachal Pradesh,Bagla,HP65A1547,Dummy HImachal Pradesh,0,0,0,0,0,0,0,0,0,4,0,0,0,0,0,4,0,0,0,0,0,0,0,0,0,1,0,3,0,0,Orange
"September 8, 2025",9841124d-11fa-48ef-b3fc-df290b82c0f3,TJ75253M21922,Final_Activation,Vikas Bus Service,Som Dutt Sharma,9625567633,Himachal Pradesh,Talai,HP21C5523,Harish Verma,31,75,138,74,88,98,86,35,63,128,50,85,100,82,51,72,79,104,0,53,101,74,27,139,47,0,29,92,36,57,Active
"September 8, 2025",ffcb22c1-992b-4f97-817e-fc1c457a5749,2841286644,Final_Activation,Chunu Travels,Surender Singh,9805211256,Himachal Pradesh,sirmour,HP17C7016,Arun pundir,0,161,102,236,67,91,175,146,164,148,214,63,168,188,134,173,149,202,12,149,133,88,136,34,205,90,125,126,127,140,Active
"September 7, 2025",0cf54078-290b-40a4-b34e-2ddab8e095ed,TJ75253N20288,Final_Activation,Shitla Bus Service,Mohan Singh,9625323000,Himachal Pradesh,Sundernager,HP31D4345,Ajay Sharma,0,83,149,138,23,134,133,108,112,81,92,0,56,97,80,106,91,113,68,110,156,74,104,124,181,108,124,118,112,83,Active
"September 7, 2025",4501d05c-54b8-41cd-a459-54d62d1f9a51,2841003321,Final_Activation,Robin Bus,Sarbrinderjeet Singh Sandhu,7650000047,Punjab,Amritsar,PB02CC6884,Dummy Punjab,0,0,0,0,0,0,0,0,0,0,0,0,0,0,0,0,0,0,0,0,0,0,0,0,0,0,0,0,0,0,Red
"September 7, 2025",a47ec8ea-1029-413f-90b6-925c6d8749f1,TJ7524BB20511,Final_Activation,धुंधवाल ट्रैवल्स,Sunita,8949551308,Rajasthan,Hanumangarh,RJ10PA9153,Dummy Rajasthan,75,199,243,245,178,209,255,248,220,218,232,163,238,233,252,225,283,243,224,244,264,209,230,191,296,218,225,233,215,205,Active
"September 6, 2025",a4cbd54b-2a54-4915-80da-8affa5a2781a,2841509814,Final_Activation,Mankotia Bus Service,Gunam Singh Mankotia,9805012447,Himachal Pradesh,Una,HP72D1550,Harish Verma,84,197,201,232,0,172,193,208,204,187,214,0,191,198,204,199,174,214,143,137,174,124,165,151,192,108,172,175,183,181,Active
"September 6, 2025",a2315eda-7aa6-41a9-94c7-dc7b339199bd,2841014308,Final_Activation,Harbindar Gurjar,Harbindar Gurjar,7231900527,Rajasthan,Karauli,RJ34PA2221,Dummy Rajasthan,0,0,0,0,0,0,0,0,0,0,0,0,0,0,0,0,0,0,0,0,0,0,0,0,0,0,0,0,0,0,Red
"September 6, 2025",f82323b2-4801-43d3-ad8c-65b571d6869d,1494793263,Final_Activation,Gajender Bus Service,Gajender Singh,7011363175,Uttar Pradesh,bulandshahr,UP13CT2822,Sayyed Mohd. Belal,0,0,0,0,0,0,0,0,0,0,0,0,0,0,0,0,0,0,0,0,0,0,0,0,0,0,0,0,0,0,Red
"September 6, 2025",20e60cce-9185-4b0d-b4b2-cd487b39ae1e,2840973948,Final_Activation,Paris Bus Service,Vinod,9541310029,Haryana,Hisar,RJ10PA8080,amitkumar,0,163,160,161,157,157,146,86,143,165,145,165,206,157,158,164,180,154,166,157,168,127,153,149,0,161,156,135,127,143,Active
"September 6, 2025",8cc1793b-7f38-44fe-9a59-0159658c7585,2841286680,Final_Activation,Gajender Bus Service,Gajender Singh,7011363175,Uttar Pradesh,bulandshahr,UP13AT2897,Sayyed Mohd. Belal,0,0,0,0,0,0,0,0,0,0,0,0,0,0,0,0,0,0,0,0,0,0,0,0,0,0,0,0,0,0,Red
"September 6, 2025",273e0056-d8ad-4cfc-bb93-f653971c20c8,TJ7524BD20986,Final_Activation,Om Travels,Hitesh Chauhan,9857150000,Himachal Pradesh,Panthaghatti,HP63E1019,Nitin Kumar,37,0,0,0,0,0,0,37,62,21,0,0,10,0,1,18,8,0,0,1,76,86,58,0,3,32,46,86,101,2,Orange
"September 6, 2025",fc41a223-c15b-44c5-9604-88e79e8d7b55,1493225822,Final_Activation,Gajender Bus Service,Gajender Singh,7011363175,Uttar Pradesh,bulandshahr,UP13AT1329,Sayyed Mohd. Belal,0,0,0,0,0,0,0,0,0,0,0,0,0,0,0,0,0,0,0,0,0,0,0,0,0,0,0,0,0,0,Red
"September 5, 2025",a3db8e4f-c08c-4c19-b714-463b8ae505bd,TJ75248C21281,Final_Activation,Gautam Bus Service,Rahul Gautam,9410663301,Uttar Pradesh,Agra,DD01AA9519,Dummy Uttar Pradesh,0,0,0,0,0,0,0,0,0,0,0,0,0,0,0,0,0,0,0,0,0,0,0,0,0,0,0,0,0,0,Red
"September 5, 2025",d984a9df-6543-4f99-887f-d77b51b089db,TJ7524BC20838,Final_Activation,Uppal Gulmare Travels,Amritpal Singh,9876282297,Punjab,Gurdaspur,PB35Q9935,Sumit Sharma,0,0,0,52,77,0,48,86,125,118,145,43,134,117,127,130,110,118,120,99,97,86,96,9,61,143,105,103,126,115,Active
"September 5, 2025",2507f011-920d-475b-82d2-d9c7220051b8,TJ75253L21426,Final_Activation,Vikas Bus Service,Som Dutt Sharma,9625567633,Himachal Pradesh,Talai,HP67A5523,Harish Verma,47,123,63,140,27,150,164,134,144,37,156,46,148,108,163,153,133,144,50,0,148,0,115,102,119,86,116,43,106,99,Active
"September 5, 2025",edbc1921-fd9b-493b-9fad-f85569e7d490,TJ75251721232,Final_Activation,Nagra Bus Service,Arjun Singh,9805881999,Himachal Pradesh,Sirmaur,HP17H8739,Sandeep Kumar,70,147,170,198,137,152,174,171,178,178,125,211,119,274,117,250,188,125,163,188,158,126,198,180,141,262,194,120,275,176,Active
"September 5, 2025",e3a4e528-9d0f-47f3-8018-a898091c9c8d,TJ75252M20481,Final_Activation,Nagra Bus Service,Arjun Singh,9805881999,Himachal Pradesh,Sirmaur,HP716785,Sandeep Kumar,59,168,177,165,134,171,189,180,179,143,133,125,205,202,165,172,177,154,101,151,184,128,141,150,176,105,161,182,174,165,Active
"September 4, 2025",583f7e5e-6b76-4b4d-a4b3-64423a0fda1f,TJ7524B421234,Final_Activation,B.Batala,Harinder Pal Singh,8725080080,Punjab,Batala,PB02BJ9686,Nitin Kumar Yadav,115,194,184,245,191,202,209,192,234,214,216,200,181,208,226,225,218,230,194,205,200,191,182,166,257,193,175,208,246,241,Active
"September 4, 2025",7e06c34d-d9f5-46f7-a82f-d83018770996,TJ7524B620164,Final_Activation,Ompal Bus Service,Ompal Singh,8955191771,Uttar Pradesh,Mathura,HR38X4898,Dummy Uttar Pradesh,0,0,0,0,0,0,0,0,0,0,0,0,0,0,0,0,0,0,0,0,0,0,0,0,0,0,0,0,0,0,Red
"September 4, 2025",32a0155d-1e8a-4c84-a253-d4f8cdf9d0b5,TJ75248C20246,Final_Activation,Gautam Bus Service,Rahul Gautam,9410663301,Uttar Pradesh,Agra,UP85ET8747,Dummy Uttar Pradesh,0,0,0,0,0,0,0,0,0,0,0,0,0,0,0,0,0,0,0,0,0,0,0,0,0,0,0,0,0,0,Red
"September 4, 2025",d2f3b4e8-b6b5-4f57-a5d9-50872a7be01e,TJ75247X20264,Final_Activation,Jarial Bus,Manisha Thakur,7807672373,Himachal Pradesh,Hamirpur,HP679181,Mohan,0,0,0,0,0,0,0,0,0,0,0,0,0,0,0,0,0,0,0,0,0,0,0,0,0,0,0,0,0,0,Red
"September 4, 2025",48f856ef-26a4-49b6-ad0f-557daa008ca9,2841001719,Final_Activation,GSK GRK Bus Service,Surinder Singh,9815647357,Punjab,Batala,PB06C4558,Sumit Sharma,78,146,201,216,148,183,202,146,157,186,191,142,150,207,186,189,186,174,255,178,212,174,179,112,213,138,160,204,214,226,Active
"September 4, 2025",61cccf75-1f39-4105-a0aa-aee38b944245,TJ75248K20082,Final_Activation,महरिया ट्रेवल्स,Shyoram,9588274875,Rajasthan,Hanumangarh,RJ49PA0549,Dummy Rajasthan,0,0,0,0,0,0,0,0,0,0,0,0,0,0,0,0,0,0,0,0,0,0,0,0,0,0,0,0,0,0,Red
"September 4, 2025",0dd22cfc-25ee-4ae5-a9d7-01053b6159ed,2841741031,Final_Activation,GSK GRK Bus Service,Surinder Singh,9815647357,Punjab,Batala,PB05L9963,Sumit Sharma,0,0,0,301,199,320,0,255,206,303,326,201,294,336,0,0,0,0,222,291,302,231,294,231,340,213,308,347,373,338,Active
"September 3, 2025",ac4ba839-b138-4d60-9408-82c305c16270,TJ7524BK21355,Final_Activation,Jarial Bus,Manisha Thakur,7807672373,Himachal Pradesh,Hamirpur,HP55B6186,Mohan,0,0,0,0,0,0,0,0,0,0,0,0,0,0,0,0,0,0,0,0,0,0,0,0,0,0,0,0,0,0,Red
"September 3, 2025",c1c806c2-5748-47d9-80d7-0c77f87e136f,2840825974,Final_Activation,Honey Travels,Harsh Kumar,9779777607,Punjab,Sardulghar,PB31F4181,Dummy Punjab,154,249,240,357,142,233,255,383,220,219,216,177,228,268,370,303,266,283,170,216,237,329,234,234,254,153,206,239,353,226,Active
"September 2, 2025",9c5a3ee3-0e31-4fbf-a3a4-a4092494f8f8,TJ7524BD20852,Final_Activation,Priyanka Bus,Narendra Meena,7509501416,Madhya Pradesh,Guna,MP33P1886,Dummy Madhya Pradesh,0,0,0,0,0,0,0,0,0,0,0,0,43,89,82,77,89,94,73,94,104,149,120,130,130,112,123,143,115,115,Red
"September 2, 2025",c0ca5b8c-39f5-4343-8f10-b9a3cbb7c83e,TJ75253Q20883,Final_Activation,Jarial Bus,Manisha Thakur,7807672373,Himachal Pradesh,Hamirpur,HP67A1401,Mohan,0,0,0,0,0,0,0,0,0,0,0,0,0,0,0,0,0,0,0,0,0,0,0,0,0,0,0,0,0,0,Red
"September 2, 2025",7d91e814-a81c-41eb-8adf-2560a5bbb80c,2840967467,Final_Activation,Chouhan Bus,Swarup Chouhan,9575587440,Madhya Pradesh,balaghat,MP50P0414,Dummy Madhya Pradesh,0,0,0,0,0,0,0,0,0,0,0,0,0,0,0,0,0,0,0,0,0,0,0,0,0,0,0,0,0,0,Red
"September 2, 2025",3404f70b-af7f-407a-af3b-5d661b60f3e1,2841286388,Final_Activation,Attal Bus Sarvice,Sukhwinder Singh,9872092997,Punjab,Patiala,PB13AB9777,Deepak,115,215,214,289,149,186,197,206,283,272,222,140,167,333,215,171,316,233,229,249,228,84,151,243,281,241,216,107,171,168,Active
"September 1, 2025",a5d0b960-c05a-4f8b-8b79-5f2577ea821f,TJ7524BE21777,Final_Activation,Dabwal Travel,Vipin,8295444019,Haryana,Naraingarh,HR58A9771,Yudhveer Singh,122,399,495,0,0,0,0,0,0,0,0,0,257,490,509,223,392,422,315,427,394,337,376,453,412,337,443,226,345,395,Active
"August 31, 2025",4c4fef89-7ea0-4341-9bf1-63a9e7122d67,TJ75248B20097,Final_Activation,Silu Mahadev Vaali Travels,Mansaram,6376467970,Rajasthan,Bikaner,RJ07PB1274,Arshdeep Singh,0,0,0,0,0,0,0,0,0,0,0,0,0,0,0,0,0,0,0,0,0,0,0,0,0,0,0,0,0,0,Red
"August 31, 2025",6f712ff4-ac4e-4860-89be-603270372b02,TJ75253K20779,Final_Activation,RAJASTHAN LOK PARIVHAN,Anand Kumar,8233706484,Rajasthan,Alwar,RJ02PA4050,Dummy Rajasthan,0,0,0,0,0,0,0,0,0,0,0,0,0,0,0,0,0,0,0,0,0,0,0,0,0,0,0,0,0,0,Red
"August 31, 2025",19563286-115f-4f0b-92ef-c954ae1c027c,2841285880,Final_Activation,Shekhawat Travels,Ravindra Singh,9784052791,Rajasthan,Bikaner,RJ07PA5196,Dummy Rajasthan,0,0,0,0,0,0,0,0,0,0,0,0,0,0,0,0,0,0,0,0,0,0,0,0,0,0,64,106,111,119,Red
"August 31, 2025",24e8d0d4-b80c-4fe2-b331-e00afda3d1f4,2841286212,Final_Activation,Shekhawat Travels,Ravindra Singh,9784052791,Rajasthan,Bikaner,RJ07PA7984,Dummy Rajasthan,0,0,0,0,0,0,0,0,0,0,0,0,0,0,0,0,0,0,0,0,0,0,0,0,0,0,0,112,122,93,Red
"August 30, 2025",eeaf7f32-e487-4162-a3aa-8dfd91109ef1,2840932282,Final_Activation,JAI BHORAMDEV TRAVEL,YASHWANT SINGH THAKUR,9752318699,Chhattisgarh,KABEERDHAM,CG08AN8330,Dummy Chhatisgarh,0,0,0,0,0,0,0,0,0,0,0,0,0,0,0,0,0,0,0,0,0,0,0,0,0,0,0,0,0,0,Red
"August 30, 2025",5d2432af-ca21-4217-993f-64c7f2f1eb15,2841001707,Final_Activation,Roopam Travels,Jagdish Prashad Jat,9772505074,Rajasthan,Bikaner,RJ07PA6926,Manish Bathi,0,0,0,0,0,0,0,0,0,0,0,0,0,0,0,0,0,0,0,0,0,0,0,0,0,0,0,0,0,0,Red
"August 30, 2025",22626fdd-a90a-4801-aff9-482635cde8ec,2841159433,Final_Activation,Amrik Bus Service,Amarjit Singh,9815126425,Punjab,Mansa,PB31P3465,Surinder Singh,160,372,430,420,313,353,388,402,402,392,426,332,370,376,393,408,432,415,298,356,362,330,338,319,389,315,354,411,398,403,Active
"August 30, 2025",d9d80da9-57ac-4672-96af-e0d90e6aa97d,TJ75248L20186,Final_Activation,PATEL TRAVLES,Saddam Husain,9166127506,Rajasthan,Barmer,RJ46PA2957,Chuna Ram,0,0,0,0,0,0,0,0,0,0,0,0,0,0,0,0,0,0,0,0,0,0,0,0,0,0,0,0,0,0,Red
"August 30, 2025",1031bfc8-f596-4966-8a5f-41e0d0224ab0,2841015793,Final_Activation,Amrik Bus Service,Amarjit Singh,9815126425,Punjab,Mansa,PB31L0165,Surinder Singh,74,271,291,283,192,271,273,276,263,261,275,238,288,275,284,280,335,273,252,249,257,234,255,231,263,201,222,281,279,272,Active
"August 29, 2025",6a7670f4-1956-4daa-8e15-ccc24efebb11,TJ75251820149,Final_Activation,Captain Bus Service,Pardeep Kumar,8894573434,Himachal Pradesh,Ladda,HP69A1273,Dummy HImachal Pradesh,0,0,0,0,0,0,0,0,0,0,0,0,0,0,0,0,0,0,0,0,0,0,0,0,0,0,0,0,0,0,Red
"August 29, 2025",97149352-da64-4c0b-b424-bafddc7e4d32,TJ75248K20444,Final_Activation,MHT,Mansangeet Singh Brar,7889067300,Punjab,Sri Muktsar Shahib,PB29M8436,Rajiv Kumar,0,334,361,363,279,316,286,351,360,371,395,304,346,342,352,350,343,362,309,369,384,324,341,309,459,284,351,401,431,261,Active
"August 29, 2025",538cabb1-f062-475b-9ba4-c6ede1f62f35,TJ75253Q20580,Final_Activation,Anuj,Banita Kumari,6230002450,Himachal Pradesh,Hamirpur,HP678985,Rahul Kumar Uppal,0,0,0,0,0,0,0,0,0,0,0,0,0,0,0,0,0,0,0,0,0,0,0,0,0,0,0,0,0,0,Red
"August 29, 2025",80068b82-c4ff-4e21-955c-c0038cb2e62f,TJ7524BE22757,Final_Activation,Jhabber Bus Service,Swinder Virk,9812177710,Haryana,Sirsa,HR574937,Raman,0,336,126,301,275,239,298,227,232,257,269,205,232,212,236,229,254,219,169,0,258,300,253,238,254,207,235,239,251,246,Active
"August 29, 2025",6ac2dd95-aa3c-4096-97cf-f3a0733abdb3,2841905387,Final_Activation,K.I.T.C BUS SERVICE,KAUSHALESH KUMAR,9817261111,Himachal Pradesh,Bagsaid,HP72D5546,Ajay Sharma,107,218,0,0,0,294,294,301,298,262,284,180,0,288,334,208,84,308,197,0,125,136,281,148,275,144,192,175,216,198,Active
"August 29, 2025",ed4d1fce-e43a-4da8-b2d1-6be3ad34230f,TJ75248K20598,Final_Activation,Simardeep Tour N Travels,Simerdip Singh,7710646282,Punjab,Pathankot,PB13BN9182,Sumit Sharma,0,0,0,0,0,0,0,0,0,0,0,0,0,0,0,0,0,0,0,0,0,0,0,0,0,0,0,0,0,0,Red
"August 28, 2025",916aa6e4-eb93-4b68-8c7e-a2c5483b9f66,TJ75251521016,Final_Activation,Jashan Bus Service,Mukesh Kumar,9468291610,Haryana,Sirsa,HR579352,Raman,0,118,155,373,244,372,300,281,284,296,284,166,295,266,273,261,308,277,178,171,243,140,249,228,300,148,239,201,243,308,Active
"August 28, 2025",b12061b3-59ae-4f83-9500-a83aad5d96a9,2841519298,Final_Activation,GOBIND KHATRA,GURDHIAN SINGH,8437792996,Punjab,Samana,PB07AL4379,Gagandeep Singh,0,94,111,110,102,103,101,89,83,105,84,102,91,83,87,94,88,88,149,70,62,75,82,80,85,89,92,43,80,71,Active
"August 28, 2025",74260834-4950-4e9c-be5c-882781aa861d,TJ75251620938,Final_Activation,Jashan Bus Service,Mukesh Kumar,9468291610,Haryana,Sirsa,HR579095,Raman,68,274,307,309,198,232,244,283,261,230,271,182,202,249,296,289,283,307,175,182,262,244,295,430,268,172,179,254,264,293,Active
"August 28, 2025",9c9e720b-26d4-44d9-8333-f1a0b9072da7,2840817835,Final_Activation,Satpal Travel,Satpal Singh,9466762660,Haryana,Chandigarh,HR37D5130,Dummy Haryana,222,402,436,531,426,439,491,416,393,4,0,0,0,0,0,0,0,0,0,0,0,0,0,0,0,0,0,0,0,0,Active
"August 28, 2025",7aae6081-d6bc-4162-b587-a15395e76a27,2840960623,Final_Activation,Shatabdi Travels,OM PRAKASH SAHU,8103934100,Chhattisgarh,Raipur,CG06GZ3400,Dummy Chhatisgarh,0,0,0,0,0,0,0,0,0,0,0,0,0,0,0,0,0,0,0,0,0,0,0,0,0,0,0,0,0,0,Red
"August 28, 2025",3aee499d-c203-4963-b473-2f171aff3b4b,TJ7524BF20990,Final_Activation,Jashan Bus Service,Mukesh Kumar,9468291610,Haryana,Sirsa,HR57B2594,Raman,84,270,229,243,272,0,125,310,246,249,256,308,276,315,118,143,353,328,206,281,290,286,245,269,294,35,84,225,250,242,Active
"August 28, 2025",1c6df5c6-9490-40f7-a314-16e110361353,TJ75252F21112,Final_Activation,Khan Bus,Sameem Akhtar,8278750236,Himachal Pradesh,Bilaspur,HP01B7786,Dummy HImachal Pradesh,0,0,0,0,0,0,0,0,0,0,0,0,0,0,0,0,0,0,0,0,0,0,0,0,0,0,0,0,0,0,Red
"August 27, 2025",d370f8c6-559d-4c28-bcc1-a2547e80c440,TJ75251821236,Final_Activation,Shivay Bus Service,Pankaj Sharma,9459853378,Himachal Pradesh,Shimla,HP63E6467,Dummy HImachal Pradesh,111,0,59,248,0,0,327,67,304,262,298,70,91,357,256,290,272,155,0,0,33,48,13,31,113,0,0,0,261,0,Active
"August 27, 2025",0686581c-b359-492c-b759-c0465c328c1d,2841024084,Final_Activation,BLUE HORSE TRAILERS,JASMAIL SINGH,7705020120,Uttar Pradesh,Palia Kalan,UP31AT4445,Sayyed Mohd. Belal,0,0,0,0,0,0,0,0,0,0,0,0,0,0,0,0,0,0,0,0,0,0,0,0,0,0,0,0,0,0,Red
"August 27, 2025",7f22aedb-153d-4622-bcad-31220f545592,2841285440,Final_Activation,Simardeep Tour N Travels,Simerdip Singh,7710646282,Punjab,Pathankot,PB06AV4397,Sumit Sharma,0,0,0,0,0,0,0,0,0,0,0,0,0,0,0,0,0,0,0,0,0,0,0,0,0,0,0,0,0,0,Red
"August 27, 2025",c10a9840-9d23-41c0-b134-c0061dd0fc69,TJ75248K20079,Final_Activation,New Khan Bus Service,Sahid Mohammad,7876767380,Himachal Pradesh,Una,HP692480,Harish Verma,0,0,3,26,26,31,26,24,21,15,1,29,14,12,20,32,14,36,19,21,26,0,0,30,21,17,17,33,21,21,Active
"August 27, 2025",ef443ea9-18ac-49af-8a7b-135d3860756c,2841918255,Final_Activation,ANSH TINNA,Arvinder Pal Singh,9896153313,Haryana,Chakarain,HR57A0013,Raman,0,255,211,244,66,298,94,249,204,187,237,75,116,119,396,250,138,121,278,111,310,286,134,132,277,294,417,321,282,280,Active
"August 27, 2025",e6febf6f-ca02-45be-8920-a5765830fd61,TJ75248320150,Final_Activation,Rama Bus Service,Anil Kumar,8219181165,Himachal Pradesh,Ghumarwin,HP697377,Rahul Kumar Uppal,0,0,0,0,0,0,0,0,0,0,0,0,0,0,0,0,0,0,0,0,0,0,0,0,0,0,0,0,0,0,Red
"August 27, 2025",6131361e-a6f8-486b-b478-054c2fca09ca,2841286695,Final_Activation,Express Bus Service,Jora Singh,6280274813,Punjab,Pathankot,PB11DL1425,Dummy Punjab,40,286,261,310,248,230,248,244,286,277,343,233,294,229,246,282,261,265,245,289,250,223,262,296,224,0,0,27,0,181,Active
"August 27, 2025",9df5a8b2-46ac-4ce1-b34b-a3e25ba3b9b5,TJ75251520895,Final_Activation,Rama Bus Service,Anil Kumar,8219181165,Himachal Pradesh,Ghumarwin,HP69A7377,Rahul Kumar Uppal,0,0,0,0,0,0,0,0,0,0,0,0,0,0,0,0,0,0,0,0,0,0,0,0,0,0,0,0,0,0,Red
"August 27, 2025",90beddcb-4800-40b4-94ac-443cd1944cf0,TJ7524BE22530,Final_Activation,Choudhary Travels,Anirudh,9079221337,Rajasthan,Ganganagar,RJ13PA5151,Rakesh,39,167,205,246,133,184,218,210,208,218,258,137,154,187,191,177,189,206,143,138,199,151,165,186,179,158,214,228,196,167,Active
"August 26, 2025",4e71456a-5959-490d-9bbe-64d377db2410,TJ75253L21901,Final_Activation,New Kochar Bus Service,Niket Bansal,7300465555,Rajasthan,Sri ganganagar,RJ13PA9421,Dummy Rajasthan,0,0,0,0,0,0,0,0,0,0,0,0,0,0,0,0,0,0,0,0,0,0,0,0,0,0,0,0,0,0,Red
"August 26, 2025",4ffe44a0-8744-47a6-a869-9452b08fec85,TJ75251A20107,Final_Activation,Shatabdi Travels,OM PRAKASH SAHU,8103934100,Chhattisgarh,Raipur,CG05GP9918,Dummy Chhatisgarh,0,0,0,0,0,0,0,0,0,0,0,0,0,0,0,0,0,0,0,0,0,0,0,0,0,0,0,0,0,0,Red
"August 25, 2025",47d9f67c-cf85-429f-a45e-4a56e157a24b,2841003327,Final_Activation,MR Travels,Chuna Ram,8890547215,Rajasthan,Undu,AR11B7272,Chuna Ram,0,0,0,0,0,0,0,18,0,0,19,5,19,0,0,0,0,0,0,0,0,0,0,0,17,0,16,0,0,28,Orange
"August 25, 2025",3d175be9-0f6c-4e0f-a133-8f56ccc5e75e,TJ7524BD21508,Final_Activation,Chintpurni Bus Service,Madhu Sharma,9805500032,Himachal Pradesh,Shimla,HP63B3232,Dummy HImachal Pradesh,0,0,4,75,2,1,36,29,1,20,0,0,0,35,21,0,55,68,37,132,108,73,83,108,102,133,34,163,148,170,Active
"August 25, 2025",04560159-74e3-4615-a54d-590fff3b9291,TJ7524BE22387,Final_Activation,Hariom Doi,Hariom Doi,8233333397,Rajasthan,Swai Madhopur,RJ09PA4434,Dummy Rajasthan,0,0,0,0,0,0,0,0,0,0,0,0,0,0,0,0,0,0,0,0,0,0,0,0,0,0,0,0,0,0,Red
"August 24, 2025",34044e0b-4328-4c02-a298-fe6918b09971,2841897590,Final_Activation,Hari Gobind Bus,Sandeep Singh,7009483660,Punjab,Malout,PB03W4703,Rajiv Kumar,67,113,124,125,127,91,98,104,112,100,138,0,131,129,100,112,120,139,0,100,113,128,129,99,124,121,117,134,112,116,Active
"August 24, 2025",4dea9c2d-d4fa-4177-a35d-1aa86d8117c1,TJ75248H20330,Final_Activation,Mandyal Bus,Nitin Mohan,7018451915,Himachal Pradesh,Sandhole,HP285539,Dummy HImachal Pradesh,9,0,0,0,0,0,0,0,0,0,0,0,0,0,0,0,0,0,0,0,0,24,0,0,0,0,0,0,2,0,Red
"August 23, 2025",866883bb-ddbe-4740-b949-6da2966699c6,2841030089,Final_Activation,Pari Bus Service,Rakesh Sharma,7018602775,Himachal Pradesh,Shimla,HP63F2635,Dummy HImachal Pradesh,1,0,0,0,0,0,0,0,0,0,0,0,0,0,0,0,0,0,0,0,0,0,0,0,0,2,0,0,0,0,Red
"August 23, 2025",e61090bf-b73f-4fa6-b878-8038fcf6a9fd,2841003315,Final_Activation,Parvati Valley Transport Company,Rajesh Kumar Sood,9816004051,Himachal Pradesh,Kullu,HP34B2251,Dummy HImachal Pradesh,42,120,127,118,0,54,160,107,112,87,39,59,168,124,130,117,107,130,92,105,88,79,130,140,126,86,95,132,132,111,Active
"August 23, 2025",b217f642-8ec0-488b-8fc0-a3d6d7f5cb97,2841006758,Final_Activation,Yashu Bus,Ashwani Kumar,8894640905,Himachal Pradesh,Sirmour,HP641504,Dummy HImachal Pradesh,0,0,0,0,0,0,0,0,0,0,0,0,0,0,0,0,0,0,0,0,0,0,0,0,0,0,0,0,0,0,Red
"August 23, 2025",51cc9cd5-02fc-4cf9-94f2-eb18fec5bac3,TJ75248A20087,Final_Activation,Lok Parivahan,Veer Singh Meena,8502933478,Rajasthan,Dholpur,RJ11PA7166,Dummy Rajasthan,0,0,0,0,0,66,0,81,171,92,75,110,150,149,153,144,90,131,0,36,129,27,141,103,68,0,0,0,67,0,Orange
"August 23, 2025",51ca4442-8610-4c04-bd07-a0dbd47eb1a7,TJ7524BE21414,Final_Activation,Amit Kumar,Amit kuamr,7737461075,Rajasthan,Alwar,RJ18PB7131,Dummy Rajasthan,0,55,63,72,69,49,75,61,44,60,46,57,62,82,54,56,29,55,9,38,47,44,74,57,86,52,50,52,98,67,Active
"August 23, 2025",43aea61c-5b5b-4e73-8aab-1bd82ed5edfd,2841905401,Final_Activation,Sagar Bus,Ravi Kant,8219481913,Himachal Pradesh,Hamirpur,HP21A6115,Mohan,0,0,0,0,0,0,0,0,0,0,0,0,0,0,0,0,0,0,0,0,0,0,0,0,0,0,0,0,24,0,Red
"August 22, 2025",1967e13c-cc4d-4975-a8c3-28b1850481e8,2840697858,Final_Activation,Neelgagan Bus Service,Ashok Kumar,9816507922,Himachal Pradesh,Naina Devi,HP696421,Dummy HImachal Pradesh,30,67,93,89,92,81,73,116,167,81,225,87,197,142,140,163,127,147,139,126,135,74,151,144,124,87,98,156,137,105,Active
"August 22, 2025",010960d7-e8e8-49a4-90fb-5c7dfd4b7b34,TJ75248K20469,Final_Activation,Sagar Bus,Ravi Kant,8219481913,Himachal Pradesh,Hamirpur,HP67A6742,Mohan,0,12,0,167,134,192,179,174,70,139,222,176,229,198,197,188,195,213,0,0,185,189,210,219,213,125,184,86,0,0,Active
"August 22, 2025",a25767e4-e2e2-4780-8544-9d165fe26a81,2841008208,Final_Activation,Parvati Valley Transport Company,Rajesh Kumar Sood,9816004051,Himachal Pradesh,Kullu,HP66A4051,Dummy HImachal Pradesh,38,87,93,90,68,87,87,88,77,94,83,65,73,83,75,84,90,83,65,73,31,25,80,76,89,61,73,94,90,81,Active
"August 22, 2025",5f61d8ac-1813-461d-9037-5d08b64ef752,2841012426,Final_Activation,Vikash Travels,Ajay Yadav,9660687222,Rajasthan,jhunjhunu,HR47F3612,Chuna Ram,0,0,0,27,0,0,0,0,0,0,0,0,0,0,0,38,28,18,37,53,37,43,58,2,56,47,47,26,37,61,Active
"August 22, 2025",a4053c01-ba03-4a60-903c-1a11df3d8276,2841012421,Final_Activation,Attri Bus Service,Anup,9017650176,Haryana,Panchkula,HR68C2400,Yudhveer Singh,0,0,0,0,0,0,0,0,0,0,0,0,0,0,0,0,0,0,0,0,0,0,0,0,0,0,0,0,0,0,Red
"August 22, 2025",3d9a0fcb-fe9d-45dc-b19c-058568d3d6f0,2841012430,Final_Activation,Vikash Travels,Ajay Yadav,9660687222,Rajasthan,jhunjhunu,RJ59PA7031,Chuna Ram,56,115,74,161,134,111,144,115,126,110,126,96,0,85,53,90,73,44,87,67,25,37,66,93,82,83,88,107,98,89,Active
"August 22, 2025",b5b18815-8c14-4871-9e00-99e7f8c75cf3,2841519091,Final_Activation,The Hoshiarpur Doaba Tpt,Balvinder Singh,7589882216,Punjab,Hoshiarpur,PB07BT9595,Dummy Punjab,33,177,154,175,152,163,277,178,201,151,146,151,168,179,157,177,160,198,164,187,196,139,146,146,295,178,209,174,224,180,Active
"August 22, 2025",c383d929-d140-48b7-a43f-78a53044532e,2840967471,Final_Activation,BHATT TRAVEL,SANJAY KUMAR BHATT,9584732393,Madhya Pradesh,Anuppur,MP65ZB5222,Dummy Madhya Pradesh,0,0,0,0,0,0,0,0,0,0,0,0,0,0,0,0,0,0,2,109,153,126,59,0,0,111,133,209,175,215,Red
"August 22, 2025",cce377fd-08fa-438a-99d3-25425649f9f2,2841285439,Final_Activation,The Hoshiarpur Doaba Tpt,Balvinder Singh,7589882216,Punjab,Hoshiarpur,PB07CE9595,Dummy Punjab,63,170,196,214,181,214,212,183,0,191,188,145,191,238,247,241,253,231,279,203,203,172,222,231,283,148,248,212,197,194,Active
"August 22, 2025",78f2790f-3281-410c-828f-319f7061223e,2841024090,Final_Activation,GHOSI EXPRESS,RAM ANUJ,8756276945,Uttar Pradesh,Ambedkar Nagar,UP45BT6177,Dummy Uttar Pradesh,0,0,0,0,0,0,0,0,0,0,0,0,0,0,0,0,0,0,0,0,0,0,0,0,0,0,0,0,0,0,Red
"August 22, 2025",e48f2e42-1e61-4818-9738-4ee3d98d964d,2841286652,Final_Activation,Vikash Travels,Ajay Yadav,9660687222,Rajasthan,jhunjhunu,RJ14PF7551,Chuna Ram,0,0,75,106,16,26,43,0,0,28,89,38,85,88,95,80,121,128,64,65,46,47,79,102,129,102,111,73,102,94,Active
"August 21, 2025",1a13df4a-35de-4b25-8ae6-8048b5661cf9,2841892692,Final_Activation,Parvati Valley Transport Company,Rajesh Kumar Sood,9816004051,Himachal Pradesh,Kullu,HP66A4451,Dummy HImachal Pradesh,37,118,128,137,102,105,105,154,151,124,144,69,53,126,133,139,140,143,87,100,132,98,139,98,94,89,100,107,76,96,Active
"August 21, 2025",ecbeb5e5-734f-4eb0-9c9d-0af8bc4bbd81,2841285884,Final_Activation,Parvati Valley Transport Company,Rajesh Kumar Sood,9816004051,Himachal Pradesh,Kullu,HP660101,Dummy HImachal Pradesh,42,123,115,109,0,103,120,24,31,101,112,112,122,117,109,95,107,125,93,122,114,96,114,110,106,92,107,98,98,99,Active
"August 21, 2025",e5e74851-6af3-44ae-9073-f5cfe107f350,2841006752,Final_Activation,Rawat Bus Service,Nasir Mohd Rawat,9882199728,Himachal Pradesh,Sirmaur,HP713700,Dummy HImachal Pradesh,67,213,218,226,230,180,216,164,227,229,224,143,211,235,189,229,221,203,241,171,191,207,207,177,182,226,195,212,230,199,Active
"August 20, 2025",04cb9f4f-becb-494e-94d9-4a70c6a24fe4,2841899301,Final_Activation,Mohit Travels,Mohit travels,8209012823,Rajasthan,Siras,RJ05PB4877,Dummy Rajasthan,0,0,0,0,0,0,0,0,0,0,0,0,0,0,0,0,0,0,0,0,0,0,0,0,0,0,0,0,0,0,Red
"August 20, 2025",5c02cd9d-b899-4c69-9f2f-c0e187a1f23b,2841030094,Final_Activation,RAJASHTHAN LOK PARIVAHN,MUKESH KUMAR SAINI,8742019902,Rajasthan,Jaipur,RJ32PA3332,Dummy Rajasthan,0,0,0,0,0,0,0,0,0,0,0,0,0,0,0,0,0,0,0,0,0,0,0,0,0,0,0,0,0,0,Red
"August 20, 2025",3afab2f7-1f29-4739-b47e-9b2d372421b1,TJ7524BK21677,Final_Activation,Mohit Travels,Mohit travels,8209012823,Rajasthan,Siras,RJ21PA1457,Dummy Rajasthan,0,0,0,0,0,0,0,0,0,0,0,0,0,0,0,0,0,0,0,0,0,0,0,0,0,0,0,0,0,0,Red
"August 20, 2025",006d95c3-b28e-4c83-8db5-1ca4858aaec3,2841005384,Final_Activation,RAJASHTHAN LOK PARIVAHN,MUKESH KUMAR SAINI,8742019902,Rajasthan,Jaipur,HR55AU2396,Dummy Rajasthan,0,0,0,0,0,0,0,0,0,0,0,0,0,0,0,0,0,0,0,0,0,0,0,0,0,0,0,0,0,0,Red
"August 20, 2025",9d3b006d-4d36-4632-9fba-b4d241b5b296,TJ7524BE20729,Final_Activation,Mohit Travels,Mohit travels,8209012823,Rajasthan,Siras,RJ07PA4877,Dummy Rajasthan,0,0,0,0,0,0,0,0,0,0,0,0,0,0,0,0,0,0,0,0,0,0,0,0,0,0,0,0,0,0,Red
"August 20, 2025",c6dc8029-d830-41a5-b15f-e9372cb96f50,2841003320,Final_Activation,Ashoka Bus Service,Swaraj Sood,9418013543,Himachal Pradesh,Solan,HP64D0195,Nitin Kumar,60,311,329,332,254,252,309,303,263,251,287,166,251,306,139,302,326,292,80,33,264,222,254,224,230,209,284,293,294,315,Active
"August 19, 2025",178b50cf-710c-455c-b172-0943d20cf29b,2840960856,Final_Activation,Kartik Bus Service,Hira Lal,9416727377,Haryana,Sirsa,HR57A0128,Raman,194,314,363,300,283,382,358,348,349,215,328,242,314,365,326,350,373,277,167,198,385,68,121,256,313,165,283,315,237,320,Active
"August 19, 2025",32790d04-1ad1-4ef3-ad66-5fee1f972531,TJ75251820941,Final_Activation,Priyanka Bus,Narendra Meena,7509501416,Madhya Pradesh,Guna,MP04PA3105,Dummy Madhya Pradesh,0,0,0,0,0,0,0,0,0,0,0,51,70,127,84,96,110,108,86,75,98,184,131,152,165,96,145,123,104,142,Orange
"August 19, 2025",861fcdc2-21e0-4f8f-812e-d977bdbe4d30,TJ75252Q20754,Final_Activation,Surendra,Surendra,9827053156,Madhya Pradesh,Bhopal,MP04PA170,Nitul Patel,0,102,103,0,0,0,0,0,0,0,0,0,0,0,0,0,0,0,0,0,0,0,0,0,0,0,85,100,0,0,Active
"August 19, 2025",9725c5d0-bef6-488c-830b-00f3b7f69f7b,2841011452,Final_Activation,Basant Bus Service,Vivek Dhatwalia,8091748275,Himachal Pradesh,Hamirpur,HP674976,Rahul Kumar Uppal,0,0,0,0,0,0,0,0,0,0,0,0,0,0,0,0,0,0,0,0,0,0,0,0,0,0,0,0,0,0,Red
"August 19, 2025",6b6f4606-e575-46e7-932b-d4152ee02cd6,2841006700,Final_Activation,Dhillon Bus Service,Harjinder Singh,9465000466,Punjab,Bathinda,PB03BN4666,Rajiv Kumar,0,0,0,0,0,0,0,0,0,0,0,0,0,0,0,0,0,0,0,0,0,0,0,0,0,0,0,0,0,0,Red
"August 19, 2025",d54119ab-c160-49ee-99ca-3bcd9753e905,2841024098,Final_Activation,MAA DURGAA,SUNEEL YADAV,9918804963,Uttar Pradesh,Ambedkar Nagar,UP45BT0059,Sayyed Mohd. Belal,0,0,0,0,0,0,0,0,0,0,0,0,0,0,0,0,0,0,0,0,0,0,0,0,0,0,0,0,0,0,Red
"August 18, 2025",f40d8bfd-e86c-4238-ba76-489914de5cf1,2841006771,Final_Activation,Jashan Bus Service,Mukesh Kumar,9468291610,Haryana,Sirsa,HR57A7030,Raman,0,233,220,253,82,243,77,258,248,280,223,134,277,250,259,278,258,165,176,263,140,0,330,312,244,145,213,332,0,148,Active
"August 18, 2025",8fef40eb-4bf7-4d84-92a7-2ce52635793c,2841893831,Final_Activation,Bhatiya Bus Service,Ashwani Kumar,9215748479,Haryana,Sirsa,HR578857,Raman,108,253,273,276,318,220,303,239,350,261,295,287,99,145,262,346,100,149,261,115,304,319,303,133,313,225,256,264,286,256,Active
"August 17, 2025",d2704a2b-6d55-428c-a52e-c0e0f2b9ff56,2841003329,Final_Activation,Shitla Bus Service,Mohan Singh,9625323000,Himachal Pradesh,Sundernager,HP659460,Ajay Sharma,0,116,103,168,92,127,111,108,94,128,77,82,155,167,165,96,87,182,111,84,137,87,116,90,138,59,96,58,103,90,Active
"August 17, 2025",45575d51-d0cd-4d79-99fd-53cf25dae78d,2841003319,Final_Activation,Shitla Bus Service,Mohan Singh,9625323000,Himachal Pradesh,Sundernager,HP654400,Ajay Sharma,0,120,134,0,36,48,126,105,103,98,200,132,119,95,129,112,127,124,110,120,105,81,79,99,103,91,82,108,76,92,Active
"August 17, 2025",fa3b6340-86bc-4e6e-8960-ad82ebcfb784,2840967472,Final_Activation,BHOLA EXPRESS,RAM BHAVAN YADAV,8429459600,Uttar Pradesh,Ayodhya,UP42CT4154,Sayyed Mohd. Belal,0,0,0,0,0,0,0,0,0,0,0,0,0,0,0,0,0,0,0,0,0,0,0,0,0,0,0,0,0,0,Red
"August 16, 2025",2abfa39b-4a57-485d-9020-6c48d734c802,2841001702,Final_Activation,Vijay Tour And Travels,Sandeep Singh,9928112135,Rajasthan,Ganganagar,RJ13PA6737,Manish Bathi,0,142,90,213,50,99,123,128,138,91,133,102,124,136,93,97,150,126,57,74,125,122,185,160,154,78,137,125,236,86,Active
"August 16, 2025",cdf84fd8-f0e3-4aa5-91da-2dce97a28bcd,2840964732,Final_Activation,Honey Travels,Harsh Kumar,9779777607,Punjab,Sardulghar,PB31Z1879,Dummy Punjab,142,225,222,466,159,162,215,354,226,184,267,41,207,209,414,251,283,211,171,158,279,332,280,124,303,147,256,165,341,213,Active
"August 16, 2025",dd991359-4ec4-42d8-a52f-b96e9f88f21d,TJ75248320512,Final_Activation,Vijay Tour And Travels,Sandeep Singh,9928112135,Rajasthan,Ganganagar,RJ13PA6283,Manish Bathi,158,177,416,410,294,313,266,277,276,308,292,282,268,266,304,268,300,225,59,283,252,206,239,285,266,214,244,284,273,234,Active
"August 16, 2025",86017172-8a3a-4ff1-a31b-133d96392c43,2841008204,Final_Activation,Vijay Tour And Travels,Sandeep Singh,9928112135,Rajasthan,Ganganagar,RJ13PA4942,Manish Bathi,93,71,152,131,96,128,134,81,123,166,144,67,84,125,149,133,76,229,85,152,152,151,106,106,166,0,142,94,153,153,Active
"August 16, 2025",01607108-9e99-4afd-acdd-85dad3b44c35,2841006770,Final_Activation,Mahaveer Bus service,Dipesh jain,9829372120,Rajasthan,Bharatpur,RJ29PA4790,Chain Singh Gurjar,0,79,79,87,56,63,88,94,92,92,96,68,73,82,70,78,87,82,72,51,73,53,71,60,90,69,69,66,91,60,Active
"August 16, 2025",f4844eba-23ff-45f8-8059-0af61ced2c32,2841024087,Final_Activation,Honey Travels,Harsh Kumar,9779777607,Punjab,Sardulghar,PB31L9181,Dummy Punjab,36,238,198,325,167,196,264,330,209,211,218,206,196,222,305,259,233,259,101,200,213,308,165,168,204,79,209,191,372,193,Active
"August 16, 2025",9b854def-358b-405c-b11a-c265c0fd9e97,2841024094,Final_Activation,Honey Travels,Harsh Kumar,9779777607,Punjab,Sardulghar,PB31G6181,Dummy Punjab,82,222,185,433,150,206,182,362,186,200,194,135,193,224,436,292,226,286,113,285,171,352,193,221,200,242,135,250,386,280,Active
"August 16, 2025",df1cdbc4-a9b0-4036-b9ad-f195c71f069b,2841006701,Final_Activation,Parmod Bus Service,Parmod Kumar,9694245030,Rajasthan,Hanumangarh,RJ49PA1451,Pawan Kumar,0,0,54,92,55,21,2,0,0,31,101,68,80,91,73,102,95,92,60,80,86,47,33,58,87,87,90,122,91,79,Active
"August 16, 2025",eaa8a59d-9ac3-4853-bcc6-5f7b6030e926,2842138336,Final_Activation,Vijay Tour And Travels,Sandeep Singh,9928112135,Rajasthan,Ganganagar,RJ13PA6562,Manish Bathi,97,305,255,386,296,219,259,249,278,270,296,80,222,298,302,258,298,374,379,59,0,0,0,7,0,0,0,0,0,0,Active
"August 16, 2025",c39afe84-2049-4794-9a7d-f071d50b45bb,2841285870,Final_Activation,MOHALI BUS SERVICE,RAJINDER SINGH,9877142164,Punjab,MAQSUDAN,PB08CP9997,Gagandeep Singh,35,251,219,240,156,194,223,216,269,120,224,179,208,214,251,240,243,214,190,221,197,162,199,173,234,174,186,221,199,186,Active
"August 16, 2025",82fb9fdd-97bb-4d27-82f7-77af6e3c4312,2841001705,Final_Activation,Vijay Tour And Travels,Sandeep Singh,9928112135,Rajasthan,Ganganagar,RJ13PA4977,Manish Bathi,0,94,151,123,54,91,90,118,124,113,131,69,121,108,136,94,131,132,68,107,88,81,149,121,86,24,117,125,113,81,Active
"August 16, 2025",5dcd669e-e833-4b0f-818f-9ebb0c773657,2842105751,Final_Activation,Captain Bus Service,Kamal Kumar,9736621710,Himachal Pradesh,Nagota Gazian,HP743710,Dummy HImachal Pradesh,0,122,139,136,143,116,125,99,173,110,170,109,118,111,110,112,142,126,149,111,135,88,121,103,190,139,99,104,138,113,Active
"August 16, 2025",1d775986-3df2-464f-80d2-82d6a1491df0,2841891655,Final_Activation,NK THAKUR BUS,Bijander Thakur,9816721111,Himachal Pradesh,Chamba,HP73A8717,Karan Raina,0,0,0,0,0,125,314,322,377,391,320,2,255,360,249,118,345,299,158,310,307,242,335,242,334,2,320,340,267,343,Orange
"August 15, 2025",73b67e3b-fc92-48e5-af2c-1a72efe3d27d,2840963889,Final_Activation,Shekhawat Travels,Narayan Singh,9680531656,Rajasthan,Bikaner,RJ07PB2174,Rakesh,0,105,108,133,118,123,116,116,104,110,124,114,109,132,128,116,147,165,113,120,106,131,139,125,142,110,109,107,120,111,Active
"August 15, 2025",c2dda04b-5491-4eef-b2ef-37eeb0d900c3,2841006696,Final_Activation,Lakhan Singh,Lakhan Singh,9414312815,Rajasthan,NADBAI,MP14ZH5462,Dummy Rajasthan,0,0,12,0,0,11,0,3,7,5,7,25,10,5,8,3,0,26,0,0,0,13,0,13,0,0,11,11,5,8,Active
"August 15, 2025",e72bb271-0f06-4be1-9163-85e1ba7b55f7,2842105193,Final_Activation,Shekhawat Travels,Narayan Singh,9680531656,Rajasthan,Bikaner,RJ13PA4407,Rakesh,0,56,114,137,123,123,112,131,107,119,133,104,81,4,135,141,133,137,147,144,140,131,132,141,133,101,104,128,153,120,Active
"August 14, 2025",090791c9-cbe3-4103-8ebd-ce18cadaa9c0,TJ75252P20986,Final_Activation,The Golden Kiran Co Op Tpt,Davender Malik,9996485063,Haryana,Yamuna Nagar,HR58A8296,Yudhveer Singh,106,336,408,235,35,379,357,375,360,391,371,319,356,447,426,394,485,429,347,406,412,361,342,268,422,286,289,421,457,396,Active
"August 14, 2025",6d054f67-ab78-4cc5-b5a3-7c1b56e10ea8,1494820930,Final_Activation,Pratap Bus Service,Pratap Singh Bhati,9079785251,Rajasthan,Bikaner,RJ07PB6950,Rakesh,0,0,0,0,0,0,0,0,0,0,0,0,0,0,0,0,0,0,0,0,0,0,0,9,13,28,1,3,0,0,Red
"August 14, 2025",a1b8e182-d83d-472f-be7d-eff51935ba8c,TJ7524B620431,Final_Activation,Raja Bus Service,Manish Kumar,9418943000,Himachal Pradesh,Pathankot,HP73B4300,Karan Raina,0,0,0,0,0,0,0,0,0,0,0,0,0,0,0,0,0,0,0,0,0,0,0,0,0,0,0,0,0,0,Red
"August 14, 2025",946044f7-ab9c-49cf-a73a-db73ef733574,2841738780,Final_Activation,Narayan ji,Narayan ji,9602618009,Rajasthan,Jaipur,RJ14PG0555,Rakesh,0,0,0,0,0,0,0,0,0,0,0,0,0,0,0,0,0,0,0,0,0,0,0,0,0,0,0,0,0,0,Red
"August 13, 2025",95ef672d-aeb5-4bd8-b899-1a6679ebabce,2841024089,Final_Activation,Radhika Bus Service,Rakesh Kumar,8261811004,Himachal Pradesh,Mandi,HP657574,Ajay Sharma,0,110,125,58,0,164,212,203,226,230,176,0,223,177,112,0,0,0,0,0,0,0,0,0,220,0,175,211,197,222,Active
"August 13, 2025",94f34612-87cb-4994-baf9-86f34f05fd79,2841011460,Final_Activation,Subhashchandra Bus Service,Subhashchandra,9829895045,Rajasthan,Bajju,RJ07PC0745,Rakesh,0,0,0,0,0,0,0,0,0,0,0,0,0,0,0,0,0,0,0,0,0,0,0,0,0,0,0,0,0,0,Red
"August 13, 2025",53c56abd-813b-4fb1-8155-eb9f11f5dc43,2841286251,Final_Activation,Jarial Bus,Rajeev Kumar,9816757358,Himachal Pradesh,Nadaun,HP67A9890,Mohan,125,258,280,344,167,286,270,281,294,309,330,133,265,257,214,245,190,278,180,196,190,215,194,276,195,187,196,280,173,210,Active
"August 13, 2025",be5dda85-d25b-40a4-a057-f3213f99c046,2840972585,Final_Activation,Brar Buss Service,Baljinder Singh,8306844802,Rajasthan,Sri karanpur,RJ13PA7869,Arshdeep Singh,0,0,0,0,0,0,0,0,0,0,0,0,0,0,0,0,0,0,0,0,0,0,0,0,0,0,0,0,0,0,Red
"August 13, 2025",47f32cd8-93bc-4869-95c4-5ba8ed570393,2840974096,Final_Activation,Radhika Bus Service,Rakesh Kumar,8261811004,Himachal Pradesh,Mandi,HP655970,Ajay Sharma,93,143,155,37,0,121,141,169,149,133,162,0,88,95,156,0,0,0,0,0,0,0,0,0,0,0,31,87,174,106,Active
"August 12, 2025",c203d4e8-ddd2-473d-af24-5c06930e9824,2841012416,Final_Activation,Paris Bus Service,Vinod,9541310029,Haryana,Hisar,RJ10PA6040,amitkumar,0,266,133,318,0,291,149,250,100,292,118,233,0,276,106,245,117,263,0,274,126,242,120,280,181,268,0,253,111,283,Active
"August 12, 2025",1711bb28-7499-4efa-b3fe-dd1430002549,TJ7524BE21552,Final_Activation,Shahur Bus Service,Gurpinder Singh,8360834169,Punjab,Gurdashpur,PB06V4917,Sumit Sharma,0,0,0,0,0,0,0,0,0,0,0,0,0,0,0,0,0,0,0,0,0,0,0,0,0,0,0,0,0,0,Red
"August 12, 2025",316acd71-511b-4291-a8c9-890647e8ebaf,2841536314,Final_Activation,The Golden Kiran Co Op Tpt,Davender Malik,9996485063,Haryana,Yamuna Nagar,HR58A8382,Yudhveer Singh,0,370,366,370,263,344,364,310,326,344,343,225,324,315,305,319,362,372,227,340,359,341,319,341,328,235,290,313,322,321,Active
"August 12, 2025",bb0fb1df-d6cf-4634-8249-605f0064672a,2842131879,Final_Activation,Sodha Bus Service,Vikram Singh,9660956939,Rajasthan,Jaisalmer,RJ19PA4182C,Rakesh,0,48,41,13,74,37,38,103,20,73,59,62,24,74,50,65,82,119,62,82,69,76,66,85,0,0,0,0,0,0,Active
"August 12, 2025",968f9538-c2ab-44f6-9adc-0484bf3a41c8,P2841030097_913,Final_Activation,Sushil Bus Service,Sushil Kumar,9812096950,Haryana,Hisar,RJ49PA1458,Amit Kumar,0,0,0,0,0,0,0,0,0,0,0,0,0,0,0,0,0,0,0,0,0,0,0,0,0,0,0,0,0,0,Red
"August 12, 2025",a1f618d4-f361-43c6-95b5-140ceef14a4e,TJ75253M20524,Final_Activation,NK THAKUR BUS,Bijander Thakur,9816721111,Himachal Pradesh,Chamba,HP738717,Karan Raina,0,0,0,0,0,58,244,244,276,343,305,31,294,341,313,357,371,354,0,217,248,174,266,151,266,152,238,237,260,229,Orange
"August 12, 2025",e4e3c54f-6eed-4583-980e-1e9dee147368,TJ75252L20945,Final_Activation,Muskan Travels,Niranjan Singh,9165512000,Chhattisgarh,Mahasamund,CG06HD9994,Dummy Chhatisgarh,0,0,92,112,108,102,85,97,115,100,134,123,105,100,110,104,42,93,44,74,73,67,48,63,53,44,62,51,64,45,Active
"August 12, 2025",4c3ee43e-9727-4a0c-a7d9-03803d43fb5f,1495288350,Final_Activation,Sajid Ali,Sajid Ali,8239110100,Rajasthan,Gangapur,RJ09PA4853,Dummy Rajasthan,0,195,140,159,108,163,146,159,154,141,185,147,175,148,181,185,205,159,163,180,164,156,141,138,117,155,182,167,158,151,Active
"August 12, 2025",daaa7908-4177-4eba-89ef-6d0de287ef88,TJ75252L20413,Final_Activation,Muskan Travels,Niranjan Singh,9165512000,Chhattisgarh,Mahasamund,CG06HD9995,Dummy Chhatisgarh,0,45,72,85,71,70,62,78,91,87,92,60,61,69,68,61,82,69,62,66,79,68,37,67,70,64,78,77,69,62,Active
"August 12, 2025",98e542b9-66e7-4663-9130-5fe75708a619,2841001711,Final_Activation,Tirupati Balaji,Suraj Tripathi,9198339074,Uttar Pradesh,Ambedkar Nagar,UP32XN7452,Dummy Uttar Pradesh,0,0,0,0,0,0,0,0,0,0,0,0,0,0,0,0,0,0,0,0,0,0,0,0,0,0,0,0,0,0,Red
"August 12, 2025",7dcf54a4-eba2-4fc3-832d-7165e0839b58,2841005386,Final_Activation,Paris Bus Service,Vinod,9541310029,Haryana,Hisar,HR62A0827,amitkumar,0,124,125,0,0,116,117,121,110,118,117,121,132,122,115,115,116,120,133,109,127,114,150,118,189,123,117,108,122,108,Active
"August 12, 2025",af50afae-ed1e-4e77-8c33-62160ef62d8d,2841008201,Final_Activation,Sodha Bus Service,Vikram Singh,9660956939,Rajasthan,Jaisalmer,RJ14PE1899,Rakesh,0,0,10,34,7,30,7,25,6,29,8,30,8,29,13,29,13,29,7,22,17,29,12,31,0,0,0,0,10,38,Active
"August 12, 2025",318a76d5-3591-48d8-8b18-3e028177831d,2841008205,Final_Activation,Sodha Bus Service,Vikram Singh,9660956939,Rajasthan,Jaisalmer,RJ04PA4455,Rakesh,0,0,0,0,0,0,0,0,0,0,0,0,0,0,4,0,0,0,0,0,0,0,0,0,0,0,0,0,0,0,Red
"August 12, 2025",fd3af8f3-f337-492b-959c-254359561eda,2841008207,Final_Activation,Sodha Bus Service,Vikram Singh,9660956939,Rajasthan,Jaisalmer,RJ19PA4656,Rakesh,0,0,0,0,0,0,0,0,0,0,0,0,0,0,0,0,0,0,0,0,0,0,0,0,0,0,0,0,0,0,Red
"August 12, 2025",79b331ef-312d-4f96-bf47-81ac345a9777,2841011454,Final_Activation,Sodha Bus Service,Vikram Singh,9660956939,Rajasthan,Jaisalmer,RJ20PB3589,Rakesh,0,0,0,0,0,0,0,0,0,2,0,0,0,0,0,0,0,0,0,0,0,0,0,0,0,0,0,0,0,0,Orange
"August 12, 2025",b37fcfb4-218b-4090-a1f0-f069dc8cc592,2841011457,Final_Activation,Pushkar Bus Service,Rohit Attri,7807882283,Himachal Pradesh,Naina,HP71A9939,Dummy HImachal Pradesh,0,0,0,0,0,0,0,0,0,0,0,0,0,0,0,0,0,0,0,0,0,0,0,0,0,0,5,0,48,53,Red
"August 11, 2025",dbcb8524-762f-4af5-9c70-d4207f664027,2841005385,Final_Activation,Kartars Bus Service,Tajinder Singh,9463709691,Punjab,Dasuya,PB07CH9491,Dummy Punjab,40,141,127,143,109,120,100,79,118,117,143,108,120,152,113,119,120,139,105,134,130,118,107,104,169,68,126,127,94,119,Active
"August 11, 2025",790487cf-a70a-4483-9529-5b4a3d21783e,2840974101,Final_Activation,Kartars Bus Service,Tajinder Singh,9463709691,Punjab,Dasuya,PB07BW5891,Dummy Punjab,62,0,0,0,0,0,225,93,0,205,27,108,97,108,82,154,125,122,86,67,131,109,114,122,0,86,0,0,123,133,Orange
"August 11, 2025",7ea792d4-3a7a-4078-a4c2-77901f9e589b,2841003331,Final_Activation,Thakur Bus,Kailasho Devi,8219352131,Himachal Pradesh,Sultanpur,HP73B1192,Dummy HImachal Pradesh,0,0,0,0,0,0,0,0,0,0,0,0,0,0,0,0,0,0,0,0,0,0,0,0,0,0,0,7,0,14,Red
"August 10, 2025",d9e2e743-56d8-4749-b220-dfba547e42ae,2841011455,Final_Activation,Devi Singh Travels,Ajeet Kumar,8219201915,Himachal Pradesh,Nadaun,HP55D4386,Dummy HImachal Pradesh,0,0,0,0,0,0,0,0,0,0,0,0,0,0,0,0,0,0,0,0,0,0,0,0,0,0,0,0,0,0,Red
"August 10, 2025",02a21309-30e5-4711-a607-8e4c58473576,1492622495,Final_Activation,Bhagwan Singh,Bhagwan Singh,9829182439,Rajasthan,Tonk,RJ52PA0204,Dummy Rajasthan,61,145,206,176,113,129,249,139,226,263,180,26,104,137,199,254,207,181,0,189,219,0,66,257,196,278,246,182,90,98,Active
"August 8, 2025",8d70598d-6396-4b8e-9ac5-df3a7641c405,TJ75248H20055,Final_Activation,Avni Travels,Akhil Sharma,9736000068,Himachal Pradesh,Sirmaur,HP716868,Dummy HImachal Pradesh,35,155,159,0,0,104,174,138,193,172,163,0,128,161,138,110,79,156,36,167,106,62,167,170,169,0,135,185,161,166,Active
"August 8, 2025",1ba45d46-1f2d-49f9-a5cb-8b1a161a8b69,2841509121,Final_Activation,B.Batala,Harinder Pal Singh,8725080080,Punjab,Batala,PB030L4578,Nitin Kumar Yadav,79,262,275,329,239,257,271,271,299,212,288,231,141,276,280,319,269,307,257,337,279,253,87,0,260,292,225,277,284,174,Active
"August 8, 2025",b148b45d-cceb-42fc-8b90-ad76d42d5ff3,2841011462,Final_Activation,Satnam Bus Service,Rashpal Singh,9074200092,Punjab,Midda,PB30F9392,Rajiv Kumar,0,295,317,249,224,282,289,283,269,262,305,251,282,257,296,277,304,263,260,252,293,232,293,264,297,222,244,278,265,291,Active
"August 8, 2025",648a3079-b505-45ba-8d0b-1e5fcbd8cdd3,2841011458,Final_Activation,ADITYA Bus Service,Sunil Kumar,9857860000,Himachal Pradesh,Sanjauli,HP63A1201,Dummy HImachal Pradesh,0,0,0,0,0,0,69,71,81,94,61,0,107,112,152,55,0,0,0,0,0,0,0,0,0,0,0,0,0,0,Orange
"August 8, 2025",3c3567e3-8bdd-4dce-9c61-0a0a1a893a01,2841011468,Final_Activation,Shankar Travels,Nitesh Sharma,8544734781,Himachal Pradesh,Sirmaur,HP717755,Dummy HImachal Pradesh,0,64,85,96,80,85,70,46,84,71,39,143,43,152,90,75,109,92,106,101,101,83,92,57,87,5,32,50,51,36,Active
"August 7, 2025",be532a21-06c8-45bd-9b4c-70ccdf394033,2840973956,Final_Activation,54 Bus Owner'S Association,Mohammad Rafik,9719131058,Uttarakhand,Udham Singh Nagar,UK06PA1474,Mr Golu Lal,0,0,0,0,0,0,0,0,0,0,0,0,0,0,0,0,0,0,0,0,0,0,0,0,0,0,0,0,0,0,Red
"August 7, 2025",c870713c-9e79-492a-9cde-2e4b240b075d,TJ75253M20241,Final_Activation,Manohar Lal Bishnoi,Manohar Lal Bishnoi,9783229783,Rajasthan,Jodhpur,RJ13PA6972,Rakesh,0,0,0,51,124,139,26,148,57,23,118,117,69,118,73,24,64,128,68,29,75,28,69,75,97,97,60,0,0,0,Active
"August 7, 2025",2dc87cb8-9858-41e8-bb42-58b85d8d58dc,2841008630,Final_Activation,Happy Bus Services,Om Prakash,9418267450,Himachal Pradesh,Solan,HP64A2208,Sandeep Kumar,0,104,102,99,102,78,116,100,94,98,96,0,80,83,119,95,120,60,73,67,94,72,114,63,117,79,100,73,93,70,Active
"August 7, 2025",1f068b9f-f499-41c2-bba9-6d24c21db165,2841771526,Final_Activation,Satnam Bus Service,Rashpal Singh,9074200092,Punjab,Midda,PB30N8707,Rajiv Kumar,107,259,258,269,185,203,261,270,231,240,273,215,246,270,261,263,261,271,208,245,269,260,258,219,280,185,256,103,0,0,Active
"August 6, 2025",b71c9dc9-6f83-49e6-bc78-1d8363e0b941,TJ75251821421,Final_Activation,Parmod Bus Service,Parmod Kumar,9694245030,Rajasthan,Hanumangarh,RJ10PA8699,Pawan Kumar,0,0,0,0,0,0,0,0,0,0,0,0,0,0,0,0,0,0,0,0,0,0,0,0,0,0,0,0,0,0,Red
"August 6, 2025",818c1de3-a5ab-4b87-9679-b3418fb4c4c9,TJ75251622112,Final_Activation,SINGH BUS,SHYAM SUNDAR SINGH,9696384496,Uttar Pradesh,Gonda,UP43BT6490,Dummy Uttar Pradesh,0,0,0,0,0,0,0,0,0,0,0,0,0,0,0,0,0,0,0,0,0,0,0,0,0,0,0,0,0,0,Red
"August 6, 2025",c9649fcc-e5e6-4cea-a73d-52c5e0fdcadb,TJ75252U20338,Final_Activation,Parmod Bus Service,Parmod Kumar,9694245030,Rajasthan,Hanumangarh,RJ13PA7715,Pawan Kumar,84,240,334,287,284,325,239,277,229,304,320,126,195,287,191,270,330,306,355,258,261,249,310,124,246,158,105,296,361,271,Active
"August 6, 2025",72292965-5aa2-424c-98e7-8a91502ee7c9,TJ75252L20689,Final_Activation,Parmod Bus Service,Parmod Kumar,9694245030,Rajasthan,Hanumangarh,RJ13PA8341,Pawan Kumar,0,0,0,0,0,0,0,0,0,0,0,0,0,0,0,0,0,0,0,0,0,0,0,0,0,0,0,0,0,0,Red
"August 6, 2025",735d0d93-05d4-46c6-8e3a-5a6bc7a4c82a,2841030100,Final_Activation,SURJIT SINGH,SURJIT SINGH,9914920825,Punjab,Ferozepur,PB08CP9883,Gagandeep Singh,0,0,0,0,0,0,0,0,0,0,0,0,0,0,0,0,0,0,0,0,0,0,0,0,0,0,0,0,0,0,Red
"August 6, 2025",af5d3bc5-10e1-48a9-a388-bf1d04975a9c,2841008622,Final_Activation,Khattra Bus,Satnam Singh,7814531266,Punjab,Mohali,PB11CS5156,Gagandeep Singh,0,0,0,0,0,0,0,0,0,0,0,0,0,0,0,0,0,0,0,0,0,0,0,0,0,0,0,0,0,0,Red
"August 6, 2025",37aa04ad-3f05-4ae2-9096-36802020f5ed,2841008615,Final_Activation,Gill Travels,Amandeep Kaur Gill,9780007760,Punjab,Moga,PB22K4491,Rajiv Kumar,0,0,0,0,65,183,215,50,0,0,292,232,308,286,245,246,253,288,216,206,232,245,199,0,0,0,42,0,402,281,Yellow
"August 6, 2025",8f8bf054-ba1d-44c6-b8ec-4f7e05f90819,2840960846,Final_Activation,Gill Travels,Amandeep Kaur Gill,9780007760,Punjab,Moga,PB13BJ0781,Rajiv Kumar,0,203,228,211,211,273,251,316,317,270,282,218,271,217,321,159,231,265,264,242,212,239,219,149,327,276,273,320,366,0,Active
"August 6, 2025",4146d94e-dcaa-43b7-add8-06c0ec6c04fa,2841001718,Final_Activation,Durga Highway,Rachana Katoch,8629857772,Himachal Pradesh,Solan,HP14C3142,Dummy HImachal Pradesh,0,0,0,0,0,0,0,0,0,0,0,0,0,0,0,0,0,0,0,0,0,0,0,0,0,0,0,71,5,0,Red
"August 6, 2025",05cf73e4-3ee5-4711-9997-6a7ed19bad5e,2841779983,Final_Activation,Gill Travels,Amandeep Kaur Gill,9780007760,Punjab,Moga,PB04AC5278,Rajiv Kumar,101,249,225,166,254,243,173,338,344,295,267,198,234,265,358,294,206,254,51,178,248,332,245,133,298,192,240,160,295,244,Active
"August 6, 2025",02df52ed-f5e4-4b1d-8a8f-b36ec8e9392f,2841917816,Final_Activation,Gill Travels,Amandeep Kaur Gill,9780007760,Punjab,Moga,PB22K4496,Rajiv Kumar,87,389,345,356,273,358,396,207,148,277,275,222,331,327,213,338,294,284,255,287,284,254,149,221,284,258,295,292,222,295,Active
"August 5, 2025",b55c1f60-eea7-42f9-9641-8d4ba784d427,2841030093,Final_Activation,ADITYA Bus Service,Sunil Kumar,9857860000,Himachal Pradesh,Sanjauli,HP63A2442,Dummy HImachal Pradesh,0,0,47,151,0,2,52,209,69,97,173,163,75,73,11,62,0,0,0,0,0,0,0,0,0,0,36,62,0,0,Active
"August 5, 2025",d23f403f-0d9b-4013-ba6a-1221db2676d2,2841003325,Final_Activation,Gaurav Bus Service,Varinder Kumar,8628890070,Himachal Pradesh,Una,HP72B1688,Harish Verma,48,119,150,126,141,145,150,146,147,169,146,147,139,127,149,146,145,180,114,136,160,120,49,34,71,151,168,179,155,151,Active
"August 5, 2025",371b2385-c302-4ba3-a9c4-f97ef23ddc3c,TJ7524BK21975,Final_Activation,K.P. Khaira,Kuldeep Kaur Khaira,9452373247,Uttar Pradesh,Bhira Kheri,UP31BT3767,Dummy Uttar Pradesh,30,50,42,47,39,42,46,38,70,45,41,46,57,77,53,52,44,64,50,47,49,43,35,36,44,43,49,39,47,52,Active
"August 5, 2025",2152afc7-a14c-4a4e-8b93-963e4e7fbff5,TJ7524BD20047,Final_Activation,K.P. Khaira,Kuldeep Kaur Khaira,9452373247,Uttar Pradesh,Bhira Kheri,UP31T7367,Dummy Uttar Pradesh,0,0,0,0,0,0,0,0,0,0,0,0,0,0,0,0,0,0,0,0,0,0,0,0,0,0,0,0,0,0,Red
"August 5, 2025",2e3b5bed-293e-4f32-a18c-225e174934da,TJ7524B521477,Final_Activation,GSK GRK Bus Service,Surinder Singh,9815647357,Punjab,Batala,PB06J9520,Sumit Sharma,62,297,283,281,287,253,277,275,286,248,291,213,226,262,297,314,309,325,231,270,276,232,279,208,287,211,260,308,284,314,Active
"August 5, 2025",a38a3bec-1743-473e-9f8b-c71f06ca96dd,2841733834,Final_Activation,Jhala travels 80RD,Mahendra singh,8890301100,Rajasthan,Bikaner,RJ19PC5722,Manoj,0,0,0,0,0,0,0,0,0,0,11,0,31,0,24,0,25,7,23,16,49,0,44,0,51,0,51,21,22,25,Orange
"August 4, 2025",abdaf288-e1e8-4711-8db6-79dd152fbbf8,TJ75252T20700,Final_Activation,Rajta Coach,Rajesh Rajta,9816402008,Himachal Pradesh,Theog Dehna,HP63E6390,Nitin Kumar,0,176,49,55,102,91,121,143,93,97,165,88,114,116,88,97,80,116,79,88,96,126,104,103,99,91,108,91,98,0,Active
"August 4, 2025",0eaac82b-759b-4400-9ef5-19f8f8e54f68,2840932286,Final_Activation,Ajeet Kumar Tiwari,Ajeet Kumar Tiwari,8839672116,Chhattisgarh,Raipur,CG08AN2011,Dummy Chhatisgarh,0,0,0,0,0,0,0,0,0,0,0,0,0,0,0,0,0,0,0,0,0,0,0,0,0,0,0,0,0,0,Red
"August 4, 2025",ff13e916-fedc-49f7-b5e1-685169295ac9,1495043777,Final_Activation,Ajeet Kumar Tiwari,Ajeet Kumar Tiwari,8839672116,Chhattisgarh,Raipur,CG23H1091,Dummy Chhatisgarh,0,0,0,0,0,0,0,0,0,0,0,0,0,0,0,0,0,0,0,0,0,0,0,0,0,0,0,0,0,0,Red
"August 4, 2025",d0faac2c-89bd-45fa-b7bc-f8bc0823547a,1494751663,Final_Activation,BLUE HORSE TRAILERS,JASMAIL SINGH,7705020120,Uttar Pradesh,Palia Kalan,UP31T9044,Sayyed Mohd. Belal,0,0,0,0,0,0,0,0,0,0,0,0,0,0,0,0,0,0,0,0,0,0,0,0,0,0,0,0,0,0,Red
"August 2, 2025",376f8c66-e72f-4056-adbb-1632c0bbbb33,TJ75248H20543,Final_Activation,Prince Tour N Travels,Gurbachan Singh,9418890584,Himachal Pradesh,Dalhousie,HP47A1084,Dummy HImachal Pradesh,0,6,7,18,13,7,13,10,17,15,15,30,13,14,9,20,24,18,19,32,23,23,54,39,0,93,56,75,73,139,Active
"August 2, 2025",b3a98973-f053-4854-8e20-c56200e985cb,TJ7524BD20455,Final_Activation,New khaira tpt,Ketan singh khaira,9956564556,Uttar Pradesh,Kheri,UP31T9042,Deependra Bahadur Singh,0,0,86,93,62,69,88,93,0,46,0,0,36,101,84,60,63,73,60,87,0,0,73,76,95,63,53,62,69,60,Active
"August 1, 2025",f32c1ca7-2ae1-45ee-8e98-1c2762ea54b2,TJ75251820931,Final_Activation,Rana Bus,Amanpreet Singh,9592480006,Punjab,Gurdaspur,PB06N9767,Nitin Kumar Yadav,83,196,229,241,188,215,236,212,216,232,242,195,189,250,0,0,261,0,186,186,0,200,122,161,161,155,183,174,136,173,Active
"August 1, 2025",f1cf4138-06b7-4455-8496-7b9107a7ba13,2840888970,Final_Activation,NEW PATIALA BUS,AMRINDER SINGH LIBRA,9988600702,Punjab,Fatehgarh Sahib,PB23T8889,Gagandeep Singh,0,0,0,0,0,2,132,140,136,122,0,0,0,0,55,128,113,149,126,123,23,124,57,45,131,116,128,170,112,118,Orange
"August 1, 2025",a5a09f50-058a-482a-842c-5b171f4e7688,2841287115,Final_Activation,NEW PATIALA BUS,AMRINDER SINGH LIBRA,9988600702,Punjab,Fatehgarh Sahib,PB10FV2389,Gagandeep Singh,72,156,149,88,0,0,0,0,0,0,0,0,0,0,0,0,0,0,0,0,0,0,0,0,0,0,0,0,0,0,Active
"August 1, 2025",93cdefc0-9010-46cf-95c8-e4067928a18f,2840972593,Final_Activation,NEW PATIALA BUS,AMRINDER SINGH LIBRA,9988600702,Punjab,Fatehgarh Sahib,PB10FV6489,Gagandeep Singh,0,36,143,148,119,159,173,176,114,151,24,127,124,178,203,176,190,175,113,137,0,22,162,156,186,161,148,0,0,0,Active
"August 1, 2025",7c61b431-7432-4940-af45-6f4bb3aaf456,2840932316,Final_Activation,NEW PATIALA BUS,AMRINDER SINGH LIBRA,9988600702,Punjab,Fatehgarh Sahib,PB10FV6389,Gagandeep Singh,0,0,114,171,168,139,103,147,138,153,128,86,148,137,156,91,171,185,88,172,112,147,165,173,179,136,186,156,184,139,Active
"August 1, 2025",cadb6e74-5827-4a02-9bbe-a1ded51e0b13,TJ75251920302,Final_Activation,NEW PATIALA BUS,AMRINDER SINGH LIBRA,9988600702,Punjab,Fatehgarh Sahib,PB11CJ3689,Gagandeep Singh,55,222,194,211,158,91,166,199,241,207,176,36,145,212,182,208,187,166,107,175,143,169,194,170,208,129,177,193,180,192,Active
"August 1, 2025",0a29319a-4f1e-4f2e-a1b7-fa3b8512a7b8,2841033227,Final_Activation,NEW PATIALA BUS,AMRINDER SINGH LIBRA,9988600702,Punjab,Fatehgarh Sahib,PB23T2489,Gagandeep Singh,0,96,96,119,67,90,37,61,76,73,95,94,98,73,77,98,92,89,82,79,51,0,100,4,54,99,0,72,68,100,Active
"August 1, 2025",c24dd591-759a-45ea-8e0b-d0905846d666,2840781004,Final_Activation,Bhati Trevals,Surya Prakash,9587511607,Rajasthan,Rawatsar,RJ10PA9177,Dummy Rajasthan,0,0,0,0,0,0,0,0,0,0,0,0,0,0,0,0,0,0,0,0,0,0,0,0,0,0,0,0,0,0,Red
"August 1, 2025",969c2034-6dea-4f8f-85ba-f59dff22276e,2840972587,Final_Activation,NEW PATIALA BUS,AMRINDER SINGH LIBRA,9988600702,Punjab,Fatehgarh Sahib,PB23T1489,Gagandeep Singh,83,207,178,158,163,173,164,149,146,152,166,142,166,168,137,159,204,197,183,179,148,162,132,38,160,116,137,148,139,143,Active
"August 1, 2025",b3e65fa9-bf18-41e2-9788-d272cecadd48,2840932320,Final_Activation,NEW PATIALA BUS,AMRINDER SINGH LIBRA,9988600702,Punjab,Fatehgarh Sahib,PB10FV2289,Gagandeep Singh,0,0,0,88,47,152,71,0,0,0,0,0,0,0,0,0,177,186,150,146,162,0,90,129,0,117,78,69,159,199,Active
"July 31, 2025",0a5159a8-c7dd-49c7-99f3-2b5c678ab559,TJ75251820581,Final_Activation,NEW PATIALA BUS,AMRINDER SINGH LIBRA,9988600702,Punjab,Fatehgarh Sahib,PB23T2689,Gagandeep Singh,0,118,83,49,126,123,105,103,83,111,142,114,133,108,126,102,114,128,134,121,126,108,137,108,152,52,120,142,119,109,Active
"July 31, 2025",59a711bd-c40a-4bd4-9e00-5a9d8e74ed79,TJ75251721400,Final_Activation,NEW PATIALA BUS,AMRINDER SINGH LIBRA,9988600702,Punjab,Fatehgarh Sahib,PB23T2589,Gagandeep Singh,63,214,206,203,171,204,222,193,255,190,207,187,254,199,194,246,222,220,216,155,233,177,155,186,252,121,203,272,146,226,Active
"July 31, 2025",da201468-08c2-48a3-b9a7-a62965cb25f5,TJ7524BL20086,Final_Activation,K.P. Khaira,Kuldeep Kaur Khaira,9452373247,Uttar Pradesh,Bhira Kheri,UP31T2267,Dummy Uttar Pradesh,0,0,0,0,0,0,0,0,0,0,0,0,0,0,0,0,0,0,0,0,0,0,0,0,0,0,0,0,0,0,Red
"July 31, 2025",7ccc31b4-56ee-40d9-8d2a-dca6b25c2223,2840974090,Final_Activation,New Shivam Bus Service,Sohan Lal,8278705143,Himachal Pradesh,Mandi,HP65A1777,Vinay kumar,0,0,0,0,0,0,0,0,0,0,0,0,0,0,0,0,0,0,0,0,0,0,0,0,0,0,0,0,0,0,Red
"July 31, 2025",0398b6dc-8639-4dc8-96f0-d45041fad65c,TJ7524BK20510,Final_Activation,JBKNT BUS SERVICE,Manoj Kumar,9671405500,Haryana,mahendergarh,HR66C5555,Amit Kumar,0,0,0,0,0,0,0,0,0,0,0,0,0,0,0,0,0,0,0,0,0,0,0,0,0,0,0,0,0,0,Red
"July 29, 2025",3080d2ec-a04a-4ecf-9e8e-a2afc259ff2c,TJ75252Q20685,Final_Activation,CHHABRA BUS SERVICE,Ankit Chhabra,9794885555,Uttar Pradesh,Jhansi,UP93ET0685,Dummy Uttar Pradesh,124,216,157,151,183,142,138,155,328,236,286,150,167,143,142,180,75,119,180,150,112,97,112,100,171,160,95,135,148,159,Active
"July 29, 2025",b7ea8d6a-e8ab-4668-9ebc-4c8e531074f3,TJ75252U20520,Final_Activation,Lok Parvahan,Rakesh Gurjar,8079039292,Rajasthan,Dholpur,RJ14PD3667,Dummy Rajasthan,0,0,0,0,0,0,0,0,0,0,0,0,0,0,0,0,0,0,0,0,0,0,0,0,0,0,0,0,0,0,Red
"July 29, 2025",2ecf1dbb-6597-4b10-b218-dcdba6d6b372,TJ75252U20421,Final_Activation,Amritpal,Amritpal,7742338822,Rajasthan,dantaur,RJ07PB7804,Rakesh,0,0,0,0,0,0,0,0,185,180,153,159,145,155,172,202,190,196,195,170,189,189,190,182,179,215,151,137,0,59,Orange
"July 29, 2025",82decfcc-63b9-49a1-b936-be5bd4c4f5c6,TJ75251820498,Final_Activation,Deepti Singh Travels,RAM VEER SINGH,8953652509,Uttar Pradesh,Jalaun,UP92AT1075,Sayyed Mohd. Belal,0,0,0,0,0,0,0,0,0,0,0,0,0,0,0,0,0,0,0,0,0,0,0,0,0,0,0,0,0,0,Red
"July 29, 2025",23888234-76e8-493e-90dd-023792e3452d,TJ7524B421573,Final_Activation,Hawa Singh,Hawa Singh,9729940077,Haryana,Kaithal,HR64A4478,Yudhveer Singh,0,238,277,161,0,184,180,214,0,294,322,0,321,271,233,212,294,371,208,225,330,95,194,200,284,276,247,278,303,291,Active
"July 29, 2025",7601995b-7004-42ed-a547-07584b6dffce,2841887430,Final_Activation,Chudishwar,Sachin Kapoor,9816365655,Himachal Pradesh,Sirmaur,HP17B3955,Dummy HImachal Pradesh,0,142,145,168,0,21,178,150,186,149,183,0,175,155,195,160,165,204,0,150,165,154,165,146,169,0,152,165,161,144,Active
"July 28, 2025",b7c4acd4-6758-40c6-a4ae-8ee1fcfebfba,TJ7524BE21349,Final_Activation,Bala Ji Bus Service,Sanjeev Kumar Gadi,9416077999,Haryana,Sirsa,HR63C9427,Raman,0,79,195,185,233,225,251,248,231,320,343,175,208,183,242,219,262,249,129,143,264,164,143,218,236,0,0,0,62,163,Active
"July 28, 2025",6f7f2cec-c19b-4cc1-bee1-84bb050d8036,TJ7524BC21456,Final_Activation,Jhabber Bus Service,Swinder Virk,9812177710,Haryana,Sirsa,HR56B8718,Raman,85,234,284,331,295,218,254,280,261,310,280,258,297,300,361,285,325,362,217,207,306,250,243,274,255,261,293,266,290,309,Active
"July 28, 2025",2bff1fa1-b360-46f2-942a-9a6afd8f49f2,TJ75248H20499,Final_Activation,Bala Ji Bus Service,Sanjeev Kumar Gadi,9416077999,Haryana,Sirsa,HR62A4169,Raman,68,282,264,305,183,243,309,288,303,303,281,282,252,249,287,272,302,282,275,261,252,211,293,254,264,215,123,234,347,292,Active
"July 26, 2025",86635735-969d-4272-866b-d7d4ed9ed64e,TJ7524BF21055,Final_Activation,Madan Mohan,Madan Mohan,9785852561,Rajasthan,Dausa,RJ13PA6983,Dummy Rajasthan,0,61,140,140,80,58,44,89,65,61,127,26,15,144,78,82,132,83,129,88,51,51,53,120,113,53,53,102,108,0,Active
"July 26, 2025",93fe6619-3cb2-4e05-acfe-7f59d89e3e77,TJ75248K21273,Final_Activation,Dawat Bus,Mohammad Asgar Butt,9805323982,Himachal Pradesh,Chamba,HP731640,Karan Raina,0,0,0,0,0,0,0,0,0,0,0,0,0,0,0,0,7,5,1,54,32,0,0,41,74,91,90,57,70,32,Red
"July 26, 2025",8b5a4b19-61cb-4fc6-842a-d623bd0d9e9d,TJ75251620338,Final_Activation,Shri Paonta Sahib Highway,Balvinder Singh,9805505959,Himachal Pradesh,Sirmaur,HP62B2159,Arun pundir,0,117,152,96,8,97,153,0,131,146,138,90,95,124,148,162,153,146,97,102,132,117,105,108,69,0,52,124,119,170,Active
"July 26, 2025",9a7ec63d-40dc-41d3-9887-801a2812d3c4,TJ75251720585,Final_Activation,Jagat Bus Service,Jagat Ram,8091753300,Himachal Pradesh,Bilaspur,HP69A1475,Harish Verma,57,29,130,104,134,90,98,82,73,87,50,119,134,89,93,68,63,42,119,89,80,65,62,99,38,71,63,69,0,16,Active
"July 26, 2025",30385894-42ac-43c0-b213-29b3b8f91dae,2840932289,Final_Activation,GAHARWAR BUS SERVICE,CHHATRAPAL SINGH GAHARWAR,9425889483,Madhya Pradesh,Anuppur,MP18P0409,Dummy Madhya Pradesh,0,0,0,0,0,0,0,0,0,0,0,0,0,0,0,0,0,0,0,0,0,0,0,0,0,0,0,0,0,0,Red
"July 26, 2025",51959d43-27eb-4edb-9214-b4c3c7aa68c0,TJ7524BE21408,Final_Activation,Shankar Travels,Nitesh Sharma,8544734781,Himachal Pradesh,Sirmaur,HP17F7755,Dummy HImachal Pradesh,20,148,146,121,146,147,149,169,121,120,168,113,112,124,103,148,192,0,0,82,172,144,151,136,196,0,80,93,118,122,Active
"July 26, 2025",b781ebf3-cbf3-494d-bc1c-620fdef9ad6c,2841591435,Final_Activation,Vijay Tour And Travels,Sandeep Singh,9928112135,Rajasthan,Ganganagar,RJ13PB0077,Manish Bathi,124,320,339,0,0,163,298,284,282,302,263,216,271,310,282,274,305,336,340,292,313,258,311,241,328,234,271,312,329,333,Active
"July 26, 2025",50dd35b5-4bda-4ec9-9507-c6bb8be5d17b,TJ75251420115,Final_Activation,Parmod Bus Service,Parmod Kumar,9694245030,Rajasthan,Hanumangarh,RJ10PA5736,Pawan Kumar,0,0,0,0,0,0,142,110,108,132,165,105,129,130,153,115,150,153,159,168,133,150,143,138,161,83,131,108,148,162,Orange
"July 26, 2025",8871a06a-457a-4ac3-872a-bb310a2e2cd9,TJ7524BC20362,Final_Activation,Choudhary Travels,Rakesh Kumar,8219672011,Himachal Pradesh,Paonta Sahib Sirmaur,HP17B6003,Sandeep Kumar,0,0,0,0,0,0,0,141,138,194,170,96,158,155,163,201,192,159,72,0,65,133,166,141,242,113,169,207,160,179,Orange
"July 25, 2025",cb366f5f-db3b-458e-b665-4e9d6a4f8e2b,2840972595,Final_Activation,Arsh Bus Service,Jaydeep Singh,8057633313,Uttarakhand,Bazpur,UK18PA0413,Arun Kumar,0,0,0,0,0,0,0,0,0,0,0,0,0,0,0,0,0,0,0,0,0,0,0,0,0,0,0,0,0,0,Red
"July 25, 2025",2e488405-efcc-406c-bf24-b0ae1a0b63ad,2841921636,Final_Activation,Harman Bus Service,Inder Singh,9803369400,Himachal Pradesh,Sh. Naina Devi,HP695713,Harish Verma,36,33,68,60,141,67,57,43,69,38,46,78,79,71,69,50,94,73,105,16,51,54,63,65,48,100,62,45,0,0,Active
"July 25, 2025",96fe3353-6263-4869-90c7-94084fa31702,2841027756,Final_Activation,Shyam Tour & Travels,JAGDISH GUJAR,9929131826,Rajasthan,jaipur,RJ13PA6984,Dummy Rajasthan,0,112,82,59,104,114,27,9,28,93,118,101,113,127,113,109,135,99,111,0,0,0,0,0,110,110,149,0,114,121,Active
"July 25, 2025",b8228f9d-0203-4c39-a349-0e47430f9042,TJ75251820889,Final_Activation,धुंधवाल ट्रेवल्स,Dilawar Singh,9660207321,Rajasthan,Hanuman Garh,RJ49PA0759,Dummy Rajasthan,75,138,112,150,68,130,100,113,137,0,0,98,110,0,0,118,130,155,93,0,132,98,99,128,129,71,106,125,126,130,Active
"July 25, 2025",5efa5d47-e506-4ff1-a9cf-b60d2e5aa1dc,2841779993,Final_Activation,Hardyal Singh Gill,Hardyal Singh Gill,9700007631,Punjab,Moga,PB10FV2008,Rajiv Kumar,0,86,169,146,130,142,169,118,108,132,149,102,190,170,0,348,162,146,164,145,147,120,127,118,167,114,0,310,190,130,Active
"July 25, 2025",6b9b2162-9ead-4114-8e70-4453b058f962,2840960861,Final_Activation,Kaushal Bus Service,Anish Kaushal,9418088248,Himachal Pradesh,Naina Devi,HP69A4800,Harish Verma,31,0,24,123,27,153,97,111,72,88,76,114,129,123,0,89,100,105,129,0,0,0,58,76,70,79,50,0,0,0,Active
"July 25, 2025",72161af8-efab-4bed-bc44-411f2ff3b32f,TJ75248K20593,Final_Activation,Abhay Bus Service,Rajender Singh Chandel,7876436077,Himachal Pradesh,Ghumarwin,HP696019,Rahul Kumar Uppal,0,0,0,0,0,0,0,0,0,0,0,0,0,0,0,0,0,0,0,0,0,0,0,0,0,0,0,0,0,0,Red
"July 25, 2025",32c10af7-ce0e-4c4a-9881-4747d9484c57,TJ75251622072,Final_Activation,Shekhawat Travels,Narayan Singh,9680531656,Rajasthan,Bikaner,RJ07PA6177,Rakesh,0,0,0,0,91,203,209,193,217,229,224,69,185,174,214,207,201,235,173,190,223,66,189,191,234,197,186,234,201,189,Yellow
"July 25, 2025",67e71305-44c6-4e09-a261-58bfc6a9dbf7,TJ75251622036,Final_Activation,धुंधवाल ट्रेवल्स,Dilawar Singh,9660207321,Rajasthan,Hanuman Garh,RJ49PA0797,Dummy Rajasthan,89,85,145,84,74,78,204,92,161,46,158,55,125,83,150,82,199,57,121,85,147,85,172,86,147,66,151,79,160,90,Active
"July 25, 2025",2c042755-1c80-44a8-b687-dae4455f3bc9,TJ7524BK20433,Final_Activation,धुंधवाल ट्रेवल्स,Dilawar Singh,9660207321,Rajasthan,Hanuman Garh,RJ49PA1265,Dummy Rajasthan,174,288,258,256,207,188,0,303,42,249,267,204,239,204,256,277,311,276,199,219,230,151,266,264,280,199,264,235,293,309,Active
"July 25, 2025",457b754e-1f45-422d-8e9b-fb2c1f5cd94d,2840969971,Final_Activation,BHATT TRAVEL,SANJAY KUMAR BHATT,9584732393,Madhya Pradesh,Anuppur,MP65P0229,Dummy Madhya Pradesh,0,0,0,0,0,0,0,0,0,0,0,0,0,0,0,0,0,0,0,0,0,10,0,29,153,105,159,162,206,179,Red
"July 25, 2025",09ca33cd-74cc-4d56-b6a1-8bd19796995d,2842138343,Final_Activation,G.S Sodha Travels,Nepal Singh,9460128024,Rajasthan,Kanana,RJ19PB7536,Chuna Ram,0,88,75,77,85,72,83,88,56,80,78,88,65,100,80,99,91,86,52,81,4,0,0,6,0,0,0,0,0,0,Active
"July 25, 2025",b4244dbb-cd04-4d89-88d7-775ffc89df85,2840973957,Final_Activation,Hardyal Singh Gill,Hardyal Singh Gill,9700007631,Punjab,Moga,PB13BM2885,Rajiv Kumar,0,237,272,269,261,219,291,358,387,220,339,268,262,308,286,276,233,198,276,201,267,240,179,242,234,169,244,272,280,283,Active
"July 24, 2025",85f90ec6-f617-4c4e-afe6-68003c3651be,TJ7524B920107,Final_Activation,Rana Bus,Amanpreet Singh,9592480006,Punjab,Gurdaspur,PB06V2569,Nitin Kumar Yadav,0,0,0,0,0,0,0,0,0,0,0,0,222,0,209,220,0,247,159,0,204,184,164,0,189,181,83,171,173,120,Red
"July 24, 2025",7a27c205-2128-453a-8c23-4c7c6145538c,TJ7524B421325,Final_Activation,Ashoka Travels,Ashok Sood,9816801365,Himachal Pradesh,Solan,HP643695,Sandeep Kumar,0,291,293,241,183,210,279,324,263,294,229,218,310,237,240,318,292,324,167,162,212,203,199,225,316,221,220,310,280,168,Active
"July 24, 2025",e0f798c3-3639-480e-ac16-0c96fd1c48f6,TJ75251A20133,Final_Activation,Parmod Bus Service,Parmod Kumar,9694245030,Rajasthan,Hanumangarh,RJ10PA5637,Pawan Kumar,0,115,113,127,96,114,125,127,116,134,142,90,101,135,132,127,137,0,0,0,0,0,0,0,33,30,0,94,96,48,Active
"July 24, 2025",111790cb-354e-4a07-8434-a7921cbe60e2,2841030095,Final_Activation,Thakur Bus Service,Jagdish Thakur,9816637543,Himachal Pradesh,Shimla,HP06A1551,Nitin Kumar,0,137,131,161,0,145,165,91,100,140,162,131,156,137,132,107,129,111,97,125,107,116,130,75,128,174,121,90,108,102,Active
"July 24, 2025",812e3ecc-850d-42bb-bb81-bdd0688226b5,TJ75251A20030,Final_Activation,Parmod Bus Service,Parmod Kumar,9694245030,Rajasthan,Hanumangarh,RJ10PA5638,Pawan Kumar,0,0,0,0,0,0,0,0,0,0,0,0,0,0,0,0,0,0,0,0,0,0,0,0,0,0,0,0,0,0,Red
"July 24, 2025",ce536403-c0de-42ec-b21e-76729cc848bc,TJ75251920859,Final_Activation,Parmod Bus Service,Parmod Kumar,9694245030,Rajasthan,Hanumangarh,RJ18PA4739,Pawan Kumar,0,0,0,0,0,0,0,0,0,0,0,0,0,0,0,0,0,0,0,0,0,0,0,0,0,0,0,0,0,0,Red
"July 24, 2025",960677ca-eae7-488d-bd31-54116365d97f,TJ75251820638,Final_Activation,SKT,Chander Mohan,9816015285,Himachal Pradesh,Solan,HP62A2167,Nitin Kumar,0,0,0,0,0,0,0,0,0,0,0,0,0,0,0,0,0,0,0,0,0,0,0,0,0,0,0,0,0,0,Red
"July 24, 2025",9043e4db-d269-48af-b5c0-8d8c488375c8,TJ75251821247,Final_Activation,Parmod Bus Service,Parmod Kumar,9694245030,Rajasthan,Hanumangarh,RJ10PA9094,Pawan Kumar,0,0,0,0,0,0,0,0,0,0,0,0,0,0,0,0,0,0,0,0,0,0,0,0,0,0,0,0,0,0,Red
"July 24, 2025",bb033c9d-38fb-4b55-978a-58d7b6133521,TJ75251620944,Final_Activation,Safar Dinesh Travels,Dinesh Kumar Singh,9918521662,Uttar Pradesh,Banda,UP90BT4476,Ajay singh,0,0,0,0,0,0,0,0,0,0,0,0,0,0,0,0,0,0,0,0,0,0,0,0,0,0,0,0,0,0,Red
"July 24, 2025",23639577-d84c-4376-a371-463b3e762897,TJ75251622395,Final_Activation,Jai Mallinath Travels,Jai Mallinath Travels,8290721291,Rajasthan,Barmer,RJ22PA9797,Chuna Ram,0,0,0,0,0,0,0,0,0,0,0,0,0,0,0,0,0,0,0,0,0,0,0,0,0,0,0,0,0,0,Red
"July 23, 2025",bf863f20-47e3-4807-a30b-f90871eaa24b,TJ75248C21042,Final_Activation,Rana Bus,Amanpreet Singh,9592480006,Punjab,Gurdaspur,PB08T4911,Nitin Kumar Yadav,95,211,213,242,175,0,228,230,219,230,237,170,0,238,226,244,221,252,0,226,184,0,156,151,111,0,173,124,150,179,Active
"July 23, 2025",896c4541-e830-4a63-b202-99a2e8e50ad6,TJ7524BE22264,Final_Activation,MRL,Ravinder Kumar,9805745000,Himachal Pradesh,solan,HP64C5531,Nitin Kumar,0,0,0,0,0,0,0,0,0,0,0,0,0,0,0,0,0,0,0,0,0,0,0,0,0,0,0,0,0,0,Red
"July 22, 2025",f36db1c9-a3c2-48da-96c5-b4a5ddd76d5b,TJ75248K20687,Final_Activation,Bal Majitha Transport,Manpreet Singh,9464119107,Punjab,majitha,PB46F9604,Nitin Kumar Yadav,72,252,263,320,259,255,63,211,246,216,304,247,0,269,259,250,257,270,249,224,328,228,232,181,127,0,201,251,333,305,Active
"July 22, 2025",7d7e684f-6de9-4097-8469-64db5a6cc041,TJ7524BD21863,Final_Activation,Paris Bus Service,Vinod,9541310029,Haryana,Hisar,RJ10PA6096,amitkumar,112,120,155,177,126,0,131,189,119,150,135,115,131,149,148,133,135,138,142,139,142,116,80,50,92,124,105,134,107,125,Active
"July 22, 2025",53014ca7-f400-4fe4-b31d-1c081f91728c,PTJ75252P21371_440,Final_Activation,Thakur Bus Service,Virender Thakur,9418931000,Himachal Pradesh,Hamirpur,HP67A5431,Mohan,0,0,0,0,0,0,0,0,0,0,0,0,0,0,0,0,0,0,0,0,0,0,0,0,0,0,0,0,0,0,Red
"July 22, 2025",51cf1290-0576-4d54-a6b9-de1b23c9effb,2840807587,Final_Activation,Ajrana Express,Sushil Kumar,9671999200,Haryana,Sahbad,HR65A3158,Dummy Haryana,176,424,521,466,313,434,407,471,461,418,474,352,480,438,510,562,452,594,409,451,682,448,278,550,430,263,493,441,552,466,Active
"July 22, 2025",0deb2c1e-4a93-4ca8-8c5c-0de5e38fd326,TJ75251720795,Final_Activation,JBKNT BUS SERVICE,Manoj Kumar,9671405500,Haryana,mahendergarh,HR66C6614,Amit Kumar,0,0,0,0,0,0,0,0,0,0,0,0,0,0,0,0,0,0,0,0,0,0,0,0,0,0,0,0,0,0,Red
"July 21, 2025",d8bdacd0-93a1-4616-818a-7e39c56ee632,TJ7524BK20427,Final_Activation,Mohit Kochar,Mohit Kochar,7611990988,Rajasthan,Ganganagar,RJ13PA8703,Arshdeep Singh,83,166,166,188,182,140,135,168,150,148,174,158,127,142,192,42,0,0,0,0,0,0,0,0,0,0,0,0,0,0,Active
"July 21, 2025",5642c990-abdf-47b2-930f-1f55683752c9,TJ75248320048,Final_Activation,Jagtora Bus,Ankush Choudhary,9817372107,Himachal Pradesh,Dadasahib,HP36G0411,Mohan,0,0,0,0,0,0,0,0,0,0,0,0,0,0,0,0,0,0,0,0,0,0,0,0,0,0,0,0,0,0,Red
"July 21, 2025",1973b4a5-5597-452f-b10b-626dc9c03f4c,1494611831,Final_Activation,Vineet Pandey,Vineet Pandey,9213093608,Uttar Pradesh,Noida,AR20B5004,Dummy Uttar Pradesh,0,0,0,48,55,30,49,55,42,35,36,39,35,54,33,50,37,53,37,44,36,48,33,41,52,47,32,47,27,44,Active
"July 20, 2025",30d67211-682a-47a2-95c2-e4292ab82333,1493876234,Final_Activation,Yadav Bus Service,Monu yadav,9166859743,Rajasthan,Alwar,RJ32PA2782,Dummy Rajasthan,0,0,0,0,0,0,0,0,0,0,0,0,0,0,0,0,3,0,0,60,64,42,94,112,35,0,0,0,0,0,Red
"July 19, 2025",95ab138f-7721-4e0a-9b2d-fbffb6f054f5,2840812439,Final_Activation,Friends Bus Service,Abhijeet Singh,9872606511,Punjab,Mansa,PB03BQ3511,Surinder Singh,0,0,0,0,0,0,0,0,0,0,0,0,0,0,0,0,0,0,0,0,0,0,0,0,0,0,0,0,0,0,Red
"July 18, 2025",cd9f3b68-33c4-4863-9765-2a8d1fc8f3ae,TJ75248L20335,Final_Activation,Thaskameeraji Co Op Tpt,Sushil Kumar,9729501772,Haryana,kurukshetra,HR65A3674,Dummy Haryana,131,481,480,597,438,375,498,478,485,530,463,309,429,525,508,445,567,579,376,449,472,395,472,378,480,340,452,444,509,452,Active
"July 18, 2025",c5f5570d-5e4d-462d-bb3f-02538167880a,TJ7524BC21839,Final_Activation,Sukhdev Bus Service,RAJ KUMAR,8219149622,Himachal Pradesh,Kullu,HP66B7222,Dummy HImachal Pradesh,0,0,0,0,0,0,0,0,0,0,0,0,0,0,0,0,0,0,0,0,0,0,0,0,0,0,0,0,0,0,Red
"July 18, 2025",7e69f0b3-8842-4788-88e1-d5fbd95bcff0,TJ75248D20593,Final_Activation,Honey Bus,Vinay Sharma,9805768120,Himachal Pradesh,Kangra,HP67A1389,Dummy HImachal Pradesh,30,0,0,0,0,0,143,75,217,63,0,0,76,198,110,187,116,0,0,156,161,87,24,94,185,0,87,182,0,98,Orange
"July 18, 2025",4e0c84ea-5c66-40a7-9e6f-1158d5bac3e9,2841027597,Final_Activation,VTC Transport,Virender Singh,9418045007,Himachal Pradesh,Kullu,HP662007,Rahul Kumar Uppal,52,196,213,191,0,210,0,0,0,197,241,0,159,200,160,171,182,193,180,194,199,157,231,235,0,0,0,0,0,0,Active
"July 18, 2025",5e30a4cc-d412-4958-bb2d-cf295eca664e,TJ7524BE22262,Final_Activation,Suraj Travels,Mahesh Kumar Tripathi,8826963600,Uttar Pradesh,Banda,UP90BT0890,Vishnu Dixit,0,0,0,0,0,0,0,0,0,0,0,0,0,0,0,0,0,0,0,0,0,0,0,0,0,0,0,0,0,0,Red
"July 18, 2025",781f7a30-0354-4a1a-8195-24e580e4c37c,TJ7524B421152,Final_Activation,Sukhdev Bus Service,RAJ KUMAR,8219149622,Himachal Pradesh,Kullu,HP49A1222,Dummy HImachal Pradesh,0,0,0,0,0,0,0,0,0,0,0,0,0,0,0,0,0,0,0,0,0,0,0,0,0,0,0,0,0,0,Red
"July 18, 2025",9bf1221b-4eb4-4829-aba3-ed695c347427,2841738723,Final_Activation,Honey Bus,Vinay Sharma,9805768120,Himachal Pradesh,Kangra,HP684386,Dummy HImachal Pradesh,21,188,179,251,0,163,83,24,68,228,0,0,207,81,155,0,99,231,0,0,0,0,188,38,58,0,196,94,192,97,Active
"July 18, 2025",7f3c80f5-becc-45d7-bdf2-0bf3ad48b0df,TJ7524BK21968,Final_Activation,Bobby Bus Service,Parbhat Singh Chandel,9418145409,Himachal Pradesh,Bilaspur,HP67A0749,Harish Verma,28,85,102,119,67,96,110,97,101,99,120,64,81,88,92,99,88,112,65,81,97,73,102,98,106,51,104,102,77,104,Active
"July 18, 2025",f2ed42eb-09bf-466c-9cc3-a9d3085913a0,2840778316,Final_Activation,Sukhchain Bus Service,Gamdur Singh,9478459000,Punjab,MANSA,PB31L9968,Dummy Punjab,36,234,221,121,157,204,217,227,227,212,224,159,212,206,294,246,266,233,139,151,186,189,172,180,203,112,238,158,221,224,Active
"July 18, 2025",e66eb6ca-2c6c-4f4e-b3d1-1a5487e43544,2840783569,Final_Activation,Sukhchain Bus Service,Gamdur Singh,9478459000,Punjab,MANSA,PB31P1788,Dummy Punjab,108,121,121,302,160,205,217,217,211,215,214,0,110,135,164,145,156,166,175,191,219,142,207,147,277,174,213,0,166,264,Active
"July 17, 2025",da7b9473-ae75-4fd4-b830-c3c0074ef939,2841287102,Final_Activation,Maja Bus,Jagtar Singh,9855876738,Punjab,Tarn Taran,PB11BA7695,Dummy Punjab,55,213,216,294,258,195,219,251,280,274,221,79,109,0,0,0,0,39,0,18,0,30,0,231,323,303,305,292,302,285,Active
"July 17, 2025",247c2c1a-5929-4949-bc1d-1281bbf335ca,2841285450,Final_Activation,Kashyap bus service,Baljeet Kashyap,9218511175,Himachal Pradesh,Bilaspur,HP23D5407,Rahul Kumar Uppal,29,94,129,122,0,121,127,105,81,131,134,73,128,144,124,134,96,22,0,0,20,17,0,49,0,0,8,0,18,16,Active
"July 17, 2025",b120bd5d-9102-4266-b20b-db006cb71c9b,TJ7524B420124,Final_Activation,Asiatic Tpt. Service P Ltd,Talvinder Singh,9418014979,Himachal Pradesh,Chamba,HP737584,Dummy HImachal Pradesh,0,0,0,0,0,0,0,0,0,0,0,0,0,0,0,0,0,0,0,0,0,0,0,0,0,0,114,123,122,143,Red
"July 17, 2025",c410fc7a-9a8b-4697-83e4-3bd6b9267638,2841512872,Final_Activation,Hardyal Singh Gill,Hardyal Singh Gill,9700007631,Punjab,Moga,PB10GK4499,Rajiv Kumar,0,0,351,245,388,217,416,278,468,391,322,233,407,229,463,261,507,402,277,366,279,386,280,360,228,386,437,254,492,241,Active
"July 15, 2025",813b1966-a830-49fa-88de-4a6bec694aa7,TJ75253L21926,Final_Activation,Rishi Co. Op Tpt,Prince,9518605219,Haryana,Yamuna Nagar,HR58B2324,Dummy Haryana,132,346,403,361,270,314,357,265,319,363,346,266,290,371,345,321,355,395,221,309,292,316,295,351,384,245,264,281,324,364,Active
"July 15, 2025",1f9f98fe-918f-4300-8091-4a2669bd89fa,2841026579,Final_Activation,54 Bus Owner'S Association,Pradeep Gupta,9837840452,Uttarakhand,Sitarganj Udham Singh nagar,UK12PA0031,Arun Kumar,0,0,0,0,0,0,0,0,0,0,0,0,0,0,0,0,0,0,0,0,0,0,0,0,0,0,0,0,0,0,Red
"July 15, 2025",bcdabe03-8a7c-440a-b8f6-568768c9c158,2841738740,Final_Activation,Maja Bus,Jagtar Singh,9855876738,Punjab,Tarn Taran,PB02BJ9461,Dummy Punjab,90,383,343,398,368,314,364,341,399,417,388,382,247,347,358,402,354,414,413,336,339,305,340,274,354,435,341,403,361,387,Active
"July 15, 2025",71935fdc-b20c-4097-b1b7-0be4bab2356d,2841026568,Final_Activation,54 Bus Owner Association,Geeta Rathour,8126903392,Uttarakhand,Udham Singh Nagar,UK03PA0122,Mr Golu Lal,0,0,0,0,0,0,0,0,0,0,0,0,0,0,0,0,0,0,0,0,0,0,0,0,0,0,0,0,0,0,Red
"July 15, 2025",e9565abb-523b-4847-9ff0-2f0ffefead75,2841027598,Final_Activation,Narayan ji,Narayan ji,9602618009,Rajasthan,Jaipur,RJ14PG0065,Rakesh,0,0,0,0,0,0,0,0,0,0,0,0,0,0,0,0,0,0,0,0,0,0,0,0,0,0,0,0,0,0,Red
"July 15, 2025",dd5cd59b-655d-46ed-9e72-7ed292c807db,2840972594,Final_Activation,54 BUS OWNER'S ASSOCIATION,Anshu Gupta,7505852443,Uttarakhand,Udham Singh Nagar,UK06PA1469,Arun Kumar,0,0,0,0,0,0,0,0,0,0,0,0,0,0,0,0,0,0,0,0,0,0,0,0,0,0,0,0,0,0,Red
"July 15, 2025",31395b30-51e9-42d0-8fad-7b4378161f3b,2841026566,Final_Activation,Jonsingh Meena,Jonsingh Meena,9414160571,Rajasthan,Sawai Madhopur,RJ25PA4319,Dummy Rajasthan,0,0,0,0,0,0,0,0,0,0,0,0,0,0,0,0,0,0,0,0,0,0,0,0,0,0,0,0,0,0,Red
"July 15, 2025",d6591fc9-aee6-43bf-a61f-1579552225a4,2841026228,Final_Activation,54 BUS OWNER'S ASSOCIATION,Anshu Gupta,7505852443,Uttarakhand,Udham Singh Nagar,UK06PA1518,Arun Kumar,0,0,0,0,0,0,0,0,0,0,0,0,0,0,0,0,0,0,0,0,0,0,0,0,0,0,0,0,0,0,Red
"July 15, 2025",abf274cc-5570-4981-a60d-07e2d3a550d7,TJ75253M20072,Final_Activation,Manpreet Bus,Manpreet Singh,7347263404,Punjab,Gurdaspur,PB06V0167,Dummy Punjab,0,0,0,0,0,0,0,0,0,0,0,0,0,0,0,0,0,0,0,0,0,0,0,0,0,0,0,0,0,0,Red
"July 15, 2025",ad84d592-3356-4460-ad4a-3a842d2ca385,2841025504,Final_Activation,54 Bus Owner'S Association,Pradeep Gupta,9837840452,Uttarakhand,Sitarganj Udham Singh nagar,UK06PA1508,Arun Kumar,0,0,0,0,0,0,0,0,0,0,0,0,0,0,0,0,0,0,0,0,0,0,0,0,0,0,0,0,0,0,Red
"July 15, 2025",b529455b-1fc7-4b95-9a7d-7a3b27da8f9d,2841027755,Final_Activation,Narayan ji,Narayan ji,9602618009,Rajasthan,Jaipur,RJ14PE0825,Rakesh,0,0,0,0,0,0,0,0,0,0,0,0,0,0,0,0,0,0,0,0,0,0,27,87,109,104,79,97,93,103,Red
"July 14, 2025",bc92ebae-2cbb-40dd-b136-5ab478e6a0fb,2841011461,Final_Activation,Ashu Bus,Arvind Singh,8091727532,Himachal Pradesh,Sirmaur,HP17B4707,Nitin Kumar,64,158,197,219,163,152,176,161,179,190,149,0,64,165,90,0,22,155,123,159,54,0,82,136,220,117,189,199,162,168,Active
"July 14, 2025",0da16207-5be0-42d7-9463-03143fc9dfdd,2840872592,Final_Activation,Prashar Bus Service,Nitin Prashar,9464595959,Punjab,Pathankot,PB06L0059,Dummy Punjab,0,0,0,0,0,0,0,0,0,0,0,0,0,0,0,0,0,0,0,0,0,0,0,0,0,0,0,0,0,0,Red
"July 14, 2025",692be0d1-277b-4e40-bc9f-861b1201884a,2840886236,Final_Activation,Rana Bus,Kalroop Singh,9780000377,Punjab,Gurdaspur,PB03R4865,Nitin Kumar Yadav,108,299,327,362,255,289,330,308,322,287,342,219,286,305,295,321,313,348,260,298,332,278,355,244,394,247,339,381,403,391,Active
"July 14, 2025",f86e8168-3f5a-4008-bf85-0aaeb5430e99,2841006765,Final_Activation,Kadri Coach,Rizwan Ali,8219303834,Himachal Pradesh,Paonta sahib,HP17J7086,Nitin Kumar,67,144,162,161,34,207,155,161,125,193,166,36,167,157,116,205,252,152,0,181,202,0,158,42,208,0,264,189,253,224,Active
"July 14, 2025",72ca68aa-d9c8-4e9a-9d0c-3cc803c1fefd,2840776744,Final_Activation,Hardyal Singh Gill,Hardyal Singh Gill,9700007631,Punjab,Moga,PB22K4492,Rajiv Kumar,31,176,0,205,160,173,178,172,207,154,185,200,195,190,200,235,196,171,210,210,177,201,184,173,171,175,165,169,200,236,Active
"July 14, 2025",060f262e-b269-42a3-bf98-beffef000235,2840972588,Final_Activation,Suresh Kanwar,Suresh Kanwar,8503949805,Rajasthan,Dungargarh,MP41ZH5262,Manish Bathi,28,31,20,31,24,0,0,0,0,0,0,0,0,24,25,17,22,23,38,30,36,42,31,31,31,26,34,25,29,22,Active
"July 14, 2025",0379c295-3020-4ee3-925f-3ea582540ac2,2841887876,Final_Activation,Shekhawat Travels,Vikaram Singh Shekhawat,8384991549,Rajasthan,Bikaner,RJ13PA9501,Rakesh,80,256,305,255,103,238,263,233,271,250,283,80,259,242,248,229,284,242,237,292,274,201,246,241,251,118,220,254,287,224,Active
"July 14, 2025",0ce228ed-6051-42f2-b682-3dc3f90052df,2840972598,Final_Activation,Beniwal Travels,Harish Kumar,9116495050,Rajasthan,Barmer,RJ04PA4545,Chuna Ram,0,0,0,0,0,0,0,0,0,0,0,0,0,0,0,0,0,0,0,0,0,0,0,0,0,0,0,0,0,0,Red
"July 13, 2025",4e6dfce7-6a30-42af-a7c8-ccc2676c3d38,2841905394,Final_Activation,Saini Bus Service,Kamal Kumar,8218193343,Himachal Pradesh,Sirmaur,HP722217,Dummy HImachal Pradesh,0,0,0,0,0,0,0,0,0,0,0,0,0,0,0,0,0,0,0,0,0,0,0,0,0,0,0,0,0,0,Red
"July 12, 2025",23326ee9-3ede-44af-9d5b-96ff238e90de,2841517843,Final_Activation,Hardyal Singh Gill,Hardyal Singh Gill,9700007631,Punjab,Moga,PB05AT9555,Rajiv Kumar,0,139,141,143,136,132,129,107,145,144,138,132,141,121,129,128,113,148,157,125,130,118,129,131,135,124,121,108,115,105,Active
"July 12, 2025",a0219d0d-cfab-4e56-bc10-96a05608962d,2841024100,Final_Activation,Radhika Bus Service,Rakesh Kumar,8261811004,Himachal Pradesh,Mandi,HP665780,Ajay Sharma,0,82,89,0,0,111,101,172,177,0,0,0,147,168,74,0,0,0,0,0,0,0,0,0,0,0,0,0,0,0,Active
"July 12, 2025",48774f8b-7452-4f24-b60b-a8e77a6f9cc8,P2841027594_460,Final_Activation,KHATRA BUS,GURPREET SINGH,8837508427,Punjab,Patiala,PB11CS3755,Gagandeep Singh,0,0,0,0,0,0,0,0,0,0,0,0,0,0,0,0,0,0,0,0,0,0,0,0,0,0,0,0,0,0,Red
"July 11, 2025",cb3f154e-6d9c-4a7e-92ac-fa15467455a1,2840696222,Final_Activation,Harjinder Bus,Harjinder Singh,7526840097,Punjab,Amritsar,PB02DF9897,Nitin Kumar Yadav,0,0,0,0,0,0,0,0,0,0,0,0,0,0,0,0,0,0,0,0,0,0,0,0,0,0,0,0,0,0,Red
"July 11, 2025",cd0666c1-edc5-41df-83ee-f06343ceec44,TJ75251720542,Final_Activation,Parmod Bus Service,Parmod Kumar,9694245030,Rajasthan,Hanumangarh,RJ31PA3158,Pawan Kumar,0,153,181,178,108,124,133,163,145,163,184,133,136,163,189,148,187,188,158,143,187,0,84,114,76,83,86,90,175,0,Active
"July 11, 2025",1a22a010-050d-4d25-bbee-410e7b324f47,2841016512,Final_Activation,Khushi Travels,Manoj Sisodiya,7722953981,Madhya Pradesh,Pagar,MP43ZH4654,Dummy Madhya Pradesh,0,113,95,0,0,94,112,90,111,122,117,111,131,139,115,117,112,0,0,0,0,0,0,0,0,0,0,0,0,0,Active
"July 11, 2025",d36aa1ea-f295-41c7-968f-ae4fdefa82c2,TJ75252K20035,Final_Activation,Parmod Bus Service,Parmod Kumar,9694245030,Rajasthan,Hanumangarh,RJ49PA1213,Pawan Kumar,27,97,87,108,88,0,79,86,74,98,0,0,65,0,89,89,93,121,81,90,99,111,80,22,0,0,20,0,0,0,Active
"July 11, 2025",351bd537-33a4-4316-b78a-5b6e3a40bc87,TJ75252H20884,Final_Activation,Suresh Kanwar,Suresh Kanwar,8503949805,Rajasthan,Dungargarh,RJ18PB3156,Manish Bathi,0,0,0,0,0,0,0,0,0,0,0,0,0,0,0,0,0,0,0,0,0,0,0,0,0,0,0,0,0,0,Red
"July 11, 2025",9da53b80-0ffc-48c8-9777-fd672d47e9bd,TJ75252G20388,Final_Activation,Parmod Bus Service,Parmod Kumar,9694245030,Rajasthan,Hanumangarh,RJ10PA9095,Pawan Kumar,52,129,0,0,0,48,171,172,99,145,180,115,111,175,175,109,137,154,84,149,113,109,137,94,173,42,131,190,201,183,Active
"July 10, 2025",e973f1c0-a37e-4580-8988-49fa2047632d,TJ75253L21626,Final_Activation,Piyer Bus,Dilderp Singh,6280407735,Punjab,Gurdaspur,PB06V5528,Nitin Kumar Yadav,79,242,237,290,107,138,293,272,277,125,285,207,197,274,252,298,302,249,265,219,161,153,239,187,158,316,223,273,317,317,Active
"July 10, 2025",fb8545d8-1513-4c6c-b425-0754ff5d8f03,2840697043,Final_Activation,Jagjit Singh,Jagjit Singh,9463467143,Punjab,Gurdaspur,,Sumit Sharma,0,0,0,0,0,0,0,0,0,0,0,0,0,0,0,0,0,0,0,0,0,0,0,0,0,0,0,0,0,0,Red
"July 9, 2025",e10bb1c3-bee7-4c03-83e5-68e0d8fb2050,1493369051,Final_Activation,Gautam Bus Service,Rakesh Kumar,9816023423,Himachal Pradesh,Bilaspur,HP69A3423,Rahul Kumar Uppal,0,0,0,0,0,0,0,0,0,0,0,0,0,0,0,0,0,0,0,0,0,0,0,0,0,0,0,0,0,0,Red
"July 9, 2025",b43f3271-6a53-4c7a-9bc7-296949b67e28,TJ75252H20460,Final_Activation,kamlesh,kamlesh,9928768456,Rajasthan,Ganagapura,RJ23PA8750,Dummy Rajasthan,0,170,190,174,174,168,143,161,149,160,159,163,168,184,120,109,125,92,120,113,120,111,110,124,108,112,112,123,140,171,Active
"July 9, 2025",165783d9-377a-4e76-9731-83676e89cf4d,2841005388,Final_Activation,Bobby Bus Service,Parbhat Singh Chandel,9418145409,Himachal Pradesh,Bilaspur,HP697049,Harish Verma,51,114,103,154,0,0,115,113,115,123,124,120,92,138,101,105,85,107,0,74,29,71,0,0,2,0,0,0,0,0,Active
"July 8, 2025",0645f36d-92c9-40ce-b665-a2ad91357fd9,2840688583,Final_Activation,Jagwinder aingh,Jagwinder Singh,9877339108,Punjab,Sangrur,PB13W8221,Surinder Singh,146,191,230,224,145,193,196,226,226,226,244,176,209,232,231,212,225,226,183,230,225,257,210,209,268,160,225,231,308,236,Active
"July 8, 2025",dc360060-c499-46f4-933c-625339d02fed,2841286204,Final_Activation,Jagwinder aingh,Jagwinder Singh,9877339108,Punjab,Sangrur,PB13V7821,Surinder Singh,114,261,258,298,225,269,267,245,255,268,282,226,290,257,287,272,278,299,210,279,263,218,271,231,281,197,235,270,256,283,Active
"July 8, 2025",1fc0a331-8d58-4770-bbda-c668f6c218c5,TJ75251521155,Final_Activation,Rathore Travels,Rajendra Singh,8890330190,Rajasthan,churu,RJ10PA5899,Rakesh,0,0,0,0,0,0,0,0,0,0,0,0,0,0,0,0,0,0,0,0,0,0,0,0,0,0,0,0,0,0,Red
"July 8, 2025",5f3e65a3-df63-4969-8ba4-57602e647502,TJ75251520479,Final_Activation,Pawan Kumar,Pawan Kumar,9587861501,Rajasthan,Hanuman Garh,RJ13PA5768,Arshdeep Singh,123,187,219,208,137,144,171,132,189,155,197,118,183,168,174,129,175,181,146,169,198,81,215,154,192,139,199,182,212,186,Active
"July 8, 2025",68c9adf0-6a75-4350-bbb3-8906e85259c6,2840817942,Final_Activation,Meena Travels,Ramkesh Meena,9783980055,Rajasthan,Lalsot,RJ09PA4871,Dummy Rajasthan,80,73,222,175,128,133,133,132,144,117,150,152,127,70,130,153,165,145,154,130,169,120,179,170,101,127,140,165,154,159,Active
"July 8, 2025",6671aae0-394c-4826-a949-a99d36e07bd0,2841006756,Final_Activation,Sandhu Bus Service,Lovepreet Singh,6280600788,Punjab,Muktsar,PB30L9441,Rajiv Kumar,40,135,175,144,130,159,156,108,162,120,132,0,183,139,184,115,166,149,154,0,193,141,131,0,0,0,0,343,0,180,Active
"July 8, 2025",dfbac04e-6bd1-4339-9801-52239f6a92e0,TJ75248220031,Final_Activation,Thakur Bus,Kailasho Devi,8219352131,Himachal Pradesh,Sultanpur,HP73A7527,Dummy HImachal Pradesh,0,0,0,0,0,0,0,0,0,0,0,0,0,0,0,0,0,0,0,0,0,0,0,0,0,0,0,0,0,1,Red
"July 8, 2025",2b96ca53-d3ed-4781-82a9-cfa36d259a07,TJ75253M22346,Final_Activation,Ajrana Express,Sushil Kumar,9671999200,Haryana,Sahbad,HR65A7508,Dummy Haryana,170,434,527,543,376,422,530,387,522,491,506,369,311,633,523,361,512,471,353,498,235,364,526,333,517,329,663,499,619,455,Active
"July 8, 2025",6f269eff-6252-402f-8c34-b4ff6634c73a,2840695622,Final_Activation,Jagwinder aingh,Jagwinder Singh,9877339108,Punjab,Sangrur,PB13BJ5721,Surinder Singh,71,291,299,375,222,302,322,338,336,356,354,239,320,299,339,358,257,356,227,330,346,247,295,304,379,219,289,332,192,0,Active
"July 8, 2025",cba363c0-322e-468d-867f-77f076378927,2842107016,Final_Activation,Parmaar Bus,Karpal Parmaar,9459629915,Himachal Pradesh,Hamirpur,HP55A5525,Mohan,113,0,304,308,97,221,350,311,254,280,228,69,128,231,225,225,0,282,110,182,0,0,0,0,0,0,0,0,0,0,Active
"July 8, 2025",b7c7bded-926e-4acb-80a2-716b52ee9b46,TJ75252U20473,Final_Activation,Lali Devi,Lali Devi,9928048559,Rajasthan,Dausa,RJ07PA5413,Dummy Rajasthan,0,0,0,0,0,0,0,0,0,0,0,0,0,0,0,65,0,0,0,107,0,0,75,95,0,107,112,0,0,114,Red
"July 8, 2025",6fead824-4dbd-46df-8f06-20169304ee64,2841892705,Final_Activation,Pathaan Bus,Raj Mohd,9817127171,Himachal Pradesh,Chamba,HP44B7786,Dummy HImachal Pradesh,0,0,0,0,0,0,0,0,0,0,0,0,0,0,0,0,0,0,0,0,0,0,0,0,0,0,0,0,0,0,Red
"July 7, 2025",2f129ba0-4f80-4a3f-b940-df6e7e17fc89,1493244370,Final_Activation,Avinash Kumar,Avinash Kumar,9934804306,Bihar,Nawada,BR52A5613,Prashant Sagar,0,0,0,0,0,0,0,0,0,0,0,0,0,0,0,0,0,0,0,0,0,0,0,0,0,0,0,0,0,0,Red
"July 7, 2025",8b7812be-85c5-4456-b2e8-eae9be8ccb15,PTJ7524BJ21326_395,Final_Activation,DHIMAN BUS SERVICE,BHUMI RAM,7560031231,Himachal Pradesh,Kullu,HP49A2113,Dummy HImachal Pradesh,0,0,0,0,0,0,0,0,0,0,0,0,0,0,0,0,0,0,0,0,0,0,0,0,0,0,0,0,0,0,Red
"July 7, 2025",803f121e-aa96-40ac-91eb-de596403444b,P1492218354_692,Final_Activation,DHIMAN BUS SERVICE,BHUMI RAM,7560031231,Himachal Pradesh,Kullu,HP49A2313,Dummy HImachal Pradesh,0,0,0,0,0,0,0,0,0,0,0,0,0,0,0,0,0,0,0,0,0,0,0,0,0,0,0,0,0,0,Red
"July 7, 2025",9d35fed6-34ac-4190-b1f1-d76bd56f5a7a,TJ75251520551,Final_Activation,T K Singh Vahini Travels,Mayankar Singh,8299202328,Uttar Pradesh,Balrampur,UP47AT4437,Dummy Uttar Pradesh,0,0,0,0,0,0,0,0,0,0,0,0,0,0,0,0,0,0,0,0,0,0,0,0,0,0,0,0,0,0,Red
"July 7, 2025",e0874727-cef5-4a63-83ec-920b764234f3,P1493875777_444,Final_Activation,DHIMAN BUS SERVICE,BHUMI RAM,7560031231,Himachal Pradesh,Kullu,HP494957,Dummy HImachal Pradesh,0,0,0,0,0,0,0,0,0,0,0,0,0,0,0,0,0,0,0,0,0,0,0,0,0,0,0,0,0,0,Red
"July 6, 2025",56066b2c-c5e6-4a5e-8737-af5d8e50b42e,2842133283,Final_Activation,Bal Majitha Transport,Manpreet Singh,9464119107,Punjab,majitha,PB46F9604,Nitin Kumar Yadav,100,293,293,339,289,273,343,344,294,266,366,299,0,284,254,271,284,311,298,247,341,287,314,267,318,288,117,0,0,0,Active
"July 5, 2025",53a6fa88-eba8-4f5b-b0e7-7f7a1bf15724,2841605610,Final_Activation,Keladevi Express,Anuj Naruka,9799522282,Rajasthan,Gangapur,RJ09PA4045,Manish Bathi,71,135,167,0,0,148,148,134,176,139,157,155,180,148,182,37,182,150,184,132,188,140,168,158,218,138,170,148,192,176,Active
"July 5, 2025",7dff1768-6840-4e40-a23b-2b0cab661b7f,2841917812,Final_Activation,Sodha Bus Service,Vikram Singh,9660956939,Rajasthan,Jaisalmer,RJ15PA1706,Rakesh,0,0,0,0,0,0,0,0,0,0,0,0,1,0,0,0,0,0,0,0,0,0,0,0,0,0,0,0,0,0,Red
"July 5, 2025",8d2a1789-20a9-46a1-bb6a-f8c4e6078a96,2841898726,Final_Activation,Keladevi Express,Anuj Naruka,9799522282,Rajasthan,Gangapur,RJ09PA4043,Manish Bathi,0,125,97,163,126,83,134,123,128,120,114,140,135,158,164,139,146,130,136,140,124,128,152,150,153,157,145,156,137,134,Active
"July 5, 2025",b2b86f34-d444-45be-a238-ec02fa0acd92,2840960606,Final_Activation,Kartars Bus Service,Tajinder Singh,9463709691,Punjab,Dasuya,PB11BF6655,Dummy Punjab,109,337,224,281,215,243,234,219,298,223,275,193,235,280,236,284,292,335,247,256,261,230,149,169,283,163,202,236,230,256,Active
"July 5, 2025",0978b5ce-921e-4f52-bcbb-e4ebb9d11521,1493235374,Final_Activation,Sodha Bus Service,Vikram Singh,9660956939,Rajasthan,Jaisalmer,RJ19PA5418,Rakesh,28,0,70,0,75,0,76,0,61,0,77,0,57,0,65,0,64,0,50,0,57,0,70,0,69,0,63,0,83,0,Active
"July 5, 2025",64a0198a-e640-472d-93dc-5c4cc5812b1a,2841898725,Final_Activation,Keladevi Express,Anuj Naruka,9799522282,Rajasthan,Gangapur,RJ25PB0421,Manish Bathi,0,86,68,139,0,79,93,90,131,141,188,139,151,149,113,145,115,64,87,149,128,41,0,49,70,81,35,49,38,121,Active
"July 5, 2025",19e00e73-33d5-40cd-8387-53ef233e9b2d,1493242679,Final_Activation,Sodha Bus Service,Vikram Singh,9660956939,Rajasthan,Jaisalmer,RJ19PC1899,Rakesh,0,7,34,21,31,38,23,31,33,29,25,0,32,35,32,32,26,25,28,29,36,31,24,20,9,11,29,28,28,21,Active
"July 5, 2025",bdb303a5-5cd4-49e3-aade-a3e7b111aa57,TJ75253L20551,Final_Activation,Yogesh Bus Service,Deepak Sharma,7040300001,Himachal Pradesh,Una,HP72D1029,Harish Verma,58,103,123,135,86,129,144,113,114,130,126,97,115,121,102,146,108,119,122,0,107,0,103,125,120,81,100,93,101,104,Active
"July 5, 2025",e5fa0623-bd75-46bc-9d92-e702e50974a5,1493349527,Final_Activation,Sodha Bus Service,Vikram Singh,9660956939,Rajasthan,Jaisalmer,RJ22PA0979,Rakesh,16,28,60,69,84,41,47,53,50,21,0,0,0,0,0,0,0,0,44,42,33,42,24,66,72,52,24,50,74,54,Active
"July 5, 2025",7ac6eb73-feed-4d3a-b8f1-e3c2d364ae77,2842138334,Final_Activation,Sodha Bus Service,Vikram Singh,9660956939,Rajasthan,Jaisalmer,RJ15PA2247,Rakesh,0,90,46,113,28,66,68,94,85,0,0,0,0,0,0,0,0,0,0,0,0,0,0,6,0,0,0,0,0,0,Active
"July 4, 2025",228fa29a-ba82-43da-981d-4c99f19e0292,PTJ75252U20278_565,Final_Activation,NEW LUCKNOW EXPRESS,DHARMENDRA DWIVEDI,9792558173,Uttar Pradesh,Shankarpur,UP42ET2476,Sayyed Mohd. Belal,0,0,0,0,0,0,0,0,0,0,0,0,0,0,0,0,0,0,0,0,0,0,0,0,0,0,0,0,0,0,Red
"July 4, 2025",0c5b18bc-4f66-47b0-98f0-2903bc7f4e96,TJ75253L21921,Final_Activation,Ayushman,Ayushman,7973950829,Punjab,Pathankot,PB12Y5316,Sumit Sharma,0,0,0,0,0,0,0,0,0,0,0,0,0,0,0,0,0,0,0,0,0,0,0,0,0,0,0,0,0,0,Red
"July 4, 2025",b9a513e0-8180-4b1d-8d4b-00ce4c580a3b,TJ75251B20052,Final_Activation,Hardyal Singh Gill,Hardyal Singh Gill,9700007631,Punjab,Moga,PB04V2862,Rajiv Kumar,0,121,135,143,119,94,137,0,130,239,129,117,0,138,279,143,0,283,130,134,0,248,0,228,163,114,134,0,110,240,Active
"July 4, 2025",aeade843-9ad1-4457-987a-89fef8336938,2841286494,Final_Activation,Hardyal Singh Gill,Hardyal Singh Gill,9700007631,Punjab,Moga,PB03AJ5174,Rajiv Kumar,227,117,133,95,67,83,199,86,301,114,111,59,79,93,116,93,104,113,185,0,175,101,100,87,114,108,109,160,246,99,Active
"July 4, 2025",2fe784ed-9f5f-467d-8555-8e9c22162b59,2841779995,Final_Activation,MH TPT (Barnala),Kuldeep Singh,9780000508,Punjab,Faridkot,PB07BG4582,Rajiv Kumar,119,266,222,273,279,193,205,286,230,233,273,213,131,197,234,240,203,347,242,193,185,264,238,286,262,160,306,254,257,287,Active
"July 4, 2025",2c495133-4c4f-4fba-b5ef-8ae4bd06237d,TJ75252L20020,Final_Activation,Uppal Gulmare Travels,Amritpal Singh,9876282297,Punjab,Gurdaspur,PB35Q9835,Sumit Sharma,0,142,136,108,139,176,177,166,170,138,137,197,124,141,122,149,151,161,174,142,162,86,135,111,123,0,145,127,136,162,Active
"July 4, 2025",56cb0886-7d07-4b1b-a3c7-2508ee00f34b,TJ75253K20268,Final_Activation,Jagriti Bus Service,Santosh Kumari,8894201951,Himachal Pradesh,Bilaspur,HP674733,Harish Verma,0,3,2,2,0,8,0,0,0,0,0,0,0,0,0,0,0,0,0,0,0,0,0,11,1,0,13,0,0,0,Active
"July 4, 2025",7989c210-fe16-4c1f-ad6b-9afd216c188a,TJ75248A20240,Final_Activation,Parmod Bus Service,Parmod Kumar,9694245030,Rajasthan,Hanumangarh,RJ49PA1176,Pawan Kumar,0,0,0,0,0,0,0,0,0,0,0,0,0,0,0,0,0,0,0,0,0,0,0,0,0,0,0,0,0,0,Red
"July 4, 2025",54ed23cd-b7cb-4b6a-a70b-57c4a48a19c2,TJ75253K20368,Final_Activation,Kundu Bus Service,Kundu bus service,9138383848,Haryana,Rohtak,HR56B1276,Amit Kumar,0,0,0,0,0,0,0,0,0,0,0,0,0,0,0,0,0,152,0,127,73,99,144,42,139,15,117,153,140,249,Red
"July 4, 2025",a5b45c4b-85af-488f-901b-e527ca8022d6,2841917724,Final_Activation,Rana Bus,Kalroop Singh,9780000377,Punjab,Gurdaspur,PB06V9558,Nitin Kumar Yadav,0,263,251,266,245,259,244,247,299,256,288,217,281,298,260,322,291,350,284,295,263,255,267,224,316,223,285,264,268,266,Active
"July 3, 2025",a460a39a-8f6d-4920-9a19-9854512b5420,TJ75253L21823,Final_Activation,Bhardawj Co Op TPT Society Limited Jagadhri,Kamal Singh,9416226805,Haryana,Yamuna Nagar,HR58B1478,Dummy Haryana,110,309,311,320,240,294,266,310,332,310,327,251,281,312,357,331,402,376,225,338,323,317,352,286,278,209,274,355,351,353,Active
"July 3, 2025",c0b3d99f-d5d1-40a3-a6c6-5a952fbdb01d,TJ75253M22481,Final_Activation,Jarial Bus,Manisha Thakur,7807672373,Himachal Pradesh,Hamirpur,HP676170,Mohan,0,0,0,0,0,0,0,0,0,0,0,0,0,0,0,0,0,0,0,0,0,0,0,0,0,0,0,0,0,0,Red
"July 3, 2025",3db6d0cf-93db-46a9-93a4-740761068531,TJ7524BC20641,Final_Activation,Hardyal Singh Gill,Hardyal Singh Gill,9700007631,Punjab,Moga,PB05AR0742,Rajiv Kumar,122,151,145,163,159,177,169,177,196,155,164,147,144,161,145,121,153,160,128,145,157,134,165,117,170,107,129,125,164,151,Active
"July 3, 2025",b5fd7a44-979d-402e-840f-779b34db9dd9,2842105208,Final_Activation,Neelkanth Bus,Abhishek Sharma,8968960447,Punjab,Nangal,HP72C5857,Gagandeep Singh,115,162,239,194,233,179,223,185,250,153,242,176,254,136,240,145,237,129,233,115,192,163,215,107,173,168,220,96,213,122,Active
"July 3, 2025",bd34777d-b9cc-42a4-b5d8-5e32dc7f431d,2840784644,Final_Activation,Neelkanth Bus,Abhishek Sharma,8968960447,Punjab,Nangal,HP72B0755,Gagandeep Singh,37,199,122,250,116,204,151,175,181,199,146,200,182,220,116,206,152,193,30,106,102,67,130,165,149,190,116,209,132,225,Active
"July 3, 2025",4840241e-2d26-4460-9d1f-085ddac34571,TJ75253M22489,Final_Activation,Shiv Shakti Bus Service,Vishv Dev Sharma,9805948799,Himachal Pradesh,Chamba,HP67A0246,Nitin Kumar,133,234,212,229,0,105,210,203,188,211,253,0,68,208,188,115,194,239,0,186,234,33,193,103,229,0,195,67,205,251,Active
"July 2, 2025",7823d4b6-b841-499d-bf95-451948e50027,2840972592,Final_Activation,Kinfed,Anand Singh,9418029201,Himachal Pradesh,Tapri,HP25C1145,Nitin Kumar,0,74,41,75,35,60,68,54,72,71,43,110,176,67,31,187,101,143,117,136,133,158,125,174,193,115,106,117,108,150,Active
"July 2, 2025",7f80ee17-e64d-47a8-871c-ecea3aa9cec9,1494951308,Final_Activation,Yadav Bus Service,Monu yadav,9166859743,Rajasthan,Alwar,RJ32PA2456,Dummy Rajasthan,0,0,0,0,0,0,0,0,0,0,0,0,0,0,0,0,0,0,0,0,0,0,0,0,0,0,0,0,0,0,Red
"July 2, 2025",28832aa5-ff8e-4649-bed2-6ed81c423639,2841026570,Final_Activation,Kinfed,Anand Singh,9418029201,Himachal Pradesh,Tapri,HP25C1163,Nitin Kumar,45,0,43,94,82,126,117,128,108,139,118,147,64,24,143,107,110,116,94,97,123,101,45,0,0,0,0,0,0,0,Active
"July 2, 2025",15e211d3-6d98-4ecd-b471-b2f65a22b4e9,2841027760,Final_Activation,Kinfed,Anand Singh,9418029201,Himachal Pradesh,Tapri,HP25C1136,Nitin Kumar,0,74,123,131,93,113,139,81,53,23,133,49,44,100,87,51,0,0,0,0,0,0,0,41,94,93,97,81,83,86,Active
"July 1, 2025",e5b2baf4-c8a3-41a6-8735-b58da065912b,TJ75251620169,Final_Activation,Saurabh Travels GPS,Ari Daman Shukla,8840313658,Uttar Pradesh,Gonda,UP43BT8027,Sayyed Mohd. Belal,0,0,0,0,0,0,0,0,0,0,0,0,0,0,0,0,0,0,0,0,0,0,0,0,0,0,0,0,0,0,Red
"July 1, 2025",b3ff165f-808a-4de6-8dc7-e26893adb8e1,2841027585,Final_Activation,Kinfed,Anand Singh,9418029201,Himachal Pradesh,Tapri,HP25B0227,Nitin Kumar,0,156,44,59,29,46,77,44,130,101,59,56,59,25,41,46,50,31,61,34,50,32,37,37,51,44,48,25,54,30,Active
"July 1, 2025",ce2cf059-5f08-4f5f-b2a2-44eca52e3671,2841519100,Final_Activation,Shekhawat Travels,Bajrang Singh,9610182550,Rajasthan,Bikaner,RJ07PB8397,Rakesh,0,0,0,0,0,0,0,0,0,0,0,0,0,0,0,0,0,0,0,0,0,0,0,0,0,0,0,0,0,0,Red
"July 1, 2025",5293dcb0-9e1d-45a1-9e5b-09bb87b825e5,2842105742,Final_Activation,Sardul Singh,Sardul Singh,9855258888,Punjab,Gurdaspur,PB08EU3874,Nitin Kumar Yadav,129,233,334,350,268,239,236,281,250,268,287,257,261,273,295,258,291,316,247,277,280,227,84,0,0,0,0,0,0,0,Active
"June 30, 2025",9b3c9949-50c0-4631-9e08-e67e7c914cd5,2840960622,Final_Activation,Verma Travels,Anil Varma,7509062252,Madhya Pradesh,Bhopal,MP37P0477,Nitul Patel,0,0,0,0,0,11,5,13,14,0,0,5,9,5,11,7,11,0,0,10,12,8,16,10,0,7,9,20,9,18,Orange
"June 30, 2025",b4f5dab1-5039-4997-be47-44e0899736fa,TJ75253L21638,Final_Activation,N.P.T,BHUPENDER KUMAR,9857384800,Himachal Pradesh,Mandi,HP306490,Ajay Sharma,0,97,0,266,0,67,85,159,127,132,155,0,129,106,107,111,136,127,0,0,85,31,74,101,109,0,92,81,79,95,Active
"June 30, 2025",ae509e12-c297-4aef-8daa-1ea172bd0176,2841286480,Final_Activation,Patial Bus Service,Rajesh Patial,9805000875,Himachal Pradesh,Bilaspur,HP693105,Rahul Kumar Uppal,0,37,34,60,57,42,69,32,37,56,46,25,46,27,53,49,51,69,49,34,98,41,73,39,94,44,56,26,8,14,Active
"June 30, 2025",2b42dda6-d247-43e3-b5f0-50b139457717,PTJ75251621494_629,Final_Activation,Chhabra Travels,Gurdeep Singh Chhabra,9424904444,Madhya Pradesh,dhar,MP11P0842,Dummy Madhya Pradesh,0,0,0,0,0,0,0,0,0,0,0,0,0,0,0,0,0,0,0,0,0,0,0,0,0,0,0,0,0,0,Red
"June 30, 2025",6974923d-1a7a-4cf8-8c77-7a7b87fcb097,2841014294,Final_Activation,Verma Travels,Anil Varma,7509062252,Madhya Pradesh,Bhopal,MP04PA3265,Nitul Patel,0,0,0,0,0,0,0,0,0,0,0,0,0,0,0,0,0,0,0,0,0,0,0,0,0,0,0,0,0,0,Red
"June 30, 2025",925fa13d-55d9-4705-be44-e0d2eed6c7a5,1493367438,Final_Activation,Sanvi Travel,Nilesh Pandey,9336360451,Uttar Pradesh,basti,UP70LT7980,Dummy Uttar Pradesh,0,0,0,0,0,0,0,0,0,0,0,0,0,0,0,0,0,0,0,0,0,0,0,0,0,0,0,0,0,0,Red
"June 30, 2025",25f1c419-37f9-46de-876f-7342098064df,TJ75253M20202,Final_Activation,Piyush,Piyush,9464585636,Punjab,Ludhiana,PB19W3586,Gagandeep Singh,0,0,0,0,0,0,0,0,0,0,0,0,0,0,0,0,0,0,0,0,0,0,0,0,0,0,0,0,0,0,Red
"June 30, 2025",78a94a31-8a22-4e43-b958-5679bd49688d,PTJ75251821115_810,Final_Activation,Chhabra Travels,Gurdeep Singh Chhabra,9424904444,Madhya Pradesh,dhar,MP45ZG9248,Dummy Madhya Pradesh,0,0,0,0,0,0,0,0,0,0,0,0,0,0,0,0,0,0,0,0,0,0,0,0,0,0,0,0,0,0,Red
"June 30, 2025",9fcbd33b-a228-4f43-99c4-bee144eb84d1,TJ75253N20060,Final_Activation,New Anjali Bus Service,Mithun Dhimaan,7018672694,Himachal Pradesh,Jawali,HP65A0241,Dummy HImachal Pradesh,0,0,0,0,0,0,0,0,0,0,0,0,0,0,0,0,0,0,0,0,0,0,0,0,0,0,0,0,0,0,Red
"June 30, 2025",3e43bed6-518a-4351-93d5-7743eaa72962,TJ75253L22195,Final_Activation,Om Travel,Om Prakash,9817070023,Himachal Pradesh,Chamba,HP73A4719,Karan Raina,0,0,0,19,0,0,0,0,0,0,0,0,0,0,0,0,0,0,0,0,0,0,0,0,0,0,0,0,0,0,Active
"June 30, 2025",7c728670-1f70-4e80-b174-3b44ea45dfd8,TJ75253M22348,Final_Activation,Hussain Bus Service,Biniya Amin,9418887786,Himachal Pradesh,Samoh,HP89B3786,Rahul Kumar Uppal,0,0,16,30,29,32,0,0,10,35,52,36,31,40,38,30,23,30,36,26,27,0,43,28,17,36,17,0,0,0,Active
"June 30, 2025",25a17249-e06f-42d8-8640-7f029500a2cc,TJ75253N20064,Final_Activation,MURTI,MURTI,8146055556,Punjab,Gunno,RJ31PA4852,Gagandeep Singh,0,86,108,107,74,84,114,103,102,96,119,96,77,82,88,77,85,30,91,83,71,58,64,96,90,61,92,84,108,71,Active
"June 30, 2025",28a09336-1b25-45c4-81a1-eb57548f39ce,2842133019,Final_Activation,Gurmukh Singh,Gurmukh Singh,9896429630,Haryana,Naraingarh,HR37D7173,Dummy Haryana,171,393,486,515,486,210,0,0,0,0,0,0,0,0,0,0,0,0,0,0,0,8,0,0,0,0,0,0,0,0,Active
"June 30, 2025",fa7c3b43-55e3-45c1-a544-db08f73df60f,TJ75253K20070,Final_Activation,Tanmaya,DASHODHA DEVI,9817110352,Himachal Pradesh,Mandi,HP653190,Ajay Sharma,51,139,86,0,0,133,152,154,145,121,179,0,149,141,116,147,147,166,0,48,130,85,112,101,94,0,134,112,80,138,Active
"June 30, 2025",5fb0fa59-927d-49d1-b55e-578523acf729,TJ75253K20230,Final_Activation,Chauhan Bus Service,Chaman Singh,8261891525,Himachal Pradesh,Chamba,HP67A5285,Karan Raina,48,24,128,218,0,134,172,186,155,0,0,0,0,71,119,142,118,181,0,134,180,102,147,105,173,0,164,162,152,134,Active
"June 30, 2025",56b54f5a-73f5-418d-862e-5a39250adf99,TJ75253K20250,Final_Activation,Dhaka Transport Company,Prem Kumar,9929130503,Rajasthan,Goluwala,RJ13PA7764,Rakesh,0,0,0,0,0,0,0,0,0,0,0,0,0,0,0,0,0,0,0,0,0,0,33,90,113,11,100,0,4,1,Red
"June 30, 2025",ba2049a4-975e-44b8-b327-f5e30a76aba9,2841286654,Final_Activation,Patial Bus Service,Rajesh Patial,9805000875,Himachal Pradesh,Bilaspur,HP23D3105,Rahul Kumar Uppal,13,98,127,82,58,87,101,91,91,114,129,76,90,106,97,113,108,122,81,88,89,86,111,101,92,78,93,113,85,95,Active
"June 30, 2025",7639863a-54bc-48b5-8da4-ef28982dc2c7,TJ75253M22320,Final_Activation,N.P.T,BHUPENDER KUMAR,9857384800,Himachal Pradesh,Mandi,HP65A2121,Ajay Sharma,88,0,126,147,125,104,139,168,100,120,69,164,119,119,62,219,108,130,133,119,121,91,121,111,144,107,105,91,74,108,Active
"June 30, 2025",fb2a4344-a2e8-44e1-bf43-afac9f6c53e2,2841533158,Final_Activation,Patial Bus Service,Rajesh Patial,9805000875,Himachal Pradesh,Bilaspur,HP673105,Rahul Kumar Uppal,0,64,61,80,73,80,55,64,56,4,0,38,47,54,60,77,68,93,95,55,70,48,46,73,72,55,68,24,66,46,Active
"June 30, 2025",599e27f8-2bbd-4f5f-b280-c67a99fcf6b7,2841891659,Final_Activation,Verma Travels,Anil Varma,7509062252,Madhya Pradesh,Bhopal,MP04PA3877,Nitul Patel,0,0,0,0,0,0,0,0,0,0,0,12,36,9,44,10,39,9,40,11,38,6,37,7,32,8,44,9,40,0,Orange
"June 30, 2025",9eb44bc5-d353-4820-b6a4-fe95e4a6efea,1493368580,Final_Activation,Shivaay,Shivam Kumar Kushwaha,8181869400,Uttar Pradesh,Allahabad,UP70FT5940,Dummy Uttar Pradesh,0,0,0,0,0,0,0,0,0,0,0,0,0,0,0,0,0,0,0,0,0,0,0,0,0,0,0,0,0,0,Red
"June 29, 2025",15e8b865-fe61-4344-b43e-673e3fc0bd4c,2840932283,Final_Activation,Verma Travels,Anil Varma,7509062252,Madhya Pradesh,Bhopal,MP04PA2295,Nitul Patel,0,0,13,45,11,46,10,64,0,50,1,53,12,49,14,36,15,40,18,47,13,43,19,49,15,51,14,59,3,50,Active
"June 29, 2025",0fd312b1-b22e-49e6-ad01-b5aa7db04697,2842105745,Final_Activation,Gadwal Tour & Travel,Mangilal,9571414666,Rajasthan,Raisingh Nagar,RJ13PA6197,Rakesh,0,90,479,520,438,426,602,507,408,460,515,386,358,1,0,188,555,459,386,361,117,0,231,529,564,390,410,448,543,473,Active
"June 28, 2025",2d48d09b-f1b5-45d3-b874-266ea94f1fe3,2840974103,Final_Activation,Hari Gobind Bus,Sandeep Singh,7009483660,Punjab,Malout,PB22K6911,Rajiv Kumar,77,192,156,164,0,169,176,146,145,182,204,0,158,220,212,186,199,203,0,141,179,174,189,149,210,0,162,212,196,211,Active
"June 28, 2025",072470c2-a8a4-41a8-8b5e-1a456fdba077,TJ75253L21695,Final_Activation,Karan Singh,Karan Singh,8219304918,Himachal Pradesh,Jassure,HP72B0194,Rajiv Kumar,0,0,0,0,0,0,0,0,0,0,0,0,0,0,0,0,0,0,0,0,0,0,0,0,0,0,0,0,0,0,Red
"June 28, 2025",068e26c1-427f-44d6-8bf1-ba7e2ad2b0df,TJ75251820323,Final_Activation,Chetan Bus,Chetan Kumar,9418491773,Himachal Pradesh,Mandi,HP651890,Ajay Sharma,0,0,0,0,0,0,0,0,0,0,0,0,0,0,0,0,0,0,0,0,0,0,0,0,0,0,0,0,0,0,Red
"June 28, 2025",a7e073ea-963b-4e19-a58e-a3f190ed63e3,1493091129,Final_Activation,Bajrang Travels,Vikash Kumar,9260976533,Uttar Pradesh,kheri,UP11AT8985,Dummy Uttar Pradesh,0,0,0,0,0,0,0,0,0,0,0,0,0,0,0,0,0,0,0,0,0,0,0,0,0,0,0,0,0,0,Red
"June 28, 2025",9e6b8c64-e283-4421-a514-322b2c16d883,2841001716,Final_Activation,Chetan Bus,Chetan Kumar,9418491773,Himachal Pradesh,Mandi,HP650990,Ajay Sharma,0,158,158,166,138,163,170,134,0,0,151,114,147,122,132,169,156,157,136,140,160,0,73,124,174,127,135,116,117,146,Active
"June 28, 2025",e48cbb85-ca04-418a-ab82-467edb15301c,P1493237352_928,Final_Activation,Gaurav Bus Service,Varinder Kumar,8628890070,Himachal Pradesh,Una,HP72A1688,Harish Verma,0,0,0,0,0,0,0,0,0,0,0,0,0,0,0,0,0,0,0,0,0,0,0,0,0,0,0,0,0,0,Red
"June 27, 2025",ff1eae82-8954-4307-8b8a-0b534ddb5663,1495127197,Final_Activation,Shirgul Travels,Jeet Singh Thakur,9459168000,Himachal Pradesh,Sirmaur,HP850868,Sandeep Kumar,0,190,206,258,209,195,227,215,227,236,210,134,225,181,176,163,206,222,171,170,219,175,200,188,224,162,200,151,193,194,Active
"June 27, 2025",774f6620-82e5-4b47-8a4b-b3461bf214b9,1493245448,Final_Activation,Shirgul Travels,Jeet Singh Thakur,9459168000,Himachal Pradesh,Sirmaur,HP718868,Sandeep Kumar,0,154,194,238,176,162,227,190,189,181,222,200,233,198,187,154,129,222,169,194,203,176,213,142,184,126,199,165,120,181,Active
"June 27, 2025",23b6111d-5f21-4f6f-9056-5ec5c5525d63,TJ75253L21826,Final_Activation,Guru Nanak Bus Service,PRITPAL SINGH SAMRA,6284368284,Punjab,लुधियाना,PB10FV7081,Gagandeep Singh,0,0,0,0,0,0,0,0,0,0,0,0,0,0,0,0,0,0,0,0,0,0,0,0,0,0,0,0,0,0,Red
"June 27, 2025",9a0d99b1-dfb3-4e67-b454-a4242a6ab726,TJ75253L20049,Final_Activation,Guru Nanak Bus Service,PRITPAL SINGH SAMRA,6284368284,Punjab,लुधियाना,PB29R5011,Gagandeep Singh,0,0,0,0,0,0,0,0,0,0,0,0,0,0,0,0,0,0,0,0,0,0,0,0,0,0,0,0,0,0,Red
"June 27, 2025",3c6abc29-6cda-4bf5-bdc7-2e9668785d16,TJ75253L21425,Final_Activation,Guru Nanak Bus Service,PRITPAL SINGH SAMRA,6284368284,Punjab,लुधियाना,PB13BE4269,Gagandeep Singh,0,0,0,0,0,0,0,0,0,0,0,0,0,0,0,0,0,0,0,0,0,0,0,0,0,0,0,0,0,0,Red
"June 27, 2025",722fc61f-f51c-41da-ae8d-a75b153eda19,TJ75252F20157,Final_Activation,Gangarathi Fauji,Dilip Kumar Singh,9838908000,Uttar Pradesh,Faizabad,UP42CT9596,Dummy Uttar Pradesh,0,0,0,0,0,0,0,0,0,0,0,0,0,0,0,0,0,0,0,0,0,0,0,0,0,0,0,0,0,0,Red
"June 27, 2025",561244b3-450c-4db5-8315-89a6eb11df08,TJ75251821445,Final_Activation,The Khunga Khoti Society Pvt Ltd,Surender Singh,9518040837,Haryana,Jind,HR56C1882,Raman,96,244,0,369,208,261,361,0,277,0,287,280,0,333,325,0,421,270,0,0,0,145,164,314,233,302,237,281,0,103,Active
"June 26, 2025",6bc61a22-dc13-4a29-8797-9810d7cf8a27,2841286274,Final_Activation,Parmod Travels,Amit Goyal,9050542505,Rajasthan,Sirsa,RJ13PA9140,Dummy Rajasthan,6,9,10,21,6,6,0,0,10,5,0,0,14,11,10,11,2,14,6,11,6,9,6,13,4,5,15,12,10,13,Active
"June 26, 2025",987c4187-368b-4c84-88d4-8ddc59aab997,TJ75252H20834,Final_Activation,Mahipal Singh,Mahipal Singh Shekhawat,9413811110,Rajasthan,Udaipur,RJ35PA1285,Manish Bathi,0,0,0,0,0,0,0,0,0,0,0,0,0,0,0,0,0,0,0,0,0,0,0,0,0,0,0,0,0,0,Red
"June 26, 2025",87be334c-795d-4003-90ba-59c339793e83,TJ75253L22856,Final_Activation,Walia Travels,Subash Walia,9805166188,Himachal Pradesh,Palampur,HP37E6760,Mohan,0,0,0,0,0,0,0,0,0,0,0,0,0,0,0,0,0,0,0,0,0,0,0,0,0,0,0,0,0,0,Red
"June 26, 2025",baafe7b4-1077-44d0-bb78-321f3d5675fa,2841003324,Final_Activation,Walia Travels,Subash Walia,9805166188,Himachal Pradesh,Palampur,HP68A1489,Mohan,0,0,0,0,0,0,0,0,0,48,225,120,161,195,186,171,171,151,0,0,0,0,0,0,135,162,130,0,0,68,Orange
"June 26, 2025",26e2c3d9-0469-4346-b03b-adc40d2bd949,1494950586,Final_Activation,P.R.T.C,Randhir Singh,9350554872,Haryana,Naichana,RJ14PG0515,Dummy Rajasthan,0,130,183,171,158,142,67,0,0,0,0,0,0,0,0,0,0,1,0,0,0,41,93,110,164,72,98,140,79,153,Active
"June 26, 2025",158fd3f8-f845-477a-938d-55e8e16d9064,2841285438,Final_Activation,N.T.C,Noor Khan,7340332334,Rajasthan,Tonk,RJ18PB4620,Kuldeep Mehta,0,136,131,114,101,111,122,114,105,123,60,0,0,0,106,0,128,100,91,112,131,109,119,147,128,0,3,29,116,141,Active
"June 26, 2025",dc6a6d74-5f1e-428e-bfed-ad93f6ec0230,1493366418,Final_Activation,Mahadev Travels,Jagdish Kumar,8544755510,Himachal Pradesh,Kamrau,HP71A9254,Sandeep Kumar,0,139,184,198,130,166,148,161,59,153,227,120,189,153,145,191,10,46,0,131,184,145,176,134,217,162,152,62,0,59,Active
"June 25, 2025",6eeb51a1-5a50-4d7f-bbe3-38a93205f5a3,2841905253,Final_Activation,GSS Co Pvt Ltd,Vedpal,9416516799,Haryana,Rohtak,HR46G9491,Amit Kumar,50,239,223,248,201,147,140,152,195,141,0,199,122,292,235,258,111,243,173,246,212,158,160,116,204,0,288,130,247,212,Active
"June 25, 2025",d9a2c8dc-726a-40dc-8598-d7b1de3f3308,1493368670,Final_Activation,Muskan Bus,Nilesh Pandey,7007216192,Uttar Pradesh,Basti,UP42AT7895,Dummy Uttar Pradesh,0,0,0,0,0,0,0,0,0,0,0,0,0,0,0,0,0,0,0,0,0,0,0,0,0,0,0,0,0,0,Red
"June 25, 2025",bc9f749e-c7e8-411d-b61d-14c0ddabfa6e,TJ75252P20128,Final_Activation,Mehta Transport Co.Operative Society,Raghvendra Singh Mehta,9418056107,Himachal Pradesh,Solan,HP63B0909,Nitin Kumar,22,60,30,64,62,83,87,96,86,77,63,58,65,82,76,119,86,91,32,49,83,58,79,66,81,30,60,83,95,107,Active
"June 25, 2025",60e5c337-89f6-4730-96c0-964ab0298d7b,1494945753,Final_Activation,Brij Mohan Bedi,Brij Mohan Bedi,9816896555,Himachal Pradesh,Narwana,HP39G9055,Mohan,0,109,121,113,115,87,127,95,142,96,175,90,104,136,88,155,103,134,85,116,103,128,74,164,9,109,77,118,76,121,Active
"June 25, 2025",9df07f2b-3952-42a4-b4fa-11ae9e85dd84,2842133286,Final_Activation,Basuki  Bus,Karan Vir Thakur,7018821429,Himachal Pradesh,Kullu,HP66A0295,Ajay Sharma,0,20,4,24,0,0,0,0,4,23,30,0,28,45,5,9,41,37,0,24,28,18,35,0,27,11,3,25,30,32,Active
"June 24, 2025",420c7b19-2a97-42fa-b9fd-6a5188ab76f2,1495072367,Final_Activation,Deepak Bus Service,Sandeep Thakur,9805389898,Himachal Pradesh,Kullu,HP66B0819,Ajay Sharma,0,0,0,0,0,0,0,0,0,0,0,0,0,0,0,0,0,0,0,0,0,0,0,0,0,0,0,0,0,0,Red
"June 24, 2025",9d47ef1a-048b-43dd-9919-805356ad7b0b,2841509821,Final_Activation,N T,Kanwarpal Singh,9914966134,Punjab,Muktsar,PB30H9687,Rajiv Kumar,201,327,332,127,0,0,0,0,0,0,0,0,0,0,0,0,0,0,0,0,0,0,0,0,0,0,0,0,0,0,Active
"June 24, 2025",5670448b-0ce7-4b0f-9e00-c3751cf503a0,2840972596,Final_Activation,Joga Singh Vpo Chalal Kala Gurdaspur,Ravinder Singh,9815707931,Punjab,Gurdaspur,PB06AD6592,Nitin Kumar Yadav,0,212,211,253,233,223,183,245,259,204,130,269,205,197,224,216,210,257,280,199,127,78,113,172,119,162,173,215,177,203,Active
"June 24, 2025",7afd5a3f-14d7-4e43-a295-42106b5f0304,2841622657,Final_Activation,N T,Kanwarpal Singh,9914966134,Punjab,Muktsar,PB30R9937,Rajiv Kumar,90,185,195,247,175,157,182,227,182,195,223,184,190,208,208,216,228,244,172,184,185,180,197,184,191,149,173,172,269,190,Active
"June 24, 2025",b401f1cd-a7af-4e77-8ef8-282758aed4cf,1493693690,Final_Activation,Vansh Motors,Virender Kumar,7018442389,Himachal Pradesh,Bhararighat,HP69A8686,Rahul Kumar Uppal,0,9,6,1,0,18,11,14,4,14,8,4,0,0,0,0,58,70,0,21,35,0,75,0,78,0,9,58,82,91,Active
"June 24, 2025",5c7b3486-de72-4a59-a35a-51bff2e7677a,TJ75252L20924,Final_Activation,Kharian Bus Service,Janak Raj,9050163673,Haryana,Kharian,HR64A4378,Raman,0,254,305,308,185,229,240,223,275,256,250,73,244,258,242,276,257,284,225,209,232,221,238,270,250,168,208,239,220,204,Active
"June 24, 2025",96afb888-931e-4c02-b3b5-559807a68bdf,TJ7524BE22641,Final_Activation,Mehta Transport Co.Operative Society,Raghvendra Singh Mehta,9418056107,Himachal Pradesh,Solan,HP14E8999,Nitin Kumar,31,46,117,90,81,111,84,178,118,64,178,91,163,127,143,130,195,134,105,122,94,157,86,189,87,178,98,81,170,55,Active
"June 24, 2025",38cf37f7-5bff-46c3-a2af-dbfa254154b9,TJ75251521058,Final_Activation,Surajyaluxmi Bus Service,Shivani Singh,9816900211,Himachal Pradesh,Kullu,HP34B1397,Ajay Sharma,0,0,0,0,0,0,0,0,0,0,0,0,0,0,0,0,0,0,0,0,0,0,0,0,0,0,0,0,0,0,Red
"June 24, 2025",3ab1f8b6-4bdb-4d8a-af4c-3a61427a0b16,1492410932,Final_Activation,Vansh Motors,Virender Kumar,7018442389,Himachal Pradesh,Bhararighat,HP69A4077,Rahul Kumar Uppal,0,33,82,71,62,46,64,29,55,69,58,0,23,50,71,5,10,62,0,32,75,49,92,146,5,28,13,53,81,153,Active
"June 23, 2025",217d1a22-55e2-4c35-a008-8c9b2beffe4b,1495070829,Final_Activation,Choudhary Travels,Rakesh Kumar,8219672011,Himachal Pradesh,Paonta Sahib Sirmaur,HP176003,Sandeep Kumar,98,103,279,224,76,191,0,201,74,0,111,0,121,104,98,185,207,193,0,0,104,159,237,51,189,70,132,25,78,92,Active
"June 23, 2025",a16b2d84-56ba-4182-9eb8-ec5170daf355,2841511446,Final_Activation,Rajdhani Express,Mam Raj,9736360006,Himachal Pradesh,Paonta Sahib,HP17H3006,Sandeep Kumar,0,0,86,122,84,98,88,93,96,84,32,0,42,48,0,0,44,109,78,81,109,61,97,0,81,92,78,77,80,86,Active
"June 23, 2025",853f404d-f63f-4abd-af28-8a6d4315199a,1495070925,Final_Activation,Sharma Bus,Sandeep Sharma,9318503131,Himachal Pradesh,Churari,HP694194,Rahul Kumar Uppal,0,0,0,0,0,0,0,0,0,0,0,0,0,0,0,0,0,0,0,0,0,0,0,0,0,0,0,0,0,0,Red
"June 23, 2025",68e20f3b-86d0-4baf-8c58-0e5f8d434991,2842106235,Final_Activation,Ashoka Bus Service,Khajan Singh,9805926544,Himachal Pradesh,Kandi Bhatnaul,HP71A7094,Arun pundir,0,123,156,146,0,98,134,102,118,154,118,9,119,153,126,145,147,123,0,96,128,59,95,83,159,0,145,161,112,71,Active
"June 23, 2025",2c41217d-6056-4f3f-9c30-7da9b6d6b3a3,2841286496,Final_Activation,Kochar Bus Service,Prince Kochar,9414033061,Rajasthan,ganaganagar,RJ13PA9355,Arshdeep Singh,202,277,225,326,235,190,296,324,101,0,375,221,243,179,115,222,220,235,187,143,228,218,326,281,336,184,288,278,345,312,Active
"June 23, 2025",0b130c22-0c39-440b-a653-307dc6dc6c22,TJ75253L21832,Final_Activation,N T,Kanwarpal Singh,9914966134,Punjab,Muktsar,PB04AD6195,Rajiv Kumar,40,130,158,159,123,136,178,148,180,162,186,109,139,175,177,173,167,175,121,151,159,160,171,149,201,120,153,187,200,153,Active
"June 23, 2025",3980b2dc-ee3e-432d-9540-99c8877f42e5,2841779987,Final_Activation,Harsana,Shakti Harsana,7877243787,Rajasthan,Karauli,RJ34PA4196,Rakesh,0,72,0,0,0,86,70,77,35,49,109,78,28,3,0,0,0,0,0,0,0,0,0,0,0,0,0,0,0,0,Active
"June 23, 2025",c3acca70-2672-4570-81dd-5f0343ddbddf,TJ75253L21865,Final_Activation,N T,Kanwarpal Singh,9914966134,Punjab,Muktsar,PB30A9546,Rajiv Kumar,0,374,369,393,288,382,398,403,443,375,414,295,367,394,378,423,408,429,341,381,363,315,375,279,376,278,356,426,370,362,Active
"June 23, 2025",0de8701c-b567-4c55-b665-bed23a8f99a4,1494758228,Final_Activation,Rana Bus Service,Virender Singh,9805133405,Himachal Pradesh,Chamba,HP733782,Dummy HImachal Pradesh,0,0,0,0,0,0,0,0,0,0,0,0,0,0,0,0,0,0,0,0,0,0,0,0,0,0,36,80,73,101,Red
"June 23, 2025",75e5b87c-a1d6-4508-8a34-a554e41b2430,2842105209,Final_Activation,Parmod Travels,Amit Goyal,9050542505,Rajasthan,Sirsa,RJ14PE1631,Dummy Rajasthan,0,10,8,0,0,7,7,3,6,7,5,9,5,14,4,15,0,0,0,0,4,7,4,13,13,19,9,17,6,9,Active
"June 22, 2025",5ca767fe-4df8-4fa2-9627-9a048f65399d,TJ75248B21428,Final_Activation,Rajta Coach,Rajesh Rajta,9816402008,Himachal Pradesh,Theog Dehna,HP09A6390,Nitin Kumar,0,127,131,142,138,153,142,132,141,138,165,114,117,142,118,134,137,122,95,92,142,102,138,95,141,105,74,183,120,139,Active
"June 22, 2025",c3a641c7-e516-4359-8938-14f65ba9b5fb,TJ75253L21761,Final_Activation,GKR & GSK Bus Service,Kulwinder Singh,9815946937,Punjab,Batala,PB11BU9925,Nitin Kumar Yadav,0,153,339,427,227,264,326,302,347,316,348,272,156,134,308,329,188,201,0,302,335,73,0,250,311,229,298,371,342,307,Active
"June 22, 2025",1081430e-694b-4112-a1c9-36f3fa34f537,TJ75252Q20555,Final_Activation,Shri Pati Travels,GOVIND TRIPATHI,8004636969,Uttar Pradesh,Chitrakoot,UP96AT5566,Dummy Uttar Pradesh,0,0,0,0,0,0,0,0,0,0,0,0,0,0,0,0,0,0,0,0,0,0,0,0,0,0,0,0,0,0,Red
"June 21, 2025",7c3a01ba-3c03-479a-90a9-f490120810ce,2841905399,Final_Activation,Happy Travels,Harpreet Singh,9816371857,Himachal Pradesh,Solan,HP64C8444,Sandeep Kumar,0,125,131,158,58,119,119,106,129,144,135,118,131,121,132,159,116,133,127,125,108,112,118,107,147,137,60,105,112,125,Active
"June 21, 2025",2aacc03d-bece-4923-9ea0-aaf36e7f0997,1493871692,Final_Activation,Kashyap Bus Service,Praveen Kumar,7876753632,Himachal Pradesh,ghumarwin,HP696899,Rahul Kumar Uppal,0,0,0,0,0,0,0,0,0,0,0,0,0,0,0,0,0,0,0,0,0,0,0,0,0,0,0,0,0,0,Red
"June 21, 2025",523c2a1e-14db-436e-8ffc-51be2699bb80,2840972586,Final_Activation,Jarial Bus,Rajeev Kumar,9816757358,Himachal Pradesh,Nadaun,HP67A7190,Mohan,84,221,165,192,136,204,201,181,186,0,132,153,179,164,162,159,158,69,122,192,167,129,144,137,30,119,150,157,133,147,Active
"June 21, 2025",6d89c68a-3c03-41ea-8896-c05f2a9adf6e,2841027595,Final_Activation,Jarial Bus,Rajeev Kumar,9816757358,Himachal Pradesh,Nadaun,HP55D4490,Mohan,78,166,245,195,178,157,169,168,158,270,225,101,236,183,66,202,155,198,161,50,193,0,147,0,198,133,195,59,158,165,Active
"June 21, 2025",84c553fb-8967-4a9b-b5e4-174b3032bb55,2841593242,Final_Activation,Raghuvanshi Bus Service,Jagdish Kumar,9816101579,Himachal Pradesh,Bilaspur,HP62B1579,Nitin Kumar,35,73,73,97,90,79,70,70,62,85,71,0,0,0,35,75,85,89,77,98,91,79,102,128,173,182,186,201,167,157,Active
"June 21, 2025",d2a4a3e2-3d41-4301-951c-62c2183ee23e,1494616668,Final_Activation,Shrinath Travels,Purshottam Sharma,9414187977,Rajasthan,Kota,RJ20PC5877,Afsar Hussain,0,0,0,0,0,0,0,0,0,0,0,0,0,0,0,0,0,0,0,0,0,0,0,0,0,0,0,0,0,0,Red
"June 21, 2025",1e985b19-1156-4060-b0b3-810d932aa299,TJ75253L21827,Final_Activation,Unemployed Bus Service,Rajesh Kumar,9816026646,Himachal Pradesh,Una,HP72B9646,Dummy HImachal Pradesh,0,221,220,233,218,172,203,205,187,200,199,176,241,208,197,225,0,203,181,194,242,199,219,99,240,179,232,147,232,209,Active
"June 21, 2025",2a420e4d-e40d-4863-ac6a-e1949374a07c,2841917736,Final_Activation,Thakur Bus Service,Hoshiar Singh,8278750887,Himachal Pradesh,Thapna,HP23D2319,Rahul Kumar Uppal,0,0,0,0,0,0,0,0,0,0,0,0,0,0,0,0,0,0,0,0,0,0,0,0,0,0,0,0,0,0,Red
"June 21, 2025",292c60f9-670c-449f-bd3a-41241d80bd38,2841033704,Final_Activation,Raghuvanshi Bus Service,Jagdish Kumar,9816101579,Himachal Pradesh,Bilaspur,HP07F1579,Nitin Kumar,0,0,46,141,174,125,121,122,124,130,105,119,121,130,174,108,101,160,110,71,100,83,106,102,133,0,106,95,122,117,Active
"June 20, 2025",5ea2cf2b-a257-4354-8982-08f4c81ca8e7,2841155673,Final_Activation,Dubey Travals,Gajendra Dubey,9425446189,Madhya Pradesh,Sirmangni,MP22P0996,Kailash Patkar,0,137,124,150,111,128,110,67,114,136,124,128,76,94,141,131,61,126,90,122,132,110,111,127,132,93,90,103,99,110,Active
"June 20, 2025",5072f097-53d4-4e60-a359-d2a362b5e7a5,TJ75252L20442,Final_Activation,Simran Express,Md Atiqur Rahman,9546296032,Bihar,Gaya,BR02PB9087,Prashant Sagar,0,0,0,0,0,0,0,0,0,0,0,0,0,0,0,0,0,0,0,0,0,0,0,0,0,0,0,0,0,0,Red
"June 20, 2025",05230d82-557a-4caf-9f82-258ab122c2c9,2841003313,Final_Activation,Katna Bus Service,Sunil Katna,8263904085,Himachal Pradesh,Hamirpur,HP67A4551,Rahul Kumar Uppal,0,0,0,0,0,0,0,0,0,0,0,0,0,0,0,0,0,0,0,0,0,0,0,0,0,0,0,0,0,0,Red
"June 20, 2025",a0273040-8974-477c-a105-8ca7bae82b46,1493054972,Final_Activation,Dhiman,Ramesh Chand,9736208500,Himachal Pradesh,KOTHI,HP675612,Rahul Kumar Uppal,72,121,150,194,0,115,153,142,151,145,168,0,125,135,117,120,132,99,0,111,140,0,81,0,130,0,0,98,120,132,Active
"June 19, 2025",94494e9c-148e-460d-82bd-7a07da8319d0,2840968038,Final_Activation,Gurunanak Bus Service,Manjeet Brar,9649501818,Rajasthan,Gajsinghpur,RJ13PA9455,Arshdeep Singh,0,0,0,0,0,0,0,0,0,0,0,0,0,0,0,0,0,0,0,0,0,0,0,0,0,0,0,0,0,0,Red
"June 19, 2025",793e1706-972c-4abb-9438-727b99802766,TJ7524B520378,Final_Activation,Raj Bus,Amarjit Singh,9781171302,Punjab,Tarn Taran,PB04AD7495,Nitin Kumar Yadav,0,0,0,0,0,0,0,0,0,0,0,0,0,0,0,0,0,0,0,0,0,0,0,0,0,0,0,0,0,0,Red
"June 19, 2025",5019f540-15e5-4298-a6e1-27f7e1975002,2841286396,Final_Activation,Kochar Bus Service,Prince Kochar,9414033061,Rajasthan,ganaganagar,RJ13PA8260,Arshdeep Singh,63,66,136,76,110,170,110,53,119,126,36,58,57,113,0,0,0,0,0,190,266,279,347,311,355,275,292,319,333,296,Active
"June 18, 2025",3b4195f2-e2e5-49db-9b86-175cb0e28ccd,TJ75253320048,Final_Activation,Bajrang Travels,Vikash Kumar,9260976533,Uttar Pradesh,kheri,UP34T5654,Dummy Uttar Pradesh,0,0,0,0,0,0,0,0,0,0,0,0,0,0,0,0,0,0,0,0,0,0,0,0,0,0,0,0,0,0,Red
"June 18, 2025",5420a4fc-7dc5-4140-acc9-4084e0341b43,TJ75248C20305,Final_Activation,New Sahara Travels,Sabar Mohammad,9670861101,Uttar Pradesh,Vikas Nagar,UP32WN8893,Shubham Singh,0,27,25,26,33,22,34,30,23,48,30,35,33,38,29,34,35,33,20,0,32,0,26,26,28,27,31,39,27,42,Active
"June 18, 2025",e91e4581-0099-431b-8696-4f987b57ace9,1493366192,Final_Activation,Shirgul Travels,Chirag Thakur,9805493154,Himachal Pradesh,Bhajond,HP711641,Nitin Kumar,0,175,193,294,148,163,221,201,156,164,23,22,196,226,175,171,151,174,0,155,148,97,147,131,173,128,153,172,190,134,Active
"June 18, 2025",d31ca88f-16f0-4c29-bb34-c357e9323108,TJ75252L20741,Final_Activation,Mehar Singh Bus Service,Mehar Singh,8930017851,Haryana,hisar,HR39E8140,Raman,81,147,119,214,0,55,112,138,120,107,193,124,102,0,101,110,66,124,106,116,0,0,99,148,121,124,125,0,128,77,Active
"June 18, 2025",719e7d4e-3e73-40c8-84c3-2e7d174f2acd,2840974104,Final_Activation,Shashi Kant,Shashi Kant,9459000740,Himachal Pradesh,Chamba,HP652121,Karan Raina,0,126,44,135,0,67,46,52,119,177,236,135,203,169,236,178,231,202,67,66,10,0,44,92,117,0,0,0,0,0,Active
"June 17, 2025",20d70e0f-2264-44b4-b8c0-46404a6c33d3,TJ7524BE20259,Final_Activation,New Sahara Travels,Sabar Mohammad,9670861101,Uttar Pradesh,Vikas Nagar,UP32ZN8893,Shubham Singh,0,41,53,0,56,48,59,44,51,44,63,69,54,57,45,49,55,54,38,33,44,29,34,31,46,46,50,51,58,44,Active
"June 17, 2025",ed4c20dc-1ffb-4917-9846-6805f79e4bde,2841286439,Final_Activation,Gursewak Singh,Sekhu coach,7626859159,Punjab,Bathinda,PB03AT2665,Surinder Singh,175,377,400,479,272,388,374,452,468,382,410,287,378,467,472,447,444,463,190,319,343,332,337,259,368,249,312,390,401,442,Active
"June 17, 2025",d440f87a-9e7a-4cbe-864c-e1b986066940,2841741030,Final_Activation,Hari Gobind Bus,Sandeep Singh,7009483660,Punjab,Malout,PB22K2302,Rajiv Kumar,82,0,247,0,0,225,227,224,225,208,247,121,212,258,261,244,254,272,197,216,207,191,191,207,232,224,188,201,96,0,Active
"June 16, 2025",a4985e63-9aaf-45e2-938b-946df119a0e0,TJ75252T20310,Final_Activation,Kochar Bus Service,Prince Kochar,9414033061,Rajasthan,ganaganagar,RJ13PA8855,Arshdeep Singh,75,266,125,286,270,185,231,215,266,306,258,254,244,240,247,278,302,294,278,260,214,270,332,292,327,281,276,319,293,279,Active
"June 15, 2025",fa1744a0-49d3-4416-b1b9-81a7c147c49f,1494184439,Final_Activation,Neelkanth Traval,Jai Krishna Tiwari,9200123491,Madhya Pradesh,Rewa,MP13ZW8222,Nitul Patel,0,0,0,0,0,0,0,0,0,0,0,0,0,0,0,0,0,0,0,0,0,0,0,0,0,0,0,0,0,0,Red
"June 15, 2025",476defec-8ea3-48f9-a16d-5c666fce1976,TJ75252L20756,Final_Activation,P.S.T DELUXE,Vikram Pratap Singh,8002564700,Bihar,Aurangabad,BR02PB9885,Prashant Sagar,0,0,0,0,0,0,0,0,0,0,0,0,0,0,0,0,0,0,0,0,0,0,0,0,0,0,0,0,0,0,Red
"June 14, 2025",6e7f4d08-d8a0-4e51-81ca-421eec05a8e7,TJ75252G20023,Final_Activation,Salasar Bus Transport Company,Mandeep,9813680448,Haryana,Hisar,HR56B6822,Dummy Haryana,131,236,288,0,321,302,325,299,302,249,279,281,215,213,139,160,245,169,0,267,158,116,237,266,251,205,110,76,327,113,Active
"June 13, 2025",78efcc5b-fe97-48cd-bbb6-d36dc0742aec,1493057433,Final_Activation,Mandeep Bus Service,Harjinder Singh,9023900048,Punjab,Bhatinda,PB07AS7799,Surinder Singh,119,216,233,310,132,176,255,232,229,233,285,130,186,255,242,247,230,224,155,186,176,163,160,28,165,105,165,144,211,252,Active
"June 13, 2025",10c87aac-1995-4445-999d-dd10172c85a0,TJ75252L20032,Final_Activation,Salasar Bus Transport Company,Mandeep,9813680448,Haryana,Hisar,HR56B5472,Dummy Haryana,0,0,0,0,0,0,0,0,0,0,0,0,0,0,0,0,0,111,349,441,524,491,435,521,510,386,454,487,386,498,Red
"June 12, 2025",53ccdf7d-09f3-4cfc-930a-f57983f24710,TJ75252U20316,Final_Activation,कैलादेवी एक्सप्रेस,Bhupendra Kumar Sharma,8824444964,Rajasthan,Sawai Madhopur,RJ14PE1044,Dummy Rajasthan,0,0,0,0,0,0,0,0,0,0,0,0,0,0,0,0,0,0,0,0,0,0,0,0,0,0,0,0,0,0,Red
"June 12, 2025",4fb93fcd-e952-4a69-837b-8318fdc0071e,2841285783,Final_Activation,MAMTA TRAVELS,Makbool Ali,9828708069,Rajasthan,Gharsana,RJ07PA5507,Manish Bathi,0,12,24,8,19,42,45,45,70,59,70,81,85,65,81,141,73,127,74,71,134,133,81,125,144,133,91,148,143,140,Active
"June 11, 2025",77907c6d-25b6-4b90-9254-64921c5d5441,TJ75252L20922,Final_Activation,Sisai Bus Service,Sunil,9054257000,Haryana,Hisar,HR39E4894,Raman,28,91,107,140,0,0,100,93,98,84,156,0,0,127,103,71,97,132,0,0,113,74,124,131,154,0,2,127,116,103,Active
"June 11, 2025",7a940bba-e189-417c-8e2b-8e68cafbed52,TJ7524BK22165,Final_Activation,Shilu Bus Sarvice,Pawan Kumar,8502924834,Rajasthan,Rampura,RJ49PA1043,Pawan Kumar,0,0,0,0,0,0,0,0,0,0,0,0,0,0,0,0,0,0,0,0,0,0,0,0,0,0,0,0,0,0,Red
"June 11, 2025",92df420d-92b3-44a2-b84b-1304af32de8a,TJ75253320059,Final_Activation,M/S The Dilkhush CO. OP. TPT,Vinod Kumar,9991616092,Haryana,Jathlana,HR58B9369,Dummy Haryana,123,314,389,296,261,358,311,327,333,338,352,69,220,315,340,413,465,373,269,298,327,301,318,318,362,223,282,330,301,341,Active
"June 11, 2025",1ef1911e-e937-472c-abc7-3fee32555968,TJ75252Q20518,Final_Activation,Shiv Bole Yatra Company,Ramniwas Meena,9829330119,Rajasthan,Hamirpura,RJ23PA9768,Dummy Rajasthan,0,0,0,0,0,0,0,0,0,0,0,0,0,0,0,0,0,0,0,0,0,0,0,0,0,0,0,0,0,0,Red
"June 11, 2025",1f337d2f-ad77-4ea7-af68-775d134a6b57,1493243476,Final_Activation,Pundir Pundir 87,Sanjeev Pundhir,9817300087,Himachal Pradesh,Sirmaur,HP17C8287,Sandeep Kumar,0,199,155,182,104,185,197,192,183,211,217,154,177,187,191,164,172,199,151,148,212,147,191,109,154,117,130,175,173,132,Active
"June 11, 2025",06dc91eb-8287-4454-befe-5e30a53feb7f,TJ75252L20410,Final_Activation,Banga Bus Service,Kamaljeet Singh,9418090135,Himachal Pradesh,santoshgarh,HP719335,Nitin Kumar,28,147,167,182,0,158,148,118,149,144,193,0,158,151,144,157,174,180,0,87,157,0,192,0,188,0,141,179,163,148,Active
"June 11, 2025",6021f72b-6c65-4ad7-baa6-5e4b3af222cf,TJ75252U20274,Final_Activation,Sisai Bus Service,Sunil,9054257000,Haryana,Hisar,HR39E5723,Raman,105,306,0,324,332,242,294,236,298,313,296,220,196,270,313,253,262,271,296,266,233,202,206,291,330,224,226,271,275,263,Active
"June 10, 2025",5acc5c24-d40d-49f4-acfc-7e84220a0552,TJ75252L20439,Final_Activation,Kashmi Bus Service,Mehraj Ali,7018081700,Himachal Pradesh,kundiyon,HP71A0672,Nitin Kumar,0,129,140,70,96,127,142,141,159,145,170,0,152,118,151,150,142,170,97,115,144,129,51,158,128,96,123,126,147,126,Active
"June 10, 2025",1892d0bb-2b7a-436f-abb1-d0848ba574f9,PTJ75252L20630_376,Final_Activation,Shiva Transport,Naresh Mahajan,9816743706,Himachal Pradesh,Sahu,HP733550,Nitin Kumar,0,0,0,0,0,0,0,0,0,0,0,0,0,0,0,0,0,0,0,0,0,0,0,0,0,0,0,0,0,0,Red
"June 10, 2025",dfae2d25-50a9-487e-b566-8ce83eb792b7,TJ75253L22238,Final_Activation,Rangra Bus Service,Bhim Singh Rangra,8894155581,Himachal Pradesh,Hamirpur,HP67A8681,Mohan,106,198,212,185,0,192,228,177,234,152,219,160,215,220,170,214,188,201,0,204,239,125,124,213,189,0,199,172,181,205,Active
"June 10, 2025",a58f81e3-ffc7-4e06-ac89-1233f0a0cf59,2841891658,Final_Activation,Naryal Bus Service,Dineshwar singh,9015427578,Himachal Pradesh,chamba,HP47B6566,Karan Raina,0,0,110,192,0,181,170,198,184,163,48,0,0,153,138,171,65,0,0,0,212,125,0,70,150,0,44,155,142,111,Active
"June 10, 2025",f48e7bed-d2a8-400b-8b38-b3d2d0ec25f6,2840780758,Final_Activation,Saini Bus Service,Deepak Saini,6283494867,Punjab,Gurdaspur,PB06AD1300,Sumit Sharma,0,0,0,0,0,0,0,0,0,0,0,0,0,0,0,0,0,0,0,0,0,0,0,0,0,0,0,0,0,0,Red
"June 10, 2025",695062ab-f144-4340-bf17-6dd1638dfe1f,TJ75248H21016,Final_Activation,Kashmi Bus Service,Mehraj Ali,7018081700,Himachal Pradesh,kundiyon,HP17A6712,Nitin Kumar,0,0,0,0,0,0,0,0,0,0,0,0,0,0,0,0,0,0,0,0,0,0,0,0,0,0,0,0,0,0,Red
"June 10, 2025",514d8be8-f27b-4981-8c38-e0b2a29a5b81,TJ7524B420114,Final_Activation,Salasar Bus Transport Company,Mandeep,9813680448,Haryana,Hisar,HR56B4396,Dummy Haryana,103,128,252,244,223,186,235,231,210,203,224,205,255,184,189,235,234,229,168,187,194,187,186,209,240,162,220,283,206,170,Active
"June 10, 2025",4c403c38-dd39-4f1e-9fdb-00a264720aa2,TJ75252F21316,Final_Activation,Albela Bus Service,Meru Priya Kamta Sharan Mishra,8795199344,Uttar Pradesh,Chitrakoot,UP96T8181,Dummy Uttar Pradesh,15,50,19,55,16,0,69,29,52,24,38,9,42,45,31,44,25,51,0,39,21,22,40,39,63,7,51,47,36,37,Active
"June 10, 2025",c7e39c16-8cef-4c21-ba84-381c968e9db6,1495288954,Final_Activation,Mahadev Transport,Praveen Kumar,8894369975,Himachal Pradesh,Sirmaur,HP719975,Sandeep Kumar,0,98,94,146,48,95,84,99,90,90,121,0,105,91,86,75,93,93,16,12,67,63,86,0,115,6,90,95,77,71,Active
"June 10, 2025",9c4aafb5-21f5-46d8-bd48-73aef947bcda,TJ75252Q20830,Final_Activation,Chaudhary,Shahid Ali,8829049937,Rajasthan,Sawai Madhopur,RJ14PG3726,Dummy Rajasthan,0,0,0,0,0,0,0,0,0,0,0,0,0,0,0,0,0,0,0,0,0,0,0,0,0,0,0,0,0,0,Red
"June 10, 2025",d7c1e6ae-85e0-417c-8eba-d7ce0ef99ec6,TJ75252T20524,Final_Activation,Pandit Bus Service,Rajneesh Sharma,9816365897,Himachal Pradesh,Amb,HP727563,Harish Verma,0,0,0,0,0,0,0,0,0,0,0,0,0,0,0,0,0,0,0,0,0,0,0,0,0,0,0,0,0,0,Red
"June 10, 2025",5b71b9d2-9879-497a-8049-45815b10b431,1495312564,Final_Activation,Jagdamani Travels,Bhagirath Singh,9816692932,Himachal Pradesh,Sirmaour,HP711507,Sandeep Kumar,60,166,203,183,97,149,198,152,167,205,222,154,225,199,192,234,176,182,0,144,169,118,167,138,209,121,185,170,160,156,Active
"June 10, 2025",19021f21-e02d-4bdb-a78a-e8d3330d950a,2841886155,Final_Activation,Rangra Bus Service,Bhim Singh Rangra,8894155581,Himachal Pradesh,Hamirpur,HP67A5081,Mohan,60,0,204,229,16,156,241,209,196,226,188,0,193,244,213,205,201,228,181,228,194,126,215,229,246,177,199,233,190,185,Active
"June 9, 2025",891a87f5-1320-4a30-83f0-b348e4aa137a,TJ75253M22480,Final_Activation,Harvindera Bus Service,Harvinder Singh Chandel,9816050121,Himachal Pradesh,Bilaspur,HP67A8121,Rahul Kumar Uppal,0,0,0,0,19,19,35,28,39,106,119,82,22,23,8,16,26,42,29,2,22,7,26,13,54,16,21,32,29,85,Yellow
"June 9, 2025",842f84e4-9b06-4b64-ad23-14ee09be87f2,2841917737,Final_Activation,Sardul Singh,Sardul Singh,9855258888,Punjab,Gurdaspur,PB06J9697,Nitin Kumar Yadav,146,249,294,277,226,273,285,285,292,252,337,252,259,311,278,335,297,363,286,283,296,249,272,223,316,258,287,211,369,276,Active
"June 9, 2025",2c9fddcc-c00c-4c9a-98cf-ed94e6994d4a,2840932302,Final_Activation,Mukesh Bus Service,Mukesh Pargi,8435966888,Madhya Pradesh,Jhabua,MP45ZE8885,Balaram Rarotiya,0,0,0,0,0,0,0,0,0,0,0,0,0,0,0,0,0,0,0,0,0,0,0,0,0,0,0,0,0,0,Red
"June 9, 2025",b9783087-e422-4c34-936b-ef907a1b7366,TJ75252L20155,Final_Activation,Royal Coach,Rajeshwar Singh,9418117633,Himachal Pradesh,Solan,HP64B7203,Nitin Kumar,0,42,41,37,1,34,36,32,50,62,47,42,9,34,25,43,26,62,40,71,38,55,61,86,72,9,17,3,0,8,Active
"June 9, 2025",2b83e23e-9e1d-443f-89a2-092fc936404f,TJ75253320144,Final_Activation,Salasar Bus Transport Company,Mandeep,9813680448,Haryana,Hisar,HR56B1131,Dummy Haryana,65,224,244,291,243,230,134,229,267,232,278,219,238,243,248,247,296,301,209,191,236,222,218,262,299,240,228,279,253,208,Active
"June 9, 2025",65b3d4e8-bedf-43a0-8e9f-9ae63e2ecd9f,TJ75248H20904,Final_Activation,Rangra Bus Service,Bhim Singh Rangra,8894155581,Himachal Pradesh,Hamirpur,HP67A4081,Mohan,136,151,225,207,33,183,238,168,211,202,198,0,193,158,179,154,195,166,190,183,190,153,196,22,224,182,180,163,218,171,Active
"June 9, 2025",69c43a30-e85e-4afe-b1f9-90853054cf0f,TJ75248D20572,Final_Activation,Rangra Bus Service,Bhim Singh Rangra,8894155581,Himachal Pradesh,Hamirpur,HP67A6681,Mohan,86,220,166,186,0,164,216,156,167,200,181,193,164,180,169,199,157,182,0,196,167,122,168,196,172,47,143,205,153,202,Active
"June 9, 2025",7324eb91-bf53-4557-977c-d7a7d1af4a99,2841285986,Final_Activation,Harvindera Bus Service,Harvinder Singh Chandel,9816050121,Himachal Pradesh,Bilaspur,HP672931,Rahul Kumar Uppal,0,153,137,133,105,119,140,141,137,147,174,107,0,0,0,0,0,0,0,0,0,0,0,0,0,0,0,1,4,11,Active
"June 8, 2025",51ca8f9a-e7ec-45c5-a25b-fc795809dfeb,1495073814,Final_Activation,Skyline,Kritarth Sharma,8894883299,Himachal Pradesh,Solan,HP64C3204,Nitin Kumar,0,80,87,88,35,110,67,92,112,136,137,94,134,122,85,102,103,106,73,98,51,0,0,0,0,66,97,114,130,98,Active
"June 7, 2025",e9286444-3067-4690-8ae0-459acc3600e1,TJ7524B421249,Final_Activation,Salasar Bus Transport Company,Mandeep,9813680448,Haryana,Hisar,HR56B0210,Dummy Haryana,252,510,540,563,395,471,557,549,483,498,564,356,525,507,307,476,508,560,196,365,452,478,505,491,551,377,479,472,452,480,Active
"June 7, 2025",c6757e3b-94e5-48df-86c2-1d5b1ca01fba,2841536317,Final_Activation,Salasar Bus Transport Company,Mandeep,9813680448,Haryana,Hisar,HR56B9516,Dummy Haryana,99,309,314,306,0,293,103,254,134,282,322,267,267,296,152,166,0,0,0,0,0,0,0,0,0,0,0,0,0,0,Active
"June 7, 2025",486688c3-f173-4bbe-887f-d4d5c2bb631f,2841512869,Final_Activation,Salasar Bus Transport Company,Mandeep,9813680448,Haryana,Hisar,HR56B2522,Dummy Haryana,173,450,447,485,283,415,460,429,333,426,366,330,410,406,501,430,443,381,461,392,472,388,290,479,476,364,453,407,345,435,Active
"June 7, 2025",d71ec117-de6a-4518-93f0-15ef5f31ea67,2841286491,Final_Activation,B.Batala,Harinder Pal Singh,8725080080,Punjab,Batala,PB06AK0680,Nitin Kumar Yadav,70,319,304,330,187,302,239,219,353,326,324,309,266,331,352,321,360,356,319,339,360,262,336,281,327,246,313,317,337,313,Active
"June 7, 2025",4fb24356-0fff-47b0-821f-40c8bdb222dd,TJ75252T20824,Final_Activation,D.P.S Travels,Shivram Gurjar,8619784763,Rajasthan,Mahwa,RJ29PB2132,Dummy Rajasthan,0,0,0,0,0,0,0,0,0,0,0,0,0,0,0,0,0,0,0,0,0,0,0,4,0,8,55,0,0,0,Red
"June 7, 2025",ec2b7388-2cc4-4858-b379-81848cc45d55,TJ75252L20848,Final_Activation,Shiva Transport,Naresh Mahajan,9816743706,Himachal Pradesh,Sahu,HP731471,Nitin Kumar,62,198,122,197,0,227,213,162,237,218,213,0,109,157,254,199,176,220,0,221,277,188,174,141,199,0,173,265,226,136,Active
"June 7, 2025",2b0b9e3e-3376-41d0-9bd5-3a7bf1cd8e8e,TJ75252H20583,Final_Activation,Salasar Bus Transport Company,Mandeep,9813680448,Haryana,Hisar,HR39C8995,Dummy Haryana,64,309,310,398,256,143,294,256,253,298,275,104,317,300,277,278,361,339,155,323,274,277,245,239,245,116,265,132,312,311,Active
"June 7, 2025",8b4d7758-7a91-431f-9ce4-5d8ee688c070,2840964972,Final_Activation,Rakesh,Rakesh Bhai Gorsingh Bhai Pargi,7433971888,Gujarat,Dahod,GJ20X8886,Dummy Uttar Pradesh,0,0,0,0,0,0,0,0,0,0,0,0,0,0,0,0,0,0,0,0,0,0,0,0,0,0,0,0,0,0,Red
"June 7, 2025",c2c955df-1389-4f65-a7ae-581865129f7d,TJ75253N20327,Final_Activation,B.Batala,Harinder Pal Singh,8725080080,Punjab,Batala,PB06AK9935,Nitin Kumar Yadav,98,307,290,307,272,311,280,274,251,271,295,288,101,286,264,285,289,310,290,296,281,287,294,252,294,264,277,288,258,284,Active
"June 6, 2025",2092b498-32d2-4616-a07c-c34a7bfe135d,TJ75252Q20829,Final_Activation,Salasar Bus Transport Company,Mandeep,9813680448,Haryana,Hisar,HR56B0799,Dummy Haryana,88,285,378,382,287,280,302,179,261,307,200,407,206,410,257,424,284,342,261,261,182,386,318,293,302,237,277,279,295,292,Active
"June 6, 2025",1744bb84-6d73-42a4-90b7-e1c066c9dc09,TJ75252U20231,Final_Activation,Shashi Kant,Shashi Kant,9459000740,Himachal Pradesh,Chamba,HP73B0740,Karan Raina,0,116,124,128,138,97,93,134,98,97,135,89,120,90,118,152,147,108,42,100,94,63,187,88,61,67,160,91,33,42,Active
"June 6, 2025",6959c3bf-e9ed-4d2d-9086-b98e91ff8864,TJ75251B20045,Final_Activation,MH TPT (Barnala),Kuldeep Singh,9780000508,Punjab,Faridkot,PB13BJ4525,Rajiv Kumar,111,205,244,280,246,224,236,275,308,330,334,219,261,293,311,283,305,245,229,289,298,269,307,201,217,163,202,197,217,224,Active
"June 6, 2025",9e1d62aa-0b93-4491-9db1-b579916c77b3,1495071611,Final_Activation,Sukhni Bus Service,Sukhni,8094150573,Rajasthan,Hanumangarh,RJ31PA2790,Rakesh,202,280,350,340,260,273,250,326,295,250,266,235,266,284,330,291,319,340,273,278,306,248,279,303,365,272,256,310,287,282,Active
"June 6, 2025",24800eed-a16f-4ebb-8c36-25913cba11e3,2841899295,Final_Activation,Sukhni Bus Service,Sukhni,8094150573,Rajasthan,Hanumangarh,RJ09PA5041,Rakesh,49,316,271,316,225,258,256,297,260,267,286,161,193,283,302,267,263,316,255,268,287,242,255,259,361,256,270,245,114,264,Active
"June 6, 2025",aafcf033-fecc-461f-880f-5d8225c6ec5e,1494806100,Final_Activation,Shiva Transport,Naresh Mahajan,9816743706,Himachal Pradesh,Sahu,HP73A6778,Nitin Kumar,0,0,125,61,0,71,40,37,32,105,55,0,97,100,33,41,36,108,0,27,90,0,43,0,0,0,25,108,111,102,Active
"June 6, 2025",ce56b027-3297-4871-a128-4055ec1c1d2d,TJ75251622180,Final_Activation,Pradhuman Singh Rathore,Pradhuman Singh Rathore,8890040080,Rajasthan,Jodhpur,RJ21PA3738,Dummy Rajasthan,0,0,0,0,0,0,0,0,0,0,0,0,0,0,0,0,0,0,0,0,0,0,0,0,0,0,0,0,0,0,Red
"June 6, 2025",6f5a8510-e131-4803-9a09-2875f8445535,TJ75252L20333,Final_Activation,Shiva Transport,Naresh Mahajan,9816743706,Himachal Pradesh,Sahu,HP731178,Nitin Kumar,111,182,86,0,31,175,227,273,254,163,229,37,229,216,139,261,216,262,0,57,244,196,148,276,283,42,252,229,180,75,Active
"June 6, 2025",6dd6f654-e7f9-4604-ac6f-44b1b146fa1e,2840874829,Final_Activation,Salasar Bus Transport Company,Mandeep,9813680448,Haryana,Hisar,HR39C5819,Dummy Haryana,107,319,349,457,379,311,330,314,289,356,369,156,181,346,0,307,259,383,295,260,303,394,176,368,313,182,241,280,264,268,Active
"June 6, 2025",c6b61d95-8578-463b-95e0-4e18acf87a15,2841519287,Final_Activation,Salasar Bus Transport Company,Mandeep,9813680448,Haryana,Hisar,HR56B3852,Dummy Haryana,0,0,0,0,0,0,0,0,0,0,0,0,0,0,0,0,0,0,0,0,0,0,121,360,297,170,170,331,0,208,Red
"June 6, 2025",4f8dac1a-ed35-493c-b00d-310a02edcaf3,2841012429,Final_Activation,Salasar Bus Transport Company,Mandeep,9813680448,Haryana,Hisar,HR56B6697,Dummy Haryana,0,0,0,0,0,0,0,0,0,0,0,0,0,0,0,107,360,315,252,283,328,339,163,0,0,0,0,0,0,0,Red
"June 5, 2025",765c828b-e0c8-49b2-ae34-969d218e1941,TJ75251621700,Final_Activation,Keladevi Express,Anuj Naruka,9799522282,Rajasthan,Gangapur,RJ10PA6389,Manish Bathi,81,117,158,230,138,121,130,145,118,149,153,111,105,130,104,172,123,198,104,132,131,106,139,132,150,102,147,143,141,144,Active
"June 5, 2025",b5eafc57-8cda-4c6d-a175-752264a0eb77,TJ75253L21696,Final_Activation,GKR & GSK Bus Service,Kulwinder Singh,9815946937,Punjab,Batala,PB06AK0939,Nitin Kumar Yadav,119,193,179,150,0,0,0,0,128,131,164,0,193,185,137,157,179,127,356,282,293,253,280,0,0,43,110,193,143,178,Active
"June 5, 2025",9fefa560-fff8-4c66-ad1a-880493a75b9d,2840960980,Final_Activation,GSK GRK Bus Service,Surinder Singh,9815647357,Punjab,Batala,PB06V1174,Sumit Sharma,14,178,177,204,304,185,256,259,149,158,236,185,177,201,171,294,193,254,79,173,254,119,203,157,244,123,193,233,191,199,Active
"June 5, 2025",5af14f16-9f01-49f6-a17e-da55faea41ec,TJ75252U20476,Final_Activation,Salasar Bus Transport Company,Mandeep,9813680448,Haryana,Hisar,HR39E8632,Dummy Haryana,204,515,538,695,452,484,565,554,381,594,554,441,513,544,518,510,413,101,0,0,0,0,0,0,0,329,354,154,212,282,Active
"June 5, 2025",a87e4fb9-440b-4718-83cc-4a3a417fa3ac,2842139114,Final_Activation,Keladevi Express,Anuj Naruka,9799522282,Rajasthan,Gangapur,RJ14PE4421,Manish Bathi,126,98,4,0,0,0,0,0,0,0,0,0,0,8,0,0,0,0,0,0,0,0,0,0,0,0,0,0,0,0,Active
"June 5, 2025",20c43c34-273a-4fa2-bad6-5bd43c42ec08,2841285858,Final_Activation,Goldy Bus Service,Pushpender Singh,9817685801,Himachal Pradesh,Solan,HP64C2560,Nitin Kumar,98,225,271,277,136,168,55,287,267,289,268,231,183,51,177,205,268,273,223,94,242,160,228,170,259,188,210,200,177,229,Active
"June 5, 2025",94ec7f0f-b11f-4ede-95eb-698953e1f98e,TJ75252M20365,Final_Activation,Choudhary Travels,Rajesh Kumar,9816820287,Himachal Pradesh,Sirmaur,HP20C7503,Nitin Kumar,0,153,106,182,0,22,203,189,174,157,165,0,160,158,148,141,141,84,0,0,0,0,0,0,131,98,147,119,128,145,Active
"June 5, 2025",4ed49e5b-750b-4a10-9b9d-711d0d4cbbf2,TJ75252Q20938,Final_Activation,Albela Bus Service,Meru Priya Kamta Sharan Mishra,8795199344,Uttar Pradesh,Chitrakoot,UP96T6339,Dummy Uttar Pradesh,0,26,0,0,0,0,0,15,0,54,30,0,17,19,0,37,26,37,0,0,0,0,0,0,0,0,0,0,12,18,Active
"June 5, 2025",a4e7eaf2-029a-43f9-8750-30fa4ded0cba,TJ75248A21032,Final_Activation,Keladevi Express,Anuj Naruka,9799522282,Rajasthan,Gangapur,RJ09PA4969,Manish Bathi,56,100,113,103,94,113,95,93,92,116,110,92,116,121,97,100,113,115,79,103,96,97,104,98,129,109,125,157,97,120,Active
"June 5, 2025",0ff53af9-0c46-4d25-b2f0-0d5628bc4f1b,2842138337,Final_Activation,Keladevi Express,Anuj Naruka,9799522282,Rajasthan,Gangapur,RJ14PF1227,Manish Bathi,50,66,156,0,0,40,70,179,31,56,60,0,0,0,0,130,56,0,0,0,0,0,0,8,0,0,0,0,0,0,Active
"June 5, 2025",e61a1547-ac08-4dbb-bca9-a998471416e4,TJ75252L20164,Final_Activation,Tourist Bus,Bimla Devi,9418034525,Himachal Pradesh,Hamirpur,HP672746,Mohan,0,206,186,174,153,197,267,207,202,195,202,133,239,196,209,259,278,174,143,154,220,170,168,188,227,137,200,192,165,172,Active
"June 5, 2025",68593fe0-5379-4c8c-a67d-476219935726,TJ75252Q20615,Final_Activation,Salasar Bus Transport Company,Mandeep,9813680448,Haryana,Hisar,HR39E4936,Dummy Haryana,134,224,382,199,239,240,245,354,184,205,244,232,295,227,305,208,228,308,106,151,183,170,290,275,288,238,300,277,151,343,Active
"June 5, 2025",851c696c-f3a9-4ab1-9218-dd87672b223d,TJ75252L20142,Final_Activation,Shashi Kant,Shashi Kant,9459000740,Himachal Pradesh,Chamba,HP73A3370,Karan Raina,80,92,52,0,0,0,0,0,88,4,150,0,154,45,97,44,40,138,89,74,156,105,0,0,75,0,29,17,36,60,Active
"June 5, 2025",ea40dee0-b4f9-4953-bf11-2b2016de73f2,TJ75252F21165,Final_Activation,Phougat Bus,Sandeep,9050005592,Haryana,Rohtak,HR56B2132,Amit Kumar,94,330,49,250,199,270,314,237,239,203,279,231,239,261,267,211,251,204,187,221,0,0,34,254,235,227,233,256,156,164,Active
"June 5, 2025",68a69df2-e9c6-44c6-bdf0-e7fd12de493e,TJ75252L20516,Final_Activation,Tourist Bus,Bimla Devi,9418034525,Himachal Pradesh,Hamirpur,HP55D1025,Mohan,0,117,159,148,79,188,171,157,146,102,142,218,85,175,190,134,113,133,149,111,113,166,128,95,150,146,96,145,119,105,Active
"June 4, 2025",070c6919-9f66-4857-a2e1-05a3ae1be3f4,TJ75252H20159,Final_Activation,Salasar Bus Transport Company,Mandeep,9813680448,Haryana,Hisar,HR56C5386,Dummy Haryana,0,0,0,0,0,0,0,0,0,0,0,0,0,0,0,0,0,144,39,311,193,55,188,148,163,253,55,230,203,227,Red
"June 4, 2025",75ba134c-d2e2-401f-9802-b421ba457a7a,TJ75252L20290,Final_Activation,Jarial Bus,Manisha Thakur,7807672373,Himachal Pradesh,Hamirpur,HP55C9151,Mohan,0,0,0,0,0,0,0,0,0,0,0,0,0,0,0,0,0,0,0,0,0,0,0,0,0,0,0,0,0,0,Red
"June 4, 2025",e2c2ef45-e11f-4b46-957d-dbe800e0b5da,TJ75252U20957,Final_Activation,Salasar Bus Transport Company,Mandeep,9813680448,Haryana,Hisar,HR56B2769,Dummy Haryana,37,226,120,259,212,268,180,198,256,171,225,159,173,225,186,203,223,176,166,146,170,126,192,228,97,90,233,0,179,201,Active
"June 4, 2025",04b411e2-af65-46f5-b759-7dfba93e8226,TJ75252U20810,Final_Activation,Salasar Bus Transport Company,Mandeep,9813680448,Haryana,Hisar,HR39D6312,Dummy Haryana,124,381,433,518,307,401,482,465,456,421,495,340,452,487,470,449,493,480,365,398,458,398,443,449,472,308,405,436,433,421,Active
"June 4, 2025",f0995408-7697-441a-804e-dab6fe2ef3c9,TJ75252U20230,Final_Activation,Sagar Mal Sharma,Sagar Mal Sharma,9649614251,Rajasthan,Surupura,AR11D0027,Manish Bathi,0,0,0,0,0,0,0,0,0,0,0,0,0,0,0,0,0,0,0,0,0,0,0,0,0,0,0,0,0,0,Red
"June 4, 2025",eaaf4a42-8f0c-4af3-923a-b363e945f2f1,TJ75251820960,Final_Activation,Suresh Kanwar,Suresh Kanwar,8503949805,Rajasthan,Dungargarh,RJ31PA3757,Manish Bathi,27,16,33,19,26,23,29,23,28,27,22,21,21,19,12,31,26,19,34,11,39,30,25,36,32,26,35,23,20,35,Active
"June 4, 2025",ab28d773-1831-4f86-8cbf-d756922d804d,2840964973,Final_Activation,SOLANKI TRAVELS,Ranjay Kumar Singh,9955056382,Bihar,Gaya,BR02PC7655,Prashant Sagar,0,0,0,0,0,0,0,0,0,0,0,0,0,0,0,0,0,0,0,0,0,0,0,0,0,0,0,0,0,0,Red
"June 4, 2025",e9dda023-a73d-4478-b5d4-6ad0edba0c9c,TJ75248A20196,Final_Activation,Nain Bus Service,Tarsem Singh,9466052902,Haryana,Fatehabad,HR62A7850,Raman,78,122,218,53,0,0,258,131,247,105,360,197,0,152,285,119,250,113,228,0,241,113,278,0,0,0,273,136,247,125,Active
"June 4, 2025",b5956c75-ceef-46b5-99c3-7343bc551b2f,TJ75252G20751,Final_Activation,Naruka Travels,Ravinder Singh Naruka,9509350049,Rajasthan,Alwar,RJ02PA5840,Dummy Rajasthan,0,0,0,0,0,0,0,0,0,0,0,0,0,0,0,0,0,0,0,0,0,0,0,0,0,0,0,0,0,0,Red
"June 3, 2025",1e4f8d72-763a-4325-819e-cf5a7b39d1fa,TJ75251520636,Final_Activation,Salasar Bus Transport Company,Mandeep,9813680448,Haryana,Hisar,HR39E2563,Dummy Haryana,0,0,0,0,0,0,0,0,0,0,0,0,0,0,0,0,0,0,0,0,0,0,0,0,0,0,0,0,0,0,Red
"June 3, 2025",08ac312f-80f9-421a-8781-59d511af2767,TJ75252L20998,Final_Activation,Mangal Bus Service,Mangal Singh,8219345908,Himachal Pradesh,Kangra,HP651646,Dummy HImachal Pradesh,0,0,0,0,0,0,0,0,0,0,0,0,0,0,0,0,0,0,0,0,0,0,0,0,0,0,0,0,0,0,Red
"June 3, 2025",6cfa2cdd-f7f3-4b2c-b4da-68a7250676a2,TJ75252M20005,Final_Activation,Ritik Travels,Jai Singh,9816038603,Himachal Pradesh,Solan,HP643402,Sandeep Kumar,0,0,0,0,0,0,0,0,0,0,0,0,0,0,0,0,0,0,0,0,0,0,0,0,0,0,0,0,0,0,Red
"June 3, 2025",afc11436-153f-4610-83cc-15e03d24452a,TJ75252U20880,Final_Activation,Salasar Bus Transport Company,Mandeep,9813680448,Haryana,Hisar,HR39E6097,Dummy Haryana,149,162,291,331,221,238,304,225,276,275,139,111,57,189,207,229,165,280,295,295,293,300,263,271,291,228,274,299,355,294,Active
"June 2, 2025",3ffd7a05-764c-4049-b0c9-99c6eda92245,TJ75252U20463,Final_Activation,Salasar Bus Transport Company,Mandeep,9813680448,Haryana,Hisar,HR39E7542,Dummy Haryana,75,233,288,237,299,299,342,302,372,372,386,105,323,369,311,322,355,248,160,364,307,172,319,378,368,91,108,334,306,278,Active
"June 2, 2025",434043e5-de53-4f38-9b60-ae833c6265a8,TJ75252G21665,Final_Activation,Chulbul Bus Service,Anubhav Pandey,8881515527,Uttar Pradesh,Prayagraj,UP70NT8231,Dummy Uttar Pradesh,0,0,0,0,0,0,0,0,0,0,0,0,0,0,0,0,0,0,0,0,0,0,0,0,0,0,0,0,0,0,Red
"June 2, 2025",def4576d-5ce7-447b-8002-f59a10bfe33b,TJ75252F21283,Final_Activation,Salasar Bus Transport Company,Mandeep,9813680448,Haryana,Hisar,HR56B9050,Dummy Haryana,0,302,267,326,272,136,302,293,120,307,280,110,270,185,284,153,287,372,228,338,365,241,208,397,300,225,329,131,308,302,Active
"June 1, 2025",fefd5aaf-1270-4bfb-bb05-b4ef0e052a2b,TJ75252U20196,Final_Activation,Hans Tour & Travels,HANS RAJ,7018582170,Himachal Pradesh,Mandi,HP656829,Harish Verma,0,23,50,54,69,69,59,36,52,38,64,97,44,0,0,0,75,70,60,39,53,51,66,49,34,70,50,49,34,53,Active
"June 1, 2025",4989de0b-98b0-4ce2-a18a-bd77d12e4c13,2840964984,Final_Activation,Harsh Motor,Satya Prakash,7061207921,Bihar,Gaya,BR01PE7850,Prashant Sagar,0,0,0,0,0,0,0,0,0,0,0,0,0,0,0,0,0,0,0,0,0,0,0,0,0,0,0,0,0,0,Red
"May 31, 2025",29165a91-df41-4f51-9141-33178bae0e61,2840932313,Final_Activation,Sardul Singh,Sardul Singh,9855258888,Punjab,Gurdaspur,PB11AF9037,Nitin Kumar Yadav,0,0,0,0,0,0,0,0,0,0,0,0,0,0,0,0,146,188,135,177,149,3,0,0,0,0,0,0,0,0,Red
"May 31, 2025",d6bac77d-ac1e-4698-830a-0582bd22a81d,TJ75252L20571,Final_Activation,MRL,Ravinder Kumar,9805745000,Himachal Pradesh,solan,HP15E1175,Nitin Kumar,0,0,372,205,132,118,85,0,0,0,0,5,129,118,133,98,115,107,118,104,166,101,121,104,181,81,152,102,137,95,Active
"May 31, 2025",e1fb3f75-6816-40fa-8834-6b5c0dfc8b57,TJ75252U20420,Final_Activation,Sajan Bus Service,Ramesh Kumar,9625566600,Himachal Pradesh,Mandi,HP31D3120,Harish Verma,0,0,0,0,0,0,0,0,0,0,0,0,0,0,0,0,0,0,0,0,0,0,0,0,0,0,0,0,0,0,Red
"May 31, 2025",d820771f-1268-4984-bb64-a042c1b78114,2841519302,Final_Activation,Aryan'S,Ajay Kumar Sharma,9816301502,Himachal Pradesh,Sirmaur,HP64D1502,Nitin Kumar,0,142,149,170,121,95,96,109,111,41,34,0,0,0,0,0,0,0,0,0,0,0,0,0,0,0,0,0,0,0,Active
"May 31, 2025",4badd666-4bc9-4402-8eb3-34902579dcb1,TJ75252K20802,Final_Activation,Aryan'S,Ajay Kumar Sharma,9816301502,Himachal Pradesh,Sirmaur,HP16C1602,Nitin Kumar,0,100,118,143,96,86,56,65,108,112,122,86,111,104,115,130,118,0,0,0,0,33,102,108,132,102,93,105,100,107,Active
"May 31, 2025",5a940a1d-1a07-4b9a-a679-4a65d7a5242b,TJ75252P20053,Final_Activation,Harish,Harish Kumar,8819922784,Madhya Pradesh,Rajgarh,RJ20PB1694,Jeetendra Buwade,0,0,0,0,0,0,0,0,0,0,0,0,0,0,0,0,0,0,0,0,0,0,0,0,0,0,0,0,0,0,Red
"May 31, 2025",a3c0f88e-8522-4368-b2f0-c9fcbc7c7280,2842134613,Final_Activation,CHHABRA BUS SERVICE,Ankit Chhabra,9794885555,Uttar Pradesh,Jhansi,UP93ET0683,Dummy Uttar Pradesh,34,156,156,0,35,149,112,179,131,156,81,6,0,0,0,0,0,7,0,0,0,0,0,0,0,0,0,0,0,0,Active
"May 31, 2025",b72c445c-a98d-4b3b-ba7a-0e59c8ae69db,TJ75251520472,Final_Activation,MRL,Ravinder Kumar,9805745000,Himachal Pradesh,solan,HP15C1175,Nitin Kumar,0,0,0,0,0,73,73,49,89,98,116,87,116,112,108,78,29,106,0,120,115,106,159,59,75,0,73,70,73,42,Orange
"May 31, 2025",6de184d9-9501-4663-a162-6fc9c2c46411,2842132818,Final_Activation,CHHABRA BUS SERVICE,Ankit Chhabra,9794885555,Uttar Pradesh,Jhansi,UP93ET0684,Dummy Uttar Pradesh,44,69,96,219,158,29,63,59,135,81,68,6,0,0,0,0,0,10,0,0,0,0,0,0,0,0,0,0,0,0,Active
"May 31, 2025",80ad22b1-681c-4385-9089-e67499462c9a,TJ7524BD20394,Final_Activation,MRL,Ravinder Kumar,9805745000,Himachal Pradesh,solan,HP678681,Nitin Kumar,0,80,93,172,75,121,114,146,87,156,160,87,115,150,116,189,117,105,60,138,111,114,140,119,142,111,144,169,121,133,Active
"May 30, 2025",b887f787-a5b2-4856-80f8-cf957d4f0587,TJ75251820505,Final_Activation,Shiva Transport,Naresh Mahajan,9816743706,Himachal Pradesh,Sahu,HP73A1156,Nitin Kumar,0,0,0,0,0,0,0,0,0,0,0,0,0,0,3,0,0,0,0,0,0,2,0,8,0,0,0,39,114,148,Red
"May 30, 2025",9afdf10c-1e67-4a39-a912-2ddbc9b52a66,TJ75252G20656,Final_Activation,Shiva Transport,Naresh Mahajan,9816743706,Himachal Pradesh,Sahu,HP732474,Nitin Kumar,0,235,249,322,83,119,190,153,160,212,411,147,267,146,172,178,168,195,91,120,312,95,186,142,191,66,167,150,158,179,Active
"May 30, 2025",fa7e45ec-9a40-46be-bf26-18cf5b2eaf28,2840957169,Final_Activation,Vishal Travels,Kulvir Singh,7807641000,Himachal Pradesh,Shimla,HP63A1410,Nitin Kumar,0,0,0,0,0,0,0,117,135,58,59,0,0,139,42,26,100,12,0,0,0,0,0,0,23,0,104,57,63,83,Orange
"May 30, 2025",8e217872-6747-46a2-bcf1-7408ca8955d4,1494795657,Final_Activation,Singh Bus Sarvica,Manjit Singh,6393755536,Uttar Pradesh,Lakhimpur Kheri,UP31AT4647,Dummy Uttar Pradesh,0,0,0,0,0,0,0,0,0,0,0,0,0,0,0,0,0,0,0,0,0,0,0,0,0,0,0,0,0,0,Red
"May 30, 2025",7dc695bd-817f-41c3-b40e-5193d43d6f38,TJ75252H20150,Final_Activation,Vishal Travels,Kulvir Singh,7807641000,Himachal Pradesh,Shimla,HP06C3171,Nitin Kumar,0,0,0,0,0,0,27,248,192,217,187,0,222,193,182,188,189,177,0,121,122,119,156,119,100,0,0,248,197,228,Orange
"May 30, 2025",1bfde042-baf9-4c22-9c7e-b2761cffa0aa,TJ75251621090,Final_Activation,Parveen,Parveen,8397979770,Haryana,Rohtak,HR46F6513,Amit Kumar,93,273,148,327,259,185,0,195,197,255,212,0,209,35,285,255,193,298,193,268,291,290,223,191,0,182,215,270,256,260,Active
"May 30, 2025",4b26c3cb-a7fe-4250-afd1-7540fd2396df,TJ75252N20178,Final_Activation,Bhai Behlo Highways,Manpreet Singh,9877792002,Punjab,Mansa,PB31P2537,Surinder Singh,0,0,0,0,0,0,0,0,0,0,0,0,0,0,0,0,0,0,0,0,0,0,0,0,0,0,0,0,0,0,Red
"May 30, 2025",39e7e4e9-c779-45bf-8049-2217d960a4ab,TJ75252G21389,Final_Activation,Vishal Travels,Kulvir Singh,7807641000,Himachal Pradesh,Shimla,HP923171,Nitin Kumar,53,119,203,59,0,0,270,224,215,168,82,0,237,85,217,174,187,216,0,167,185,152,189,189,210,0,168,189,89,167,Active
"May 30, 2025",964a3307-61d5-449b-b63c-61e358ba47bf,2840694856,Final_Activation,Vishal Travels,Kulvir Singh,7807641000,Himachal Pradesh,Shimla,HP92A3171,Nitin Kumar,0,0,38,158,0,0,183,173,174,175,192,0,185,161,133,130,65,154,0,181,163,155,169,140,199,0,139,157,139,133,Active
"May 30, 2025",9e895371-d639-43c0-9978-4c77d1eaf529,TJ75252J21143,Final_Activation,Burman Travels,Sudeep Burman,9340080600,Madhya Pradesh,Barwani,MP46ZE8004,Dummy Madhya Pradesh,0,0,0,0,0,0,0,0,0,0,0,0,0,0,0,0,0,0,0,0,0,0,0,0,0,0,0,0,0,0,Red
"May 30, 2025",c6151bde-403b-4c37-892e-f96c102a41e9,TJ75252H20728,Final_Activation,Vishal Travels,Kulvir Singh,7807641000,Himachal Pradesh,Shimla,HP63D3171,Nitin Kumar,0,0,0,136,0,0,135,44,42,192,238,163,210,240,197,165,218,186,161,171,202,68,210,173,211,156,191,94,198,192,Active
"May 30, 2025",7a0c5ad8-0527-4944-9b0a-2509becf98a0,TJ75252U20449,Final_Activation,Sandeep Bus Service,Sandeep Kumar Shukla,7394858687,Uttar Pradesh,Allahabad,UP70HT7739,Dummy Uttar Pradesh,0,0,0,0,0,0,0,0,0,0,0,0,0,0,0,0,0,0,0,0,0,0,0,0,0,0,0,0,0,0,Red
"May 30, 2025",d63fc1d7-f215-4265-b302-006b57daddfd,TJ75252J20534,Final_Activation,Burman Travels,Sudeep Burman,9340080600,Madhya Pradesh,Barwani,MP46ZC8004,Dummy Madhya Pradesh,0,0,0,0,0,0,0,0,0,0,0,0,0,0,0,0,0,0,0,0,0,0,0,0,0,0,0,0,0,0,Red
"May 30, 2025",9c0b3dd2-60d0-43ed-9193-f0ac3f9b2984,TJ75252F21255,Final_Activation,Vishal Travels,Kulvir Singh,7807641000,Himachal Pradesh,Shimla,HP95A3171,Nitin Kumar,0,0,0,0,0,0,59,91,92,89,85,0,79,97,72,86,75,89,0,81,91,51,95,71,102,0,98,63,73,56,Orange
"May 30, 2025",233292bd-038e-4aa6-a9fc-89aec35b44cf,TJ75251520706,Final_Activation,Sandeep Bus Service,Sandeep Kumar Shukla,7394858687,Uttar Pradesh,Allahabad,UP70ET9621,Dummy Uttar Pradesh,0,0,0,0,0,0,0,0,0,0,0,0,0,0,0,0,0,0,0,0,0,0,0,0,0,0,0,0,0,0,Red
"May 29, 2025",2236e4a3-4634-4138-b8e4-3f285fba7323,TJ75251520816,Final_Activation,Daukiya Travels,Naveen Charan,9511599909,Rajasthan,Pali,RJ19PA5311,Chuna Ram,0,20,47,54,13,13,38,15,2,64,0,0,5,10,9,13,56,0,3,0,0,61,41,55,55,15,42,43,24,10,Active
"May 29, 2025",39198784-0c5a-493f-9d90-c07732e37572,2842138346,Final_Activation,Mehar Singh,Mehar Singh,9928888849,Rajasthan,Sri Ganganagar,RJ13PA9422,Rakesh,0,110,126,131,116,112,126,91,110,108,135,133,128,111,137,112,3,0,0,0,10,0,0,7,0,0,0,0,0,0,Active
"May 29, 2025",d8f869f9-9858-4ff3-add3-e3ed378f812e,TJ7524B620052,Final_Activation,Shekhawat Travels,Narayan Singh,9680531656,Rajasthan,Bikaner,RJ07PB3051,Rakesh,0,223,245,261,194,209,241,241,242,242,260,198,219,234,252,227,225,244,208,222,256,214,211,262,254,172,69,260,226,270,Active
"May 29, 2025",e66ceb7f-89e3-416c-80e4-c1c3d8afbeb3,TJ75253120121,Final_Activation,Kartik Bus,Neelam Kumar,9817184732,Himachal Pradesh,Bilaspur,HP675469,Rahul Kumar Uppal,0,0,0,0,0,0,0,0,0,0,0,0,0,0,0,0,0,0,0,0,0,0,0,0,0,0,0,0,0,0,Red
"May 29, 2025",4f4158da-3eb6-466e-a52f-c929f41bb907,2840960853,Final_Activation,Vineet Pandey,Vineet Pandey,9213093608,Uttar Pradesh,Noida,UP15DT9233,Dummy Uttar Pradesh,0,0,36,41,40,55,39,49,38,49,39,42,38,31,33,20,41,42,50,36,31,28,42,48,44,53,34,32,41,34,Active
"May 29, 2025",bbd1ac1f-dfd4-4992-9872-3e09e23e548a,TJ7524BE21971,Final_Activation,Shekhawat Travels,Narayan Singh,9680531656,Rajasthan,Bikaner,RJ07PC0065,Rakesh,0,0,0,0,0,0,0,0,0,0,0,0,0,0,0,0,0,0,0,0,0,0,0,0,0,0,0,0,0,0,Red
"May 29, 2025",c5069bca-4050-4754-938b-3e03eb391fa3,TJ75252Q20791,Final_Activation,Burman Travels,Sudeep Burman,9340080600,Madhya Pradesh,Barwani,MP46ZD9040,Dummy Madhya Pradesh,0,0,0,0,0,0,0,0,0,0,0,0,0,0,0,0,0,0,0,0,0,0,0,0,0,0,0,0,0,0,Red
"May 29, 2025",7b48de55-1b09-4f1d-9a8d-d72b15cc83fa,TJ75252Q20750,Final_Activation,Burman Travels,Sudeep Burman,9340080600,Madhya Pradesh,Barwani,MP46ZC9040,Dummy Madhya Pradesh,0,0,0,0,0,0,0,0,0,0,0,0,0,0,0,0,0,0,0,0,0,0,0,0,0,0,0,0,0,0,Red
"May 29, 2025",c15a7e71-65a2-4341-b7a4-84568a1e1b3c,TJ75248H20414,Final_Activation,Shekhawat Travels,Narayan Singh,9680531656,Rajasthan,Bikaner,RJ07PC6465,Rakesh,0,0,0,0,0,0,0,0,0,0,0,0,0,0,0,67,215,102,260,145,197,181,186,202,301,112,152,197,190,144,Red
"May 29, 2025",85316fc7-01d9-41ec-85a8-5ee6dda1adf0,P2841894544_636,Final_Activation,Shekhawat Travels,Narayan Singh,9680531656,Rajasthan,Bikaner,RJ37PA3282,Rakesh,0,0,0,0,0,0,0,0,0,0,0,0,0,0,0,0,0,0,0,0,0,0,0,0,0,0,0,0,0,0,Red
"May 29, 2025",847304dd-bf3e-4fcc-87d4-2d412475b123,TJ75251A20100,Final_Activation,Sandhya Travels,Sanjay Agarwal,8823821823,Madhya Pradesh,Rajgarh,MP39ZB8038,Yogesh Sahu,18,0,0,0,0,0,0,7,2,0,0,9,88,0,0,47,184,176,157,140,157,139,177,158,161,123,59,0,0,0,Orange
"May 29, 2025",1f628beb-2366-49e3-b00c-1cc916fa802c,PTJ75251720204_377,Final_Activation,Shekhawat Travels,Narayan Singh,9680531656,Rajasthan,Bikaner,RJ07PA8697,Rakesh,0,0,0,0,0,0,0,0,0,0,0,0,0,0,0,0,0,0,0,0,0,0,0,0,0,0,0,0,0,0,Red
"May 29, 2025",41ab276a-e6da-4af1-b791-ef2f6005bef0,2841921638,Final_Activation,Naryal Bus Service,Dineshwar singh,9015427578,Himachal Pradesh,chamba,HP731481,Karan Raina,0,185,189,194,137,165,186,208,164,159,204,140,186,175,154,160,170,198,157,131,162,127,159,159,176,134,144,169,130,129,Active
"May 29, 2025",238ee8ce-7481-4f06-92b9-333267bd6179,TJ75248B21437,Final_Activation,Shekhawat Travels,Narayan Singh,9680531656,Rajasthan,Bikaner,RJ37PA3281,Rakesh,0,0,0,0,0,0,0,0,0,0,0,0,0,0,0,0,0,0,0,0,0,0,0,0,0,0,131,159,174,159,Red
"May 29, 2025",65d5d8fd-a6f2-4241-9ac5-44885a76013c,2841917809,Final_Activation,Sandhya Travels,Sanjay Agarwal,8823821823,Madhya Pradesh,Rajgarh,MP13P9111,Yogesh Sahu,0,86,82,89,119,42,90,69,75,37,77,106,168,164,149,47,131,37,0,0,0,0,0,0,0,0,55,65,58,75,Active
"May 29, 2025",e036dae0-89d8-4b96-8b6c-40af3ba7165b,2841905392,Final_Activation,Naryal Bus Service,Dineshwar singh,9015427578,Himachal Pradesh,chamba,HP48B6566,Karan Raina,52,188,180,194,0,171,187,174,159,175,0,0,184,165,148,135,0,0,0,0,0,0,0,0,0,0,0,0,0,0,Active
"May 28, 2025",5c1d2350-2ac8-4f28-a5d5-f75f098e0b5f,TJ75252L20981,Final_Activation,Kashmi Bus Service,Ammar Ali,7018814495,Himachal Pradesh,Sirmaour,HP17C4286,Nitin Kumar,127,173,37,124,155,171,232,274,249,280,167,180,215,225,233,121,107,189,127,130,263,186,156,126,224,66,145,250,207,225,Active
"May 28, 2025",1482f7bd-ba57-416a-afa1-be5d1be60a3b,TJ75252L20987,Final_Activation,Banga Bus Service,Kamaljeet Singh,9418090135,Himachal Pradesh,santoshgarh,HP713935,Nitin Kumar,57,180,183,212,163,160,204,193,180,186,64,143,167,200,171,244,217,235,149,237,215,0,173,161,182,149,171,191,163,181,Active
"May 28, 2025",545181f5-f91a-4113-a911-0df8668e8180,2841905385,Final_Activation,New Banga,Jasbir Singh,9805476155,Himachal Pradesh,Sirmour,HP69A1225,Sandeep Kumar,0,151,165,154,122,157,152,151,171,155,195,122,151,148,163,151,146,166,117,140,127,68,152,160,140,120,138,137,122,140,Active
"May 28, 2025",aa9b75ce-777b-4f9b-bc0c-463efea2dee2,2841897577,Final_Activation,Aryan'S,Ajay Kumar Sharma,9816301502,Himachal Pradesh,Sirmaur,HP64D0502,Nitin Kumar,57,135,138,84,0,0,0,0,0,0,0,99,125,154,128,133,155,137,92,88,107,50,128,55,105,95,115,116,130,86,Active
"May 28, 2025",7b91f628-f0a1-47cb-be85-e53380eef421,2841897916,Final_Activation,Aryan'S,Ajay Kumar Sharma,9816301502,Himachal Pradesh,Sirmaur,HP16B1502,Nitin Kumar,0,84,0,0,0,0,0,0,0,0,0,0,0,0,0,0,0,0,0,0,0,0,0,0,0,0,0,0,0,0,Active
"May 28, 2025",da2ccb3a-74a7-4a17-a739-20a453ec8690,TJ75252Q20805,Final_Activation,Bharti Bus Service,Anwar Bharti,9816024505,Himachal Pradesh,Kullu,HP34F4655,Ajay Sharma,0,0,0,0,0,0,0,0,0,0,0,0,0,0,0,0,0,0,0,0,0,0,0,0,0,0,0,0,0,0,Red
"May 28, 2025",7525a85b-ce61-4f8a-8e44-f11bda519256,TJ7524BD20068,Final_Activation,Kashmi Bus Service,Mehraj Ali,7018081700,Himachal Pradesh,kundiyon,HP893994,Nitin Kumar,0,0,0,0,0,164,69,194,204,130,0,0,0,71,218,232,236,133,124,256,211,84,202,209,2,0,0,0,0,8,Orange
"May 28, 2025",33fa99d5-6162-4776-b229-7b99137b8b8a,TJ75252M20265,Final_Activation,Kangra Ex Service Man Tpt Co,Arun Pathania,8219950778,Himachal Pradesh,Kangra,HP40C5137,Dummy HImachal Pradesh,0,77,102,128,97,63,142,92,99,95,116,80,133,103,115,94,103,112,86,101,133,105,109,111,142,81,125,94,117,93,Active
"May 28, 2025",c91757a9-56a9-4306-8db3-bf79ceb3b659,TJ75252P21055,Final_Activation,Anshuman Travels,Ashutosh Tiwari,7991347490,Uttar Pradesh,Gonda,UP17AT5561,Dummy Uttar Pradesh,0,0,0,0,0,0,0,0,0,0,0,0,0,0,0,0,0,0,0,0,0,0,0,0,0,0,0,0,0,0,Red
"May 28, 2025",23f7ab49-143e-4874-8554-2113aae420f3,2840965439,Final_Activation,Mahalaxmi Travels,Rahul Rao Tavre,8989651704,Madhya Pradesh,Mandsaur,MP14PA0670,Balaram Rarotiya,0,0,0,0,0,0,0,0,0,0,0,0,0,0,0,0,0,0,0,0,0,0,0,0,0,0,0,0,0,0,Red
"May 28, 2025",ebcc08c0-08fd-4edb-9c95-c7053c273b82,TJ75252L20417,Final_Activation,Samajhota,Mohd Jashim,9418367786,Himachal Pradesh,Sirmaour,HP17C9186,Sandeep Kumar,80,169,214,202,0,178,193,186,177,195,196,0,166,187,149,167,159,200,0,153,181,121,162,149,179,0,187,195,202,218,Active
"May 28, 2025",e5aaaf52-6934-454c-854b-7233ecd6bd11,TJ75251520687,Final_Activation,Anshuman Travels,Ashutosh Tiwari,7991347490,Uttar Pradesh,Gonda,RJ29PA2340,Dummy Uttar Pradesh,0,0,0,0,0,0,0,0,0,0,0,0,0,0,0,0,0,0,0,0,0,0,0,0,0,0,0,0,0,0,Red
"May 28, 2025",ab020307-b2d1-41d1-b69e-c96711578489,2840882002,Final_Activation,Aryan'S,Ajay Kumar Sharma,9816301502,Himachal Pradesh,Sirmaur,HP64D1402,Nitin Kumar,28,165,212,186,166,110,185,207,168,169,194,164,194,82,169,173,180,158,142,215,181,148,194,185,212,129,195,176,109,160,Active
"May 27, 2025",2199f012-f116-46ea-8027-35de07dd7d1b,TJ75251520853,Final_Activation,SINGH WAHINI,SUBODH KUMAR SINGH,9918610681,Uttar Pradesh,Gonda,UP43BT9642,Sayyed Mohd. Belal,0,0,0,0,0,0,0,0,0,0,0,0,0,0,0,0,0,0,0,0,0,0,0,0,0,0,0,0,0,0,Red
"May 27, 2025",7b739c8a-98ba-413e-888a-ea9b346c08c6,TJ75251520441,Final_Activation,Sandeep Bus Service,Sandeep Kumar Shukla,7394858687,Uttar Pradesh,Allahabad,UP70FT8814,Dummy Uttar Pradesh,0,0,0,0,0,0,0,0,0,0,0,0,0,0,0,0,0,0,0,0,0,0,0,0,0,0,0,0,0,0,Red
"May 27, 2025",592cccfd-9cdd-4b15-b5a9-2936af08bbae,2841900911,Final_Activation,Suraj Bus Service,Ravinder Kumar,8626949001,Himachal Pradesh,Una,HP722252,Harish Verma,3,8,40,57,0,57,71,39,0,0,0,0,0,0,0,0,83,0,0,23,197,0,0,0,178,0,178,0,180,209,Active
"May 27, 2025",ae869d94-0d0c-4e34-940c-dd7e847e415b,TJ75252N20161,Final_Activation,Kbs,Kuldeep,8219679306,Himachal Pradesh,Jubbar Koti,HP64B6201,Nitin Kumar,0,123,230,218,185,212,186,178,169,185,0,166,208,186,193,177,216,229,147,204,212,174,160,189,210,43,72,185,191,168,Active
"May 27, 2025",1ed1d3d2-bdc0-4ddf-acf3-b9139ded116d,2841285860,Final_Activation,MAYANK TPT,Sunder Lal,9418006339,Himachal Pradesh,Solan,HP64B3922,Sandeep Kumar,58,118,84,0,0,55,91,111,96,80,113,96,98,87,90,112,94,121,90,97,109,74,109,102,136,67,100,79,96,75,Active
"May 26, 2025",049c0939-ad6a-46d0-8fc6-30d30ba50bbc,2840701002,Final_Activation,Guru Kirpa Bus Service,Sandeep Kumar,9814400579,Punjab,Firozpur,PB03X2625,Rajiv Kumar,28,155,158,132,130,162,165,159,156,175,179,165,185,182,207,191,181,170,171,155,178,131,164,142,192,123,166,162,156,199,Active
"May 26, 2025",12326241-edf5-4efa-ab4d-ce0d491df54b,TJ75252U20482,Final_Activation,Guru Kirpa Bus Service,Sandeep Kumar,9814400579,Punjab,Firozpur,PB05AS2625,Rajiv Kumar,61,143,107,188,109,152,182,158,107,166,140,95,168,220,187,189,160,189,0,166,165,146,190,151,184,0,171,165,194,185,Active
"May 26, 2025",8f68213e-c1d7-40c1-b926-2b9f64ef844d,2840965428,Final_Activation,संतुष्टि ट्रैवल्स,Sudhanshu Pandya,9340484897,Madhya Pradesh,Indore,MP13ZM2241,Aditya Tiwari,0,0,0,0,0,0,0,0,0,0,0,0,0,0,0,0,0,0,0,0,0,0,0,0,0,0,0,0,0,0,Red
"May 26, 2025",e5dd124e-cf4d-4c8c-b461-6319ce27035e,TJ75253L22680,Final_Activation,Kaliyani Bus Service,Bachitter Singh,9882451770,Himachal Pradesh,Una,HP72C5870,Harish Verma,155,364,368,394,0,335,382,377,337,397,374,293,402,380,369,355,359,316,305,0,337,316,213,0,396,0,304,343,358,371,Active
"May 26, 2025",8af3a85e-2f70-405f-b13b-bb5fa4f00dc8,TJ7524BC21333,Final_Activation,Bajrang Travels,Vikash Kumar,9260976533,Uttar Pradesh,kheri,UP31BT9451,Dummy Uttar Pradesh,0,0,0,0,0,0,0,0,0,0,0,0,0,0,0,0,0,0,0,0,0,0,0,0,0,0,0,0,0,0,Red
"May 25, 2025",29c5f38f-cbc0-4d1e-ba8d-8abc15654bde,TJ75252G21341,Final_Activation,Samrat Deluxe,Prince Kumar Singh,7903992279,Bihar,Bhabua,UP65PT8943,Prashant Sagar,0,0,0,0,0,0,0,0,0,0,0,0,0,0,0,0,0,0,0,0,0,0,0,0,0,0,0,0,0,0,Red
"May 24, 2025",cfb533ad-1056-4207-abf5-c9e1da0c0a52,TJ75252U20493,Final_Activation,Ram Kumar Travels,Ram kumar,9636282964,Rajasthan,Bikaner,RJ07PA9882,Rakesh,0,76,70,82,59,60,75,93,51,73,62,63,71,87,65,84,58,81,52,75,64,91,62,92,82,67,60,89,69,71,Active
"May 24, 2025",9cf023a7-be02-4058-b59a-b76bb3f5d670,TJ75252U20719,Final_Activation,Shiva Transport,Naresh Mahajan,9816743706,Himachal Pradesh,Sahu,HP696395,Nitin Kumar,106,0,283,346,0,81,326,267,277,282,290,0,214,233,259,278,53,266,0,249,302,115,267,342,280,0,226,257,268,296,Active
"May 24, 2025",6a0b5fa3-2edb-4eb8-8ff1-ab02557c9dad,TJ75252H20576,Final_Activation,Ram Kumar Travels,Ram kumar,9636282964,Rajasthan,Bikaner,RJ31PA4823,Rakesh,0,92,54,79,32,53,39,53,44,79,47,56,52,65,45,68,43,53,66,59,33,70,50,81,59,67,53,71,43,103,Active
"May 24, 2025",26942611-a5ce-445e-ad8d-286ac075da5f,TJ75251920353,Final_Activation,Sisai Bus Service,Sunil,9054257000,Haryana,Hisar,HR39E1367,Raman,41,78,104,129,0,0,197,105,141,127,153,0,0,138,100,111,97,142,0,0,133,57,113,101,131,0,0,133,118,104,Active
"May 24, 2025",68e64d79-8e0b-4d80-b32b-536a6ac76b28,TJ75252U20838,Final_Activation,Chaudhary Bus Service,Harmanjot Singh,8196900044,Punjab,Amritsar,PB02DV0393,Nitin Kumar Yadav,0,0,0,0,0,0,0,0,0,0,0,0,0,0,0,0,0,0,0,0,0,0,0,0,0,0,0,0,0,0,Red
"May 24, 2025",3c6efe25-ce39-429e-b807-d9b308f1ab5c,TJ75253N21134,Final_Activation,Krishan Bus,Krishan,9896931271,Haryana,Jind,HR56B9048,Yudhveer Singh,60,329,400,508,363,387,372,321,398,450,266,416,233,466,264,419,245,440,374,208,399,294,222,287,295,241,309,303,324,268,Active
"May 24, 2025",7682c5d9-c9a8-4903-acb5-1aacd9ae3766,TJ75252U20479,Final_Activation,Sandeep Bus Service,Sandeep Kumar Shukla,7394858687,Uttar Pradesh,Allahabad,UP70MT5296,Dummy Uttar Pradesh,0,0,0,0,0,0,0,0,0,0,0,0,0,0,0,0,0,0,0,0,0,0,0,0,0,0,0,0,0,0,Red
"May 24, 2025",791e268e-b52b-42ab-abf1-5342ace6501b,TJ75252Q20133,Final_Activation,Sandeep Bus Service,Sandeep Kumar Shukla,7394858687,Uttar Pradesh,Allahabad,UP70FT0437,Dummy Uttar Pradesh,0,0,0,0,0,0,0,0,0,0,0,0,0,0,0,0,0,0,0,0,0,0,0,0,0,0,0,0,0,0,Red
"May 24, 2025",cf703bac-cc00-417d-ad33-5c09bac45e73,TJ75252G21353,Final_Activation,Shiva Transport,Naresh Mahajan,9816743706,Himachal Pradesh,Sahu,HP73A2165,Nitin Kumar,118,353,379,308,201,203,267,251,255,209,296,197,233,221,336,270,319,253,191,0,223,257,205,261,271,120,286,198,200,213,Active
"May 23, 2025",198e6833-0d7e-4c0a-b734-aee8249bc10b,2841286145,Final_Activation,Raj Bus Sarvice,Ramesh Chand,7355871997,Rajasthan,Bharatpur,RJ05PA6311,Dummy Rajasthan,79,196,253,170,130,201,101,0,145,216,272,188,189,215,120,0,176,157,0,0,0,0,0,0,0,0,0,0,0,0,Active
"May 23, 2025",2005bfd5-41fb-4bdf-9c16-34aa89a8b81f,2840779385,Final_Activation,Bal Majitha Transport,Manpreet Singh,9464119107,Punjab,majitha,PB06Q4967,Nitin Kumar Yadav,114,278,335,358,270,238,339,299,299,303,137,259,0,275,303,290,283,221,251,248,192,185,178,200,249,179,186,250,226,288,Active
"May 23, 2025",aefde228-b09d-46ec-a6a6-c438c4b37f72,2842131878,Final_Activation,Chamkaur Sahib Bus,Mohan Singh Rai,9815780008,Punjab,Ludhiana,PB11BN9725,Gagandeep Singh,0,112,0,0,0,0,0,24,270,256,266,223,243,19,0,0,84,85,0,98,125,0,279,237,140,0,71,279,320,184,Active
"May 23, 2025",f1f02be8-1874-4761-a3ee-03aaa0f7a63c,2841906649,Final_Activation,Bal Majitha Transport,Manpreet Singh,9464119107,Punjab,majitha,PB02AH9995,Nitin Kumar Yadav,125,253,122,321,262,286,314,295,258,274,283,244,0,297,291,294,298,286,250,319,267,244,260,234,267,248,225,294,281,280,Active
"May 23, 2025",6bac2a41-2fe2-45ae-9a37-80891fc6c1df,TJ75252G21594,Final_Activation,Ram Travels,Ranjeet Singh Gurjar,9982392270,Rajasthan,Karauli,RJ32PA2386A,Dummy Rajasthan,0,0,0,0,0,0,0,0,0,0,0,0,0,0,0,0,0,0,0,0,0,0,0,0,0,0,0,0,0,0,Red
"May 22, 2025",c61d1b8a-db82-4a13-9f43-9ad45adc324e,TJ75252F21096,Final_Activation,Laxmi Bus Service,Sharad Tiwari,9509747272,Rajasthan,Udaipur,RJ27PB5021,Dummy Rajasthan,0,0,0,0,0,0,0,0,0,0,0,0,0,0,0,0,0,0,0,0,0,0,0,0,0,0,0,0,0,0,Red
"May 22, 2025",b9916579-2b9c-4d2a-b26c-bd56021ff264,2841519297,Final_Activation,Raj Bus Sarvice,Ramesh Chand,7355871997,Rajasthan,Bharatpur,RJ05PA6926,Dummy Rajasthan,1,152,169,108,171,0,129,216,0,178,224,123,49,0,0,0,0,0,0,0,0,0,0,0,0,0,0,0,0,0,Active
"May 22, 2025",2af7b225-bcd6-4b77-a8d6-588a2e3b8f82,2841509966,Final_Activation,S Kumar Bus Service Lanji,S Kumar Bus Service Lanji,9425822568,Madhya Pradesh,Balaghat,MP50P2868,Dummy Madhya Pradesh,0,0,0,0,0,0,0,0,0,0,0,0,0,0,0,0,0,0,0,0,0,0,0,0,0,0,0,0,0,0,Red
"May 22, 2025",6a0785c1-0f73-4773-be89-ff542e8889f6,2841511450,Final_Activation,Raj Bus Sarvice,Ramesh Chand,7355871997,Rajasthan,Bharatpur,RJ05PA6925,Dummy Rajasthan,0,132,0,29,0,0,0,0,106,110,29,143,0,139,0,0,0,0,0,0,0,0,0,0,0,0,0,0,0,0,Active
"May 22, 2025",bca40a77-3ff7-4df2-9c98-269e2a6cc734,TJ75248N20015,Final_Activation,Bal Majitha Transport,Manpreet Singh,9464119107,Punjab,majitha,PB02AR9969,Nitin Kumar Yadav,89,353,325,443,336,230,276,326,258,322,361,284,0,310,354,343,360,372,328,246,225,269,346,337,283,325,332,353,382,310,Active
"May 22, 2025",aa878406-8a2b-40b0-87ee-3ec2bf09e302,TJ75252U20546,Final_Activation,Laxmi Bus Service,Sharad Tiwari,9509747272,Rajasthan,Udaipur,RJ27PB5960,Dummy Rajasthan,0,0,0,0,0,0,0,0,0,0,0,0,0,0,0,0,0,0,0,0,0,0,0,0,0,0,0,0,0,0,Red
"May 22, 2025",ba025f78-89f5-4cec-baff-c23da7443e91,2841905383,Final_Activation,Shri Ram Balhara,Shri Ram,9812062882,Haryana,Rohtak,HR46D3837,Amit Kumar,33,53,113,172,0,96,123,90,73,0,238,0,199,131,164,170,0,42,214,121,200,95,94,191,215,191,0,0,0,0,Active
"May 22, 2025",4e373f16-abb5-486d-9628-22d8c27073f3,2841536329,Final_Activation,S Kumar Bus Service Lanji,S Kumar Bus Service Lanji,9425822568,Madhya Pradesh,Balaghat,MP50P2968,Dummy Madhya Pradesh,0,123,119,124,84,92,99,94,100,58,28,99,93,124,119,85,128,127,116,112,111,91,112,142,149,114,100,125,125,113,Active
"May 22, 2025",2b73a884-6919-4c6f-a03f-b029ed898194,TJ75247X20973,Final_Activation,Rajta Bus Service,Neeraj Kumar,9816645567,Himachal Pradesh,Solan,HP717150,Nitin Kumar,0,143,148,176,133,114,129,155,123,145,178,56,148,160,72,52,117,167,121,118,101,115,94,128,134,97,41,39,38,43,Active
"May 22, 2025",83537978-3171-46d5-aa1b-666e7cd666f1,2840967470,Final_Activation,S Kumar Bus Service Lanji,S Kumar Bus Service Lanji,9425822568,Madhya Pradesh,Balaghat,MP50ZG3868,Dummy Madhya Pradesh,0,0,0,0,0,0,0,0,0,0,0,0,0,0,0,0,0,0,0,0,0,0,0,0,0,0,0,0,0,0,Red
"May 22, 2025",36fb592b-ffea-4873-99ea-c995daf48ee5,TJ75252Q20866,Final_Activation,Abdul Wasim,Abdul Wasim,6350497077,Rajasthan,Swai Madhopur,RJ25PA1296,Dummy Rajasthan,0,0,0,0,0,0,0,0,0,0,0,0,0,0,0,0,0,0,0,0,0,0,0,0,0,0,0,0,0,0,Red
"May 22, 2025",6db707ef-d40b-4f6f-88fb-2f37dc955718,TJ75252Q20229,Final_Activation,Darvesh Bus Service (MKS),Gurbhej Singh,9478200025,Punjab,Sri Muktsar Sahib,PB29F9918,Rajiv Kumar,0,177,173,181,148,167,152,142,134,168,180,153,135,188,190,180,172,187,150,178,178,157,169,135,165,92,168,150,159,179,Active
"May 22, 2025",c8b2088a-422b-4164-9c93-b45343523db0,2842107026,Final_Activation,Bal Majitha Transport,Manpreet Singh,9464119107,Punjab,majitha,PB13AW8350,Nitin Kumar Yadav,59,190,185,49,4,112,328,278,270,281,288,287,0,292,286,269,255,299,237,191,188,257,336,254,259,263,256,328,181,256,Active
"May 22, 2025",4cdd5223-6393-4641-9744-1d81cf162615,2842144644,Final_Activation,Shekhawat Travels,Chhatu Singh,9352023512,Rajasthan,Bikaner,RJ07PC8383,Rakesh,0,0,0,0,0,0,0,49,94,108,139,101,89,107,100,102,117,121,116,87,0,117,102,115,116,94,97,147,135,121,Orange
"May 22, 2025",c852a9a4-162a-4b26-b8fb-b73c23b1b7a8,TJ75251620855,Final_Activation,Abdul Wasim,Abdul Wasim,6350497077,Rajasthan,Swai Madhopur,RJ02PA4748,Dummy Rajasthan,0,0,0,0,0,0,0,0,0,0,0,0,0,0,0,0,0,0,0,0,0,0,0,0,0,0,0,0,0,0,Red
"May 21, 2025",391d7803-5785-489d-abd9-224be065ea04,TJ75252H20824,Final_Activation,Rama Coach,Atul Chauhan,7018416397,Himachal Pradesh,Shimla,HP63E1069,Nitin Kumar,0,105,88,91,62,64,82,67,50,0,0,0,47,62,41,74,30,66,68,58,127,47,100,55,65,57,55,43,55,66,Active
"May 21, 2025",b45f80e6-1cfa-4e1d-af45-c4b98fc3bdd5,2840821204,Final_Activation,Rama Coach,Atul Chauhan,7018416397,Himachal Pradesh,Shimla,HP62A1069,Nitin Kumar,0,0,41,42,34,77,73,64,27,64,43,63,61,85,73,75,44,53,57,55,45,80,86,0,96,51,48,44,51,34,Active
"May 20, 2025",cc2e0903-0d26-492e-892b-642ba37e0893,2841899297,Final_Activation,Dhaka Transport Company,Prem Kumar,9929130503,Rajasthan,Goluwala,RJ13PA6645,Rakesh,0,0,0,0,0,59,0,0,218,223,229,155,182,216,214,225,218,207,198,220,0,1,219,222,238,163,215,199,224,144,Orange
"May 19, 2025",cbf150e0-788f-4d77-a220-faf9822c2e67,TJ75252M20274,Final_Activation,Hariram Trevels,Hariram,9928729567,Rajasthan,Sri Ganganagar,RJ13PA8787,Pawan Kumar,148,248,310,290,245,221,273,287,240,226,282,246,189,249,294,254,294,284,221,277,295,239,278,264,308,251,260,290,234,266,Active
"May 19, 2025",4f21d94c-7228-4719-952e-b30c4f9f569b,2840967476,Final_Activation,Vishal Shankul,Vishal Shankul,9893448512,Madhya Pradesh,Narmadapuram,MP05P0411,Nitul Patel,0,0,0,0,0,0,0,0,0,0,0,0,0,0,0,0,0,0,0,0,0,0,0,0,0,0,0,0,0,0,Red
"May 19, 2025",bd6ce486-070d-484e-9ef4-0ab23aaf71b5,2840967480,Final_Activation,Vishal Shankul,Vishal Shankul,9893448512,Madhya Pradesh,Narmadapuram,MP05P0439,Nitul Patel,0,0,0,0,0,0,0,0,0,0,0,0,0,0,0,0,0,0,0,0,0,0,0,0,0,0,0,0,0,0,Red
"May 19, 2025",ddfd9a76-a2be-466e-b668-e6ddfd9490ad,2841286953,Final_Activation,New Malwa Transport Bti,Gurjit singh,9465300014,Punjab,Bhatinda,PB03BQ4409,Surinder Singh,0,190,213,169,198,188,199,202,238,211,234,164,201,242,252,233,253,236,169,209,191,192,191,159,217,165,164,188,226,241,Active
"May 19, 2025",c748d809-eb0c-4698-98c8-9ddb7371ec89,2840932285,Final_Activation,Vishal Shankul,Vishal Shankul,9893448512,Madhya Pradesh,Narmadapuram,MP05P0440,Nitul Patel,0,0,0,0,0,0,0,0,0,0,0,0,0,0,0,0,0,0,0,0,0,0,0,0,0,0,0,0,0,0,Red
"May 19, 2025",46202b79-6375-4c85-ad22-16ce8232005a,TJ75252T20659,Final_Activation,Tanwar Bus Services,Prem Chand,9816498378,Himachal Pradesh,Solan,HP630222,Sandeep Kumar,0,0,0,0,0,0,0,0,0,0,0,0,0,0,0,0,0,0,0,0,0,0,0,0,0,0,0,0,0,0,Red
"May 18, 2025",3bcd503d-709d-4656-964c-7d8f76c542e2,TJ75252T20676,Final_Activation,New Anjali,Pratap Chand,8894533448,Himachal Pradesh,Kullu,HP357989,Nitin Kumar,63,84,84,107,0,81,81,100,110,80,140,0,117,95,113,98,113,131,0,0,0,89,105,98,126,0,107,86,108,89,Active
"May 18, 2025",cb001328-a7d8-4446-93da-ff3aaeecbcad,2840932303,Final_Activation,Jagdev  Singh,Jagdev,7986977223,Punjab,Jalandhar,PB 6891,Gagandeep Singh,51,134,145,196,0,141,141,142,137,154,167,12,163,150,166,159,105,174,0,133,146,128,122,120,170,0,153,148,191,147,Active
"May 18, 2025",df928d34-5c59-458d-a58a-07bce734c036,2842106233,Final_Activation,Ashu Bus,Arvind Singh,8091727532,Himachal Pradesh,Sirmaur,HP17C7786,Nitin Kumar,0,171,192,226,138,225,235,180,112,204,203,113,189,209,201,115,2,0,0,0,0,0,0,0,0,0,0,0,0,0,Active
"May 17, 2025",da00ebe2-d832-4d8b-bcdd-a1d97b4ee46d,2841899285,Final_Activation,Brar Travels,Kulavinder Singh,8432409465,Rajasthan,Khajuwala,RJ10PA5851,Rakesh,0,184,0,119,125,163,141,126,139,137,157,137,133,136,148,163,162,173,169,175,161,112,133,149,154,127,142,158,138,159,Active
"May 17, 2025",32e68d8c-ab6d-46af-b095-d7495a12c9ac,2840960607,Final_Activation,Hardyal Singh Gill,Hardyal Singh Gill,9700007631,Punjab,Moga,PB22K4493,Rajiv Kumar,0,72,103,95,93,87,103,93,119,108,100,82,111,97,127,85,101,71,1,0,0,1,234,218,207,207,10,108,265,258,Active
"May 17, 2025",1fc9194b-accc-463c-a504-0832ed4802c7,TJ7524BE21273,Final_Activation,B S MAHARAJA,Bhanwra Ram,8769950709,Rajasthan,Jaisalmer,AR01T2706,Chuna Ram,0,0,0,0,0,0,0,0,0,0,0,0,0,0,0,0,0,0,0,0,0,0,0,0,0,0,0,0,0,0,Red
"May 16, 2025",b4ca4ea2-0fda-4f4b-b929-c25447cb0ab7,2841286499,Final_Activation,Hira Bus Services,Raj Kumar Thakur,9816381459,Himachal Pradesh,Solan,HP64A4591,Sandeep Kumar,0,0,0,0,0,0,0,0,0,0,0,0,0,0,0,0,0,0,0,0,0,0,0,0,0,0,0,0,0,0,Red
"May 16, 2025",eedbcfe3-732a-43c1-ae8a-5ecaa6665c32,2841520722,Final_Activation,Jhala Travels,Pratap Singh,8094456174,Rajasthan,Bikaner,RJ07PA8407,Rakesh,0,117,107,123,123,128,123,160,144,151,133,105,119,149,127,160,149,146,120,155,129,138,137,139,158,124,131,151,141,147,Active
"May 16, 2025",96d795bb-4cc1-4863-8534-22a93917c9bd,TJ75251520191,Final_Activation,Divyanshi Bus,Rakesh Kumar Sharma,9736403897,Himachal Pradesh,Hamirpur,HP67A3794,Mohan,0,109,127,100,66,120,125,92,99,129,149,40,135,148,139,150,149,141,110,133,140,114,152,111,115,109,124,170,118,103,Active
"May 16, 2025",fc4b4b7f-b175-4a5c-9029-3b3d2fa1461f,P2840957172_223,Final_Activation,Chauhan Tour & Travels,Shubhas Chauhan,9993334629,Madhya Pradesh,Dewas,MP41P7577,Aditya Tiwari,0,0,0,0,0,0,0,0,0,0,0,0,0,0,0,0,0,0,0,0,0,0,0,0,0,0,0,0,0,0,Red
"May 16, 2025",fa94302e-650e-429e-a219-817204f88672,TJ75252H20422,Final_Activation,Rajta Coach,Rajesh Rajta,9816402008,Himachal Pradesh,Theog Dehna,HP09B6390,Nitin Kumar,0,102,0,119,93,80,138,3,100,107,124,116,60,0,60,94,89,108,0,101,88,93,104,87,52,0,0,99,76,85,Active
"May 15, 2025",34b541bf-3c24-45a1-81eb-7bd93f055e31,2841918249,Final_Activation,The Paramhans Travels,Prince Kaushik,8960000870,Haryana,Rohtak,HR46G0097,Amit Kumar,104,268,238,170,23,226,268,212,311,291,299,226,320,232,184,226,246,250,151,240,274,232,201,201,301,148,293,199,228,267,Active
"May 15, 2025",52c7b9d6-5387-46a8-b317-7ca03a634079,2841005382,Final_Activation,RAWAL COACH,Kavish Rawal,9815798353,Haryana,Panchkula,HR37D2663,Mannu Rai,0,308,268,313,174,246,262,269,291,268,245,156,0,259,263,278,282,271,164,294,283,236,236,274,259,238,270,283,272,313,Active
"May 15, 2025",cfc5faea-3823-47de-a770-052abde919b7,2840968429,Final_Activation,Bhawani Singh,Bhawani Singh,9950764445,Rajasthan,Amarsalagar,AR01R2838,Chuna Ram,0,0,0,0,0,0,0,0,0,0,0,0,0,0,0,0,0,0,0,0,0,0,0,0,0,0,0,0,0,0,Red
"May 15, 2025",74fbe7ad-debf-479d-96f7-e86cc2c38b9a,2840968426,Final_Activation,Bhawani Singh,Bhawani Singh,9950764445,Rajasthan,Amarsalagar,BR03PA9393,Chuna Ram,0,0,0,0,0,0,0,0,0,0,0,0,0,0,0,0,0,0,0,0,0,0,0,0,0,0,0,0,0,0,Red
"May 15, 2025",c6302ec2-f2e3-4d20-b100-c7ec2f8912c7,2841898740,Final_Activation,Khakh Travels,Madan Lal,9351296714,Rajasthan,Sri Ganganagar,RJ13PA7131,Pawan Kumar,0,284,278,309,181,237,269,251,222,274,264,197,222,244,256,282,284,290,195,232,260,277,257,202,315,202,257,285,299,283,Active
"May 15, 2025",db932c93-646f-42fb-9b1b-85d377015773,2841160015,Final_Activation,RAWAL COACH,Kavish Rawal,9815798353,Haryana,Panchkula,HR68B9888,Mannu Rai,91,279,237,256,220,224,227,250,240,221,247,175,194,218,220,224,250,222,213,211,234,195,244,86,0,0,0,3,0,0,Active
"May 15, 2025",0fa7f40f-8a25-407e-a3a0-7c1fb04fa571,TJ75252P20160,Final_Activation,Gurusaheb Travels,Govind Yadav,8120856570,Madhya Pradesh,Betul,MP48P0146,Dummy Madhya Pradesh,0,105,149,130,87,104,124,93,115,130,94,71,112,0,95,117,127,95,68,94,107,85,96,133,114,52,84,95,109,115,Active
"May 15, 2025",f7ff5920-fc1b-4520-a91e-662283d4558d,TJ75251820691,Final_Activation,RAWAL COACH,Kavish Rawal,9815798353,Haryana,Panchkula,HR68B8070,Mannu Rai,134,193,260,220,192,259,215,273,275,253,197,222,235,214,245,257,233,248,263,151,253,215,212,245,254,168,198,258,240,224,Active
"May 15, 2025",37b5324a-d2ad-4e80-97a1-fe6b74433446,TJ75251620013,Final_Activation,RAWAL COACH,Kavish Rawal,9815798353,Haryana,Panchkula,HR68B2015,Mannu Rai,0,70,95,112,74,91,12,69,100,80,95,97,82,95,83,69,87,0,0,0,0,0,0,0,0,0,0,0,0,0,Active
"May 15, 2025",f75660eb-6064-42f1-9f00-92f3fce8acce,TJ7524BD21171,Final_Activation,Deol Bus,Sukhbir Singh,9501871989,Punjab,Gurdaspur,PB06Q9586,Nitin Kumar Yadav,0,189,190,233,186,219,234,198,236,210,177,146,190,210,139,221,235,226,222,241,206,189,80,203,276,205,238,232,266,240,Active
"May 15, 2025",63005909-a0ab-4e61-b3e8-ca71d19b8f56,2841891159,Final_Activation,Chahal Bus Service,Daljit,8005679726,Rajasthan,Suratgarh,RJ13PA9150,Pawan Kumar,169,299,267,304,237,296,291,283,263,272,278,228,281,301,336,327,300,307,277,308,310,275,314,301,321,255,280,300,268,294,Active
"May 14, 2025",7573af24-8fb6-456e-abd8-065df751f960,TJ75251920498,Final_Activation,RAWAL COACH,Kavish Rawal,9815798353,Haryana,Panchkula,HR68B9532,Mannu Rai,97,294,367,384,296,346,372,407,359,386,356,213,0,211,298,385,389,370,242,275,347,185,361,389,415,243,418,424,436,430,Active
"May 14, 2025",50d937bc-db85-4e75-888a-b7d7c8173633,2841895912,Final_Activation,Rangra Bus Service,Bhim Singh Rangra,8894155581,Himachal Pradesh,Hamirpur,HP67A1681,Mohan,92,222,194,258,140,186,218,236,188,179,234,0,205,180,183,217,175,161,62,199,151,168,227,0,150,67,189,195,230,159,Active
"May 14, 2025",1f39ed58-af3d-4616-90af-b89d160bbc58,2841014297,Final_Activation,Rangra Bus Service,Bhim Singh Rangra,8894155581,Himachal Pradesh,Hamirpur,HP67A5681,Mohan,94,232,257,317,0,280,265,186,192,245,273,121,229,246,173,174,242,173,0,166,161,235,160,0,193,0,170,163,162,248,Active
"May 14, 2025",cbd17b1b-7765-4ded-ad6d-68b58f8ca6f8,TJ75251620445,Final_Activation,Hari Om Tour & Travels,Abhishek Thakur,9817753568,Himachal Pradesh,Solan,HP62A1807,Sandeep Kumar,0,0,0,0,0,0,38,151,54,21,18,25,150,157,165,161,0,0,0,51,181,4,51,118,77,25,96,130,88,79,Orange
"May 14, 2025",43606fe9-e3e7-42c4-a677-940873363fce,TJ75251820689,Final_Activation,Anshu Travels,Nitesh Verma,8580724609,Himachal Pradesh,Solan,HP64C3651,Nitin Kumar,0,0,0,0,0,0,0,0,0,0,110,127,156,162,122,77,105,103,103,87,119,75,92,88,101,73,79,92,97,108,Orange
"May 14, 2025",43141e0f-abe4-4d6b-ba55-cabbc4e3ea9e,TJ75251521059,Final_Activation,Shakti Travels,Abhimanyu Choudhary,9414983495,Rajasthan,Jaipur,RJ14PG6465,Dummy Rajasthan,0,0,0,0,0,0,0,0,0,0,1,0,0,0,0,14,66,0,0,74,91,62,126,144,195,86,195,57,165,122,Orange
"May 14, 2025",cace2767-f5bc-452f-92e6-42c2248f3639,TJ7524BE22332,Final_Activation,Justa'S,Ajay Justa,9459266637,Himachal Pradesh,Shimla,HP63A7524,Nitin Kumar,0,157,171,140,82,117,166,168,130,141,164,95,182,141,125,170,156,155,132,151,181,163,118,131,83,74,138,134,102,140,Active
"May 14, 2025",3ddccc52-4d15-4e56-9b0f-4ed8d55600d0,TJ75251520266,Final_Activation,Mehta,Mandeep Mehta,7018698723,Himachal Pradesh,Shimla,HP52E1013,Nitin Kumar,0,0,0,0,0,0,0,0,0,0,0,0,0,0,8,0,0,0,0,0,0,0,0,0,0,0,0,0,0,0,Red
"May 14, 2025",14fa5f87-6d6c-4d7d-814f-b0c401d5f97b,2841771535,Final_Activation,Rangra Bus Service,Bhim Singh Rangra,8894155581,Himachal Pradesh,Hamirpur,HP67A5281,Mohan,96,0,343,348,195,269,320,279,259,269,310,0,261,278,203,307,294,299,0,242,272,0,285,0,235,0,290,268,262,306,Active
"May 14, 2025",62b582f4-9046-4be0-bf04-eaba3e0d9982,TJ75251920308,Final_Activation,RAWAL COACH,Kavish Rawal,9815798353,Haryana,Panchkula,HR68B9724,Mannu Rai,206,0,318,348,289,0,341,328,326,341,297,231,434,342,330,331,343,367,310,0,337,431,334,348,349,0,454,298,326,356,Active
"May 14, 2025",c6531740-f7df-45ec-837c-2dbf2a08c436,TJ75251920324,Final_Activation,RAWAL COACH,Kavish Rawal,9815798353,Haryana,Panchkula,HR68C8738,Mannu Rai,169,326,363,371,175,293,373,351,348,354,425,297,371,383,426,379,419,376,197,325,340,219,432,436,391,139,357,355,415,0,Active
"May 14, 2025",9ea100f1-9741-4b62-99e6-394ed68e29f5,2840813490,Final_Activation,RAWAL COACH,Kavish Rawal,9815798353,Haryana,Panchkula,HR68B9837,Mannu Rai,188,471,440,457,369,426,467,468,468,462,489,0,463,431,467,476,472,436,425,486,445,454,495,516,521,416,475,534,507,486,Active
"May 14, 2025",760f89c5-6c5e-4299-809b-0f32103461a2,TJ7524BD20281,Final_Activation,Chandrawat Travels,Niranjan Kumar,9982546751,Rajasthan,Kota,RJ20PB1678,Afsar Hussain,0,0,0,0,0,0,0,0,0,0,0,0,0,0,0,0,0,0,0,0,0,0,0,0,0,0,0,0,0,0,Red
"May 14, 2025",536f97f4-5a9c-42e0-95f8-fd958e2a4185,1495070921,Final_Activation,Anshu Travels,Nitesh Verma,8580724609,Himachal Pradesh,Solan,HP51A3651,Nitin Kumar,0,0,0,0,0,0,0,0,0,199,137,34,12,169,113,43,192,142,34,16,36,43,65,70,189,153,191,182,184,193,Orange
"May 13, 2025",49d8a553-c658-4ec2-8fcc-bc43900896d5,TJ75251920491,Final_Activation,Verma Travels,Rakesh Kumar,9816140073,Himachal Pradesh,Solan,HP64D3005,Nitin Kumar,65,157,214,286,208,184,219,202,190,209,223,144,178,217,218,211,199,216,151,175,226,140,209,159,210,182,181,189,185,229,Active
"May 13, 2025",c4685f3c-7178-4e6c-846f-7b5ffb2aa986,2841014311,Final_Activation,Digvijay Travels,Gajendra Singh,9828282844,Rajasthan,Udaipur,RJ27PC3393,Dummy Rajasthan,0,0,0,50,0,0,0,34,0,0,0,0,0,27,54,0,0,62,0,39,0,0,0,50,0,52,0,0,0,52,Active
"May 13, 2025",9729e5f4-e787-4aa0-aea5-74103b9bbbeb,TJ75251820579,Final_Activation,R.T.C,Ravindra Singh,8887669931,Rajasthan,Bharatpur,RJ05PA6793,Dummy Rajasthan,46,164,154,0,0,56,165,211,169,221,177,220,168,210,153,206,185,246,155,179,156,135,158,146,182,52,0,173,135,201,Active
"May 13, 2025",c156c029-1b80-443e-a825-c0add101a33c,2841905398,Final_Activation,Sharma Bus Services,Deepak Sharma,9817902091,Himachal Pradesh,Solan,HP644263,Sandeep Kumar,56,0,195,168,164,132,165,154,171,154,104,22,115,101,48,104,43,63,0,0,94,52,0,94,30,65,88,46,54,70,Active
"May 13, 2025",c7dde6d3-05c5-4f19-b685-7140186f3ba3,2840968044,Final_Activation,Prajapati Bus Service,Asha Kumari,7018404064,Himachal Pradesh,Kangra,HP68A3985,Dummy HImachal Pradesh,21,102,101,97,63,7,90,22,0,0,0,0,0,0,0,0,0,0,0,0,0,0,0,0,0,0,0,0,0,0,Active
"May 13, 2025",5901f14c-b325-4983-bccb-6158094f1b94,2840968437,Final_Activation,Digvijay Travels,Gajendra Singh,9828282844,Rajasthan,Udaipur,RJ27PA6975,Dummy Rajasthan,26,51,40,51,43,32,37,42,36,50,48,39,39,43,45,32,41,48,48,32,34,31,45,22,48,39,46,42,47,63,Active
"May 13, 2025",d546d9c7-bdcd-407b-b2fb-0ae799b12e42,2842104458,Final_Activation,Anshu Travels,Nitesh Verma,8580724609,Himachal Pradesh,Solan,HP63A3651,Nitin Kumar,0,0,0,0,0,0,0,0,51,105,84,49,0,76,58,75,111,85,85,61,88,63,83,75,74,87,100,68,74,67,Orange
"May 13, 2025",6164ad64-f216-4a23-9314-34f8043435f5,2840960848,Final_Activation,HUMSAFAR BUS-7091279950,Abhishek Kumar,7091279950,Bihar,Gaya,BR02PC2890,Prashant Sagar,0,0,0,0,0,0,0,0,0,0,0,0,0,0,0,0,0,0,0,0,0,0,0,0,0,0,0,0,0,0,Red
"May 13, 2025",693d5d55-1428-4bcc-b974-6d8168e703ff,TJ75251820225,Final_Activation,Anshu Travels,Nitesh Verma,8580724609,Himachal Pradesh,Solan,HP64D5551,Nitin Kumar,0,0,0,0,0,0,0,6,117,171,165,103,142,159,169,88,152,147,36,34,0,26,157,95,174,51,122,174,64,167,Orange
"May 13, 2025",05ee0aa0-210a-4741-8ba5-a67e4dc092c7,TJ75251520127,Final_Activation,RAWAL COACH,Kavish Rawal,9815798353,Haryana,Panchkula,HR68C3875,Mannu Rai,0,0,0,0,18,0,0,0,0,0,0,31,309,287,219,0,0,0,0,0,0,0,0,0,226,184,240,145,0,382,Yellow
"May 12, 2025",408236e8-568e-4623-bf8b-72de036d0d41,TJ75251A20111,Final_Activation,Salasar Bus Transport Company,Mandeep,9813680448,Haryana,Hisar,HR56B2420,Dummy Haryana,89,391,390,465,375,305,413,475,349,445,376,315,426,379,371,412,371,0,278,60,243,200,252,199,194,0,379,0,173,197,Active
"May 12, 2025",bf56adaa-baf1-4ec2-a1c6-bd95da16ed43,2841286790,Final_Activation,Kuljindeer Singh,Kuljindeer Singh,8872529665,Punjab,Bathinda,PB03W9909,Surinder Singh,127,326,376,427,216,292,324,311,327,309,337,328,323,328,333,320,344,340,115,345,340,275,322,213,300,243,236,238,194,284,Active
"May 12, 2025",5ae5c3fe-3c50-49d4-8e2c-543f50960c5e,2841286200,Final_Activation,Kuljindeer Singh,Kuljindeer Singh,8872529665,Punjab,Bathinda,PB13BP2983,Surinder Singh,87,302,323,348,185,246,294,302,297,311,307,77,286,320,313,301,289,322,166,321,263,224,262,234,296,187,281,324,320,371,Active
"May 12, 2025",76c34029-117d-4a2b-94fd-a63209828739,TJ75253L22781,Final_Activation,Salasar Bus Transport Company,Mandeep,9813680448,Haryana,Hisar,HR56B7731,Dummy Haryana,82,237,332,350,305,288,303,269,310,238,390,257,314,333,312,309,180,376,236,160,378,254,337,349,345,151,132,255,152,187,Active
"May 11, 2025",06de2e32-0a93-4802-8880-9cc050cdf1b2,TJ75251420091,Final_Activation,Rajdhani Express,Krishna Kumar Singh,9554839551,Uttar Pradesh,Basti,UP51T8398,Dummy Uttar Pradesh,0,0,0,0,0,0,0,0,0,0,0,0,0,0,0,0,0,0,0,0,0,0,0,0,0,0,0,0,0,0,Red
"May 10, 2025",5d371463-6012-4ca0-85d5-7e30c2f8b509,2840960613,Final_Activation,Thakur Bus Service,Krishan Singh,8219656499,Himachal Pradesh,Solan,HP64C2909,Nitin Kumar,0,0,0,0,0,0,0,0,0,0,0,0,0,0,0,0,0,0,0,0,0,0,0,0,0,0,0,0,0,0,Red
"May 10, 2025",4c7829b2-d8a5-45c9-bd05-448a1de1a36a,2840960621,Final_Activation,Thakur Bus Service,Krishan Singh,8219656499,Himachal Pradesh,Solan,HP64C3809,Nitin Kumar,0,0,0,0,0,0,0,0,0,0,0,0,0,0,0,0,0,0,0,0,0,0,0,0,0,0,0,0,0,0,Red
"May 10, 2025",5ecc5df7-6076-4417-90e4-4b5b4b714039,2841285451,Final_Activation,Guleria Travels,Kahan Singh Guleria,9816663016,Himachal Pradesh,Mandi,HP65A5616,Harish Verma,144,129,190,232,164,0,212,185,223,215,191,0,144,167,196,180,165,168,116,88,107,178,134,109,261,164,168,165,195,167,Active
"May 10, 2025",e6de5001-c251-4c0a-bd9f-a428a3a90208,2841886157,Final_Activation,VTC Transport,Virender Singh,9418045007,Himachal Pradesh,Kullu,HP666007,Rahul Kumar Uppal,0,153,216,0,0,179,0,196,72,46,198,139,174,178,184,0,0,0,0,0,0,0,0,0,0,0,0,0,0,0,Active
"May 10, 2025",6371555d-c3cd-4aef-bc4d-06f04093f37e,2841886154,Final_Activation,VTC Transport,Virender Singh,9418045007,Himachal Pradesh,Kullu,HP667107,Rahul Kumar Uppal,0,97,243,0,0,0,0,0,198,221,141,174,0,60,85,0,0,0,0,0,0,0,0,0,0,0,0,0,0,0,Active
"May 9, 2025",8c0755b1-e561-47ed-b064-87f797de935a,2840968027,Final_Activation,Tanwar Bus Services,Prem Chand,9816498378,Himachal Pradesh,Solan,HP64D1222,Sandeep Kumar,0,0,0,0,0,0,0,0,0,0,0,0,0,0,0,0,0,0,0,0,0,0,0,0,0,0,0,0,0,0,Red
"May 9, 2025",e387a3a8-e096-4a08-8083-70c143d055d5,2842132814,Final_Activation,Kaliyani Bus Service,Bachitter Singh,9882451770,Himachal Pradesh,Una,HP72A1370,Harish Verma,131,244,241,318,267,247,274,258,234,0,0,0,0,0,0,0,0,10,0,0,0,0,0,0,0,0,0,0,0,0,Active
"May 8, 2025",2481a858-8933-4c66-ab03-4114611a231f,2840968026,Final_Activation,Tourist Bus,Bimla Devi,9418034525,Himachal Pradesh,Hamirpur,HP55D9725,Mohan,0,0,0,0,0,0,0,0,0,0,0,0,0,0,0,0,0,0,0,0,0,0,0,1,0,0,0,213,141,137,Red
"May 8, 2025",816bd881-980d-4bed-bc4e-a726c637527b,2841286484,Final_Activation,Tourist Bus,Bimla Devi,9418034525,Himachal Pradesh,Hamirpur,HP55C0725,Mohan,40,160,115,190,176,122,152,119,136,177,206,92,184,136,189,168,190,165,97,161,148,108,185,119,230,84,120,130,114,119,Active
"May 8, 2025",0073a07f-85bf-4bb4-9046-4f0545c8f3b1,2840890456,Final_Activation,BTC Travels,Manish Choudhary,6375456346,Rajasthan,Tonk,RJ13PA8334,Sunil Kumar,0,62,63,110,100,0,68,107,30,91,97,76,52,143,132,88,129,127,98,105,82,104,112,95,0,0,0,0,3,32,Active
"May 8, 2025",3dd1db93-7641-4a79-80fe-22d4288d5725,2841286203,Final_Activation,Tourist Bus,Bimla Devi,9418034525,Himachal Pradesh,Hamirpur,HP55B9725,Mohan,0,204,222,0,0,139,101,0,0,0,0,0,215,269,213,229,206,231,120,288,210,83,249,232,295,78,237,212,207,88,Active
"May 8, 2025",73983100-0098-402c-afab-7920f4dad4af,2841917206,Final_Activation,New Dev Yatra Tpt,RAHUL DEWAN,9311441717,Himachal Pradesh,Kangra,HP680915,Dummy HImachal Pradesh,0,0,0,0,0,0,0,0,0,0,0,0,0,0,0,0,0,0,0,0,0,0,0,0,0,0,0,0,0,0,Red
"May 8, 2025",13b5fbbc-a9e2-4330-ad42-3fab2bf705da,2841286261,Final_Activation,Dhaka Transport Company,Prem Kumar,9929130503,Rajasthan,Goluwala,RJ13PA6465,Rakesh,88,0,3,0,0,25,73,170,245,182,207,194,173,179,250,159,198,193,156,149,205,204,212,128,186,190,227,266,260,25,Active
"May 8, 2025",24185437-0f0e-4a1a-b77a-57e02322878c,2840872621,Final_Activation,BTC Travels,Manish Choudhary,6375456346,Rajasthan,Tonk,RJ13PA6866,Sunil Kumar,0,37,109,170,74,72,123,11,57,147,141,105,143,99,127,120,130,158,48,0,0,0,0,0,0,0,110,95,113,0,Active
"May 7, 2025",27f14c27-a7b2-4ae8-90cc-369389b9abe9,2842133287,Final_Activation,GSK GRK Bus Service,Surinder Singh,9815647357,Punjab,Batala,PB06BA5274,Sumit Sharma,88,179,216,182,151,191,183,192,171,193,210,215,215,172,212,226,214,219,218,191,166,129,179,95,226,167,218,216,207,196,Active
"May 7, 2025",33ba6cc2-f6de-4f79-b9e1-5c3ffc0c298d,2841899287,Final_Activation,Chahal Bus Service,Daljit,8005679726,Rajasthan,Suratgarh,RJ13PA9313,Pawan Kumar,216,449,437,430,355,378,432,396,459,414,409,360,407,420,452,466,378,522,381,404,444,380,417,442,465,355,453,468,478,435,Active
"May 7, 2025",92c9cbbf-d535-49cf-b527-5706f9db8081,2840828815,Final_Activation,GKR & GSK Bus Service,Kulwinder Singh,9815946937,Punjab,Batala,PB06V0939,Nitin Kumar Yadav,76,148,176,168,216,90,61,162,167,140,178,169,181,182,158,146,228,80,167,190,147,0,173,149,0,158,160,178,101,24,Active
"May 6, 2025",ad36fa33-c3ea-4542-86b2-945a27efdb57,2841917738,Final_Activation,Bal Majitha Transport,Manpreet Singh,9464119107,Punjab,majitha,PB02AF9905,Nitin Kumar Yadav,52,188,0,177,141,160,192,178,175,205,198,168,0,153,181,126,176,190,155,166,186,148,168,153,177,139,137,185,136,183,Active
"May 6, 2025",8e53e5dc-66a9-4871-8285-2eff7279d519,2841533171,Final_Activation,MRL,Ravinder Kumar,9805745000,Himachal Pradesh,solan,HP64D6725,Nitin Kumar,37,132,141,136,138,85,178,146,122,101,66,72,82,86,58,82,77,74,77,18,0,22,83,63,96,112,123,113,137,160,Active
"May 6, 2025",275b2720-6485-4349-b964-390a811f38a0,2841033226,Final_Activation,MRL,Ravinder Kumar,9805745000,Himachal Pradesh,solan,HP64D1175,Nitin Kumar,0,119,147,161,83,108,165,117,135,125,127,114,132,153,134,140,133,134,98,124,146,0,80,81,89,78,86,110,84,126,Active
"May 6, 2025",b4132349-f75f-4f1e-acd7-d3779a88c521,2841030099,Final_Activation,Ramniwas,Ramniwas,7727979843,Rajasthan,Bikaner,RJ07PA6673,Rakesh,0,31,17,0,0,5,12,13,32,16,167,116,0,0,0,0,0,0,0,0,0,5,0,0,0,0,0,0,0,0,Active
"May 6, 2025",7c861181-9b11-4bcf-b7eb-848033f7dfe7,2841011459,Final_Activation,Chauhan Transport,Ajay Chauhan,9805623007,Himachal Pradesh,Rajgarh,HP16C2211,Arun pundir,0,121,125,167,118,152,153,160,144,181,150,138,137,165,144,117,53,91,89,82,73,80,87,59,94,115,129,106,0,0,Active
"May 6, 2025",ca96a95a-0398-41e1-be48-441b0000768f,2841917805,Final_Activation,B.Batala,Harinder Pal Singh,8725080080,Punjab,Batala,PB06BN9080,Nitin Kumar Yadav,0,211,193,245,156,196,224,214,263,272,264,210,176,241,222,242,249,272,234,224,297,203,228,178,261,202,214,280,266,299,Active
"May 6, 2025",634f870e-4f3e-458b-b1ce-66484cfe7536,2840984937,Final_Activation,Shyam Tour & Travels,JAGDISH GUJAR,9929131826,Rajasthan,jaipur,RJ14PC7476,Dummy Rajasthan,0,0,0,0,0,0,0,0,0,0,0,0,0,0,0,0,0,0,0,0,0,0,0,0,0,0,0,0,0,0,Red
"May 6, 2025",28fd6f72-dd9c-4371-9869-cfd5e7547eba,2840968039,Final_Activation,MRL,Ravinder Kumar,9805745000,Himachal Pradesh,solan,HP671175,Nitin Kumar,24,86,128,49,53,43,45,52,59,9,51,61,60,53,67,53,28,58,70,56,36,56,54,92,68,54,58,50,39,58,Active
"May 6, 2025",3f24fca3-c7a3-4d6a-8109-c8d2cc168660,2840960619,Final_Activation,Vijay Luxmi Bus Service,Manoj Kumar,9816726034,Himachal Pradesh,Kangra,HP682524,Dummy HImachal Pradesh,0,0,0,0,0,0,0,0,0,0,0,0,0,0,0,0,0,0,0,0,0,0,0,0,0,0,0,0,0,0,Red
"May 6, 2025",e03c1cfd-7711-4d7f-b375-0c8bf34330e9,2840957179,Final_Activation,Rajindera Bus Service,Vishal Kalotra,9816794301,Himachal Pradesh,Kangra,HP38D1447,Dummy HImachal Pradesh,0,0,0,0,0,0,0,0,0,0,0,0,0,0,0,0,0,0,0,0,0,0,0,0,0,0,0,0,0,0,Red
"May 6, 2025",60bb90f6-1ffa-4736-846c-5d0029af7e64,TJ75251521001,Final_Activation,CHHABRA BUS SERVICE,Ankit Chhabra,9794885555,Uttar Pradesh,Jhansi,UP93BT1737,Dummy Uttar Pradesh,94,197,187,208,102,134,163,198,296,338,264,117,145,171,141,154,184,233,118,170,134,105,183,215,123,106,179,164,137,191,Active
"May 5, 2025",e6489f89-309b-445d-bab5-e48a47111b0e,2841905249,Final_Activation,Choudhary Bus Services,Prem Chand,9857100093,Himachal Pradesh,Solan,HP937993,Sandeep Kumar,0,0,97,0,0,0,0,0,0,2,38,1,0,0,0,0,0,1,0,147,25,4,0,0,0,0,0,4,69,0,Active
"May 5, 2025",ce8320e6-522d-421b-9387-29f65d8987ad,2841905252,Final_Activation,Choudhary Bus Services,Prem Chand,9857100093,Himachal Pradesh,Solan,HP93A7993,Sandeep Kumar,0,0,0,0,0,0,0,0,6,2,3,0,0,0,0,0,0,0,0,0,0,0,0,0,0,0,0,0,0,0,Orange
"May 3, 2025",efb97045-e736-4900-a78f-0392a07d8541,2841899284,Final_Activation,Brar Travels,Kulavinder Singh,8432409465,Rajasthan,Khajuwala,RJ07PA3875,Rakesh,0,81,154,109,96,93,117,98,111,73,121,60,119,84,114,92,120,107,83,92,119,81,98,78,122,61,98,82,122,80,Active
"May 2, 2025",be70fc70-8e73-4c4d-91df-5cd40c3904dc,2841901712,Final_Activation,Rudra Bus Service,Vinod kumar,9816713073,Himachal Pradesh,Una,HP19F1119,Harish Verma,0,0,0,0,0,0,0,0,0,0,0,0,0,0,0,0,0,0,0,0,0,0,0,0,0,0,0,0,0,0,Red
"May 2, 2025",7223057c-1971-46d5-94a8-cd28a171259a,TJ75251520952,Final_Activation,GKR & GSK Bus Service,Kulwinder Singh,9815946937,Punjab,Batala,PB30N8278,Nitin Kumar Yadav,0,385,374,390,252,350,389,356,409,359,389,250,338,385,404,409,346,385,261,0,89,339,401,319,415,0,346,406,362,372,Active
"May 1, 2025",60f2bde0-8ddb-4091-af3a-d164a40759fb,2841905247,Final_Activation,Captain Bus Service,Vikram Singh,6230994110,Himachal Pradesh,Hamirpur,HP74B4110,Rahul Kumar Uppal,0,55,62,42,0,47,75,53,39,0,55,47,51,43,40,51,34,79,32,39,39,41,43,39,55,48,38,27,22,38,Active
"April 30, 2025",191c3e1c-34ca-488d-896b-cff09a0ee295,2840960982,Final_Activation,New Walia Bus,Sampuran Lata,8091908990,Himachal Pradesh,Kangra,HP68C2120,Dummy HImachal Pradesh,0,0,0,0,0,0,0,0,0,0,0,0,0,0,0,0,0,0,0,0,0,0,0,1,0,0,0,0,0,0,Red
"April 30, 2025",2f2a329f-bdfc-4c85-a807-c08f2b9e810d,2840968043,Final_Activation,Meenu Coach,Pawan Thakur,9882896562,Himachal Pradesh,Shimla,HP62A1505,Nitin Kumar,0,82,26,49,35,0,0,0,0,11,0,22,13,24,20,27,20,24,30,19,40,53,30,14,44,45,17,9,10,30,Active
"April 30, 2025",b9ef44a4-00b4-4e86-b065-03e7a3b865a4,2841905395,Final_Activation,New Walia Bus,Sampuran Lata,8091908990,Himachal Pradesh,Kangra,HP68C2220,Dummy HImachal Pradesh,4,1,61,99,0,26,63,46,0,0,0,0,0,0,3,0,0,0,0,0,1,0,11,0,0,0,0,0,0,0,Active
"April 30, 2025",3a0e6936-06db-4e58-ad5f-67e0ca4e8df4,2840932311,Final_Activation,Meenu Coach,Pawan Thakur,9882896562,Himachal Pradesh,Shimla,HP62A1248,Nitin Kumar,0,63,55,62,32,0,0,55,57,33,88,0,32,0,0,0,2,20,33,32,25,1,27,73,27,91,27,39,45,49,Active
"April 30, 2025",27d55dd2-7c9f-42d8-ab2e-bac66ef5ca4a,2841593246,Final_Activation,Asiatic Tpt. Service P Ltd,Talvinder Singh,9418014979,Himachal Pradesh,Chamba,PB02BM9985,Dummy HImachal Pradesh,0,59,43,53,58,59,75,60,50,43,59,54,29,61,49,4,0,0,0,0,0,0,5,0,0,0,0,0,0,0,Active
"April 30, 2025",4fd4b171-390a-44d8-a523-bcf852b4a0b6,2840969978,Final_Activation,Uttar Pradesh Express,Vipin,9793074270,Uttar Pradesh,Farrukhabad,UP76K7189,Dummy Uttar Pradesh,0,0,0,0,0,0,0,0,0,0,0,0,0,0,0,0,0,0,0,0,0,0,0,0,0,0,0,0,0,0,Red
"April 30, 2025",b4e21dcd-c377-4a02-91e5-c4b6e40c3779,2840960971,Final_Activation,Meenu Coach,Pawan Thakur,9882896562,Himachal Pradesh,Shimla,HP63A3476,Nitin Kumar,0,0,48,31,26,0,0,0,0,0,0,0,0,17,37,31,44,22,67,2,0,0,0,10,6,3,5,7,0,4,Active
"April 30, 2025",e7c80e02-57e4-4979-bc89-2b07ceb8a44d,2840894439,Final_Activation,Shekhawat Travels,Bahadur Singh,9414989777,Rajasthan,Bikaner,RJ07PA3301,Rakesh,0,0,0,0,0,0,0,0,0,0,0,0,0,0,0,0,0,0,0,0,0,0,0,0,0,0,0,0,0,0,Red
"April 30, 2025",604fbbb5-35be-46d6-9d87-a4d548b768fe,2840960858,Final_Activation,SONY DELUXE,ANIL KUMAR,8797415161,Bihar,Gaya,BR02PB6112,Prashant Sagar,34,116,160,149,98,127,104,74,2,9,0,0,0,0,0,0,0,0,0,0,0,0,0,0,0,0,0,36,142,125,Active
"April 30, 2025",f54d21f2-ce3a-4a40-90b3-86d724a2a20f,2841033224,Final_Activation,Meenu Coach,Pawan Thakur,9882896562,Himachal Pradesh,Shimla,HP716487,Nitin Kumar,0,0,0,0,0,0,0,0,0,0,0,0,15,25,3,12,4,19,2,20,9,24,25,1,18,26,18,29,12,12,Red
"April 30, 2025",10e14879-c941-405e-ae39-425d8f6f029d,2841033234,Final_Activation,Meenu Coach,Pawan Thakur,9882896562,Himachal Pradesh,Shimla,HP62A0776,Nitin Kumar,0,0,0,0,0,0,0,0,0,0,0,0,66,37,47,67,61,55,60,38,66,30,47,46,106,96,55,61,47,59,Red
"April 30, 2025",53574e4a-fb9f-4cd1-8c6f-39964e2c2b5d,2841033240,Final_Activation,Meenu Coach,Pawan Thakur,9882896562,Himachal Pradesh,Shimla,HP711630,Nitin Kumar,0,0,73,55,17,62,66,19,58,0,35,32,34,6,0,62,66,26,111,58,60,6,0,0,0,0,33,41,17,81,Active
"April 30, 2025",b189b942-7dd5-4c6c-b1ed-d7d69cd616e3,2840968041,Final_Activation,Meenu Coach,Pawan Thakur,9882896562,Himachal Pradesh,Shimla,HP711629,Nitin Kumar,0,0,0,66,120,46,0,0,0,0,0,0,55,52,47,44,30,53,39,44,47,0,59,0,63,44,67,48,33,27,Active
"April 29, 2025",205626ab-7b07-4fcb-9428-0a0c4ae9a9a8,2840870369,Final_Activation,Shekhawat Travels,Bahadur Singh,9414989777,Rajasthan,Bikaner,RJ07PA9765,Rakesh,0,0,0,0,0,0,0,0,0,0,0,0,0,0,0,0,0,0,0,0,0,0,0,0,0,0,0,0,0,0,Red
"April 29, 2025",d2682477-6c21-45cb-aa9d-9378c60e34fd,TJ75251520891,Final_Activation,Rajindera Bus Service,Vishal Kalotra,9816794301,Himachal Pradesh,Kangra,HP38C0766,Dummy HImachal Pradesh,0,0,0,0,0,0,0,0,0,0,0,0,0,0,0,0,0,0,0,0,0,0,0,0,0,0,0,0,0,0,Red
"April 29, 2025",f74ec4b4-acb6-4b4e-a559-ff577f348407,2840932290,Final_Activation,Muskan Travels,Niranjan Singh,9165512000,Chhattisgarh,Mahasamund,CG06HD9996,Dummy Chhatisgarh,0,64,60,74,53,56,61,52,56,70,61,58,68,52,67,58,73,49,55,50,54,47,76,54,67,44,53,50,63,53,Active
"April 29, 2025",1bc43834-f781-46d9-8189-e307f61e5575,TJ7524BC20793,Final_Activation,Surya Travels,Shiv Shankar Singh,7007734718,Uttar Pradesh,Faizabad,UP42BT1855,Dummy Uttar Pradesh,0,0,0,0,0,0,0,0,0,0,0,0,0,0,0,0,0,0,0,0,0,0,0,0,0,0,0,0,0,0,Red
"April 29, 2025",8a81fda7-0d0b-4b33-bb85-07a44972345c,2840960847,Final_Activation,M/S JFCS JAIMANGLA FIRM COMMUNITY SERVICES,Dhananjay Kumar,7903591350,Bihar,Gaya,BR02PC0901,Prashant Sagar,0,160,167,168,164,74,0,0,128,126,113,143,125,142,138,167,153,95,97,130,68,71,82,68,77,74,79,83,83,98,Active
"April 29, 2025",68e57a42-cebe-4627-957c-737af09dab8b,2842128128,Final_Activation,N T,Kanwarpal Singh,9914966134,Punjab,Muktsar,PB03BL4701,Rajiv Kumar,0,210,100,0,0,0,0,0,0,0,0,0,0,0,0,0,0,0,0,0,0,0,0,0,0,0,0,0,0,0,Active
"April 29, 2025",38362914-d1bf-4631-acda-f871520b1d35,2840960849,Final_Activation,M/S JFCS JAIMANGLA FIRM COMMUNITY SERVICES,Dhananjay Kumar,7903591350,Bihar,Gaya,BR02PC2877,Prashant Sagar,0,0,0,0,0,0,0,0,0,0,0,0,0,0,5,0,0,57,0,0,0,0,0,0,0,0,46,0,0,0,Red
"April 28, 2025",71d0e501-0d38-45c2-9740-175b24d090c5,TJ75251521086,Final_Activation,GSK GRK Bus Service,Surinder Singh,9815647357,Punjab,Batala,PB06V1175,Sumit Sharma,83,201,271,247,209,210,222,186,219,201,232,202,209,221,209,210,241,266,171,212,199,214,198,207,210,192,194,222,147,210,Active
"April 28, 2025",915d2786-6ac7-4556-a1e5-86222d51aaa7,2840960855,Final_Activation,Attri Bus Service,Anup,9017650176,Haryana,Panchkula,HR68C3400,Yudhveer Singh,0,0,0,0,0,0,0,0,0,0,0,0,0,0,0,0,0,0,0,0,0,0,0,0,0,0,0,0,0,0,Red
"April 28, 2025",3ff5ef5b-a6c5-41cb-ae3c-e9eab29db5ac,TJ75252L20658,Final_Activation,Harvindera Bus Service,Harvinder Singh Chandel,9816050121,Himachal Pradesh,Bilaspur,HP678121,Rahul Kumar Uppal,0,16,19,28,0,0,28,52,37,21,39,26,31,39,24,0,48,69,59,35,34,37,34,36,48,36,40,42,21,36,Active
"April 28, 2025",66f8a4e9-ee10-4600-a2a0-cb07e6621289,2840964967,Final_Activation,Sumit Arya,Sumit Arya,9424430140,Madhya Pradesh,Betul,MP48ZD6555,Nitul Patel,0,0,0,0,0,0,0,0,0,0,0,0,0,0,0,0,0,0,0,0,0,0,0,0,0,0,0,0,0,0,Red
"April 28, 2025",7c7d6af3-b6dc-40ec-aec8-ac30710858c5,TJ75251620231,Final_Activation,Harvindera Bus Service,Harvinder Singh Chandel,9816050121,Himachal Pradesh,Bilaspur,HP69A7521,Rahul Kumar Uppal,0,36,45,50,37,13,51,53,37,30,49,36,33,26,47,29,26,20,0,0,46,31,50,45,27,21,32,44,37,34,Active
"April 27, 2025",29720e04-e4e5-4c9e-93c5-2af70addcfea,2840964975,Final_Activation,Muskan Travels,Niranjan Singh,9165512000,Chhattisgarh,Mahasamund,CG06GZ9997,Dummy Chhatisgarh,0,0,0,0,0,0,0,0,0,0,0,0,0,0,0,0,0,0,0,0,0,0,0,0,0,0,0,0,0,0,Red
"April 27, 2025",ec2cdd32-8176-4396-a5ba-a16c1e50755c,2840932281,Final_Activation,Muskan Travels,Niranjan Singh,9165512000,Chhattisgarh,Mahasamund,CG06GR9996,Dummy Chhatisgarh,35,60,57,68,34,0,0,0,0,0,0,0,0,0,0,0,0,0,70,61,61,61,59,67,75,56,75,80,76,67,Active
"April 27, 2025",699a6c14-5853-44c7-8509-a7a7913225a3,2840932293,Final_Activation,Muskan Travels,Niranjan Singh,9165512000,Chhattisgarh,Mahasamund,CG06GP9995,Dummy Chhatisgarh,0,95,0,0,0,0,0,0,0,0,0,0,0,0,0,0,59,118,113,84,91,0,90,100,108,106,111,108,100,88,Active
"April 27, 2025",cd56d69d-c9e7-43ab-8693-42403725cfb5,TJ75251620148,Final_Activation,Bhawani Travels,Kuldeep Singh,7678092317,Rajasthan,Kota,MP13ZE2563,Afsar Hussain,0,0,0,0,0,0,0,0,0,0,0,0,0,0,0,0,0,0,0,0,0,0,0,0,0,0,0,0,0,0,Red
"April 27, 2025",b4848469-b712-4d8c-9d4f-2d5949cd8cbf,2840932294,Final_Activation,Muskan Travels,Niranjan Singh,9165512000,Chhattisgarh,Mahasamund,CG06HB9994,Dummy Chhatisgarh,0,57,71,65,57,53,59,71,61,52,55,48,41,52,58,62,58,64,13,32,54,50,67,83,80,52,59,29,28,54,Active
"April 26, 2025",e31e993d-4779-43dd-926c-325d36eaca6e,TJ75251520799,Final_Activation,B.N.S.Bus Service,Harinder Singh,9872281691,Punjab,Gurdaspur,PB06V6721,Nitin Kumar Yadav,60,200,172,167,115,171,145,163,141,171,195,144,128,149,173,180,192,208,113,81,162,142,177,72,157,99,159,187,182,178,Active
"April 26, 2025",3d7273cb-26ca-4c23-a333-f2f44a2df9b3,2841014310,Final_Activation,Gungun Coach,Sahil Kumar,8628012346,Himachal Pradesh,Kinnaur,HP26A7501,Nitin Kumar,0,127,101,61,0,0,0,0,27,101,97,3,93,84,89,21,71,76,0,76,85,85,104,66,117,12,85,88,81,83,Active
"April 26, 2025",d45941ea-853d-44b5-a791-332107601ee6,TJ75248H20118,Final_Activation,Vikash Travels,Deshraj Meena,7339815607,Rajasthan,Sikar,RJ14PD7531,Dummy Rajasthan,0,0,0,0,0,0,0,0,0,0,0,0,0,0,0,0,0,0,0,0,0,0,0,0,0,0,0,0,0,0,Red
"April 26, 2025",90b141ec-580f-4fe7-bd63-7da95b7ea1d5,2841158973,Final_Activation,National Travel,Kartaar Singh Jadoun,7987216424,Madhya Pradesh,Balaghat,MP50P0241,Dummy Madhya Pradesh,0,0,0,0,0,0,0,0,0,0,0,0,0,0,0,0,0,0,0,0,0,0,24,217,161,158,125,0,0,38,Red
"April 26, 2025",90761163-2b17-4e59-b7ff-8ab45633986e,TJ75251621370,Final_Activation,Anand Bus Service,Jagroop Singh,7888554801,Punjab,Amritsar,PB03AA0711,Nitin Kumar Yadav,0,0,0,0,0,0,0,0,0,0,0,0,0,0,0,0,0,0,0,0,0,0,0,0,0,0,0,0,0,0,Red
"April 26, 2025",d6981fa8-974d-4d73-b0de-806e7c6180b1,2841284916,Final_Activation,National Travel,Kartaar Singh Jadoun,7987216424,Madhya Pradesh,Balaghat,CG08M0414,Dummy Madhya Pradesh,0,0,0,0,0,0,0,0,0,0,0,0,0,0,0,0,0,0,0,0,0,0,77,139,72,0,169,97,83,116,Red
"April 26, 2025",25f356ea-cfad-4148-9607-9355789545d7,TJ75251520938,Final_Activation,Maa Lakshmi Jagdamba Travels,Lalakram Yadav,9506618189,Uttar Pradesh,Gonda,UP43BT1818,Dummy Uttar Pradesh,0,112,91,81,85,111,105,88,96,95,106,0,34,99,86,91,110,105,66,86,99,16,96,96,115,79,96,87,116,80,Active
"April 26, 2025",6ad4b7c3-d75f-4d79-a230-0dda01d0b644,2840821205,Final_Activation,Verma Tour And Travels,Sourav,7018182353,Himachal Pradesh,Solan,HP643882,Sandeep Kumar,0,0,0,0,0,0,0,0,0,0,0,0,0,0,0,0,0,0,0,0,0,0,0,0,0,0,0,0,0,0,Red
"April 26, 2025",b07c0a69-8dfa-4dc9-9125-316f76731679,TJ7524BE21219,Final_Activation,Shri Ram Travels,Shri Ram Travels,9997608444,Uttar Pradesh,Bareilly,UP25GT8177,Dummy Uttar Pradesh,0,43,47,46,42,36,8,0,0,0,25,27,35,23,0,0,0,0,0,32,10,1,33,6,30,9,32,48,28,13,Active
"April 26, 2025",721feee1-b45b-4f15-9817-06c9c588d893,2841286205,Final_Activation,Thakur Bus Service,Rajinder Pal Singh,8626807139,Himachal Pradesh,Kangra,HP67A7985,Harish Verma,0,44,24,55,0,44,55,15,70,0,53,0,0,0,0,0,0,0,0,0,0,0,0,0,0,0,0,0,0,0,Active
"April 26, 2025",ba151d3a-2ea0-41c2-9473-e3e04e80ca12,2841286647,Final_Activation,Anju Tour & Travels,Rajesh Chopra,9418104177,Himachal Pradesh,Solan,HP63F0577,Sandeep Kumar,60,162,153,148,0,143,106,198,179,143,173,0,212,199,186,168,42,176,0,88,151,147,192,136,132,0,150,198,181,197,Active
"April 25, 2025",5b8100e2-de01-45fb-825b-4cb43e9432b7,TJ7524BD21012,Final_Activation,Tourist Bus,Bimla Devi,9418034525,Himachal Pradesh,Hamirpur,HP55D3025,Mohan,0,205,226,263,141,114,227,189,221,268,283,212,236,195,21,230,219,242,169,184,240,148,156,206,263,0,206,200,215,181,Active
"April 25, 2025",80f203a9-8e46-48a6-937c-a620c65a3f09,2841014298,Final_Activation,Verma Tour And Travels,Sourav,7018182353,Himachal Pradesh,Solan,HP15E6764,Sandeep Kumar,0,0,0,0,0,0,0,0,0,0,0,0,0,0,0,0,0,0,0,0,0,0,0,0,0,0,0,0,0,0,Red
"April 25, 2025",7f376d35-aed5-4acd-91b1-f02d14ed897b,2840821173,Final_Activation,Tourist Bus,Bimla Devi,9418034525,Himachal Pradesh,Hamirpur,HP55A5125,Mohan,0,0,0,0,0,0,0,0,0,0,0,0,0,0,0,0,0,0,0,0,0,0,0,0,0,0,0,0,0,0,Red
"April 25, 2025",85120c33-23e7-46ea-a3de-e48462939fec,TJ75248B21505,Final_Activation,Tourist Bus,Bimla Devi,9418034525,Himachal Pradesh,Hamirpur,HP55A9725,Mohan,0,123,59,130,115,0,68,106,124,117,142,112,123,107,202,137,112,142,81,144,120,93,140,68,141,117,117,127,121,119,Active
"April 25, 2025",335f66f6-9682-42ef-9e53-f2b2751f76f5,TJ75251520940,Final_Activation,SNEH BUS SERVICE,PRVINDER NEGI,9857010045,Himachal Pradesh,Kullu,HP34F6364,Ajay Sharma,0,0,0,0,0,0,0,0,0,0,0,0,0,0,0,0,0,0,0,0,0,0,0,0,0,0,0,0,0,0,Red
"April 24, 2025",ba97ba10-7e09-4cd6-ac31-4afec5aa54ef,2841509823,Final_Activation,Bhagnal Travels,Manoj Bhagnal,9418087539,Himachal Pradesh,Solan,HP64B1997,Nitin Kumar,0,157,224,242,178,199,194,193,169,221,226,206,169,196,209,165,207,179,156,188,179,179,168,99,0,0,0,0,0,81,Active
"April 24, 2025",0c320069-1c13-47dd-a6b7-d969a8afb80c,2840957167,Final_Activation,Sau Travels,Sau Travels,9636193351,Rajasthan,Barmer,RJ04PA5222,Chuna Ram,0,0,0,0,0,0,0,0,0,0,0,0,0,0,0,0,0,0,0,0,0,0,0,0,0,0,0,0,0,0,Red
"April 24, 2025",c85cc0a9-de1a-4b59-8f6b-a7bd59a1e860,TJ75251820585,Final_Activation,Bhajan Lal,Bhajan Lal,9413029837,Rajasthan,Barmer,AR06B8370,Chuna Ram,0,0,0,0,0,0,0,0,0,0,0,0,0,0,0,0,0,0,0,0,0,0,0,0,0,0,0,0,0,0,Red
"April 24, 2025",28352b9e-e960-438c-8d81-fa4789d9616a,2841895925,Final_Activation,Bhagnal Travels,Manoj Bhagnal,9418087539,Himachal Pradesh,Solan,HP64D3697,Nitin Kumar,107,242,273,308,246,232,282,240,264,297,262,210,248,284,237,278,271,273,207,236,298,234,308,215,242,221,236,216,222,211,Active
"April 24, 2025",eabc8325-f75c-4058-97f0-d5e9d31aa2e3,2842131889,Final_Activation,Sau Travels,Sau Travels,9636193351,Rajasthan,Barmer,RJ04PA1849,Chuna Ram,0,0,0,0,0,0,0,0,0,0,0,0,0,0,0,0,0,0,0,0,0,0,0,0,0,0,0,0,0,0,Red
"April 24, 2025",e216c375-65de-4049-8aab-c5da7efcfb71,2841917739,Final_Activation,Bhagnal Travels,Manoj Bhagnal,9418087539,Himachal Pradesh,Solan,HPC0997,Nitin Kumar,0,261,270,370,291,287,199,166,292,297,274,221,252,272,300,298,319,329,242,279,282,233,267,225,301,235,299,316,308,265,Active
"April 24, 2025",7393c96e-7028-4942-8353-fc9cc017fecc,2842107014,Final_Activation,Bal Majitha Transport,Manpreet Singh,9464119107,Punjab,majitha,PB02BA9888,Nitin Kumar Yadav,133,264,328,345,239,198,320,228,319,301,296,171,0,1,0,0,0,0,0,0,0,0,0,0,0,0,0,0,0,0,Active
"April 24, 2025",031757aa-fdbc-4930-863a-0098a1a8acbd,TJ7524B420548,Final_Activation,Bhagnal Travels,Manoj Bhagnal,9418087539,Himachal Pradesh,Solan,HP64D4597,Nitin Kumar,0,202,214,313,70,179,205,191,145,197,231,177,170,223,203,254,177,250,130,171,155,158,182,206,174,153,189,217,151,164,Active
"April 24, 2025",5cf1589d-08ae-4372-a698-5b1e2e882509,TJ75251820536,Final_Activation,Bhagnal Travels,Manoj Bhagnal,9418087539,Himachal Pradesh,Solan,HP64C2897,Nitin Kumar,0,166,256,242,154,130,294,252,228,181,230,147,204,188,225,219,228,225,103,70,182,128,170,133,187,182,211,178,198,192,Active
"April 23, 2025",4bc08514-dcd7-4024-9d60-2ce4a743d5da,TJ7524B420514,Final_Activation,Bhagnal Travels,Manoj Bhagnal,9418087539,Himachal Pradesh,Solan,HP64C8197,Nitin Kumar,70,170,165,213,123,183,205,194,197,166,179,156,169,225,180,155,155,206,155,136,144,134,149,129,181,128,149,148,140,115,Active
"April 23, 2025",40563eef-de55-4164-9471-0f1457298384,TJ7524B421146,Final_Activation,Bhagnal Travels,Manoj Bhagnal,9418087539,Himachal Pradesh,Solan,HP64A1897,Nitin Kumar,0,135,126,136,83,93,94,84,112,101,69,134,98,123,138,99,129,144,111,111,84,22,35,72,112,94,106,98,83,111,Active
"April 23, 2025",8bab3be1-09c1-4683-b182-799dc5dc9847,TJ7524B420078,Final_Activation,Bhagnal Travels,Manoj Bhagnal,9418087539,Himachal Pradesh,Solan,HP64D3797,Nitin Kumar,0,216,203,193,100,149,111,202,169,193,173,180,162,190,177,229,171,196,179,178,122,101,0,0,67,162,169,184,166,187,Active
"April 23, 2025",9a500da4-65c5-47c8-9008-6dabe9a0d193,TJ75251520231,Final_Activation,Bhagnal Travels,Manoj Bhagnal,9418087539,Himachal Pradesh,Solan,HP64C9097,Nitin Kumar,79,152,220,202,128,159,243,173,193,84,54,153,206,222,193,191,211,209,150,158,209,101,180,171,186,122,198,174,172,177,Active
"April 23, 2025",3583f453-c46c-493d-86ab-df3751ff8375,TJ7524BC20749,Final_Activation,Shekhawat Travels,Vikaram Singh Shekhawat,8384991549,Rajasthan,Bikaner,RJ07PB8021,Rakesh,0,210,218,214,181,192,214,201,191,197,227,164,201,193,232,219,209,226,205,200,209,202,216,221,242,197,189,215,200,242,Active
"April 23, 2025",17acb197-70ef-40f3-bca7-8ea0f016e11a,2841284896,Final_Activation,Bhagnal Travels,Manoj Bhagnal,9418087539,Himachal Pradesh,Solan,HP64D4697,Nitin Kumar,107,289,299,338,223,222,313,295,313,292,322,202,255,300,261,302,259,301,216,221,253,201,280,236,303,204,275,251,263,268,Active
"April 23, 2025",0ac4f592-1534-4934-a4d3-17d2e9c06f78,TJ75251622071,Final_Activation,Shivhare Travels,Praful Shivhare,7898722348,Madhya Pradesh,Narmadapuram,MP05P0308,Nitul Patel,0,0,0,0,0,0,0,0,0,0,0,0,0,0,0,0,0,0,0,0,0,0,0,0,0,0,0,0,0,0,Red
"April 22, 2025",8a458464-4e02-47d6-98f8-9e6b19457895,2841895496,Final_Activation,Bharat CTS Ltd,Anil Malik,9050021507,Haryana,Jind,HR67C1960,Yudhveer Singh,120,372,404,483,352,320,336,340,317,339,359,315,125,365,242,344,382,367,395,325,302,174,309,302,382,303,370,279,328,378,Active
"April 22, 2025",b5e1dac6-efac-4536-b40e-084008b231ca,TJ75251520976,Final_Activation,Puri Bus Service,Dheeraj Puri,7018766026,Himachal Pradesh,Solan,HP64A9934,Sandeep Kumar,0,0,0,0,0,0,0,0,0,0,0,0,0,0,0,0,0,0,0,0,0,0,0,0,0,0,0,0,0,0,Red
"April 22, 2025",187dec76-5ea6-44b5-9ddc-ad279cc22a52,TJ7524B420339,Final_Activation,Dhaka Transport Company,Prem Kumar,9929130503,Rajasthan,Goluwala,RJ13PA7419,Rakesh,0,0,0,0,0,262,476,284,429,354,497,274,436,315,405,352,579,383,233,364,451,453,602,462,331,78,586,473,389,286,Orange
"April 22, 2025",d5f80d36-6ab7-4656-a46b-25a6afe8caa7,TJ75253M20294,Final_Activation,Dhaka Transport Company,Prem Kumar,9929130503,Rajasthan,Goluwala,RJ13PA7282,Rakesh,0,0,0,0,0,42,282,323,360,321,395,329,396,404,417,417,393,446,362,109,248,221,399,395,299,0,0,0,0,0,Orange
"April 22, 2025",d1af7415-55de-4e8a-80ba-75ab81fee815,TJ7524B421083,Final_Activation,Naina Travels,Tara Devi,8580870004,Himachal Pradesh,Mandi,HP68B0160,Rahul Kumar Uppal,0,0,0,0,0,0,0,0,0,0,0,0,0,0,0,0,0,0,0,0,0,0,0,0,0,0,0,0,0,0,Red
"April 21, 2025",b4005e99-9c5b-46bc-a75c-a8a9b32fd3d9,TJ75251520990,Final_Activation,Kangra Ex Service Man Tpt Co,Arun Pathania,8219950778,Himachal Pradesh,Kangra,HP68A3035,Dummy HImachal Pradesh,0,136,142,134,0,86,100,127,129,120,152,0,149,145,111,107,62,110,0,36,83,50,85,40,99,0,105,95,100,96,Active
"April 19, 2025",cadda3c7-a021-4368-a458-c9ba9804225f,TJ75251621079,Final_Activation,Soni Travels,Soni Kumar Sharma,9418179346,Himachal Pradesh,Hamirpur,HP67A9246,Mohan,0,0,0,0,0,0,0,0,0,0,0,0,0,0,0,0,0,0,0,0,0,0,0,0,0,0,0,0,0,0,Red
"April 19, 2025",b3ec23bd-a470-43f1-a491-256658905b08,TJ75251620385,Final_Activation,Raj Bus,Raj Negi,8894420015,Himachal Pradesh,Kinnaur,HP25A1815,Nitin Kumar,1,0,27,31,0,28,39,28,28,37,2,0,51,16,28,29,36,28,0,24,19,0,52,26,25,0,25,26,25,31,Active
"April 18, 2025",db8bdb0d-f130-4bea-9cb5-0b284b472c5d,TJ75251A20112,Final_Activation,KRISHNA BUS SERVICE,Ravi Soni,9857541150,Himachal Pradesh,Mandi,HP62A3468,Harish Verma,2,1,7,8,0,5,9,23,5,10,2,0,6,7,7,9,9,6,0,0,2,4,9,0,4,0,8,3,1,0,Active
"April 18, 2025",46e89d5b-7eeb-46c8-aaca-0eb938cf9a24,TJ75251622043,Final_Activation,Guleria Travels,Kahan Singh Guleria,9816663016,Himachal Pradesh,Mandi,HP65A8316,Harish Verma,0,109,157,103,114,86,138,121,111,122,166,135,128,124,146,105,139,106,97,110,89,100,86,94,116,118,101,123,86,121,Active
"April 18, 2025",33280d54-abb6-4f5c-8055-336aebaeb50f,TJ7524BJ21065,Final_Activation,KRISHNA BUS SERVICE,Ravi Soni,9857541150,Himachal Pradesh,Mandi,HP65A7227,Harish Verma,0,0,0,0,0,0,0,0,0,0,0,0,0,0,0,0,0,0,0,0,0,0,0,0,0,0,0,0,0,0,Red
"April 18, 2025",baf344ff-9e38-4f7e-99a3-6bd314470b56,TJ7524BK21769,Final_Activation,GS Sodha Travels,Gopal Singh,9784117736,Rajasthan,Jaislamer,RJ19PC3912,Rakesh,0,175,172,150,171,143,167,165,148,123,134,154,118,166,150,155,176,130,117,124,168,144,181,173,163,138,139,151,155,146,Active
"April 18, 2025",dfc9ff2c-66df-42a4-84a2-728692e744dd,TJ75251520044,Final_Activation,Surya Travels,Shiv Shankar Singh,7007734718,Uttar Pradesh,Faizabad,UP42AT8764,Dummy Uttar Pradesh,0,0,0,0,0,0,0,0,0,0,0,0,0,0,0,0,0,0,0,0,0,0,0,0,0,0,0,0,0,0,Red
"April 17, 2025",cc7edd45-e578-4bc5-99e9-3870d630c16c,TJ75251821127,Final_Activation,M K  Batala Bus,Manjit Singh Mohalla Khosla Shri Hargobind Pur,9915427003,Punjab,Gurdaspur,PB06AU2312,Nitin Kumar Yadav,0,0,0,0,0,0,0,0,0,0,0,0,0,0,0,0,0,0,0,0,0,0,0,0,0,0,0,0,0,0,Red
"April 17, 2025",8e2d4800-5cae-44e4-8aca-08e432d50fb9,TJ75252U20315,Final_Activation,Bal Majitha Transport,Manpreet Singh,9464119107,Punjab,majitha,PB03V1727,Nitin Kumar Yadav,100,244,232,265,241,277,274,258,258,255,325,240,0,246,275,231,284,249,231,253,312,163,246,238,359,306,275,254,0,209,Active
"April 16, 2025",5d6335b8-f162-4385-bce1-6ab3786c1628,2842138340,Final_Activation,Mankotia Bus Service,Gunam Singh Mankotia,9805012447,Himachal Pradesh,Una,HP677783,Harish Verma,89,150,145,193,0,182,175,159,152,135,147,132,108,122,123,146,123,158,0,139,73,0,0,6,0,0,0,0,0,0,Active
"April 16, 2025",06a8e7cb-f44b-4c8f-9c6a-74edac903a15,2841024082,Final_Activation,Mankotia Bus Service,Gunam Singh Mankotia,9805012447,Himachal Pradesh,Una,HP72C5450,Harish Verma,106,143,218,175,137,160,212,175,183,151,187,0,150,182,0,157,169,161,0,0,0,116,0,0,0,0,122,124,0,0,Active
"April 16, 2025",0db0fe96-243e-4172-be4a-1e7b4def4de4,2841512870,Final_Activation,HUSAN DEEP SINGH,HUSAN DEEP SINGH,7837259995,Rajasthan,Sri Ganganagar,RJ13PB5257,Arshdeep Singh,114,259,222,278,228,225,263,288,234,266,285,196,290,257,298,269,256,294,0,250,247,290,328,267,299,225,214,275,309,298,Active
"April 16, 2025",75496697-ee8c-4f2e-b711-42b70ea81255,TJ7524B421116,Final_Activation,Rajindera Bus Service,Vishal Kalotra,9816794301,Himachal Pradesh,Kangra,HP68A3555,Dummy HImachal Pradesh,0,0,0,0,0,0,0,0,0,0,0,0,0,0,0,0,0,0,0,0,0,0,0,0,0,0,0,0,0,0,Red
"April 16, 2025",0c89da0b-8b47-49ef-bffa-3f7d7b322ae7,TJ75251622094,Final_Activation,Rajindera Bus Service,Vishal Kalotra,9816794301,Himachal Pradesh,Kangra,HP38H3442,Dummy HImachal Pradesh,0,0,0,0,0,0,0,0,0,0,0,0,0,0,0,0,0,0,0,0,0,0,0,0,0,0,0,0,0,0,Red
"April 16, 2025",3eaec895-10e3-4a69-a9e4-5ccb6258596c,TJ7524BC21848,Final_Activation,Rajindera Bus Service,Vishal Kalotra,9816794301,Himachal Pradesh,Kangra,HP38H2402,Dummy HImachal Pradesh,0,0,0,0,0,0,0,0,0,0,0,0,0,0,0,0,0,0,0,0,0,0,0,0,0,0,0,0,0,0,Red
"April 15, 2025",cd0e5d46-6a54-4c1d-bf0d-374d6a8d385b,TJ75251721825,Final_Activation,Meenu Coach,Jagat Singh,8091188628,Himachal Pradesh,Sirmaour,HP71A4376,Nitin Kumar,0,83,87,118,57,24,0,0,0,0,0,0,0,37,76,84,93,77,69,81,96,0,89,93,101,93,65,45,65,72,Active
"April 15, 2025",1d9f2920-98f3-4cec-bdfa-53e564b2e5d3,TJ75251620113,Final_Activation,Ruby Mander Trasnport Services,Barinderpal Singh,7009618528,Punjab,Sangrur,PB10CL7471,Gagandeep Singh,69,267,0,304,261,293,304,291,346,294,245,316,298,319,311,319,0,310,264,235,275,270,264,254,354,258,324,348,289,298,Active
"April 15, 2025",103e7286-4dec-403d-bbd9-6b54c515f9ae,TJ75251A20128,Final_Activation,Ruby Mander Trasnport Services,Barinderpal Singh,7009618528,Punjab,Sangrur,PB11BY7888,Gagandeep Singh,56,272,269,287,0,251,204,237,314,284,234,125,212,239,251,244,261,260,0,264,196,0,248,190,0,0,179,257,236,278,Active
"April 15, 2025",d2781d0f-3abd-4e11-92dd-8466d2930f04,TJ75251920689,Final_Activation,Ruby Mander Trasnport Services,Barinderpal Singh,7009618528,Punjab,Sangrur,PB23M7150,Gagandeep Singh,98,189,202,207,144,169,227,198,190,188,198,157,173,203,195,180,188,207,129,137,198,158,175,134,214,124,173,216,199,199,Active
"April 14, 2025",e885422c-becb-49e8-bd57-05979c0481d4,TJ75251520756,Final_Activation,Kaila Devi Express Seva,Ramkesh Meena,9414150639,Rajasthan,Dausa,RJ29PA3026,Peeyush Chaturvedi	,0,88,101,117,101,76,0,29,144,108,90,85,102,100,97,80,119,97,107,80,84,97,104,114,149,103,115,147,111,109,Active
"April 14, 2025",a4d9e156-06e3-4028-aea0-eb4638e1e546,TJ75251520683,Final_Activation,Rattan Singh & Sons,Hardial Singh,9888360719,Punjab,Gurdaspur,PB35Q3725,Sumit Sharma,66,169,247,291,166,241,268,208,254,149,189,56,151,159,165,209,0,162,44,139,245,221,205,154,218,196,149,175,242,272,Active
"April 14, 2025",bc5a530a-4a0a-4c54-aea9-efa63acb2b83,TJ75251520682,Final_Activation,Papa Shree Travels,Archana Yadav,9598801111,Uttar Pradesh,Jhansi,UP93BT8349,Dummy Uttar Pradesh,0,0,0,0,0,0,0,0,0,0,0,0,0,0,0,0,0,0,0,0,0,0,0,0,0,0,0,0,0,0,Red
"April 14, 2025",bdb0e03d-0de5-49ea-b56a-175fe84725e0,TJ75251921359,Final_Activation,Kaila Devi Express Seva,Ramkesh Meena,9414150639,Rajasthan,Dausa,RJ14PF5234,Peeyush Chaturvedi	,0,96,90,103,124,94,88,86,72,81,93,123,99,108,100,105,102,99,115,120,104,107,96,103,110,126,139,126,132,91,Active
"April 14, 2025",3e9420f6-90da-451b-9341-ed7527c17e11,TJ75251821390,Final_Activation,Rattan Singh & Sons,Hardial Singh,9888360719,Punjab,Gurdaspur,PB02CC6622,Sumit Sharma,76,237,135,144,185,173,0,83,287,212,128,219,225,117,210,182,53,287,210,100,127,172,52,234,130,56,185,291,159,250,Active
"April 14, 2025",e75ac498-c7f2-49a7-bb25-641d79f5460c,2840891929,Final_Activation,Rattan Singh & Sons,Hardial Singh,9888360719,Punjab,Gurdaspur,PB35Q9325,Sumit Sharma,70,267,267,122,152,159,160,247,296,149,263,204,131,253,215,157,263,215,184,240,201,186,95,41,266,195,249,109,277,275,Active
"April 14, 2025",054235dd-e005-4b52-99ed-6d9abfa8cf91,2842134598,Final_Activation,Jai Maa Co,Neeraj Kaul,9805872499,Himachal Pradesh,Chintpurni,HP19B7299,Rajiv Kumar,57,175,188,120,167,175,169,207,224,0,0,0,0,0,0,0,0,7,0,0,0,0,0,0,0,0,0,0,0,0,Active
"April 13, 2025",9f3019e3-1516-45e7-a0c0-7600955fad3c,TJ75251520414,Final_Activation,Lok Parivahan,Veer Singh Meena,8502933478,Rajasthan,Dholpur,RJ34PA1473,Dummy Rajasthan,38,110,28,0,115,219,227,143,100,226,259,46,13,176,73,142,70,129,251,202,0,184,100,146,0,80,65,158,128,234,Active
"April 12, 2025",437cbd27-445e-4cfb-ba2f-1d22397f7124,TJ75251721277,Final_Activation,Soni Travels,Soni Kumar Sharma,9418179346,Himachal Pradesh,Hamirpur,HP67A6346,Mohan,28,89,90,71,0,84,85,72,71,80,135,0,55,35,29,42,66,22,58,27,23,19,44,28,79,59,50,42,50,82,Active
"April 12, 2025",e4296f45-99c8-4cd9-94d9-ce04b810d3ce,TJ75251620053,Final_Activation,Soni Travels,Soni Kumar Sharma,9418179346,Himachal Pradesh,Hamirpur,HP67A5246,Mohan,21,59,87,123,109,105,105,88,101,108,128,78,113,103,91,82,73,97,0,94,89,98,93,103,136,0,121,106,81,79,Active
"April 12, 2025",df785dcf-e05a-406b-b741-04485de172e2,TJ75251620126,Final_Activation,Papa Shree Travels,Archana Yadav,9598801111,Uttar Pradesh,Jhansi,UP93BT9025,Dummy Uttar Pradesh,0,0,0,0,0,0,0,0,0,0,0,0,0,0,0,0,0,0,0,0,0,0,0,0,0,0,0,0,0,0,Red
"April 11, 2025",6cf2827d-2560-4b7e-848f-ba045ef4dbfd,TJ75251620443,Final_Activation,Deepu Transport,Deepu Thakur,9816107600,Himachal Pradesh,Sangrah,HP712593,Nitin Kumar,0,80,59,122,84,65,81,90,55,71,92,64,68,76,74,75,73,98,102,101,103,92,117,94,100,111,72,74,63,52,Active
"April 11, 2025",f8c3ba8f-6395-447b-ac1e-3841214bfd2d,2841905384,Final_Activation,Deepu Transport,Deepu Thakur,9816107600,Himachal Pradesh,Sangrah,HP711320,Nitin Kumar,0,58,88,161,79,75,114,120,108,123,126,105,106,122,49,126,126,173,136,177,139,99,94,113,127,139,116,83,107,106,Active
"April 11, 2025",84905bb8-f10a-414c-a57b-e408f40d1c33,TJ75251620216,Final_Activation,Shivhare Travels,Praful Shivhare,7898722348,Madhya Pradesh,Narmadapuram,MP05P0329,Nitul Patel,0,0,0,0,0,0,0,0,0,0,0,0,0,0,0,0,0,0,0,0,0,0,0,0,0,0,0,0,0,0,Red
"April 10, 2025",1e61e900-b41f-4dfc-867b-63155a911682,2841533460,Final_Activation,Maharaja Bus Service,Mehar Chand,9418304725,Himachal Pradesh,Kullu,HP34B2425,Ajay Sharma,94,157,125,0,27,142,129,0,83,151,127,0,0,193,214,172,202,200,0,93,212,163,172,91,164,23,185,172,170,205,Active
"April 9, 2025",25706948-0e6e-454f-85dd-2e815258760e,TJ75251920985,Final_Activation,Keladevi Express,Pintu Kumar Meena,9414721351,Rajasthan,Dausa,RJ14PF0389,Dummy Rajasthan,0,115,118,122,144,132,33,0,62,40,115,124,20,0,0,0,90,130,156,115,132,114,113,120,25,117,150,145,106,97,Active
"April 9, 2025",5771d20e-ee8b-490d-9cf6-e501067b5758,TJ7524BC21019,Final_Activation,Shakti Travels,Shakti Singh,8529808859,Rajasthan,Sri Ganganagar,RJ07PA5389,Arshdeep Singh,0,119,94,144,75,127,116,129,96,79,109,131,106,108,115,136,113,109,108,142,14,128,97,130,83,151,96,110,143,181,Active
"April 9, 2025",ab2b7849-acde-4cd2-b5d6-603e2ff1bc26,2841917810,Final_Activation,Sagar Travels,Anil Solanki,8959176677,Madhya Pradesh,Jhabua,MP30P1413,Balaram Rarotiya,0,0,0,0,0,0,0,0,0,0,0,0,0,0,0,0,0,0,0,0,10,0,34,0,13,0,43,0,0,0,Red
"April 9, 2025",676d30a9-80c6-43d3-a0eb-89f01b9ead41,2841285865,Final_Activation,Ved Travels,Ved Prakash,9816403809,Himachal Pradesh,Sirmaour,HP71A3809,Nitin Kumar,0,125,84,132,83,100,149,120,126,139,0,97,105,108,92,108,132,140,104,100,38,0,0,0,0,0,0,0,0,0,Active
"April 8, 2025",dae8070e-08e0-4908-b03a-42421c8a6694,2841006755,Final_Activation,Jitendra Travels,Jitendra,8890005744,Rajasthan,Bikaner,RJ31PA4894,Rakesh,0,0,0,0,0,0,0,0,0,0,0,0,0,0,0,0,0,0,0,0,0,0,0,0,0,0,88,107,59,81,Red
"April 8, 2025",03f4dd25-7f59-4b50-99c8-f1e3c966d994,2841024097,Final_Activation,Jitendra Travels,Jitendra,8890005744,Rajasthan,Bikaner,RJ07PB4155,Rakesh,0,0,0,0,0,0,0,0,0,0,0,0,0,0,0,0,0,0,0,0,0,0,0,0,0,0,0,122,75,146,Red
"April 8, 2025",f1ababbf-c434-4eae-ae66-7dcb67896656,2841568899,Final_Activation,Jitendra Travels,Jitendra,8890005744,Rajasthan,Bikaner,RJ07PA8777,Rakesh,0,0,0,0,0,0,0,0,0,0,0,0,0,0,0,0,0,0,0,0,0,0,0,0,0,0,0,0,39,92,Red
"April 8, 2025",47f79ecb-1fcd-41d2-bf29-533eca0f212b,TJ75251720683,Final_Activation,Muskan Travels,Niranjan Singh,9165512000,Chhattisgarh,Mahasamund,CG06HB7775,Dummy Chhatisgarh,0,65,74,72,70,58,59,68,62,84,70,56,71,72,70,69,65,64,69,76,53,51,48,25,28,56,60,56,83,59,Active
"April 8, 2025",509cee41-856d-465d-9061-0fb77bcd0fce,TJ75251620313,Final_Activation,National Travel,Kartaar Singh Jadoun,7987216424,Madhya Pradesh,Balaghat,MP50ZC9501,Dummy Madhya Pradesh,0,0,0,0,0,0,0,0,0,0,0,0,0,0,0,0,0,0,0,0,0,0,82,0,0,0,88,253,205,194,Red
"April 8, 2025",7e2fe536-c1fd-4ad5-9b11-f15e781f5586,TJ75251720356,Final_Activation,Muskan Travels,Niranjan Singh,9165512000,Chhattisgarh,Mahasamund,CG06GY9994,Dummy Chhatisgarh,38,108,91,111,77,86,93,68,78,65,84,86,88,92,85,112,101,103,89,71,43,44,71,95,85,82,79,67,81,78,Active
"April 8, 2025",b32a53ea-c5d7-4dc7-ba55-0c0eafb20578,2841534131,Final_Activation,Jitendra Travels,Jitendra,8890005744,Rajasthan,Bikaner,RJ07PB5077,Rakesh,0,0,0,0,0,0,0,0,0,0,0,0,0,0,0,0,0,0,0,0,0,0,0,0,0,0,0,134,97,137,Red
"April 8, 2025",0adb3d47-120a-487b-bbbf-e051a3fa3a90,2840960615,Final_Activation,Muskan Travels,Niranjan Singh,9165512000,Chhattisgarh,Mahasamund,CG06HB8884,Dummy Chhatisgarh,0,0,0,0,0,0,0,0,0,0,0,0,0,0,0,0,0,0,0,0,0,0,0,0,0,0,0,0,0,0,Red
"April 8, 2025",3a41f70c-c201-47dc-8e39-65f0c8eb98b2,TJ75251620585,Final_Activation,Simran Express,Dwarika Prasad,9931875200,Bihar,Gaya,BR02PC0524,Prashant Sagar,0,0,0,0,0,0,0,0,0,0,0,0,0,0,0,0,0,0,0,0,0,0,0,0,0,0,0,0,0,0,Red
"April 7, 2025",68c8982f-e55a-47e0-887e-3f692f14ddb5,TJ75253K20387,Final_Activation,Royal Bus Service,Dinesh Kumar,7876747000,Haryana,Jind,HR56B3776,Yudhveer Singh,91,336,349,442,265,251,368,362,346,350,390,332,336,371,340,378,391,413,410,391,372,415,311,441,450,401,345,264,169,278,Active
"April 7, 2025",7b3a320f-e2f9-4180-b8f5-a302db2bff45,TJ75251521109,Final_Activation,MEENU COACH,Baldev Singh,9805731812,Himachal Pradesh,Sirmaour,HP717576,Nitin Kumar,80,225,176,121,91,190,239,190,188,217,233,108,199,202,217,211,220,231,86,153,192,111,57,86,196,155,194,189,193,187,Active
"April 7, 2025",65de11c4-4894-4c0d-b776-a2be84537910,TJ75251821111,Final_Activation,RK Travels,Peeraram Raghunathramji,9950814249,Rajasthan,Jalore,RJ19PB3721,Chuna Ram,0,0,0,0,0,0,0,0,0,0,0,0,0,0,0,0,0,0,0,0,0,0,0,0,0,0,0,0,0,0,Red
"April 7, 2025",2aa438d2-51cf-4b8b-a8e2-af8cad99a81f,2841286940,Final_Activation,Beniwal Travels,Lalchand,9783324381,Rajasthan,Hanumangarh,RJ13PA6549,Pawan Kumar,0,0,0,0,0,0,0,0,0,0,0,0,0,0,0,0,45,0,123,168,175,191,114,161,224,195,173,204,226,194,Red
"April 7, 2025",56d4c7d5-f63d-4912-b3ab-d5bbd7f5c6eb,TJ75251621441,Final_Activation,MEENU COACH,Baldev Singh,9805731812,Himachal Pradesh,Sirmaour,,Nitin Kumar,0,55,54,58,69,70,48,77,66,35,18,44,47,20,0,0,0,34,59,36,25,0,10,33,32,50,22,29,43,0,Active
"April 7, 2025",8c9db04e-41db-43d8-8b39-be75c6fc91e4,2840696215,Final_Activation,Royal Bus Service,Dinesh Kumar,7876747000,Haryana,Jind,HR56B9705,Yudhveer Singh,0,0,0,35,0,0,0,0,0,0,0,0,0,121,300,319,77,0,0,0,1,0,0,0,219,209,201,255,235,154,Active
"April 7, 2025",703aede5-b0d4-45e4-9f05-49f9a4875996,TJ7524BB22024,Final_Activation,Bal Majitha Transport,Manpreet Singh,9464119107,Punjab,majitha,PB07M8316,Nitin Kumar Yadav,158,310,332,323,269,272,298,278,292,251,398,305,0,336,343,362,284,313,277,317,363,270,301,76,356,302,315,384,122,244,Active
"April 7, 2025",25ea59da-21d9-452c-9db5-146876e4de20,2841922705,Final_Activation,Beniwal Travels,Lalchand,9783324381,Rajasthan,Hanumangarh,RJ49PA0883,Pawan Kumar,0,0,87,51,82,106,0,100,83,69,112,94,38,99,99,73,123,114,118,94,92,54,27,113,102,71,80,99,0,95,Active
"April 7, 2025",59c8a381-7068-411d-9cc6-61bea88eaf29,TJ75251420051,Final_Activation,RK Travels,Peeraram Raghunathramji,9950814249,Rajasthan,Jalore,RJ46PA1505,Chuna Ram,0,0,0,0,0,0,0,0,0,0,0,0,0,0,0,0,0,0,0,0,0,0,0,0,0,0,0,0,0,0,Red
"April 7, 2025",82f99a6c-b609-4866-9d9a-8d5f2d5ccf73,TJ75251620075,Final_Activation,MEENU COACH,Baldev Singh,9805731812,Himachal Pradesh,Sirmaour,HP717601,Nitin Kumar,0,47,71,65,40,23,52,35,40,24,46,44,48,24,44,27,41,39,78,33,49,50,153,109,43,34,26,29,44,25,Active
"April 6, 2025",2cc0405d-7843-43b9-8a4b-7a68bcac051d,TJ75251721809,Final_Activation,Arun Coach,Arun Kumar,8219209660,Himachal Pradesh,Kinnaur,HP621508,Nitin Kumar,0,0,92,86,0,70,0,0,0,0,0,0,0,0,3,26,28,41,0,76,0,62,69,83,0,0,74,83,75,62,Active
"April 5, 2025",5f10a313-7ec1-49dd-bcaf-7d339b22ecea,TJ75251920751,Final_Activation,Ms Travels,Madan singh,9549701526,Rajasthan,Sri Ganganagar,RJ13PA4636,Arshdeep Singh,69,146,164,177,109,188,160,156,112,103,116,69,143,170,116,0,0,0,0,0,0,43,167,172,152,54,183,196,190,173,Active
"April 5, 2025",53306152-2266-4e99-8234-6244e607210e,TJ7524BB22116,Final_Activation,Rajindera Bus Service,Vishal Kalotra,9816794301,Himachal Pradesh,Kangra,HP72C5686,Dummy HImachal Pradesh,0,0,0,0,0,0,0,0,0,0,0,0,0,0,0,0,0,0,0,0,0,0,0,0,0,0,0,0,0,0,Red
"April 5, 2025",97cdeedd-b77f-47a0-8b8f-e21783ce28f5,TJ75251820980,Final_Activation,Prince Motors,Pawan Thakur,9857800046,Himachal Pradesh,Una,HP72B3946,Harish Verma,0,144,150,293,390,224,422,141,332,286,378,219,350,377,12,263,331,127,190,315,392,109,108,356,318,216,144,118,149,115,Active
"April 5, 2025",4b19fed8-98a8-45c3-aa06-4e773cc7a623,TJ75251621501,Final_Activation,Gurusaheb Travels,Govind Yadav,8120856570,Madhya Pradesh,Betul,MP48P0270,Dummy Madhya Pradesh,0,105,173,167,175,185,164,185,112,113,114,125,130,0,129,116,109,120,105,94,125,108,108,109,70,103,101,66,127,93,Active
"April 5, 2025",c38b9124-718f-4601-bc6c-3b5987a7b54f,TJ75251520215,Final_Activation,Khushi Bus Service,Manjeet Kumar,8950860232,Haryana,Rohtak,HR46F6565,Amit Kumar,0,0,0,0,0,0,0,0,0,0,0,0,0,0,0,0,0,0,0,0,0,0,0,0,0,0,0,0,0,0,Red
"April 5, 2025",01a2887e-042f-4b60-abdc-2cec8e251473,TJ75251722041,Final_Activation,Gurusaheb Travels,Govind Yadav,8120856570,Madhya Pradesh,Betul,MP12P2555,Dummy Madhya Pradesh,0,146,178,146,134,145,121,140,151,164,124,111,136,0,126,119,133,108,111,102,115,107,103,117,125,95,122,113,109,88,Active
"April 4, 2025",68096864-a6c3-43d9-983a-db6e9908ed30,2841512883,Final_Activation,Malik Bus Service,Charnjeet Malik,7357312156,Haryana,Karnal,HR67C2089,Yudhveer Singh,181,354,342,0,344,443,419,467,219,467,409,411,190,378,426,410,409,372,359,220,407,356,412,527,0,0,315,358,352,312,Active
"April 4, 2025",be2e2ca8-c6b0-4126-8938-6e7b62265a12,TJ75251721438,Final_Activation,GSK GRK Bus Service,Surinder Singh,9815647357,Punjab,Batala,PB06C4547,Sumit Sharma,57,227,202,244,198,153,230,231,162,205,251,235,215,241,239,168,259,241,240,139,230,236,204,190,243,235,189,222,248,267,Active
"April 4, 2025",62d64506-8f61-4107-a4da-f63d8010b99e,2842105740,Final_Activation,GSK GRK Bus Service,Surinder Singh,9815647357,Punjab,Batala,PB06BJ1060,Sumit Sharma,141,425,435,517,414,416,454,457,462,407,437,387,431,478,462,482,346,457,455,391,460,401,198,0,0,0,0,0,0,0,Active
"April 4, 2025",9621ac16-29b3-487f-85f2-84a1a7e724c9,TJ75251622132,Final_Activation,GSK GRK Bus Service,Surinder Singh,9815647357,Punjab,Batala,PB11CM6654,Sumit Sharma,45,159,161,218,140,141,162,143,184,164,185,199,162,197,188,200,190,194,208,161,200,152,161,102,202,133,220,199,211,201,Active
"April 3, 2025",2aef77d3-3d72-4e0e-8ba7-6751a536b5ae,TJ75251921000,Final_Activation,Ashok Leyland,Vikram Singh Parihar,9214336995,Rajasthan,Kota,RJ17PA2111,Afsar Hussain,0,0,0,0,0,0,0,0,0,0,0,0,0,0,0,0,0,0,0,0,0,0,0,0,0,0,0,0,0,0,Red
"April 3, 2025",b83b4a1e-2128-453e-926b-e1093ff37148,TJ75251621935,Final_Activation,SONY DELUXE,ANIL KUMAR,8797415161,Bihar,Gaya,BR02PC1872,Prashant Sagar,0,0,0,0,0,0,0,0,0,0,0,0,0,0,0,0,0,0,0,0,0,0,0,0,0,0,0,0,0,0,Red
"April 3, 2025",80fd5df8-3ef1-4856-a8be-16a9b4ba156b,TJ75248H20676,Final_Activation,NANDA Bus Service,Ambika,7876614719,Himachal Pradesh,Shimla,HP63C7930,Nitin Kumar,0,37,49,62,0,43,31,30,38,51,57,30,51,43,23,19,19,35,0,21,19,29,46,37,72,0,63,65,76,85,Active
"April 3, 2025",c3a348c3-16f0-481e-bedc-46aeb785e1c0,TJ7524BD20284,Final_Activation,Jai Bajarang Trevals,Bharat Ram,7340542954,Rajasthan,Jodhpur,RJ19PC8805,Dummy Rajasthan,0,0,0,0,0,0,0,0,0,0,0,0,0,0,0,0,0,0,0,0,0,0,0,0,0,0,0,0,0,0,Red
"April 3, 2025",504e268b-0524-4aab-885a-6623c3679829,2841286853,Final_Activation,Tourist Bus,Gaurav Sharma,9816509136,Himachal Pradesh,Bilaspur,HP69A3825,Rahul Kumar Uppal,0,0,0,0,0,0,0,0,0,0,0,0,0,0,0,0,0,0,0,0,0,0,0,0,0,0,0,0,0,0,Red
"April 3, 2025",e7b5a5ad-af0f-4014-8b95-532276272405,TJ75252L20541,Final_Activation,Shekhawat Travels,Vikaram Singh Shekhawat,8384991549,Rajasthan,Bikaner,RJ07PB6005,Rakesh,0,284,324,321,260,293,269,310,313,367,307,253,309,318,314,281,333,315,250,290,346,318,352,328,341,243,235,200,156,257,Active
"April 3, 2025",b830988a-48b6-405e-8f59-95a8e78a255f,2842138345,Final_Activation,Meena Travels,Ramkesh Meena,9783980055,Rajasthan,Lalsot,RJ06PA3363D,Dummy Rajasthan,123,170,203,218,183,204,183,191,77,0,0,0,0,0,0,0,0,0,0,0,0,0,0,8,0,0,0,0,0,0,Active
"April 3, 2025",ebf6d152-03af-40c2-ad6a-f563d9b0b6a3,2841286956,Final_Activation,Tourist Bus,Gaurav Sharma,9816509136,Himachal Pradesh,Bilaspur,HP69A8325,Rahul Kumar Uppal,0,0,0,0,0,0,0,0,0,0,0,0,0,2,0,0,0,0,0,0,0,0,0,0,0,0,0,0,0,0,Red
"April 2, 2025",5d67f268-5688-45f1-9bac-62d86b6e9965,TJ75251520809,Final_Activation,GSK GRK Bus Service,Surinder Singh,9815647357,Punjab,Batala,PB06BJ1061,Sumit Sharma,67,199,182,227,174,193,198,158,171,183,231,186,196,209,201,204,215,217,166,0,213,175,202,131,219,159,185,205,220,232,Active
"April 2, 2025",b855e428-1710-4305-b6dd-88dd3d509dc8,2841895502,Final_Activation,Kartars Bus Service,Tajinder Singh,9463709691,Punjab,Dasuya,PB11BK8655,Dummy Punjab,0,200,161,209,160,179,187,208,173,179,185,0,184,180,187,169,174,221,177,192,176,185,0,0,0,0,0,0,0,0,Active
"April 2, 2025",05ae2471-d4d9-4dd6-8fb5-8e4de534123c,2841897920,Final_Activation,GSK GRK Bus Service,Surinder Singh,9815647357,Punjab,Batala,PB09J9018,Sumit Sharma,0,89,189,231,106,95,0,0,0,0,0,0,0,0,0,0,0,0,0,0,0,0,0,0,0,0,0,0,0,0,Active
"April 2, 2025",6c2fce14-65dc-41f4-becc-faf114831e81,2841008202,Final_Activation,Kartars Bus Service,Tajinder Singh,9463709691,Punjab,Dasuya,PB07AS6924,Dummy Punjab,0,0,0,0,0,0,0,0,0,0,0,0,0,0,0,0,0,0,0,0,0,0,0,0,0,0,0,0,0,0,Red
"April 2, 2025",7acdf799-caac-4266-bbd3-ffd4b2cd5eb5,TJ75251620820,Final_Activation,Kartars Bus Service,Tajinder Singh,9463709691,Punjab,Dasuya,PB29R4661,Dummy Punjab,64,261,281,286,201,288,247,243,157,0,0,0,240,181,233,269,268,316,253,220,271,242,246,248,287,0,261,303,312,291,Active
"April 2, 2025",1090df58-1aa6-414f-8baf-29ca97fbfcdf,TJ75251620907,Final_Activation,Kartars Bus Service,Tajinder Singh,9463709691,Punjab,Dasuya,PB29R4662,Dummy Punjab,0,0,0,0,0,0,0,208,309,231,279,199,255,326,261,0,0,121,0,0,0,0,135,157,225,119,168,186,199,183,Orange
"April 2, 2025",b3cd9dbe-b062-43ce-b9a3-53e5b80cfdb5,TJ75251622348,Final_Activation,Kartars Bus Service,Tajinder Singh,9463709691,Punjab,Dasuya,PB07BV6791,Dummy Punjab,28,158,180,168,87,161,178,146,152,151,161,134,124,155,176,103,158,192,117,162,154,93,142,136,108,124,105,165,121,149,Active
"April 1, 2025",1880ce5f-60ff-42c9-acfd-135a36a5d419,TJ75251620222,Final_Activation,M/S JFCS JAIMANGLA FIRM COMMUNITY SERVICES,Dhananjay Kumar,7903591350,Bihar,Gaya,BR02PC1737,Prashant Sagar,56,96,105,60,109,0,78,62,86,79,116,59,106,36,106,119,49,136,68,55,94,118,127,136,157,119,117,133,38,116,Active
"April 1, 2025",71e29ff6-9e16-46e4-929a-d69bdac3cfc7,TJ75251620813,Final_Activation,M/S JFCS JAIMANGLA FIRM COMMUNITY SERVICES,Dhananjay Kumar,7903591350,Bihar,Gaya,BR02PB9545,Prashant Sagar,67,83,111,125,108,111,109,89,109,93,90,115,117,125,105,87,106,120,96,128,29,46,136,141,119,58,103,76,119,149,Active
"April 1, 2025",bda88e49-2d3f-4ed4-8d7e-d22220377608,TJ75251520123,Final_Activation,Jai Maa Co,Neeraj Kaul,9805872499,Himachal Pradesh,Chintpurni,HP724799,Rajiv Kumar,50,117,194,205,205,147,265,178,144,162,164,115,173,160,136,173,0,224,0,0,0,106,130,105,140,129,116,110,110,170,Active
"April 1, 2025",014a6005-17f3-4074-bb76-4f78cf170cd8,TJ75251720294,Final_Activation,M/S JFCS JAIMANGLA FIRM COMMUNITY SERVICES,Dhananjay Kumar,7903591350,Bihar,Gaya,JH13B6189,Prashant Sagar,27,86,88,104,76,80,106,89,79,101,89,68,78,103,80,107,105,129,14,18,82,85,92,110,100,83,73,97,0,0,Active
"April 1, 2025",05c8bb2c-5c7d-4d67-bed1-facb972e173d,TJ75251621366,Final_Activation,Jai Maa Co,Neeraj Kaul,9805872499,Himachal Pradesh,Chintpurni,HP72B3386,Rajiv Kumar,0,80,121,142,160,95,120,118,87,91,163,100,0,0,0,0,178,107,132,0,167,115,111,184,188,205,125,0,0,146,Active
"April 1, 2025",5f7bdda1-cce7-4681-bc29-f60f250fdab9,TJ75251622322,Final_Activation,M/S JFCS JAIMANGLA FIRM COMMUNITY SERVICES,Dhananjay Kumar,7903591350,Bihar,Gaya,BR02PB6202,Prashant Sagar,37,96,34,158,65,51,132,26,30,26,47,64,175,44,42,131,128,114,0,44,50,42,139,125,122,114,116,112,134,142,Active
"April 1, 2025",67348178-0140-435d-9720-8eea63d2bb0f,TJ75251622257,Final_Activation,M/S JFCS JAIMANGLA FIRM COMMUNITY SERVICES,Dhananjay Kumar,7903591350,Bihar,Gaya,BR02PB8682,Prashant Sagar,0,76,82,80,0,68,0,133,32,46,36,30,65,71,29,52,96,64,0,0,0,0,0,0,0,0,0,1,48,42,Active
"April 1, 2025",6f39fc35-25c5-4153-bce3-c170ab0f098e,2840965433,Final_Activation,M/S JFCS JAIMANGLA FIRM COMMUNITY SERVICES,Dhananjay Kumar,7903591350,Bihar,Gaya,BR02PC2588,Prashant Sagar,30,0,21,61,0,0,0,11,16,0,0,31,33,50,59,55,66,60,97,49,68,75,104,108,110,78,82,50,29,0,Active
"April 1, 2025",7a76105b-1676-4e61-ae71-031321dbdeed,TJ7524BC22408,Final_Activation,Dhiman Bus Service,Puneet Kumar,8278836034,Himachal Pradesh,Kangra,HP68A4605,Dummy HImachal Pradesh,0,0,0,0,0,0,0,0,0,0,0,0,0,0,0,0,0,0,0,0,0,0,0,0,0,0,0,0,0,0,Red
"April 1, 2025",c11eba2b-5af6-4c0a-91b8-83bb4b220dbe,TJ75251622241,Final_Activation,M/S JFCS JAIMANGLA FIRM COMMUNITY SERVICES,Dhananjay Kumar,7903591350,Bihar,Gaya,BR02PC2201,Prashant Sagar,50,88,0,0,61,118,117,118,50,67,87,0,15,59,60,71,72,84,88,74,21,100,85,84,85,69,32,73,57,68,Active
"April 1, 2025",003651cc-b90b-44de-bd6d-2475fb0f6a1b,TJ75251622215,Final_Activation,M/S JFCS JAIMANGLA FIRM COMMUNITY SERVICES,Dhananjay Kumar,7903591350,Bihar,Gaya,BR02PB7021,Prashant Sagar,49,145,147,157,133,153,182,161,150,137,171,174,0,169,161,144,161,156,134,164,140,126,147,184,194,153,188,177,171,145,Active
"April 1, 2025",3afdf8bf-813a-4035-939d-7165e306b10c,TJ75251622193,Final_Activation,M/S JFCS JAIMANGLA FIRM COMMUNITY SERVICES,Dhananjay Kumar,7903591350,Bihar,Gaya,BR02PC2379,Prashant Sagar,29,121,137,113,98,129,127,129,132,140,140,58,56,118,112,147,133,127,125,128,0,0,0,0,0,0,0,0,125,134,Active
"April 1, 2025",f7e6c428-76c2-4b6f-9790-e2ce5e9ef30f,TJ75251821396,Final_Activation,Jai Maa Co,Neeraj Kaul,9805872499,Himachal Pradesh,Chintpurni,HP72B6199,Rajiv Kumar,0,153,118,135,134,140,195,146,113,138,137,107,158,108,139,105,139,134,103,118,132,154,172,185,221,166,108,206,157,24,Active
"April 1, 2025",588623c4-117c-487d-93bb-94001ad90838,TJ75251621020,Final_Activation,M/S JFCS JAIMANGLA FIRM COMMUNITY SERVICES,Dhananjay Kumar,7903591350,Bihar,Gaya,BR02PB6205,Prashant Sagar,23,101,123,133,55,109,115,108,118,139,63,114,119,106,118,125,130,125,99,111,101,43,140,125,144,103,120,113,117,81,Active
"March 31, 2025",74c066c9-d8d0-4684-9b52-d839379d2657,TJ75251A20135,Final_Activation,Siddh Baba Travels,Siddh baba travels,7014119135,Rajasthan,Mahwa,RJ14PC9020,Dummy Rajasthan,44,122,187,220,115,118,96,102,118,131,130,112,86,110,109,146,134,138,153,121,149,125,126,130,113,67,131,118,102,120,Active
"March 31, 2025",edac6f4e-09ac-43f2-b60a-286b04965f32,2842131876,Final_Activation,Chahal Bus Service,Daljit,8005679726,Rajasthan,Suratgarh,RJ13PB0072,Pawan Kumar,0,124,251,314,263,269,288,297,268,276,248,217,196,280,270,273,248,281,254,299,242,245,272,277,293,185,267,278,313,167,Active
"March 31, 2025",3bba083d-1ae7-4d8f-9bba-553c633cc4fc,2841895913,Final_Activation,Vishal Travels,Kulvir Singh,7807641000,Himachal Pradesh,Shimla,HP63A1891,Nitin Kumar,66,110,172,154,56,0,122,91,131,119,104,86,129,114,140,104,121,116,74,98,135,87,141,100,161,137,153,117,167,126,Active
"March 31, 2025",df5ada77-1953-4a95-a625-6721e13c7ff3,TJ7524BD20885,Final_Activation,Vishal Travels,Kulvir Singh,7807641000,Himachal Pradesh,Shimla,HP633171,Nitin Kumar,74,144,136,117,67,0,135,136,112,144,151,86,144,120,117,130,116,96,85,78,112,85,100,82,119,68,132,118,130,111,Active
"March 30, 2025",5425356f-8f93-47b7-af51-b794f1f0ee39,TJ75251520434,Final_Activation,Sisai Bus Service,Sunil,9054257000,Haryana,Hisar,CH02AA5007,Raman,0,236,277,78,87,0,189,93,253,261,231,143,261,314,242,262,285,109,279,293,264,274,244,300,89,144,254,247,248,106,Active
"March 30, 2025",a88ba397-4929-4571-ac41-a8d57be1da42,P1493183401_957,Final_Activation,Chhabra Travels,Gurdeep Singh Chhabra,9424904444,Madhya Pradesh,dhar,MP11P0758,Dummy Madhya Pradesh,0,0,0,0,0,0,0,0,0,0,0,0,0,0,0,0,0,0,0,0,0,0,0,0,0,0,0,0,0,0,Red
"March 29, 2025",635bf5d0-07a9-49b4-8bff-28d9e7bc9e75,TJ7524BJ20517,Final_Activation,Jamwal Bus Service,Rajat Jamwal,9816442817,Himachal Pradesh,Kullu,HP34F8879,Ajay Sharma,0,0,0,0,0,0,0,0,0,0,0,0,0,0,0,0,0,0,0,0,0,0,0,0,0,0,2,0,0,0,Red
"March 29, 2025",d71ba448-7ba8-4437-bc83-f5e21260f6f5,TJ7524B520509,Final_Activation,Lawa Bus Service,Harish Kumar,9529611900,Rajasthan,Dantour,RJ13PA4805,Arshdeep Singh,0,0,0,0,0,0,0,0,0,0,0,0,0,0,0,0,0,0,0,0,0,0,0,0,0,0,0,0,0,86,Red
"March 29, 2025",77e93cd2-ff23-425e-86e9-656728b19661,TJ75251720456,Final_Activation,RATAN HR TRAVELS,Rekha Devi,7742503034,Rajasthan,Jotwara,RJ23PC0052,Dummy Rajasthan,0,0,0,0,0,0,0,0,0,0,0,0,0,0,0,0,0,0,0,0,0,0,0,0,0,0,0,0,0,0,Red
"March 29, 2025",fb2fe22d-c92d-4b21-a254-a0af43bdd5a0,2841287103,Final_Activation,Jamwal Bus Service,Rajat Jamwal,9816442817,Himachal Pradesh,Kullu,HP34F8079,Ajay Sharma,0,0,0,0,0,0,0,0,0,0,0,0,0,0,0,0,0,0,0,0,0,0,0,0,0,0,2,0,0,0,Red
"March 29, 2025",f7ba44ac-ae9b-4b39-91c1-1cc1374229d1,TJ7524BC22412,Final_Activation,Advance Tpt Service,Rajeshwar Singh Pathania,9418079911,Himachal Pradesh,Kangra,HP682412,Dummy HImachal Pradesh,86,121,128,154,178,119,110,120,115,108,132,159,95,126,110,119,43,112,119,112,115,124,90,117,148,97,157,103,116,90,Active
"March 28, 2025",bdf814f3-fceb-437e-a03f-3a51b8cc0ac6,TJ75248K20183,Final_Activation,Darvesh Bus Service (MKS),Gurbhej Singh,9478200025,Punjab,Sri Muktsar Sahib,PB11BK9725,Rajiv Kumar,108,156,221,244,221,173,229,189,213,209,291,158,243,188,298,210,340,204,273,205,313,204,307,166,278,166,293,195,286,184,Active
"March 28, 2025",77aaa983-9283-44b2-bfe8-ba1e23310760,2840878816,Final_Activation,Darvesh Bus Service (MKS),Gurbhej Singh,9478200025,Punjab,Sri Muktsar Sahib,PB30D1678,Rajiv Kumar,78,234,212,242,208,223,194,202,173,222,207,214,187,242,217,178,182,298,151,170,147,171,144,117,239,161,230,256,254,221,Active
"March 28, 2025",cc3d0872-7fd6-4ee7-b593-5befa39883b2,2840807066,Final_Activation,Darvesh Bus Service (MKS),Gurbhej Singh,9478200025,Punjab,Sri Muktsar Sahib,PB30A9745,Rajiv Kumar,106,359,257,403,258,460,294,399,466,468,461,377,373,415,410,372,373,377,283,369,355,274,339,264,456,251,374,484,435,430,Active
"March 28, 2025",da384a51-c552-45ce-835f-b9b1a8d32e72,2841918258,Final_Activation,Darvesh Bus Service (MKS),Gurbhej Singh,9478200025,Punjab,Sri Muktsar Sahib,PB04G9959,Rajiv Kumar,58,183,230,190,169,148,216,180,223,200,208,231,217,203,260,203,228,187,235,184,245,172,232,229,242,159,269,241,249,304,Active
"March 28, 2025",b566331a-4a56-4699-b427-97929e4fc231,2841918246,Final_Activation,Darvesh Bus Service (MKS),Gurbhej Singh,9478200025,Punjab,Sri Muktsar Sahib,PB30B3578,Rajiv Kumar,51,182,208,289,175,200,214,229,269,213,319,185,214,236,236,317,231,142,144,164,218,186,187,188,269,162,219,262,276,282,Active
"March 28, 2025",1cd1ae8e-0d9c-4c05-ab85-c20b29087424,2840802986,Final_Activation,Darvesh Bus Service (MKS),Gurbhej Singh,9478200025,Punjab,Sri Muktsar Sahib,PB04U0525,Rajiv Kumar,0,229,230,228,192,175,219,196,450,227,287,272,313,360,314,303,286,440,220,234,226,177,211,185,236,148,239,215,210,237,Active
"March 28, 2025",451dcc1a-3066-4bb5-997e-a9c6836d6ff8,2841568883,Final_Activation,Darvesh Bus Service (MKS),Gurbhej Singh,9478200025,Punjab,Sri Muktsar Sahib,PB30K7478,Rajiv Kumar,129,269,194,214,101,256,220,206,271,229,227,187,210,296,297,266,269,204,208,276,172,172,207,254,243,149,171,237,316,286,Active
"March 28, 2025",ca90ba40-2a79-4121-b6f1-61d8b94515a4,2841894538,Final_Activation,Darvesh Bus Service (MKS),Gurbhej Singh,9478200025,Punjab,Sri Muktsar Sahib,PB30M0525,Rajiv Kumar,65,238,259,290,209,212,262,359,322,222,264,266,265,277,306,248,276,261,307,245,258,242,205,210,263,174,242,242,269,242,Active
"March 28, 2025",ab05f2c1-dff9-4d59-afee-223018c1fe86,2841897587,Final_Activation,Darvesh Bus Service (MKS),Gurbhej Singh,9478200025,Punjab,Sri Muktsar Sahib,PB07Y3079,Rajiv Kumar,45,246,183,286,169,237,181,341,197,286,200,277,176,320,201,326,197,288,170,268,175,269,180,258,189,256,179,374,212,332,Active
"March 28, 2025",165a7dc6-820d-4b76-a1d7-9fb84f3f64d4,2841286142,Final_Activation,Darvesh Bus Service (MKS),Gurbhej Singh,9478200025,Punjab,Sri Muktsar Sahib,PB10AP0672,Rajiv Kumar,89,187,180,210,181,165,199,215,167,169,240,211,198,178,229,207,188,211,202,171,191,146,195,182,249,193,187,225,205,207,Active
"March 27, 2025",22602672-013b-4b30-8c5d-775bcaf86cc5,TJ7524BD20809,Final_Activation,SKT,Chander Mohan,9816015285,Himachal Pradesh,Solan,HP694456,Nitin Kumar,0,0,0,0,0,0,0,0,0,0,0,0,0,0,0,0,0,0,0,0,0,0,51,75,0,0,0,0,0,0,Red
"March 27, 2025",b6ab8645-9dbe-4c16-b0cb-8131a1d93894,TJ75251720865,Final_Activation,Vinay Rajeev Bus Service,Vinay Bedi,9218522000,Himachal Pradesh,Kangra,HP68B3942,Dummy HImachal Pradesh,45,139,186,171,155,185,161,146,183,178,168,146,179,153,93,161,80,170,160,134,179,132,168,156,156,117,157,173,34,179,Active
"March 27, 2025",45189bde-ec8c-4ff2-b34d-3927622de5e4,TJ75251621086,Final_Activation,Aman Sandhu,Dashmesh Bus,7347208484,Punjab,Goraya,PB07Y2140,Gagandeep Singh,0,0,0,0,0,0,0,0,0,0,0,0,0,0,0,0,0,0,0,0,0,0,0,0,0,0,0,0,0,0,Red
"March 27, 2025",00e71287-fe04-465a-8dd8-dcba553c8d28,TJ7524BD21561,Final_Activation,Tetarwal Bus Service,Rajaram,9636132771,Rajasthan,Bikaner,RJ07PB0745,Rakesh,0,119,93,130,101,109,89,111,97,108,109,94,91,72,82,122,108,104,103,123,110,106,108,154,129,109,110,120,106,77,Active
"March 27, 2025",b41b2a92-04b0-43b7-aa5e-a964910bd525,TJ75251620729,Final_Activation,Ma Triveni Travels,Prince Gupta,9755807223,Madhya Pradesh,Barwani,MP46ZG9751,Lakhan Damodar,0,86,105,91,114,113,120,159,130,159,155,126,176,152,73,123,98,0,0,0,0,110,107,68,0,71,63,50,78,60,Active
"March 27, 2025",55e1976d-fcac-4aea-b4e6-79edd12ac5fd,TJ7524BC22456,Final_Activation,National Travel,Kartaar Singh Jadoun,7987216424,Madhya Pradesh,Balaghat,MP50ZB5501,Dummy Madhya Pradesh,0,0,0,0,0,0,0,0,0,0,0,0,0,0,0,0,0,0,0,0,0,0,0,0,0,0,167,187,188,177,Red
"March 26, 2025",db6e6ba8-d118-4ee4-a192-ac0aaa63ddff,PTJ7524BE22269_136,Final_Activation,Deepak Bus Service,Sandeep Thakur,9805389898,Himachal Pradesh,Kullu,HP663448,Ajay Sharma,0,0,0,0,0,0,0,0,0,0,0,0,0,0,0,0,0,0,0,0,0,0,0,0,0,0,0,0,0,0,Red
"March 26, 2025",29cf8d98-6a6f-4303-a7a1-24adb7df80aa,2840872794,Final_Activation,KAMDHENU TRAVELS,Chetan Thakur,7807412000,Himachal Pradesh,Kullu,HP663214,Ajay Sharma,0,211,268,309,241,78,376,93,336,318,355,0,267,315,112,287,246,306,177,197,120,107,281,269,327,20,290,212,267,274,Active
"March 26, 2025",713340d7-3b01-4fde-b943-8d1843d860aa,TJ7524BC21021,Final_Activation,Anjani Kumar Mishra,Anjani Kumar Mishra,9161761414,Uttar Pradesh,Gonda,UP43BT1414,Dummy Uttar Pradesh,0,68,71,54,0,25,50,53,51,70,55,0,50,55,59,47,63,57,0,69,0,54,71,0,104,0,82,71,71,69,Active
"March 26, 2025",53d64fa2-ccda-4b35-9e8d-18fe161eac2a,TJ7524BC21310,Final_Activation,SONY DELUXE,ANIL KUMAR,8797415161,Bihar,Gaya,,Prashant Sagar,23,104,134,138,0,0,0,0,0,0,0,132,129,90,0,0,124,131,0,172,169,129,163,168,203,105,180,0,0,0,Active
"March 26, 2025",b86f59f3-85b7-4fee-bbd4-70b7083986f5,TJ7524BE21993,Final_Activation,SONY DELUXE,ANIL KUMAR,8797415161,Bihar,Gaya,BR02PC2609,Prashant Sagar,0,0,0,0,0,0,0,0,0,37,0,41,0,0,0,0,0,0,0,0,0,0,0,0,0,0,0,0,0,0,Orange
"March 26, 2025",b8ccf448-3368-43ad-b7ea-ad59be9a8167,TJ7524B420808,Final_Activation,Shree Balaji Travels,Paras Das,9414100805,Rajasthan,Jodhpur,RJ16PB4401,Dummy Rajasthan,0,65,87,89,65,60,60,105,80,99,117,92,116,93,84,77,71,97,68,95,142,92,90,82,68,118,94,115,87,91,Active
"March 26, 2025",bc015f25-2f66-469e-958d-bc518bcdc839,PTJ7524BB22079_522,Final_Activation,Deepak Bus Service,Sandeep Thakur,9805389898,Himachal Pradesh,Kullu,HP660109,Ajay Sharma,0,0,0,0,0,0,0,0,0,0,0,0,0,0,0,0,0,0,0,0,0,0,0,0,0,0,0,0,0,0,Red
"March 26, 2025",1ecaa5e9-6d12-4ac0-a78f-b60a34714d9b,TJ7524BC20003,Final_Activation,GSK GRK Bus Service,Surinder Singh,9815647357,Punjab,Batala,PB09S3265,Sumit Sharma,85,234,240,220,206,203,196,213,188,216,218,118,227,267,227,252,214,154,252,217,238,208,237,183,277,220,227,220,233,240,Active
"March 26, 2025",504ccece-f801-413c-81e8-2c0ca3522642,TJ7524BB20455,Final_Activation,Shree Balaji Travels,Paras Das,9414100805,Rajasthan,Jodhpur,RJ16PA4914,Dummy Rajasthan,0,0,0,0,0,0,0,0,0,0,0,0,0,0,0,0,0,0,0,0,0,0,0,0,0,0,0,0,0,0,Red
"March 25, 2025",566b64d4-b82f-45dd-90e1-a2daa171017c,TJ7524BJ21060,Final_Activation,Jayanti Transport,Durga Dass,7018173342,Himachal Pradesh,Kangra,HP68B2325,Dummy HImachal Pradesh,78,183,200,77,0,153,190,151,206,191,234,207,195,162,190,218,192,223,218,215,212,87,0,0,0,0,0,0,0,0,Active
"March 25, 2025",ad5d9766-27d4-45a2-abd4-371237379001,TJ7524BC22439,Final_Activation,Jai Bhawani Travels,Bhanwar Lal,9414384868,Rajasthan,Barmer,RJ19PA3691,Chuna Ram,32,36,52,41,38,35,31,22,26,20,36,34,32,38,30,28,24,13,37,62,62,52,27,61,23,50,9,44,35,41,Active
"March 25, 2025",776ef53e-afca-4b6c-a6a5-6c0c90a93393,TJ75248G20044,Final_Activation,Deepak Tour And Travels,Deepak Kumar,9805976777,Himachal Pradesh,Shimla,HP635068,Nitin Kumar,0,0,0,0,0,0,0,0,0,0,0,0,0,0,0,0,0,0,0,0,0,0,0,0,0,0,0,0,0,0,Red
"March 25, 2025",627bdd44-6b6a-42d1-889c-69a0c5073887,1493080170,Final_Activation,Ramesh singh,Ramesh singh,6398039957,Uttar Pradesh,Farrukhabad,UP87T1688,Dummy Uttar Pradesh,0,0,0,0,0,0,0,0,0,0,0,0,0,0,0,0,0,0,0,0,0,0,0,0,0,0,0,0,0,0,Red
"March 25, 2025",96226cb7-3d52-48ba-a692-2c34bcdaa822,2841509804,Final_Activation,Jayanti Transport,Durga Dass,7018173342,Himachal Pradesh,Kangra,HP68B7525,Dummy HImachal Pradesh,0,0,23,272,161,223,0,200,240,64,145,221,265,240,73,0,0,0,0,0,0,0,11,0,0,0,0,0,0,0,Active
"March 25, 2025",8d690125-d6e4-4077-996f-4dd899a10104,1493243527,Final_Activation,Jayanti Transport,Durga Dass,7018173342,Himachal Pradesh,Kangra,HP68A7525,Dummy HImachal Pradesh,99,179,266,247,204,185,209,216,160,198,252,142,118,179,152,194,199,224,142,157,197,163,194,183,191,131,153,171,184,176,Active
"March 25, 2025",1c568ada-4ab1-4c4c-af59-9d2d34d08dd5,2840963686,Final_Activation,Jayanti Transport,Durga Dass,7018173342,Himachal Pradesh,Kangra,HP68B5925,Dummy HImachal Pradesh,110,236,271,271,286,254,167,187,182,133,189,164,254,300,247,271,259,155,224,187,235,209,259,58,152,148,186,160,164,161,Active
"March 24, 2025",c19e6cee-0892-4612-804e-429f7ab78d97,TJ7524BC21898,Final_Activation,THE NIRWAL BUS SERVICE,Manpreet Singh,9501970091,Punjab,Hoshiarpur,PB07AS6965,Gagandeep Singh,104,259,268,267,203,243,247,243,183,241,270,208,230,125,229,192,21,152,165,13,75,0,0,57,69,142,241,239,165,182,Active
"March 24, 2025",3b2bdc7d-fc0c-4b1d-8767-84e98642ad0f,2840932295,Final_Activation,THE NIRWAL BUS SERVICE,Manpreet Singh,9501970091,Punjab,Hoshiarpur,PB07AS4765,Gagandeep Singh,34,207,156,3,149,65,0,0,0,0,0,0,0,0,0,0,0,0,0,0,0,0,0,0,0,0,0,0,0,0,Active
"March 24, 2025",eb0480be-23cc-43a6-b7f6-26628412dc7a,2841286649,Final_Activation,Sarbjeet Bus,Rashpal Singh,9878098360,Punjab,Firozpur,PB05AB6832,Rajesh Kumar,79,237,249,273,224,202,268,232,327,227,278,244,268,293,297,256,298,312,257,256,273,239,288,230,293,226,257,277,276,256,Active
"March 24, 2025",a00ad773-dcb6-4052-8d6a-982ab29abf1d,TJ75252G21178,Final_Activation,Lavish Kocher,Lavish Kocher,9672132195,Rajasthan,Sri Ganganagar,RJ31PA3339,Arshdeep Singh,0,81,55,74,0,28,76,51,80,64,83,49,74,51,101,37,71,42,62,46,83,68,0,44,103,51,68,92,90,44,Active
"March 24, 2025",c8fcdc89-33f2-45ed-b541-517f716281ce,TJ7524BC21941,Final_Activation,THE NIRWAL BUS SERVICE,Manpreet Singh,9501970091,Punjab,Hoshiarpur,PB07BG1065,Gagandeep Singh,31,168,136,153,90,126,119,164,178,179,229,86,133,182,124,158,189,203,132,150,152,114,64,83,76,175,49,167,159,197,Active
"March 24, 2025",e54acbf8-5d86-41cf-ad0a-739a7bfad2c1,1494800615,Final_Activation,Sarbjeet Bus,Rashpal Singh,9878098360,Punjab,Firozpur,PB05AB8932,Rajesh Kumar,87,288,169,338,182,239,200,222,266,290,162,336,170,350,279,282,296,293,238,278,263,252,262,220,259,221,253,280,264,257,Active
"March 24, 2025",0277d702-67c0-4482-bc19-96fd6fde105c,2841900920,Final_Activation,THE NIRWAL BUS SERVICE,Manpreet Singh,9501970091,Punjab,Hoshiarpur,PB07AS8765,Gagandeep Singh,59,207,180,223,166,186,173,213,291,209,136,48,206,192,185,216,227,171,184,254,187,188,153,0,0,153,25,231,270,182,Active
"March 23, 2025",58527837-f37d-45d4-9581-57aeb9df109c,TJ7524B420933,Final_Activation,Jai Shiv Shankar,Jamna lal choudhary,9828759326,Rajasthan,Udaipur,RJ27PC9369,Dummy Rajasthan,0,0,0,0,0,0,0,0,0,0,0,0,0,0,0,0,0,0,0,0,0,0,0,0,0,0,0,0,0,0,Red
"March 23, 2025",a63c34f1-464f-47c7-aac1-7c9decdf4778,TJ75251921002,Final_Activation,RATAN HR TRAVELS,Rekha Devi,7742503034,Rajasthan,Jotwara,RJ41PB0052,Dummy Rajasthan,0,0,0,0,0,0,0,0,0,0,0,0,0,0,0,0,0,0,0,0,0,0,0,0,0,0,0,0,0,0,Red
"March 22, 2025",2501793b-1370-412b-8c5e-2af076f86af9,TJ75251621561,Final_Activation,MANDER BUS SERVICE,DHARMINDER SINGH,7270013700,Punjab,Ludhiana,PB10ES9535,Gagandeep Singh,0,0,0,0,0,0,0,0,0,0,0,0,0,0,0,0,0,0,0,0,0,0,0,0,0,0,0,0,0,0,Red
"March 21, 2025",be51f6a4-6d79-499d-8878-85520786ec1f,TJ75251620402,Final_Activation,N T,Kanwarpal Singh,9914966134,Punjab,Muktsar,PB04AD9737,Rajiv Kumar,0,315,342,349,271,293,314,365,377,379,355,251,331,356,351,351,341,308,295,265,308,257,326,227,358,228,309,366,315,407,Active
"March 21, 2025",14033164-1545-4a05-9282-a67e9791fb38,2842105734,Final_Activation,N T,Kanwarpal Singh,9914966134,Punjab,Muktsar,PB03BL4701,Rajiv Kumar,0,336,345,277,266,284,322,303,317,322,358,248,305,374,320,327,364,334,251,323,320,303,276,319,311,268,240,265,346,339,Active
"March 21, 2025",2d9f7aa5-72ce-432b-a959-b3c7487b7bfc,TJ75248A20212,Final_Activation,Shekhawat Travels,Vikaram Singh Shekhawat,8384991549,Rajasthan,Bikaner,RJ07PB1528,Rakesh,0,294,322,332,232,312,323,356,345,373,377,214,300,385,351,345,318,365,217,165,0,0,0,0,0,0,6,0,0,0,Active
"March 21, 2025",e5221e57-60a3-43ef-9b3b-dc99421a437d,TJ75251520489,Final_Activation,N T,Kanwarpal Singh,9914966134,Punjab,Muktsar,PB04AE9737,Rajiv Kumar,165,350,344,343,330,284,338,308,366,324,394,312,327,367,360,390,359,363,309,281,232,286,293,292,398,293,313,332,404,329,Active
"March 21, 2025",f02080be-979e-49c2-b6de-c6751dc96b41,2840967479,Final_Activation,N T,Kanwarpal Singh,9914966134,Punjab,Muktsar,PB30H9978,Rajiv Kumar,100,176,249,191,259,184,309,219,167,192,468,192,248,226,318,228,277,281,205,141,178,128,171,107,192,121,190,133,203,134,Active
"March 21, 2025",c23dd2a0-af11-47ea-96a8-77e7d6be8ce7,2841894541,Final_Activation,N T,Kanwarpal Singh,9914966134,Punjab,Muktsar,PB03W3609,Rajiv Kumar,72,131,177,110,101,109,144,119,126,117,158,78,113,143,143,104,125,127,130,132,93,95,111,21,122,92,107,114,121,122,Active
"March 21, 2025",2c4b46f7-68e7-4213-a765-7b22f399b187,2841286487,Final_Activation,N T,Kanwarpal Singh,9914966134,Punjab,Muktsar,PB22G9190,Rajiv Kumar,62,249,231,266,326,338,361,346,165,378,404,225,253,248,210,213,235,218,348,364,312,386,334,345,239,201,199,240,240,189,Active
"March 21, 2025",33592224-03e7-4c83-a6ba-9b6ad1d558b2,2841887886,Final_Activation,N T,Kanwarpal Singh,9914966134,Punjab,Muktsar,PB22Y9937,Rajiv Kumar,79,310,374,372,246,268,343,255,339,322,331,296,326,332,367,324,343,367,309,315,302,274,329,245,344,235,315,355,339,338,Active
"March 21, 2025",448d311d-3a43-48c0-a58c-08a4b4636ddc,TJ75251620514,Final_Activation,Shekhawat Travels,Vikaram Singh Shekhawat,8384991549,Rajasthan,Bikaner,RJ07PB1529,Rakesh,0,205,155,232,136,163,129,233,142,207,162,161,141,194,139,185,158,217,145,193,157,164,149,194,148,170,140,186,150,197,Active
"March 21, 2025",63e93d99-9ec7-4630-b1ef-62af97d83711,1494767404,Final_Activation,N T,Kanwarpal Singh,9914966134,Punjab,Muktsar,PB30AB9737,Rajiv Kumar,56,283,273,257,231,247,242,269,248,289,264,220,254,304,271,272,254,268,185,206,243,242,216,207,283,162,239,249,258,277,Active
"March 21, 2025",6cfc53d0-179d-4a43-b744-a3cc621a18ca,2841287139,Final_Activation,N T,Kanwarpal Singh,9914966134,Punjab,Muktsar,PB30R9937,Rajiv Kumar,0,327,319,360,243,302,400,414,447,378,387,294,333,371,385,375,334,346,315,298,381,340,375,308,366,296,285,335,371,365,Active
"March 21, 2025",fb4659e9-f0e5-4e4f-93bb-2513d63296be,2841886164,Final_Activation,Pranjal Travels,Pradeep Kumar Sinha,9329212574,Chhattisgarh,Ambikapur,CG07E1300,Dummy Chhatisgarh,1,42,34,33,32,35,49,51,35,55,46,44,0,37,56,43,23,51,45,36,45,0,60,57,25,39,46,42,41,32,Active
"March 20, 2025",74ce0bfc-badd-4fe6-b80a-fec62f23da76,TJ7524BJ20557,Final_Activation,Shekhawat Travels,Vikaram Singh Shekhawat,8384991549,Rajasthan,Bikaner,RJ13PA9501,Rakesh,95,169,183,206,130,155,177,201,186,211,183,158,162,174,171,169,175,204,152,176,191,170,196,190,238,170,164,87,188,202,Active
"March 20, 2025",9e8316a6-269d-4fec-b19d-90c7eccfa186,2841536333,Final_Activation,The Paramhans Travels,Prince Kaushik,8960000870,Haryana,Rohtak,HR46E0097,Amit Kumar,85,251,308,155,125,238,255,350,165,294,277,239,328,284,312,278,211,308,211,219,329,193,234,272,249,265,310,280,193,247,Active
"March 20, 2025",8c09532d-35ae-4b46-b08b-10520579cd45,2841286854,Final_Activation,Kuljindeer Singh,Kuljindeer Singh,8872529665,Punjab,Bathinda,PB31J5421,Surinder Singh,90,296,288,277,196,265,225,236,356,258,272,204,192,273,242,246,321,302,149,262,232,230,159,200,258,176,269,307,323,342,Active
"March 20, 2025",572944d0-d28a-4a2d-9def-588ff027ad89,2842144638,Final_Activation,Shekhawat Travels,Vikaram Singh Shekhawat,8384991549,Rajasthan,Bikaner,RJ50PA0155,Rakesh,0,189,186,190,173,164,211,205,189,204,191,156,171,202,207,215,178,204,126,193,189,160,206,192,213,154,180,218,237,212,Active
"March 20, 2025",fdabbf13-46b0-44a0-98fc-98072461fa21,2841536325,Final_Activation,GSK GRK Bus Service,Surinder Singh,9815647357,Punjab,Batala,PB06V8774,Sumit Sharma,91,185,156,263,22,142,232,194,167,147,172,116,133,238,178,160,186,217,0,115,72,179,161,129,190,116,123,160,246,268,Active
"March 20, 2025",acb43d6c-7302-4c0d-a911-0fbdf027b9d9,TJ7524BC22407,Final_Activation,Harpreet Singh,Harpreet Singh,9887953204,Rajasthan,Sri Ganganagar,RJ13PA9168,Arshdeep Singh,0,120,150,131,104,119,149,126,142,120,155,93,128,132,147,125,141,142,100,150,141,119,172,145,151,94,132,131,139,163,Active
"March 20, 2025",89bd1fa9-cab0-488c-a42e-15c4ceb52221,TJ7524B620130,Final_Activation,Sunil Singh,Rahul Singh,7500138373,Uttar Pradesh,Agra,UP50GT4688,Dummy Uttar Pradesh,0,0,0,0,0,0,0,0,0,0,0,0,0,0,0,0,0,0,0,0,0,0,0,0,0,0,0,0,0,0,Red
"March 20, 2025",18c95eaa-e9b5-4505-af72-146aaaa89dba,2841286946,Final_Activation,Anurag Verma,Anurag Verma,9782553218,Rajasthan,Sri Ganganagar,RJ13PA9648,Arshdeep Singh,32,97,53,29,0,63,0,0,68,62,53,49,23,2,73,57,50,11,0,1,7,49,53,0,38,63,56,0,0,40,Active
"March 20, 2025",8635492b-7e2e-4f5b-a92c-f65dbc6ede6b,TJ75251621795,Final_Activation,Anurag Verma,Anurag Verma,9782553218,Rajasthan,Sri Ganganagar,RJ13PA5686,Arshdeep Singh,0,0,0,0,0,0,0,0,0,0,0,0,0,0,0,0,0,0,0,0,0,0,0,0,0,0,0,0,0,0,Red
"March 20, 2025",079d9146-ae63-43bd-bdf1-6c27798325a3,TJ7524BC21952,Final_Activation,Anurag Verma,Anurag Verma,9782553218,Rajasthan,Sri Ganganagar,RJ13PA9253,Arshdeep Singh,0,138,217,179,0,157,101,4,5,107,68,0,127,203,119,175,170,174,0,0,0,1,9,0,168,86,167,0,0,169,Active
"March 20, 2025",1529efaa-114c-4016-a357-9bc8807e0909,TJ75251620410,Final_Activation,Sandhu Bus,Gurtej Singh,9782200047,Rajasthan,Sri Ganganagar,RJ13PA8771,Arshdeep Singh,74,192,196,168,164,154,173,146,195,182,191,194,109,191,188,224,190,205,196,202,192,156,208,198,194,180,197,178,192,223,Active
"March 20, 2025",1f7676dd-0c34-4998-839e-ba3af417193f,2841287113,Final_Activation,Kuljindeer Singh,Kuljindeer Singh,8872529665,Punjab,Bathinda,PB31J8655,Surinder Singh,177,319,417,408,315,389,131,433,320,356,0,58,357,359,436,421,343,394,0,292,313,309,413,256,170,279,307,322,343,369,Active
"March 20, 2025",c039d820-ee17-446f-b1a6-e92ec6a1f2cc,2841287107,Final_Activation,The Paramhans Travels,Prince Kaushik,8960000870,Haryana,Rohtak,HR46F9700,Amit Kumar,122,277,283,152,34,235,255,210,253,320,256,138,342,312,223,258,294,316,148,288,291,296,251,209,257,128,0,292,252,230,Active
"March 19, 2025",c0ec074a-22a0-49a1-ba61-7810bc05f0c8,TJ75251520524,Final_Activation,Nagnechi Travels,Jasvant Singh,9571622582,Rajasthan,Jalor,,Chuna Ram,0,70,86,94,0,69,0,87,79,95,99,93,50,87,90,0,83,94,107,93,91,77,84,87,0,100,75,257,106,239,Active
"March 19, 2025",f35d20d2-b03a-4ec7-b9e8-8fc06e23138f,TJ75253L22431,Final_Activation,Meenu Coach,Pawan Thakur,9882896562,Himachal Pradesh,Shimla,HP62A0976,Nitin Kumar,0,44,28,42,38,47,64,39,32,12,0,42,30,33,58,45,36,35,47,28,23,32,41,39,43,37,52,32,31,28,Active
"March 19, 2025",7602d5c4-4524-4701-ad0c-ddba4e058dcb,2841895509,Final_Activation,Krishna Bus Service,Sandeep,9812459244,Haryana,Bhiwani,HR61D2699,Amit Kumar,162,371,529,645,431,429,457,546,523,457,532,273,551,602,0,0,0,168,292,333,387,378,486,214,0,157,411,654,534,404,Active
"March 19, 2025",1fb79e6d-894f-4f9c-816d-0310263f0f4b,TJ75251720786,Final_Activation,Jai Maa Kaila Devi Travals,Vijay,9414942013,Rajasthan,Bharatpur,,Dummy Rajasthan,0,0,0,0,0,0,0,0,0,0,0,0,0,0,0,0,0,0,0,0,0,0,0,0,0,0,0,0,0,0,Red
"March 19, 2025",b502b7fb-5b11-4011-aea1-9ee7c04bb5eb,TJ75251621092,Final_Activation,Ruby Mander Trasnport Services,Barinderpal Singh,7009618528,Punjab,Sangrur,PB13AF8159,Gagandeep Singh,84,217,194,264,270,180,226,229,251,223,0,305,212,209,225,227,212,294,295,174,221,355,241,195,246,278,375,256,261,256,Active
"March 19, 2025",084cffbe-568a-44d4-8bb9-59d547d57da4,TJ75251621171,Final_Activation,Ruby Mander Trasnport Services,Barinderpal Singh,7009618528,Punjab,Sangrur,PB23T1622,Gagandeep Singh,145,326,287,0,224,159,309,333,305,290,323,310,272,0,336,292,316,355,258,296,298,277,0,205,323,186,320,299,343,297,Active
"March 19, 2025",4d16470e-66e4-4e24-bb99-57caeceffc6f,TJ75251621173,Final_Activation,Ruby Mander Trasnport Services,Barinderpal Singh,7009618528,Punjab,Sangrur,PB13V9759,Gagandeep Singh,58,114,94,196,65,94,112,233,266,103,223,48,93,208,144,220,200,224,167,135,145,65,195,106,214,0,113,205,229,243,Active
"March 19, 2025",eae3c41a-eee0-4fb5-a474-5db3e2c903f9,TJ75251720438,Final_Activation,Ruby Mander Trasnport Services,Barinderpal Singh,7009618528,Punjab,Sangrur,PB10CK2271,Gagandeep Singh,0,184,191,217,0,0,0,193,250,170,202,237,159,209,187,184,194,202,216,146,0,208,193,164,187,215,0,191,193,192,Active
"March 19, 2025",c9a571bb-c9a9-4d79-85be-c4e1aaeba444,TJ75251720190,Final_Activation,Ruby Mander Trasnport Services,Barinderpal Singh,7009618528,Punjab,Sangrur,PB13AR9959,Gagandeep Singh,45,204,218,239,170,189,234,201,280,203,216,198,195,194,218,204,210,244,219,133,161,143,200,193,0,220,204,236,247,222,Active
"March 19, 2025",7fe82fe8-ddb3-45bf-b307-62e8e887088d,TJ7524BE22243,Final_Activation,Meenu Coach,Pawan Thakur,9882896562,Himachal Pradesh,Shimla,HP62A3476,Nitin Kumar,0,82,50,54,37,67,3,0,0,0,0,0,61,54,61,70,39,0,0,52,58,48,46,54,56,51,56,46,45,45,Active
"March 18, 2025",2cb89f4c-6e7f-416a-8ebb-e33d1b929a95,TJ7524BK22276,Final_Activation,Zamidara Tours Travels,Anil Kumar,8875482809,Rajasthan,Sri Ganganagar,RJ13PB5603,Arshdeep Singh,0,0,0,0,0,156,180,169,189,202,206,145,171,169,165,190,155,200,154,194,194,175,181,179,180,124,168,184,152,167,Orange
"March 18, 2025",6aba06cb-8203-4fe3-8c28-f6905a2b7a34,TJ75248C21436,Final_Activation,Zamidara Tours Travels,Anil Kumar,8875482809,Rajasthan,Sri Ganganagar,RJ13PA5603,Arshdeep Singh,63,225,307,256,206,258,239,253,258,274,284,246,209,280,258,280,290,313,292,265,234,232,206,241,244,208,225,301,256,318,Active
"March 18, 2025",a9dbc650-f1e0-4d75-b220-ba5bd27ed93d,TJ7524BL20142,Final_Activation,Rajdhani Express,Sukhwinder Singh,9610552750,Rajasthan,Sri Ganganagar,AR11C0003,Arshdeep Singh,0,0,0,0,0,0,0,0,0,0,0,0,0,0,0,0,0,0,0,0,0,0,0,0,0,0,0,0,0,0,Red
"March 18, 2025",dc02f0de-5104-4059-9856-08a7a21380e7,TJ7524BL20093,Final_Activation,Rajdhani Express,Sukhwinder Singh,9610552750,Rajasthan,Sri Ganganagar,AR11C0005,Arshdeep Singh,0,0,0,0,0,0,0,0,0,0,0,0,0,0,0,0,0,0,0,0,0,0,0,0,0,0,0,0,0,0,Red
"March 18, 2025",ed489793-af4e-43bc-9195-d4ad0f452d76,TJ7524BL20091,Final_Activation,Zamidara Tours Travels,Anil Kumar,8875482809,Rajasthan,Sri Ganganagar,RJ13PA9510,Arshdeep Singh,208,319,407,364,269,309,278,333,319,321,342,285,291,328,345,331,395,313,232,340,328,297,313,341,383,264,315,345,335,330,Active
"March 18, 2025",850ac58a-eee0-4ad6-98c5-a17cd529eb57,2841568889,Final_Activation,AZAD BUS,Ajay Kumar,9418114827,Himachal Pradesh,Hamirpur,HP673933,Mohan,0,7,6,0,0,0,4,6,4,4,10,1,37,53,45,36,35,50,29,0,38,0,7,39,47,15,37,23,38,2,Active
"March 17, 2025",19e91f66-fd4a-42c2-bd54-14e1cc35784a,TJ75251720402,Final_Activation,Deeva Bus,Karmjeet Singh,7986867524,Punjab,Barnala,,Sumit Sharma,0,97,154,118,140,82,95,105,183,105,157,0,0,103,113,111,163,132,152,107,0,246,157,102,157,91,113,95,124,104,Active
"March 17, 2025",cbad3e7c-aa49-49a1-bcb4-b6d5f606cf90,PTJ7524BD21966_640,Final_Activation,Deepak Bus Service,Sandeep Thakur,9805389898,Himachal Pradesh,Kullu,HP66A3448,Ajay Sharma,0,0,0,0,0,0,0,0,0,0,0,0,0,0,0,0,0,0,0,0,0,0,0,0,0,0,0,0,0,0,Red
"March 15, 2025",daface1f-d1b6-4fe1-b0cd-79cb43a2289b,TJ7524BL20017,Final_Activation,Shree Baijnath Bus Service,Aman Sharma,9981463333,Rajasthan,Sahajapur,MP09FA7481,Aditya Tiwari,0,0,0,0,0,0,0,0,0,0,0,0,0,0,0,0,0,0,0,0,0,0,0,0,0,0,0,0,0,0,Red
"March 15, 2025",3dfde848-51de-42c9-91f0-5b271b8b670b,2841918242,Final_Activation,Butter Bus,Raghwant Singh,9463038994,Punjab,Sri Muktar Sahib,PB30R0586,Rajiv Kumar,98,171,180,55,0,0,105,250,218,225,231,263,220,245,259,258,281,256,264,212,257,226,236,0,256,293,271,274,290,269,Active
"March 15, 2025",6f250311-2f5e-4b04-94f8-44f3f1fe220b,TJ7524BJ22133,Final_Activation,Nav Durga Coop,Sanjay Kumar,9255453399,Haryana,Rohtak,HR46F2244,Amit Kumar,0,0,0,0,0,0,0,0,0,0,0,0,0,0,0,0,0,0,0,0,0,0,0,0,0,0,0,0,0,0,Red
"March 13, 2025",0e53577d-4506-4d8c-be6d-a7ef47b2e5b5,TJ7524B520314,Final_Activation,Uppal Gulmare Travels,Amritpal Singh,9876282297,Punjab,Gurdaspur,PB13D6577,Sumit Sharma,65,284,302,0,257,311,295,200,282,248,314,285,279,293,356,232,337,322,202,320,291,323,237,303,294,216,309,255,369,331,Active
"March 13, 2025",8283e6d7-4e2e-4340-b3d3-2ad3fd062e6c,TJ7524BB20585,Final_Activation,Zamidara Travels,Suraj,9983482101,Rajasthan,Gharshana,RJ13PB5457,Arshdeep Singh,99,125,168,144,153,136,156,151,136,146,166,167,154,153,152,152,164,157,170,171,157,149,153,164,187,149,142,150,164,155,Active
"March 12, 2025",a1bf0426-a7cd-46d2-8a89-c8b9349f4fa2,TJ7524BD20407,Final_Activation,Pinky Travels,SAMUNDAR SINGH YADAV,7740945791,Rajasthan,Alwar,,Dummy Rajasthan,0,0,0,0,0,0,0,0,0,0,0,0,0,0,0,0,0,0,0,0,0,0,0,0,0,0,0,0,0,0,Red
"March 12, 2025",cfa99e8c-5b62-4e08-8d54-61792d4eaa6d,TJ7524BD21006,Final_Activation,Payal Bus Service,Ashwani Kumar Sharma,9816058911,Himachal Pradesh,Hamirpur,HP673206,Mohan,0,0,0,0,0,0,0,0,0,0,0,0,0,0,0,0,0,0,0,0,0,0,0,0,0,0,0,0,0,0,Red
"March 12, 2025",db321cb8-7beb-4fbb-b4da-a7f23b769780,TJ7524BD21138,Final_Activation,Bhoopendra Travels,Bhoopendra Singh,8755713591,Uttar Pradesh,Agra,RJ20PB1637,Dummy Uttar Pradesh,0,116,89,0,0,0,75,82,111,77,97,95,87,124,108,131,100,96,121,101,99,0,114,81,136,119,96,101,59,94,Active
"March 12, 2025",c43d71fe-bf01-448a-bc15-5cc5a6f2053d,TJ75248H20213,Final_Activation,Himmat Singh,Himmat singh,9358388507,Uttar Pradesh,Baghpat,UP17T4070,Dummy Uttar Pradesh,0,0,0,0,0,0,0,0,0,0,0,0,0,0,0,0,0,0,0,0,0,0,0,0,0,0,0,0,0,0,Red
"March 12, 2025",caf4def5-aa8e-4105-8416-e88c54669e6f,PTJ7524BE21032_973,Final_Activation,Durga Motor Service,Krishnakant Prasad,9617020089,Chhattisgarh,Bilaspur,CG15EB1904,Dummy Chhatisgarh,0,0,0,0,0,0,0,0,0,0,0,0,0,0,0,0,0,0,0,0,0,0,0,0,0,0,0,0,0,0,Red
"March 11, 2025",1be721e1-9cca-431b-8458-1bf3db3a6f0c,TJ7524BD21798,Final_Activation,Payal Bus Service,Ashwani Kumar Sharma,9816058911,Himachal Pradesh,Hamirpur,HP67A1683,Mohan,11,0,10,38,0,39,20,21,27,17,28,0,26,18,11,31,19,66,0,0,0,0,0,0,42,0,0,0,102,0,Active
"March 11, 2025",39e3e56b-08ee-46b9-a9d4-0e77eec6f67b,TJ7524BC20082,Final_Activation,Payal Bus Service,Ashwani Kumar Sharma,9816058911,Himachal Pradesh,Hamirpur,HP67A1015,Mohan,0,39,49,56,30,40,39,54,46,43,47,5,41,35,49,41,52,46,54,47,44,37,35,44,60,38,46,37,56,49,Active
"March 11, 2025",b419d7d7-021c-4507-8d4c-968dfa9239ad,TJ7524BD21757,Final_Activation,Payal Bus Service,Ashwani Kumar Sharma,9816058911,Himachal Pradesh,Hamirpur,HP69A6183,Mohan,0,0,0,0,0,0,0,0,0,0,0,0,0,0,0,0,0,0,0,0,0,0,0,0,0,0,0,3,50,0,Red
"March 11, 2025",0a6c5aa0-231b-4663-b31d-83fea30e84e1,2840772137,Final_Activation,Payal Bus Service,Ashwani Kumar Sharma,9816058911,Himachal Pradesh,Hamirpur,HP675842,Mohan,0,0,0,0,0,0,0,0,0,0,0,0,0,0,0,17,0,1,0,0,0,0,0,0,0,0,0,0,0,0,Red
"March 11, 2025",937eaeae-57af-4e3c-ae67-19cabf1b1669,2841738724,Final_Activation,Payal Bus Service,Ashwani Kumar Sharma,9816058911,Himachal Pradesh,Hamirpur,HP675516,Mohan,0,51,90,91,0,0,95,92,86,100,91,47,107,80,94,92,90,86,0,77,92,55,87,82,96,39,83,98,90,81,Active
"March 10, 2025",90a2f792-791d-40db-ac83-aea9c154d450,2841285930,Final_Activation,Ahlawat Bus Service,Narender Ahlawat,9813081330,Haryana,Panipat,,Yudhveer Singh,268,540,618,668,605,369,646,584,554,647,512,479,532,553,543,410,512,416,395,381,421,425,381,361,511,450,366,390,379,474,Active
"March 10, 2025",07425828-f951-4bea-81f6-ed2709a82493,TJ7524BE21331,Final_Activation,New Devi Darshan,Pawandeep Singh,6239090226,Punjab,TAlwara,,Sumit Sharma,0,0,0,0,0,0,0,0,0,0,0,0,0,0,0,0,0,0,0,0,0,0,0,0,0,0,0,0,0,0,Red
"March 10, 2025",4a03a546-6fae-456f-8525-9eecb10b4754,2841287104,Final_Activation,Khalsa Bus Service,Malkit Singh,8847511195,Punjab,Sangrur,PB13BP3180,Surinder Singh,0,0,0,0,0,0,0,0,0,0,0,0,0,0,0,0,0,0,0,0,0,0,0,0,0,0,0,0,0,0,Red
"March 8, 2025",7c7c584d-214b-4177-9c0b-52b8b5f75b3e,TJ7524BB21072,Final_Activation,Kartars Bus Service,Tajinder Singh,9463709691,Punjab,Dasuya,,Dummy Punjab,105,195,176,204,150,166,171,193,201,187,202,150,169,204,137,207,240,217,164,149,161,163,141,167,69,18,86,220,171,204,Active
"March 7, 2025",f33389af-e2e2-4aa3-bfb1-b883b58aec3d,2841533473,Final_Activation,Amkash Bus Service,Karishma Kapoor,8527540177,Himachal Pradesh,Kullu,HP66A3830,Ajay Sharma,0,0,210,231,0,0,0,0,0,0,109,178,235,271,217,167,152,381,0,66,98,209,243,0,0,0,63,140,267,175,Active
"March 7, 2025",03136b96-9144-4d0b-825b-381f0ebcf658,2842105196,Final_Activation,Amkash Bus Service,Karishma Kapoor,8527540177,Himachal Pradesh,Kullu,HP663830,Ajay Sharma,117,64,0,0,209,342,379,342,371,362,292,317,235,284,349,370,53,0,0,0,0,0,0,0,0,0,0,0,0,0,Active
"March 7, 2025",a06956f1-020e-4f62-bfa2-e83f8b333116,TJ75247X20870,Final_Activation,Khalsa Bus Service,Khalsa bus service,9041634380,Punjab,Sangrur,PB03BJ4142,Surinder Singh,42,121,119,129,119,107,140,136,176,131,152,145,192,0,0,0,0,0,0,0,0,0,0,0,0,0,0,0,0,0,Active
"March 7, 2025",f4e2fd42-e2e9-4015-8efc-a6039911cdbf,TJ7524BK21793,Final_Activation,Rajsthan Lok Parivahan,Ravindr Kumar,7689829761,Rajasthan,Alwar,,Dummy Rajasthan,0,0,0,0,0,0,0,0,0,0,0,0,0,0,0,0,0,0,0,0,0,0,0,0,0,0,2,0,0,0,Red
"March 7, 2025",55a05c6a-503f-4a4a-a7c2-dbc3b9fc254a,2841897582,Final_Activation,Amkash Bus Service,Karishma Kapoor,8527540177,Himachal Pradesh,Kullu,HP66A5530,Ajay Sharma,21,294,373,363,264,178,120,0,159,183,326,0,249,290,229,211,415,159,251,298,312,142,310,326,205,250,40,0,101,221,Active
"March 6, 2025",29c08bf1-a909-4851-b19a-0ee2a6b6bd43,TJ7524B421413,Final_Activation,Sikarwal Travels,Sikarwal travels,8384982866,Rajasthan,Dholpur,RJ05PA1937,Dummy Rajasthan,0,28,35,38,51,42,43,24,18,32,51,0,26,37,19,29,25,55,38,33,42,14,43,0,47,63,26,59,20,55,Active
"March 6, 2025",111fe9be-980c-4196-a181-f54d9e907d0b,TJ7524BB21104,Final_Activation,Bhupendra Singh Rajawat,Bhupendra Singh Rajawat,9829500457,Rajasthan,Swai Madhopur,RJ13PA6969,Dummy Rajasthan,0,71,125,145,0,112,115,124,96,136,130,131,134,169,126,100,111,128,100,109,107,0,129,109,134,109,101,111,135,104,Active
"March 4, 2025",e1e73367-536e-4808-909c-37bbde48c886,2840700799,Final_Activation,Kuljindeer Singh,Kuljindeer Singh,8872529665,Punjab,Bathinda,PB11BU2271,Surinder Singh,0,285,296,392,235,269,289,286,322,295,306,91,206,324,126,239,428,356,232,327,328,229,270,208,301,246,274,291,269,368,Active
"March 4, 2025",80051a60-e0c4-46d7-8392-38efed0b5aeb,TJ7524B420383,Final_Activation,Himanshu Tyagi,Himanshu Tyagi,8741859683,Rajasthan,Sri Ganganagar,RJ13PA5883,Arshdeep Singh,0,0,0,0,0,0,0,0,0,0,0,0,0,0,0,0,0,0,0,0,0,0,0,0,0,0,0,0,0,0,Red
"March 4, 2025",67d7bbe8-faa5-44b3-a2a8-fc5c3bfec687,TJ75248H20947,Final_Activation,Sai Chhatra Travels,Sai chhatra travels,9424058148,Madhya Pradesh,Khetia,MP46P2256,Dummy Madhya Pradesh,0,85,142,105,154,155,159,157,175,128,199,146,140,137,124,153,100,101,154,66,64,118,130,131,170,132,113,148,137,159,Active
"March 4, 2025",a21f1886-28f1-4ba9-887f-413142329be3,TJ75248M20237,Final_Activation,Sahib Khan,Sahib khan,9982148973,Rajasthan,Alwar,RJ02PA9313,Dummy Rajasthan,0,0,0,0,0,0,0,0,0,0,0,0,0,0,0,0,0,0,0,0,0,0,0,0,0,0,0,0,0,0,Red
"March 3, 2025",ec8d7271-fcb5-4b3d-a02c-33649c0c6fe4,TJ75248H21348,Final_Activation,Gautam Bus Service,Gautam Bus Service,9857210023,Himachal Pradesh,Bilaspur,HP21A6195,Rahul Kumar Uppal,0,0,0,0,0,0,0,0,1,0,0,0,0,0,0,0,0,0,0,0,0,0,0,0,0,0,0,0,0,0,Orange
"March 3, 2025",19576414-848d-4225-8784-56cedbf2731c,TJ7524B521441,Final_Activation,Gautam Bus Service,Gautam Bus Service,9857210023,Himachal Pradesh,Bilaspur,HP69A4523,Rahul Kumar Uppal,0,0,0,0,0,0,0,0,0,0,0,0,0,0,0,0,0,0,0,0,0,0,0,0,0,0,0,0,0,0,Red
"March 3, 2025",bc170570-1b98-475d-bbd8-eb0def8e803f,TJ75248H21210,Final_Activation,Gautam Bus Service,Gautam Bus Service,9857210023,Himachal Pradesh,Bilaspur,HP69A9023,Rahul Kumar Uppal,0,0,0,0,0,0,0,2,0,0,0,0,0,0,0,0,0,0,0,0,0,0,0,0,0,0,0,0,0,0,Orange
"March 3, 2025",19ca1029-078e-463f-baa6-9365c9bebc40,TJ75248H20163,Final_Activation,Gautam Bus Service,Gautam Bus Service,9857210023,Himachal Pradesh,Bilaspur,HP69A5023,Rahul Kumar Uppal,0,0,0,0,0,0,24,0,0,0,0,0,0,0,0,0,0,0,0,0,0,0,4,0,32,0,0,0,0,1,Orange
"March 3, 2025",b4d352f3-37ba-4c52-8adc-c8f1921bcfa0,2841286879,Final_Activation,Harvinder Singh,Harvinder Singh,9416180123,Haryana,Ambala,HR37D7100,Dummy Haryana,155,526,567,624,475,517,0,557,508,587,577,502,536,398,565,513,564,513,394,511,559,448,525,587,625,449,481,556,519,526,Active
"March 2, 2025",fd76e0f3-3270-41ae-8056-d1ad7b4e3f57,TJ75248C20314,Final_Activation,Sarjeet Singh,Sarjeet singh,6375112193,Rajasthan,Sri Ganganagar,RJ13PA5730,Arshdeep Singh,176,392,454,531,289,396,410,417,513,382,448,357,385,483,306,410,416,364,323,376,373,354,399,334,378,332,415,412,437,441,Active
"March 2, 2025",c6479281-9436-49b3-a7a4-0bbeb986f611,TJ7524BB20045,Final_Activation,Guru Nanak Bus Service,Guru nanak Bus service,9417147567,Punjab,Gidderbaha,PB31D7221,Rajiv Kumar,0,0,0,0,0,0,0,0,0,0,0,0,0,0,0,0,0,0,0,0,0,0,0,0,0,0,0,0,0,0,Red
"March 1, 2025",3408cbcb-7be3-46a2-9ad9-40f6abf7d807,2841506005,Final_Activation,Kartars Bus Service,Tajinder Singh,9463709691,Punjab,Dasuya,PB29R4661,Dummy Punjab,0,155,141,153,100,166,200,200,204,168,248,143,62,136,171,190,206,238,122,174,204,97,189,0,128,133,178,221,206,249,Active
"March 1, 2025",ebf0d348-950f-47cf-b602-3d7def1f47e5,TJ7524B521577,Final_Activation,Kartars Bus Service,Tajinder Singh,9463709691,Punjab,Dasuya,PB10ES4302,Dummy Punjab,31,96,167,228,138,149,191,92,137,157,122,141,81,156,184,160,112,142,0,20,154,123,147,0,24,82,167,122,108,102,Active
"March 1, 2025",1e1f63fa-e49b-487a-b34e-7b0514a71eeb,2841891156,Final_Activation,Kuljindeer Singh,Kuljindeer Singh,8872529665,Punjab,Bathinda,PB31J5421,Surinder Singh,94,208,153,187,141,163,169,201,184,213,194,137,180,200,189,202,216,201,201,182,168,5,292,206,376,198,271,277,353,293,Active
"March 1, 2025",570f07a2-1348-4e83-aece-5cac078ddd73,1492278735,Final_Activation,Kartars Bus Service,Tajinder Singh,9463709691,Punjab,Dasuya,PB07BV6791,Dummy Punjab,49,139,125,133,108,125,105,116,104,106,128,0,0,87,0,0,0,0,0,0,0,0,185,0,99,151,140,190,136,120,Active
"March 1, 2025",5fd6dcd5-acff-4694-b415-7d52a82095cd,TJ75251622181,Final_Activation,Kartars Bus Service,Tajinder Singh,9463709691,Punjab,Dasuya,PB07AS6924,Dummy Punjab,59,215,210,269,194,207,185,176,212,225,192,201,159,194,204,233,191,266,209,228,211,187,191,177,272,204,216,211,202,220,Active
"March 1, 2025",2eb7e65c-895f-49fe-888c-c9e9caa1e38e,TJ7524B620066,Final_Activation,Sandhu Bus Service,Sandhu Bus Service,9878586548,Punjab,Goraya,PB03AF6448,Gagandeep Singh,0,0,0,0,0,0,0,0,0,0,0,0,0,0,0,0,0,0,0,0,0,0,0,0,0,0,0,0,0,0,Red
"February 28, 2025",b0109c01-f7e1-4e5b-8dd7-720f8eaaa102,2841782705,Final_Activation,Deepak Singh Devera,Deepak singh,9667758288,Rajasthan,Kota,RJ20PB2241,Afsar Hussain,0,25,217,202,242,210,248,154,245,205,197,225,238,175,15,192,168,160,173,130,263,235,219,210,170,182,240,215,233,211,Active
"February 28, 2025",7549f5a3-4412-4da2-94f5-a158f0365f69,2841285780,Final_Activation,Bg Travels,BG TRAVELS,9414323813,Rajasthan,Weir,RJ05PA3385,Dummy Rajasthan,0,21,0,0,20,32,51,0,59,0,35,1,0,0,0,0,0,0,0,0,0,0,0,0,0,0,0,0,0,0,Active
"February 28, 2025",678ff9b2-ee7d-42ba-b81c-94cd5e9769da,2841892055,Final_Activation,Rahul Pal,Rahul pal,9350607011,Uttar Pradesh,Ghaziabad,UP23H9332,Jitendra,0,0,0,37,0,31,4,3,0,0,0,0,0,0,0,0,0,0,0,0,0,0,8,0,0,0,0,0,0,0,Active
"February 27, 2025",85c605f4-b60c-4010-b649-f7e440aac076,TJ75248B21414,Final_Activation,Gurmall Bus Service (Regd.),Gurmall Bus Service (Regd.),9872848989,Punjab,Jalandhar,PB08CB7811,Gagandeep Singh,38,242,160,239,273,197,200,213,291,156,220,220,277,155,190,194,210,226,265,187,179,187,172,163,228,207,184,171,180,188,Active
"February 27, 2025",cb84b0d4-50d0-4573-9fd4-f156409b36c3,TJ75248N20027,Final_Activation,Kartars Bus Service,Tajinder Singh,9463709691,Punjab,Dasuya,PB07BG3391,Dummy Punjab,51,166,146,147,121,134,142,110,143,151,100,124,127,187,143,156,146,130,110,142,159,135,150,148,164,117,155,148,170,165,Active
"February 27, 2025",85ec6f90-3a1c-41da-b534-5d1f81b838fc,2841917723,Final_Activation,Kartars Bus Service,Tajinder Singh,9463709691,Punjab,Dasuya,PB07AS8391,Dummy Punjab,55,192,166,202,163,106,7,166,194,184,174,178,169,154,202,192,181,172,0,0,0,0,0,0,0,0,97,138,173,166,Active
"February 27, 2025",ebb50cc3-b6d9-43a2-9dce-2b2452e4797f,TJ75252U20001,Final_Activation,Gurmall Bus Service (Regd.),Gurmall Bus Service (Regd.),9872848989,Punjab,Jalandhar,PB08BM3811,Gagandeep Singh,129,192,231,267,195,203,198,224,237,217,216,222,153,209,195,180,202,177,166,179,180,164,193,45,0,0,0,0,0,0,Active
"February 26, 2025",c98c63b2-2b6d-4b89-9b5c-10f4c0f1627a,TJ75252T20488,Final_Activation,Kuljindeer Singh,Kuljindeer Singh,8872529665,Punjab,Bathinda,PB31J8655,Surinder Singh,78,315,327,407,222,269,342,327,322,314,339,222,281,338,357,335,401,383,208,294,345,301,274,296,338,224,236,337,320,342,Active
"February 26, 2025",8457c9a3-b0ad-4f4a-87b3-a602e440ccb5,2842104459,Final_Activation,Pitambara Bus Service,Meera Devi,9418637471,Himachal Pradesh,Kangra,HP83A8671,Dummy HImachal Pradesh,78,264,316,93,0,0,139,269,304,280,322,1,251,272,309,220,302,0,0,9,301,0,133,97,259,0,203,119,193,0,Active
"February 25, 2025",9900b23d-2309-4318-a951-57acabafa308,2841286841,Final_Activation,Metro Travels,Mahesh Kumar Janu,9261491661,Rajasthan,Jaipur,RJ14PD3556,Dummy Rajasthan,80,118,121,170,153,126,124,125,115,111,91,140,123,134,109,130,136,128,141,118,113,119,123,92,156,118,100,133,124,133,Active
"February 25, 2025",723354fc-9633-44ca-bc55-3b10bb98cf8b,TJ75252U20643,Final_Activation,Baljinder Bus Service,Baljinder bus service,9814028313,Punjab,Jhalandhar,PB06K1947,Gagandeep Singh,88,156,164,191,189,113,99,144,194,140,180,0,142,166,175,0,311,171,0,0,225,120,179,138,174,0,1,0,0,0,Active
"February 25, 2025",0db625f2-3b34-47c7-b105-aab27901ebed,TJ7524B521426,Final_Activation,Baljinder Bus Service,Baljinder bus service,9814028313,Punjab,Jhalandhar,PB08EN6081,Gagandeep Singh,98,265,260,273,210,221,229,226,266,260,147,198,237,167,249,276,202,246,0,0,254,173,138,196,236,156,165,235,245,207,Active
"February 25, 2025",9774dbb7-278d-4500-ad10-0a513cfec911,TJ75248H21361,Final_Activation,Bheelraj Pooja Travles,Bheelraj Pooja Travles,6377465832,Rajasthan,SimAlwara,RJ12PA4448,Dummy Rajasthan,16,44,36,45,36,13,43,38,0,0,31,24,0,0,0,0,0,0,0,0,46,38,37,41,41,50,34,37,55,55,Active
"February 25, 2025",0aed3084-49b4-49e1-b0fc-577802105f50,TJ75248H20306,Final_Activation,Dev Parivhan,Sameer Manhas,9816055236,Himachal Pradesh,Palampur,HP685790,Mohan,70,173,0,0,0,0,209,186,222,209,0,0,221,214,163,204,202,220,176,206,0,155,179,200,221,171,234,220,215,196,Active
"February 25, 2025",a46d36da-de9c-4a45-a56f-4f9e8a271a07,TJ75248C20660,Final_Activation,Baljinder Bus Service,Baljinder bus service,9814028313,Punjab,Jhalandhar,PB08BP6081,Gagandeep Singh,28,224,192,288,0,154,228,222,237,202,240,214,170,213,158,198,0,242,0,65,0,156,174,122,269,209,186,271,242,243,Active
"February 24, 2025",5c1d4a0f-0cbc-45ad-b12f-f720f2a1a27d,TJ7524B420826,Final_Activation,Khakh Travels,Madan Lal,9351296714,Rajasthan,Sri Ganganagar,RJ13PA6500,Pawan Kumar,0,204,202,233,163,168,152,185,183,202,193,148,165,187,190,182,182,181,139,174,185,157,188,182,209,159,174,183,195,206,Active
"February 24, 2025",e227b761-ca9c-4f22-b424-d81cb823f2af,2842131875,Final_Activation,Sau Travels,Sau Travels,9636193351,Rajasthan,Barmer,RJ04PA6868,Chuna Ram,0,0,57,137,108,105,115,67,98,106,136,89,102,124,109,121,0,125,92,155,115,122,103,118,0,0,0,0,0,0,Active
"February 22, 2025",6a459e50-bb20-4912-bffb-98a56416ceaa,2840931353,Final_Activation,Karmjit Singh,Dhillon bus,9877170007,Punjab,Barnala,PB19E3007,Surinder Singh,68,338,352,302,221,243,317,222,319,292,359,261,313,300,306,321,315,300,224,255,281,219,285,181,299,175,255,335,336,271,Active
"February 22, 2025",8dea0d35-76af-421b-8175-e527025f89c8,2841585818,Final_Activation,Karmjit Singh,Dhillon bus,9877170007,Punjab,Barnala,PB19H5007,Surinder Singh,147,119,276,339,89,176,214,254,257,230,262,217,216,194,112,258,302,250,210,177,196,186,293,139,192,210,153,276,103,0,Active
"February 22, 2025",ded49c20-b0be-4ab7-8ffa-a5fefae2601e,2841030098,Final_Activation,Kartars Bus Service,Tajinder Singh,9463709691,Punjab,Dasuya,PB10ES4314,Dummy Punjab,115,213,225,223,146,220,145,235,294,219,257,154,198,203,192,250,251,307,193,227,218,212,206,200,172,177,215,219,253,232,Active
"February 21, 2025",a792dc44-9fdd-441f-9d4b-aff19b557764,2841905242,Final_Activation,Advance Tpt Service,Rajeshwar Singh Pathania,9418079911,Himachal Pradesh,Kangra,HP68B5387,Dummy HImachal Pradesh,0,0,0,36,67,11,0,0,0,0,0,0,0,0,0,0,0,0,0,0,0,0,0,0,0,0,0,0,0,0,Active
"February 21, 2025",9b2f595b-2b2d-48d1-a348-d1049a5e045a,TJ75251520649,Final_Activation,Jai Ambey Maa Travals,Jai ambey maa travals,9509953807,Rajasthan,Rudawal,RJ05PA6828,Dummy Rajasthan,0,0,0,0,0,0,0,0,0,0,0,0,0,0,0,0,0,0,0,0,0,0,0,0,0,0,0,0,0,0,Red
"February 20, 2025",77cd4b25-a111-4148-8f27-746633c4905e,TJ75248H20894,Final_Activation,Payal Bus Service,Ashwani Kumar Sharma,9816058911,Himachal Pradesh,Hamirpur,HP675139,Mohan,0,37,36,36,32,28,29,24,43,23,30,30,32,27,27,28,33,35,37,26,31,31,26,29,37,27,17,27,21,23,Active
"February 20, 2025",cb491625-4e78-43bc-8d9a-bf6d8b016784,2840802172,Final_Activation,Khakh Travels,Madan Lal,9351296714,Rajasthan,Sri Ganganagar,RJ13PA5757,Pawan Kumar,0,182,182,224,169,163,158,163,87,0,0,0,0,0,0,0,12,0,0,0,0,0,0,0,0,0,0,20,0,0,Active
"February 20, 2025",f7bdb920-10e3-4b00-80cd-e97aae9951c5,2840960624,Final_Activation,Brc Bus Service,BRC Bus service,9050209910,Haryana,Bahadurgarh,,Amit Kumar,0,0,0,0,0,0,0,0,0,0,0,0,0,0,0,0,0,0,0,0,0,0,0,0,0,0,0,0,0,0,Red
"February 20, 2025",ab5a7f56-20fc-4b89-b631-eef2944d43f5,2841533169,Final_Activation,Payal Bus Service,Ashwani Kumar Sharma,9816058911,Himachal Pradesh,Hamirpur,HP675139,Mohan,0,0,0,0,0,0,0,0,0,0,0,0,0,0,0,0,0,0,0,0,0,0,0,0,0,0,0,0,11,23,Red
"February 19, 2025",50047068-968d-42c8-b676-d8b59ebb102d,TJ75248C20276,Final_Activation,Kartars Bus Service,Tajinder Singh,9463709691,Punjab,Dasuya,PB29R4662,Dummy Punjab,116,199,214,187,168,140,144,135,248,144,130,207,161,187,172,167,129,187,143,172,221,157,196,183,310,140,202,208,206,227,Active
"February 19, 2025",c68d8b0e-dfd7-46b0-b5d7-c8587c7133d1,TJ75248H20599,Final_Activation,Kartars Bus Service,Tajinder Singh,9463709691,Punjab,Dasuya,PB11BK8655,Dummy Punjab,67,169,200,192,172,140,151,140,157,170,203,166,192,170,124,143,202,189,201,162,189,173,178,98,204,127,21,94,0,0,Active
"February 19, 2025",5d785fe3-915d-470a-bdeb-d3ed7eace22f,TJ75248A20895,Final_Activation,Jai Mallinath Travels,Jai Mallinath Travels,8290721291,Rajasthan,Barmer,RJ22PA6390,Chuna Ram,0,0,0,0,0,0,0,0,0,0,0,0,0,0,0,0,0,0,0,0,0,0,0,0,0,0,0,0,0,0,Red
"February 18, 2025",0886ba39-34ff-49c7-bb6f-f24889865795,1493224858,Final_Activation,Hovan Shakti Travels,Hovan Shakti travels,9610824646,Rajasthan,Chikali,RJ12PA7470,Dummy Rajasthan,0,35,29,41,23,22,22,42,29,21,37,25,32,26,22,16,0,0,0,8,0,29,13,21,28,32,25,21,10,41,Active
"February 18, 2025",59b29106-edc0-40c5-9f74-1d072381938c,TJ7524B620088,Final_Activation,Rathore Bus,Sitaram,9982997070,Rajasthan,Sri Ganganagar,RJ07PB2997,Arshdeep Singh,83,177,198,214,195,142,170,174,179,202,203,170,157,183,168,174,204,209,170,163,198,151,184,184,209,175,171,190,175,207,Active
"February 18, 2025",582ebabf-6eea-45b5-9bb7-25254b2d2292,2840694056,Final_Activation,Dhaka Transport Company,SIYARAM GURJAR,7297096519,Rajasthan,Bundi,RJ13PA7249,Afsar Hussain,0,41,21,29,0,8,17,15,20,0,9,27,22,16,0,0,41,41,24,23,16,27,26,19,43,0,19,37,36,32,Active
"February 17, 2025",e80462d4-e4e1-47a8-8cd0-8f925f7501e4,TJ7524BB20544,Final_Activation,Hifzan Ali,H. BABU,7737919878,Rajasthan,Kota,RJ13PA6762,Afsar Hussain,0,0,31,91,124,86,105,104,0,0,0,0,0,0,0,102,0,107,69,102,0,0,78,0,102,112,108,104,96,77,Active
"February 16, 2025",19557af4-3da1-4ea3-a791-dd9ef25b3bf8,2841919249,Final_Activation,Aman Travels,Vashim Sarif Khan,9724345559,Rajasthan,Banswara,MP44ZE4888,Rakesh,0,10,10,8,12,0,0,0,8,0,7,13,12,8,0,0,0,0,6,5,15,6,6,0,0,7,6,0,7,12,Active
"February 16, 2025",8fb512ab-e36f-4858-8ebe-037bf06629a6,TJ75248B20329,Final_Activation,Thakur Travels,Naveen Thakur,9020000095,Himachal Pradesh,Hamirpur,HP678785,Mohan,0,0,0,0,0,0,0,0,0,0,0,0,0,0,0,0,0,0,0,0,0,0,141,80,131,0,86,89,99,90,Red
"February 16, 2025",4c290d76-bb1e-4e01-8520-631ebfaee03e,2841921634,Final_Activation,Thakur Travels,Naveen Thakur,9020000095,Himachal Pradesh,Hamirpur,HP83A1601,Mohan,86,190,224,249,85,232,217,217,218,220,279,71,207,223,225,233,189,242,90,171,237,183,224,100,257,125,0,0,0,0,Active
"February 14, 2025",c5e6f789-3ed1-4ba0-8a27-4f97c758f91d,1493216652,Final_Activation,Sher Singh,Sher Singh,7023501034,Rajasthan,Alwar,RJ02PA4486,Dummy Rajasthan,0,0,0,0,0,0,0,0,0,0,0,0,0,0,0,0,0,0,0,0,0,0,0,0,0,0,0,0,0,0,Red
"February 14, 2025",88800e9f-5fd0-47e8-9d53-1ce2f6573a33,2841286694,Final_Activation,Parmar Bus Service,Raj Kumar,8219508700,Himachal Pradesh,Hamirpur,,Mohan,0,106,65,92,85,79,99,109,86,91,82,0,95,78,90,110,78,100,78,3,93,105,80,37,124,95,94,82,82,132,Active
"February 13, 2025",0375f487-230e-47ee-82fe-634516320f79,TJ75251821298,Final_Activation,Dhillon Bus Service,Dhillon bus service,9876856295,Punjab,Patiala,PB11BF8442,Surinder Singh,54,256,290,322,225,288,301,327,325,374,296,284,251,342,318,290,411,302,257,290,312,297,346,217,266,249,261,222,317,277,Active
"February 13, 2025",6bf7aacf-7b4c-448c-b32c-cc58920239cc,TJ7524B521728,Final_Activation,Bt Travels,BT Travels,9911224484,Haryana,Sonipat,BR02PC2364,Yudhveer Singh,0,0,31,0,66,0,60,0,71,0,73,0,55,0,64,0,61,0,57,0,62,0,66,0,60,0,71,0,68,0,Active
"February 13, 2025",c71ef94f-c222-464d-aef1-d4fcc9960221,2841286217,Final_Activation,Dhillon Bus Service,Dhillon bus service,9876856295,Punjab,Patiala,PB11AF8442,Surinder Singh,68,238,290,284,223,297,243,298,320,309,288,285,312,310,339,315,367,339,286,274,330,245,304,268,306,240,288,245,300,263,Active
"February 11, 2025",4cfcb7b0-d35d-49ec-b464-e428a2c6736e,TJ7524BD20883,Final_Activation,Marvel Travels,Marvel travels,9669478798,Madhya Pradesh,Dewas,MP41P1480,Aditya Tiwari,0,0,0,0,0,0,0,0,0,0,0,0,0,0,0,0,0,0,0,0,0,0,0,0,0,0,0,0,0,0,Red
"February 10, 2025",64ccb930-32fc-4cf7-9fb2-0d14215bd909,TJ75248H20649,Final_Activation,Sau Travels,Sau Travels,9636193351,Rajasthan,Barmer,RJ04PA5222,Chuna Ram,33,70,93,108,77,67,77,67,90,47,71,54,71,82,40,45,43,114,68,36,28,59,0,102,88,75,116,68,101,84,Active
"February 9, 2025",d1749436-7511-4747-a49e-71e7f11d87b7,1492873956,Final_Activation,Thakur Travels,Gurbachan Singh,9816418687,Himachal Pradesh,Hamirpur,HP36C8569,Mohan,123,238,277,290,0,188,282,0,260,305,272,134,246,246,229,303,228,306,0,192,239,115,269,220,230,164,212,107,125,121,Active
"February 9, 2025",e7b543cc-a9c2-454a-8670-95bbb1f5cc33,2842133291,Final_Activation,Thakur Travels,Naveen Thakur,9020000095,Himachal Pradesh,Hamirpur,HP83A6616,Mohan,0,43,110,113,102,94,103,97,122,0,0,0,0,0,0,0,0,0,0,0,0,0,0,0,0,0,0,0,0,0,Active
"February 9, 2025",2a809e5a-b698-4fc4-8f34-db6f533f4060,2840784344,Final_Activation,Thakur Travels,Naveen Thakur,9020000095,Himachal Pradesh,Hamirpur,HP68B3443,Mohan,0,0,0,174,0,134,149,152,106,144,191,59,230,238,171,175,162,158,10,198,155,188,119,127,252,0,235,208,243,225,Active
"February 9, 2025",d6cb5419-612d-4418-8b38-6174744338c4,2840968025,Final_Activation,Thakur Travels,Naveen Thakur,9020000095,Himachal Pradesh,Hamirpur,,Mohan,0,284,295,308,206,269,312,275,282,249,292,182,181,308,288,276,301,296,206,208,264,212,272,232,298,245,296,276,270,278,Active
"February 9, 2025",80a27a0e-4168-493e-967f-7becf5b22d55,1494297242,Final_Activation,Thakur Travels,Gurbachan Singh,9816418687,Himachal Pradesh,Hamirpur,HP68A3195,Mohan,57,158,174,235,131,187,255,135,160,207,191,170,190,198,182,221,241,221,185,0,201,159,145,180,200,152,173,215,216,244,Active
"February 9, 2025",8ddaf599-2393-4f67-9c0c-79dfbce7ef8e,TJ7524BK22009,Final_Activation,Khakh Travels,Madan Lal,9351296714,Rajasthan,Sri Ganganagar,RJ13PA5654,Pawan Kumar,0,0,0,0,0,0,0,0,0,0,0,0,0,0,0,0,0,0,0,0,0,0,0,0,0,0,0,0,0,0,Red
"February 9, 2025",91105cca-ac06-4d5a-913a-3c960a3fb9fe,2841011469,Final_Activation,Thakur Travels,Naveen Thakur,9020000095,Himachal Pradesh,Hamirpur,HP83A6016,Mohan,100,176,194,205,0,174,192,230,208,181,227,0,190,164,47,0,0,0,0,0,0,0,0,70,113,112,109,112,107,110,Active
"February 9, 2025",6149867c-f5bb-4998-8102-5ddca7dd51fb,1494780429,Final_Activation,Thakur Travels,Gurbachan Singh,9816418687,Himachal Pradesh,Hamirpur,HP19C5863,Mohan,70,120,143,159,0,83,146,150,125,137,157,0,0,141,73,142,99,97,0,64,94,0,106,86,130,0,107,126,99,19,Active
"February 9, 2025",fb467276-5e76-4f8e-8c5d-08006b30e005,2841771533,Final_Activation,Thakur Travels,Gurbachan Singh,9816418687,Himachal Pradesh,Hamirpur,HP36D2069,Mohan,72,236,288,274,138,204,0,0,0,0,0,0,0,0,0,0,174,105,0,195,181,145,160,143,192,0,159,171,208,178,Active
"February 9, 2025",6908a130-7f28-4aef-b8f6-ec5584aa21bb,TJ75248H20614,Final_Activation,Khakh Travels,Madan Lal,9351296714,Rajasthan,Sri Ganganagar,,Pawan Kumar,0,195,215,267,189,215,253,235,181,216,226,153,216,200,211,205,227,240,184,216,219,193,230,212,264,181,206,234,232,224,Active
"February 8, 2025",1f1b4ee6-ca57-4f07-b30b-da96767e9fd4,TJ75252U20011,Final_Activation,New Friend Bus,Ritesh Kumar Sharma,9816819377,Himachal Pradesh,Jawalamukhi,HP683107,Dummy HImachal Pradesh,79,115,113,90,0,0,0,0,197,144,100,90,138,171,174,94,82,93,0,62,86,118,181,115,194,112,157,115,192,163,Active
"February 6, 2025",cc6cdd44-7be5-4af2-8b1e-9285ac5de866,2841287273,Final_Activation,Shree Shyam Travels,Ashok Kumar Jat,9350117738,Rajasthan,Jaipur,RJ18PA4681,Dummy Rajasthan,66,236,214,258,198,187,217,126,191,205,229,215,202,238,169,171,82,209,103,112,198,100,164,219,66,0,0,0,0,0,Active
"February 6, 2025",5a514a22-a167-4394-9b7e-aca8cf2db769,TJ75248H20523,Final_Activation,Ajmer Singh,Ajmer Singh,8437902302,Punjab,Bathinda,PB03AF7615,Surinder Singh,0,0,0,0,0,0,0,0,0,0,0,0,0,0,0,0,0,0,0,0,0,0,0,0,0,0,0,0,0,0,Red
"February 5, 2025",f58979c9-1fd3-4407-89aa-2a1960d1c86a,2841771530,Final_Activation,Ravidas Travels,Guntash Singh Warring,9872305000,Punjab,Bhatinda,PB03BH6184,Rajiv Kumar,149,313,329,316,240,278,168,272,306,292,332,187,322,300,359,295,306,307,263,299,321,258,227,229,331,252,284,325,329,347,Active
"February 4, 2025",1d478cda-9b48-487e-a051-b22a8001d975,TJ75251520875,Final_Activation,Ritika Bus Service,Keshav Chand,9129725099,Himachal Pradesh,Hamirpur,HP679799,Mohan,0,0,0,0,0,0,0,0,0,0,0,0,0,0,0,0,0,0,0,0,0,0,0,0,0,0,0,0,0,0,Red
"February 4, 2025",6bae58a7-eabb-42c6-b59b-c74884d1bd03,2841509813,Final_Activation,Akshay Meena,Deepak&Krishna Bus,8875876989,Rajasthan,Deenar,RJ02PA9169,Dummy Rajasthan,0,34,427,0,158,351,352,394,360,398,444,372,393,405,377,357,379,140,53,7,132,71,98,119,171,271,152,169,201,212,Active
"February 3, 2025",acbba112-8c02-48fb-b0bb-87724cad3ce3,1493215425,Final_Activation,Sood Express,Akhil Kumar Sood,9418488404,Himachal Pradesh,Jawalamukhi,HP68A2710,Dummy HImachal Pradesh,0,24,10,23,13,15,15,16,18,11,13,13,18,23,8,14,12,31,0,0,0,4,11,15,15,8,16,16,8,14,Active
"February 2, 2025",b40801dd-e164-4985-b89d-9d3dcc1e1c37,2841513247,Final_Activation,Pinky Bus Service,Pinky bus service,9950508857,Rajasthan,Bundi,RJ08PA2506,Kuldeep Mehta,0,0,0,0,74,92,0,78,92,0,35,0,0,217,0,0,0,0,266,0,0,0,0,0,0,0,298,19,0,128,Yellow
"February 1, 2025",13dc399c-f0e3-48f9-af65-76adbfba931b,2840932305,Final_Activation,Aman Sandhu,Dashmesh Bus,7347208484,Punjab,Goraya,PB07X3977,Gagandeep Singh,0,0,0,0,0,0,0,0,0,0,0,0,0,0,0,0,0,0,0,0,0,0,0,0,0,0,0,0,0,0,Red
"February 1, 2025",75d4feda-eb68-468f-bc09-9acb46d3e232,TJ75248M20146,Final_Activation,Aman Sandhu,Dashmesh Bus,7347208484,Punjab,Goraya,PB07R5579,Gagandeep Singh,0,0,0,0,0,96,63,205,176,0,0,0,195,163,0,174,173,74,0,72,165,170,181,224,230,171,185,220,232,108,Orange
"January 31, 2025",b5667e5f-1ce7-49ca-bd79-02703722eab8,TJ75248M20049,Final_Activation,New Friend Bus,Ritesh Kumar Sharma,9816819377,Himachal Pradesh,Jawalamukhi,HP67A8777,Dummy HImachal Pradesh,0,120,119,167,136,163,165,169,91,87,186,0,84,176,59,86,110,0,0,178,102,82,72,70,0,0,47,102,115,165,Active
"January 31, 2025",931b6b93-dd21-441e-a7c8-6994e7a69434,TJ75253M22285,Final_Activation,New Friend Bus,Ritesh Kumar Sharma,9816819377,Himachal Pradesh,Jawalamukhi,HP68A7577,Dummy HImachal Pradesh,52,90,85,196,0,0,0,0,0,179,214,0,88,105,170,171,170,131,0,0,0,0,47,150,99,0,54,104,175,74,Active
"January 31, 2025",90087a3c-56d1-4bca-96c2-e884c28b2d9f,2841286198,Final_Activation,New Friend Bus,Ritesh Kumar Sharma,9816819377,Himachal Pradesh,Jawalamukhi,HP67A1777,Dummy HImachal Pradesh,0,123,180,75,0,0,0,0,170,0,106,120,0,107,0,0,107,142,97,0,176,0,92,84,160,86,151,114,42,61,Active
"January 31, 2025",3ec363fb-6aa2-4752-9bf8-6489677b0998,1493213284,Final_Activation,Nirdesh Kumar,Nirdesh kumar,9675598593,Uttar Pradesh,Etah,UP13BT1791,Dummy Uttar Pradesh,0,0,0,0,0,0,0,0,0,0,0,0,0,0,0,0,0,0,0,0,0,0,0,0,0,0,0,0,0,0,Red
"January 31, 2025",06875ff5-a394-40d2-b645-0f0d158a4b85,1494774447,Final_Activation,Nahata Travels,Harsh Nahata,8005504406,Rajasthan,Bhadra,RJ13PA7056,Pawan Kumar,0,121,130,157,120,136,114,65,191,149,136,106,134,129,134,125,127,139,145,127,122,147,99,131,156,128,109,144,124,102,Active
"January 28, 2025",2efc06cd-35ae-4e89-ab47-e4ab32d8f914,1494776288,Final_Activation,Sai Chhatra Travels,Sai chhatra travels,9424058148,Madhya Pradesh,Khetia,MP46P1256,Dummy Madhya Pradesh,0,0,0,0,0,0,0,0,0,0,0,0,0,0,0,0,0,0,0,0,0,0,0,0,0,0,0,0,0,0,Red
"January 27, 2025",4c1e1f7c-6589-4817-9148-8b651e6f208a,1491696385,Final_Activation,Surinder Singh,Saini Bus,9779457608,Punjab,Nangal,PB12F8552,Deepak,0,0,0,0,0,0,0,0,0,0,0,0,0,0,0,0,0,0,0,0,0,0,0,0,0,0,0,0,0,0,Red
"January 25, 2025",0d4d7e93-c378-411f-a71f-44a7053b7ffb,TJ75251521068,Final_Activation,Kangra Ex Service Man Tpt Co,Arun Pathania,8219950778,Himachal Pradesh,Kangra,HP68A3035,Dummy HImachal Pradesh,91,87,127,99,0,85,111,113,114,112,119,0,69,109,112,107,137,120,0,76,114,0,88,0,116,0,105,115,101,105,Active
"January 25, 2025",0f7bd7e7-ff0b-45bb-aa66-1d4c4b4bf8e6,TJ75252G20397,Final_Activation,Sood Express,Akhil Kumar Sood,9418488404,Himachal Pradesh,Jawalamukhi,,Dummy HImachal Pradesh,0,1,0,0,1,0,4,1,0,3,2,1,8,0,0,4,0,0,0,0,0,0,0,0,0,0,0,0,0,0,Active
"January 25, 2025",f7c66df4-0066-4387-a535-47a0b0c07972,2841287277,Final_Activation,Advance Tpt Service,Rajeshwar Singh Pathania,9418079911,Himachal Pradesh,Kangra,HP40F5137,Dummy HImachal Pradesh,0,129,137,137,106,104,162,121,118,154,117,113,120,102,0,0,100,157,92,107,0,257,97,79,61,82,120,110,115,129,Active
"January 25, 2025",bd6e14bd-9f9f-4285-92a8-1e5aad651aa9,2841519295,Final_Activation,Advance Tpt Service,Rajeshwar Singh Pathania,9418079911,Himachal Pradesh,Kangra,HP832694,Dummy HImachal Pradesh,0,93,138,114,103,123,148,114,116,108,140,92,125,130,136,112,129,127,110,116,119,101,123,97,143,98,115,115,122,135,Active
"January 25, 2025",269e405a-6a12-4e55-846f-014b261ff366,2841905255,Final_Activation,Kangra Ex Service Man Tpt Co,Arun Pathania,8219950778,Himachal Pradesh,Kangra,HP40C9937,Dummy HImachal Pradesh,0,107,114,117,108,106,125,108,94,136,121,94,100,125,141,168,144,150,130,143,140,129,120,98,144,100,118,136,117,134,Active
"January 24, 2025",bdebd942-d65c-40ba-8011-f70294f5ee02,2840967481,Final_Activation,Rewa Kripa Travels,Sanjay purohit,9424057427,Madhya Pradesh,Barwani,MP46P0711,Dummy Madhya Pradesh,60,3,117,124,108,103,106,119,109,117,127,80,79,120,76,226,144,188,71,204,151,177,182,128,116,107,124,108,108,115,Active
"January 24, 2025",2580a04e-70ff-427d-ad52-1b35e47198f6,TJ75251921124,Final_Activation,Rewa Kripa Travels,Sanjay purohit,9424057427,Madhya Pradesh,Barwani,,Dummy Madhya Pradesh,70,144,134,118,99,105,122,123,118,101,155,130,108,120,124,141,159,141,132,149,134,146,136,106,67,0,102,186,189,194,Active
"January 24, 2025",a425f368-457d-44dd-84bc-9d44410db2bd,2841917803,Final_Activation,Rewa Kripa Travels,Sanjay purohit,9424057427,Madhya Pradesh,Barwani,,Dummy Madhya Pradesh,10,69,26,61,43,61,56,47,64,77,31,41,52,53,51,80,66,49,57,71,61,53,54,61,69,42,64,63,43,49,Active
"January 23, 2025",dc3ecbfb-28a4-4739-ba6d-23851ec166eb,2841006694,Final_Activation,Jai Maa Travels,Kripal Singh,9799271379,Rajasthan,Bharatpur,RJ05PA7314,Dummy Rajasthan,0,0,0,0,0,0,0,0,0,0,0,0,0,0,0,0,0,0,0,0,0,0,0,0,0,0,0,0,0,0,Red
"January 23, 2025",8ceaa678-6c4a-4946-853d-6fdac11b267b,1493228690,Final_Activation,Chachan Mahariya Travels,Chachan Mahariya Travels,9509709007,Rajasthan,Bhadra,MP44ZE4144,Pawan Kumar,9,12,0,0,0,8,8,8,11,10,12,9,9,10,8,9,12,10,10,8,8,7,12,11,13,8,9,12,12,12,Active
"January 23, 2025",6109629c-90ce-4126-a11f-7674f469c816,1494294245,Final_Activation,Chachan Mahariya Travels,Chachan Mahariya Travels,9509709007,Rajasthan,Bhadra,MP44ZE9929,Pawan Kumar,32,23,0,21,19,20,26,26,28,21,25,21,26,21,31,22,22,21,21,21,23,21,26,22,30,14,28,24,23,27,Active
"January 23, 2025",e821fb00-40ab-4779-ade5-5044e06ff346,2840824376,Final_Activation,Chachan Mahariya Travels,Chachan Mahariya Travels,9509709007,Rajasthan,Bhadra,MP44ZE9939,Pawan Kumar,0,11,12,13,18,9,0,10,24,19,18,18,19,34,0,13,22,17,42,0,22,12,21,17,29,18,20,15,29,18,Active
"January 23, 2025",a3441a99-eb20-47ac-8f87-46d985be6fa8,1494480646,Final_Activation,Chachan Mahariya Travels,Chachan Mahariya Travels,9509709007,Rajasthan,Bhadra,MP44ZC7329,Pawan Kumar,0,15,26,39,0,14,21,16,29,15,29,16,27,22,23,13,26,21,27,18,52,0,27,14,31,17,27,18,27,16,Active
"January 23, 2025",409ef83c-030b-48cd-ba3f-5f0d5ecf73da,2841003316,Final_Activation,Chachan Mahariya Travels,Chachan Mahariya Travels,9509709007,Rajasthan,Bhadra,AR01T0629,Pawan Kumar,0,25,23,22,22,22,30,23,62,12,22,16,16,12,18,12,0,54,0,29,32,27,28,35,28,29,24,26,27,29,Active
"January 22, 2025",b6c21e01-214e-4d75-994a-97a862de76e1,2841517827,Final_Activation,Dinesh,Dinesh,9355125258,Uttar Pradesh,Bulandshahr,UP13BT9994,Vivek Srivastava,1,126,96,47,165,99,0,6,0,0,0,0,2,13,0,0,0,0,0,0,0,8,0,0,0,0,3,140,151,170,Active
"January 22, 2025",c222b3b7-7d3d-4cdb-b84a-e2eb0c4fbe5a,2841517836,Final_Activation,Umar mohd,Umar Mohd,9582038938,Uttar Pradesh,Bulandshahr,UP15BT6151,Jitendra,0,31,63,53,45,41,25,26,41,23,28,49,50,40,47,4,18,72,51,48,22,28,68,71,40,46,50,14,22,34,Active
"January 21, 2025",3defff1f-abd1-4f27-a2e6-10890a3cd488,1493225422,Final_Activation,Gaurav Sharma,Gaurav sharma,9870651030,Uttar Pradesh,Meerut,UP15ET7020,Dummy Uttar Pradesh,0,0,0,0,0,0,0,0,0,0,0,0,0,0,0,0,0,0,0,0,0,0,0,0,0,0,0,0,0,0,Red
"January 19, 2025",04da45ac-d2cc-4928-aa77-95fd8ba15488,2841887417,Final_Activation,Sai Chhatra Travels,Sai chhatra travels,9424058148,Madhya Pradesh,Khetia,MP10ZE9756,Dummy Madhya Pradesh,0,57,58,73,62,57,65,49,59,43,52,27,50,35,51,43,46,65,69,50,49,0,0,0,0,0,0,45,39,3,Active
"January 19, 2025",e182dbb3-3d1b-43ef-8f54-78ce566f5401,1494795592,Final_Activation,Sai Chhatra Travels,Sai chhatra travels,9424058148,Madhya Pradesh,Khetia,MP46P4356,Dummy Madhya Pradesh,0,61,35,32,23,46,47,38,30,29,25,17,47,49,35,54,0,0,0,0,0,0,0,4,34,29,60,51,52,32,Active
"January 19, 2025",181d9ebe-65d2-446b-bc1e-9dfbc337a15d,P1494795607_776,Final_Activation,Sai Chhatra Travels,Sai chhatra travels,9424058148,Madhya Pradesh,Khetia,MP46P1356,Dummy Madhya Pradesh,0,0,0,0,0,0,0,0,0,0,0,0,0,0,0,0,0,0,0,0,0,0,0,0,0,0,0,0,0,0,Red
"January 19, 2025",4c888a59-83c6-41ff-b825-ad88399bd260,2841738736,Final_Activation,Jhala Travles 8890171758,Jhala travles 8890171758,8769171765,Rajasthan,Tawariwala,RJ07PB1571,Chuna Ram,0,0,0,0,0,0,0,0,0,0,0,0,0,0,0,0,0,0,0,11,0,0,0,0,0,0,0,0,82,54,Red
"January 19, 2025",cc44e5af-00a4-4c69-b906-defba3c65dd5,1494795601,Final_Activation,Sai Chhatra Travels,Sai chhatra travels,9424058148,Madhya Pradesh,Khetia,MP46ZE4356,Dummy Madhya Pradesh,0,0,0,0,0,0,0,0,0,0,0,0,0,0,0,0,0,0,3,0,6,0,6,0,0,5,0,6,0,67,Red
"January 19, 2025",1ec321f4-8e59-4c89-8029-9770916a3f51,1494797604,Final_Activation,Sai Chhatra Travels,Sai chhatra travels,9424058148,Madhya Pradesh,Khetia,MP13ZF2156,Dummy Madhya Pradesh,23,117,106,0,144,112,140,149,119,138,140,125,132,152,103,112,112,103,67,106,100,99,115,119,123,70,95,106,63,119,Active
"January 15, 2025",a9ad3b40-f564-45a8-a754-fcffa0ab4787,2841919247,Final_Activation,Abhinandan Tour & Travels,abhinandan tour & travels,9636961586,Rajasthan,Kherwada,RJ27PA6007,Dummy Rajasthan,0,0,0,0,0,0,0,0,0,0,0,0,0,0,0,0,0,0,0,0,0,0,0,0,0,0,0,0,0,0,Red
"January 14, 2025",35c27c5d-0325-4d65-9c14-33d906a90685,TJ7524BD20265,Final_Activation,Marvel Travels,Marvel travels,9669478798,Madhya Pradesh,Dewas,MP41ZE3344,Aditya Tiwari,54,102,110,0,0,98,65,84,106,111,46,101,72,75,92,0,78,0,0,0,0,0,0,120,102,76,0,87,86,94,Active
"January 14, 2025",f0c00dbd-ad84-459c-8dd4-3e0bc6e2e7c4,1494766404,Final_Activation,Rewa Kripa Travels,Sanjay purohit,9424057427,Madhya Pradesh,Barwani,MP46P3339,Dummy Madhya Pradesh,42,125,131,166,137,135,109,39,22,0,0,0,151,157,195,101,127,139,110,122,101,139,116,154,112,148,116,121,145,157,Active
"January 13, 2025",cfc25086-ea5a-4327-a659-6d3515093447,1494793266,Final_Activation,Prince Transport,Prince Transport,7973011961,Punjab,Hoshiarpur,,Gagandeep Singh,45,98,157,112,45,63,99,99,100,0,164,0,104,119,95,135,105,130,119,140,0,72,108,73,59,0,202,97,84,109,Active
"January 13, 2025",3247f4b2-cf48-4f54-aa67-075680b7e343,1494793253,Final_Activation,Prince Transport,Prince Transport,7973011961,Punjab,Hoshiarpur,,Gagandeep Singh,88,52,0,208,17,159,136,111,118,118,0,0,129,0,129,0,110,0,0,0,141,98,136,0,132,0,0,137,147,163,Active
"January 12, 2025",57e657e0-0a35-4360-974a-23abcad16d67,1494738026,Final_Activation,Manpreet Singh Sandhu,Manpreet Singh sandhu,7231800005,Punjab,Faridkot,PB04AE3098,Rajiv Kumar,0,0,0,0,0,0,0,0,0,0,0,0,0,0,0,0,0,0,0,0,0,0,0,0,0,0,0,0,0,0,Red
"January 11, 2025",4a13acf9-48ee-4264-a18f-aae78afdc2fc,TJ7524BL20214,Final_Activation,Marvel Travels,Marvel travels,9669478798,Madhya Pradesh,Dewas,MP41ZE3311,Aditya Tiwari,0,100,106,85,0,0,0,96,104,109,40,0,103,54,89,80,30,34,25,52,97,0,98,110,98,0,0,0,0,0,Active
"January 11, 2025",d4ddf4fa-0b1c-422e-9be7-199f0408f926,TJ75251620134,Final_Activation,Marvel Travels,Marvel travels,9669478798,Madhya Pradesh,Dewas,MP41ZF6914,Aditya Tiwari,0,93,92,46,68,87,89,84,84,98,88,71,83,89,95,77,98,103,72,95,83,88,85,114,102,94,90,94,87,87,Active
"January 10, 2025",314463ea-8da0-4a2f-ae20-616904d1373e,TJ75252L20874,Final_Activation,Jai Maa Co,Neeraj Kaul,9805872499,Himachal Pradesh,Chintpurni,HP72B4799,Rajiv Kumar,96,246,1,0,0,0,6,0,0,0,0,0,0,0,0,0,0,0,0,0,0,0,0,0,0,0,0,0,0,0,Active
"January 10, 2025",0fabc5f6-14cf-4d2a-b906-e1c639977a7c,2841030091,Final_Activation,Gurmall Bus Service (Regd.),Gurmall Bus Service (Regd.),9872848989,Punjab,Jalandhar,PB08CH9711,Gagandeep Singh,131,255,148,267,202,228,188,273,267,257,276,247,241,255,266,240,241,244,240,193,276,224,255,239,297,72,243,300,259,282,Active
"January 10, 2025",d8cc221a-922b-458f-b06f-7cc80f4978d4,1494812800,Final_Activation,Gurmall Bus Service (Regd.),Gurmall Bus Service (Regd.),9872848989,Punjab,Jalandhar,PB08CB0511,Gagandeep Singh,52,186,196,189,139,164,0,165,187,190,200,0,203,184,197,131,241,183,0,103,184,247,160,168,193,179,53,136,171,201,Active
"January 10, 2025",451af354-7714-4b05-a219-991a9174ae84,2841286281,Final_Activation,Jai Makali Bus Service,Sita Ram,9887596807,Rajasthan,Bhangwa,RJ49PA0073,Pawan Kumar,122,47,105,99,67,111,0,90,124,17,193,70,82,188,122,89,113,111,147,240,193,187,256,96,164,146,194,144,236,110,Active
"January 9, 2025",3f7f71fd-8ce5-45f5-a02d-d8f38e8bd2f0,2841286288,Final_Activation,Metab,Metab,8439206680,Uttar Pradesh,Bulandshahr,UP13AT6161,Sayyed Mohd. Belal,0,0,0,0,0,0,0,0,0,0,0,0,0,0,0,0,0,0,0,0,0,0,0,0,0,0,0,0,0,0,Red
"January 8, 2025",90ff2343-951e-4313-a2d3-3c84cac647c1,1494795600,Final_Activation,Vishambhar,Bs kasana,9983555083,Rajasthan,Bari,RJ11PA4589,Dummy Rajasthan,0,0,0,0,0,0,0,0,0,0,0,0,0,0,0,0,0,0,0,0,0,0,0,0,0,0,0,0,0,0,Red
"January 8, 2025",07bb4d08-720a-44bc-a00c-418db0d4d4ad,2841592293,Final_Activation,Jhala travels 80RD,Mahendra singh,8890301100,Rajasthan,Bikaner,RJ07PB1450,Manoj,0,0,0,0,0,0,0,0,0,0,0,93,99,90,113,106,129,92,130,94,132,88,130,98,148,104,125,101,132,92,Orange
"January 7, 2025",e83e8cfe-e083-43ee-b359-740e343c8df8,1494797599,Final_Activation,Choudhary travels,Sunil Choudhary,7426936914,Rajasthan,Bikaner,RJ13PA6063,Rakesh,0,98,90,102,89,62,106,81,94,69,132,88,84,104,119,67,117,101,114,79,105,69,100,77,130,87,85,92,123,90,Active
"January 4, 2025",fda8a639-08e4-42c3-b892-80a37a92af50,2841917813,Final_Activation,Rewa Kripa Travels,Sanjay purohit,9424057427,Madhya Pradesh,Barwani,GJ01DV8287,Dummy Madhya Pradesh,47,141,107,127,107,123,124,134,115,131,148,118,112,118,131,102,136,161,120,125,113,127,130,132,126,144,120,148,132,125,Active
"January 4, 2025",07138d74-35ed-4ffb-9672-d1d837ec526d,TJ75248K20357,Final_Activation,Gursawak Singh,Gursawak Singh,9464600045,Punjab,Bathinda,PB03BF3253,Rajiv Kumar,80,219,238,272,190,186,225,214,288,243,295,176,250,254,301,252,292,253,196,236,152,171,253,190,255,160,209,254,263,257,Active
"January 4, 2025",fec0decf-1b9a-4915-bff8-221f18279326,1493165043,Final_Activation,Rewa Kripa Travels,Sanjay purohit,9424057427,Madhya Pradesh,Barwani,MP46P0473,Dummy Madhya Pradesh,59,101,55,114,96,68,110,145,97,109,109,140,111,109,127,0,68,93,109,100,154,130,132,133,163,80,121,144,152,140,Active
"January 3, 2025",a2804f97-2ba0-46d8-9f0a-c113d9ff6aad,2840932291,Final_Activation,Rewa Kripa Travels,Sanjay purohit,9424057427,Madhya Pradesh,Barwani,MP46ZC8001,Dummy Madhya Pradesh,0,0,0,0,0,0,0,0,0,0,0,0,0,0,0,0,0,0,0,0,0,0,0,51,43,34,34,40,41,43,Red
"January 2, 2025",e32fd7b5-cc35-468f-ad2f-073f6f3b2ae3,2841897915,Final_Activation,Beniwal Bus Service,Nathraj Beniwal,8504993052,Rajasthan,Nohar,RJ49PA1254,Pawan Kumar,0,111,152,71,177,128,151,76,181,143,149,74,159,112,159,67,221,146,136,60,180,107,148,70,183,102,132,55,188,128,Active
"January 2, 2025",c8540499-3938-4ece-9f18-a3a0295fdf1f,1491697707,Final_Activation,Yadav Bus Service,Monu yadav,9166859743,Rajasthan,Alwar,RJ32PA3611,Dummy Rajasthan,0,0,0,0,0,0,0,0,0,0,0,0,0,0,0,0,0,0,0,0,0,0,0,0,0,0,0,0,0,0,Red
"January 2, 2025",7c5efb4f-5053-4f54-829f-819617a79453,1493207386,Final_Activation,Yadav Bus Service,Monu yadav,9166859743,Rajasthan,Alwar,RJ32PB3611,Dummy Rajasthan,0,0,0,0,0,0,0,0,0,0,0,0,0,0,0,0,0,0,0,0,0,0,0,0,0,0,0,0,0,0,Red
"January 2, 2025",09a562c4-9c95-447c-99a2-da45a2402215,2841513263,Final_Activation,Beniwal Bus Service,Nathraj Beniwal,8504993052,Rajasthan,Nohar,RJ13PA7120,Pawan Kumar,0,113,126,140,123,94,115,119,108,133,104,108,108,94,96,122,117,104,119,89,0,0,96,103,123,98,109,92,115,97,Active
"January 2, 2025",ca8e036b-4647-4eeb-a7b2-66e1863fb461,2841026580,Final_Activation,Beniwal Bus Service,Nathraj Beniwal,8504993052,Rajasthan,Nohar,RJ31PB3090,Pawan Kumar,63,111,150,150,96,105,89,123,138,138,145,114,114,121,138,118,145,142,107,111,124,119,128,116,130,97,96,133,132,108,Active
"January 2, 2025",7aae3d36-f86d-41e0-aa04-20667186729d,2841027600,Final_Activation,Beniwal Bus Service,Nathraj Beniwal,8504993052,Rajasthan,Nohar,RJ49PA0526,Pawan Kumar,0,70,75,86,80,54,56,70,52,87,72,62,52,70,68,69,75,77,59,79,70,81,50,76,75,74,57,63,77,58,Active
"January 2, 2025",e15198b3-d349-4441-8d61-d354da49c5bd,TJ75248K21261,Final_Activation,Beniwal Bus Service,Nathraj Beniwal,8504993052,Rajasthan,Nohar,RJ49PA0729,Pawan Kumar,0,40,204,177,112,188,264,170,77,103,186,149,110,122,203,155,114,105,186,181,98,82,210,161,110,97,182,124,103,94,Active
"January 2, 2025",2a988bac-1fba-4228-984b-43177df013e5,1494797602,Final_Activation,Beniwal Bus Service,Nathraj Beniwal,8504993052,Rajasthan,Nohar,RJ49PA1101,Pawan Kumar,0,115,128,126,117,121,119,107,97,107,140,95,116,92,125,110,78,103,94,91,119,84,99,111,131,31,55,106,94,126,Active
"January 2, 2025",8e7707e2-b950-47ae-9d73-0d1e31afa4ca,2841285774,Final_Activation,Beniwal Bus Service,Nathraj Beniwal,8504993052,Rajasthan,Nohar,RJ49PA1102,Pawan Kumar,76,70,130,138,97,128,103,124,132,139,131,116,138,126,141,129,129,145,104,102,95,116,128,137,131,96,120,126,118,127,Active
"January 2, 2025",c0cb8034-784e-4951-bcee-157b43a367fa,1494797603,Final_Activation,Beniwal Bus Service,Nathraj Beniwal,8504993052,Rajasthan,Nohar,RJ49PA0086,Pawan Kumar,42,124,150,62,126,150,104,139,144,161,105,103,111,138,123,148,120,147,111,107,134,106,137,147,138,112,0,0,37,99,Active
"December 31, 2024",1b1965ea-33af-48ae-ba7c-70ef7820586d,TJ7524C220012,Final_Activation,M/S Chirag Travels,Pradeep,9414122974,Rajasthan,Pali,RJ22PA3178,Dummy Rajasthan,0,202,170,160,123,167,167,153,157,155,184,155,158,204,170,0,183,122,107,106,144,143,122,136,157,119,131,147,137,114,Active
"December 30, 2024",0ea8a6e4-d1fb-47d1-b235-9a90c7ae234d,TJ75253Q20575,Final_Activation,Chaudhary Transport Company,Sahab Ram,9351924054,Rajasthan,Sri Ganganagar,RJ13PA6217,Arshdeep Singh,0,0,0,0,0,0,0,0,0,0,0,0,0,0,0,0,0,0,0,0,0,0,0,0,0,0,0,0,0,0,Red
"December 30, 2024",bb9d72ab-adbc-4a0d-adc5-26a97d5bf173,TJ75248B20423,Final_Activation,Gill Travels,Malkeet Singh,9587706512,Rajasthan,Sri Ganganagar,RJ13PA8588,Arshdeep Singh,172,297,270,292,334,278,304,282,272,262,202,243,264,275,328,330,297,311,350,336,236,316,243,293,170,112,215,257,238,268,Active
"December 30, 2024",ed1e5b32-e90d-4aa3-bbd5-06b59b8be519,1494302748,Final_Activation,Lawa Bus Service,Harish Kumar,9529611900,Rajasthan,Dantour,RJ13PA3029,Arshdeep Singh,83,61,88,88,77,59,85,59,84,68,91,0,73,77,77,73,64,88,46,72,70,79,80,90,62,0,57,69,86,75,Active
"December 30, 2024",fb31c713-bcbb-48fe-a273-0c75fa30fa9b,2841513257,Final_Activation,Gill Travels,Malkeet Singh,9587706512,Rajasthan,Sri Ganganagar,RJ13PA9049,Arshdeep Singh,95,228,259,272,201,207,204,244,200,183,214,193,232,212,221,223,231,289,265,222,216,211,253,229,291,237,202,240,246,226,Active
"December 27, 2024",c2b45f42-2934-45a9-8077-40c122cb8236,TJ75248H20297,Final_Activation,Parmar Bus Service,Raj Kumar,8219508700,Himachal Pradesh,Hamirpur,HP67A1887,Mohan,40,78,63,70,60,72,55,48,53,99,77,64,88,80,83,71,84,0,89,97,67,0,0,56,69,64,70,65,49,40,Active
"December 27, 2024",fd67c8c6-c08c-4a51-8b52-4d2675f69721,2841899300,Final_Activation,Sodha Bus Service,Vikram Singh,9660956939,Rajasthan,Jaisalmer,RJ46PA1479,Rakesh,0,0,30,17,32,17,28,36,0,11,29,49,0,48,0,22,33,52,0,62,0,17,43,52,0,33,30,60,25,18,Active
"December 27, 2024",99aeaff9-9cc9-49a3-9bc1-3fd7ac16ba07,2840814787,Final_Activation,Rajasthan Gramin Bus Seva,Ramnarayan Meena,9929932461,Rajasthan,Chaksu,RJ23PB4374,Dummy Rajasthan,3,15,28,16,11,31,9,49,46,56,0,0,46,12,7,0,0,0,0,63,15,16,0,0,0,0,0,0,13,12,Active
"December 27, 2024",14ee370e-7bdf-402c-a326-e0dae0b42620,2841534129,Final_Activation,Nazim,Nazim,8439029803,Uttar Pradesh,nan,UP13AT0901,Dummy Uttar Pradesh,2,0,235,100,104,0,0,0,364,0,185,85,93,47,0,129,146,114,109,0,0,0,126,106,96,0,0,199,89,101,Active
"December 27, 2024",d61c052d-ce1f-4041-95ef-cc3b410f07c3,1493231298,Final_Activation,Sodha Bus Service,Vikram Singh,9660956939,Rajasthan,Jaisalmer,RJ15PA1706,Rakesh,0,61,42,97,52,55,31,78,35,76,36,67,34,81,33,75,48,56,25,55,36,44,35,54,35,70,26,59,39,61,Active
"December 27, 2024",6cfab5fb-8c97-4656-8fdd-770af990429e,1492935731,Final_Activation,Sodha Bus Service,Vikram Singh,9660956939,Rajasthan,Jaisalmer,RJ04PA4855,Rakesh,0,24,52,82,43,80,37,52,64,0,37,45,50,40,64,40,57,58,0,23,44,55,54,51,46,47,67,65,53,46,Active
"December 27, 2024",e7d03d53-1bcd-456d-b31a-6fd52ab16c49,1492856878,Final_Activation,Sodha Bus Service,Vikram Singh,9660956939,Rajasthan,Jaisalmer,RJ15PA2747,Rakesh,0,61,0,80,0,63,0,63,0,40,19,53,0,28,31,29,31,79,0,47,0,66,0,69,0,54,0,38,46,63,Active
"December 27, 2024",77319fdb-88ef-4a39-94aa-6c2e7c589736,TJ75251721368,Final_Activation,Sodha Bus Service,Vikram Singh,9660956939,Rajasthan,Jaisalmer,RJ19PA7511,Rakesh,0,26,36,0,47,72,0,0,0,49,63,0,49,0,0,73,0,0,46,38,97,0,24,75,0,83,0,68,40,50,Active
"December 27, 2024",55b290b5-b8b8-4ae0-9bfb-ea49cba59157,TJ7524C220003,Final_Activation,Sodha Bus Service,Vikram Singh,9660956939,Rajasthan,Jaisalmer,RJ07PA7035,Rakesh,0,0,0,0,0,0,0,0,0,0,0,45,43,66,30,36,122,66,55,47,64,36,75,41,77,56,74,54,83,74,Orange
"December 27, 2024",99359e05-c8bf-4a0d-b3d5-a32a02788901,TJ7524BB20812,Final_Activation,Sodha Bus Service,Vikram Singh,9660956939,Rajasthan,Jaisalmer,RJ15PA2757,Rakesh,0,72,0,100,0,82,0,93,0,97,0,110,0,85,0,36,79,40,59,37,43,95,0,96,0,89,0,73,0,106,Active
"December 27, 2024",3a533450-6130-43f0-a6d1-5e39cfd843ad,TJ75252Q20462,Final_Activation,Sodha Bus Service,Vikram Singh,9660956939,Rajasthan,Jaisalmer,RJ19PA5418,Rakesh,0,0,77,0,51,0,69,0,55,0,45,0,78,0,58,0,48,0,15,47,60,0,59,0,24,54,35,26,58,0,Active
"December 27, 2024",4236c173-e855-4c6b-a108-8cb321308ff8,2841285759,Final_Activation,Sodha Bus Service,Vikram Singh,9660956939,Rajasthan,Jaisalmer,RJ15PA2269,Rakesh,0,159,170,170,183,116,191,138,157,153,144,139,213,199,74,141,167,159,135,161,0,0,138,0,0,157,175,191,155,158,Active
"December 27, 2024",3cfa08a3-367f-48c4-b843-9d8314ddeb4d,2841012427,Final_Activation,Sodha Bus Service,Vikram Singh,9660956939,Rajasthan,Jaisalmer,RJ15PA2247,Rakesh,0,0,0,0,80,33,63,49,72,0,76,30,64,46,0,47,65,44,58,43,78,43,71,36,59,28,45,35,68,29,Yellow
"December 27, 2024",2dbeeac3-27f1-4fa8-b7e4-21889c5b6f75,TJ75251721414,Final_Activation,Parmar Bus Service,Raj Kumar,8219508700,Himachal Pradesh,Hamirpur,HP67A7787,Mohan,0,53,93,64,118,116,121,111,127,138,109,93,137,126,124,133,108,141,101,128,149,108,129,146,127,91,144,137,104,112,Active
"December 27, 2024",edde7800-c4e3-4d88-8388-7cdcd897de2c,2841533459,Final_Activation,Sodha Bus Service,Vikram Singh,9660956939,Rajasthan,Jaisalmer,RJ46PA1489,Rakesh,0,87,103,98,71,71,103,98,90,95,19,0,0,0,2,0,90,79,0,86,81,50,43,0,0,0,0,51,95,101,Active
"December 27, 2024",c3ff04c5-d792-4f81-9097-a523dc52da87,2841286957,Final_Activation,Sodha Bus Service,Vikram Singh,9660956939,Rajasthan,Jaisalmer,RJ15PA2893,Rakesh,0,93,76,74,63,62,81,45,40,85,76,81,57,82,77,124,72,120,58,106,73,84,74,94,66,83,57,85,61,97,Active
"December 27, 2024",ef5258d8-b10b-42ed-8bf2-9b812ac860ec,TJ7524BJ21233,Final_Activation,Sodha Bus Service,Vikram Singh,9660956939,Rajasthan,Jaisalmer,AR11D2849,Rakesh,0,163,169,173,169,150,165,153,145,158,180,151,135,161,120,113,122,128,104,134,123,75,8,129,122,128,116,137,118,133,Active
"December 26, 2024",9038ee90-51dd-4cdd-877e-7f9483c77b43,TJ75251820607,Final_Activation,Sodha Bus Service,Vikram Singh,9660956939,Rajasthan,Jaisalmer,RJ46PA1478,Rakesh,0,0,0,0,9,3,0,0,0,0,0,0,0,0,0,0,0,0,0,0,0,0,0,0,0,0,0,0,0,0,Yellow
"December 26, 2024",63e08920-d017-4a30-b75c-3967d024890f,2840964979,Final_Activation,Sodha Bus Service,Vikram Singh,9660956939,Rajasthan,Jaisalmer,RJ19PA4182A,Rakesh,0,0,0,0,0,0,0,0,0,0,0,0,0,0,0,0,0,0,0,0,0,0,0,0,0,0,0,0,0,0,Red
"December 24, 2024",93932a2a-1c28-4d82-8f13-3d88b4f33041,2840964971,Final_Activation,Hargobind Highways Service,Karamjeet Singh Sodhi,8725000024,Punjab,,PB13AL7175,Dummy Punjab,70,260,257,250,113,118,264,284,303,331,308,256,266,274,279,275,265,312,218,271,244,191,215,0,253,207,223,225,256,287,Active
"December 23, 2024",ea44ba12-177f-440b-bc30-ff17695698c4,1495074702,Final_Activation,Friends Bus,Manoj Kumar Rana,9816042361,Himachal Pradesh,Solan,HP93A9261,Sandeep Kumar,0,146,242,259,207,231,222,258,246,273,198,193,207,206,221,142,201,248,178,217,213,85,206,0,0,0,0,0,0,0,Active
"December 23, 2024",5746a8a4-53c4-4b4d-a783-25d08c7422ad,TJ7524BD21028,Final_Activation,Chandel Bus,Shashi Bala,9816044674,Himachal Pradesh,Solan,HP723033,Sandeep Kumar,0,0,0,0,0,0,0,0,0,0,0,0,0,0,0,0,0,0,0,0,0,0,0,0,0,0,0,0,0,0,Red
"December 23, 2024",15702cea-8537-47bb-a435-4088a37643ce,1494484443,Final_Activation,Friends Bus,Manoj Kumar Rana,9816042361,Himachal Pradesh,Solan,HP933765,Sandeep Kumar,128,191,205,163,0,0,117,182,166,180,183,167,217,192,178,197,177,189,143,35,82,0,0,159,163,0,0,0,0,0,Active
"December 23, 2024",7add816d-143e-4007-9238-28a4eb4f9fb1,1494769198,Final_Activation,Rahul Ahire,Rahul ahire,9644505775,Madhya Pradesh,Barwani,MP13ZC8729,Dummy Madhya Pradesh,0,0,0,0,0,0,0,0,0,0,0,0,0,0,0,0,0,0,0,0,0,0,0,0,0,0,0,0,0,0,Red
"December 23, 2024",6f88c711-6a40-48a7-940d-37b7388c9360,2842133289,Final_Activation,Friends Bus,Manoj Kumar Rana,9816042361,Himachal Pradesh,Solan,HP12E9261,Sandeep Kumar,84,395,577,520,245,447,570,233,430,368,333,160,302,323,187,369,357,477,461,329,451,226,433,202,101,0,0,300,350,415,Active
"December 23, 2024",7c56aca1-ad8c-4ca9-90ec-57d0b3955587,TJ7524BJ20498,Final_Activation,Sushil Bus,Sushil kumar,9929346437,Rajasthan,Bikaner,RJ13PA9705,Rakesh,0,0,0,0,0,0,0,0,0,0,0,0,0,0,0,0,0,0,0,0,0,0,0,0,0,0,0,0,0,0,Red
"December 23, 2024",bfffd885-56aa-4cb4-9dce-1c96e0a59466,1492938348,Final_Activation,Chandel Bus,Shashi Bala,9816044674,Himachal Pradesh,Solan,HP12C8806,Sandeep Kumar,0,0,0,0,0,0,0,0,0,0,0,0,0,0,0,0,0,0,0,0,0,0,0,0,0,0,0,0,0,0,Red
"December 23, 2024",29cd4c51-f7e7-4cb4-a37b-4aac8e24260d,TJ7524B421305,Final_Activation,Sanjay Travels,Sanjay Choudhary,7665342910,Rajasthan,Goluwala,RJ13PA8106,Dinesh Kumar sharma,0,0,0,0,0,0,0,0,0,0,0,0,0,0,0,0,0,0,0,0,0,0,0,0,0,0,0,0,0,0,Red
"December 23, 2024",c9a0c3f9-b12e-4d32-a523-50968c249bb1,1493226379,Final_Activation,Friends Bus,Manoj Kumar Rana,9816042361,Himachal Pradesh,Solan,HP12D5561,Sandeep Kumar,0,0,0,0,0,0,173,226,138,181,104,0,53,253,195,149,80,219,0,108,194,233,66,82,0,0,52,197,189,165,Orange
"December 23, 2024",0d6d6349-6e1b-48ae-bd8b-356206fc1f9c,1493226795,Final_Activation,Chandel Bus,Shashi Bala,9816044674,Himachal Pradesh,Solan,HP12C5656,Sandeep Kumar,0,0,0,0,0,0,0,0,0,0,0,0,0,0,0,0,0,0,0,0,0,0,0,0,0,0,0,0,0,0,Red
"December 23, 2024",a5e6c918-59e9-4b45-a927-c4c22be28354,1494599024,Final_Activation,Friends Bus,Manoj Kumar Rana,9816042361,Himachal Pradesh,Solan,HP12F9261,Sandeep Kumar,0,0,0,0,0,0,0,0,0,0,0,0,0,0,0,0,0,0,0,0,0,0,0,0,0,0,0,0,0,0,Red
"December 22, 2024",19c8576d-74e1-41da-8e7b-6e2190ff29f5,2841920022,Final_Activation,New People Bus Service,Boota singh,9877779173,Punjab,Sri Muktsar Sahib,PB10HD9511,Rajiv Kumar,155,328,327,337,274,296,349,238,365,309,328,286,311,356,320,314,309,355,241,300,343,272,299,275,319,249,333,365,337,328,Active
"December 20, 2024",4dc2c862-f0ad-4545-8e36-9fc5cb62b00f,2841741032,Final_Activation,Prince Motors,Pawan Thakur,9857800046,Himachal Pradesh,Una,HP72D2146,Harish Verma,57,0,0,37,0,0,256,322,350,301,90,0,0,0,0,0,0,0,0,0,123,154,187,171,203,240,338,175,202,204,Active
"December 20, 2024",e13221ff-860e-45d9-8c77-95c6cdb68229,1492619899,Final_Activation,Prince Motors,Pawan Thakur,9857800046,Himachal Pradesh,Una,HP72D4600,Harish Verma,0,0,0,0,0,0,0,0,0,0,0,0,0,0,0,0,0,0,0,0,0,0,0,0,0,0,0,0,0,0,Red
"December 20, 2024",594f38fa-8c4b-45b7-950b-c1a6d413599c,TJ75251521066,Final_Activation,Prince Motors,Pawan Thakur,9857800046,Himachal Pradesh,Una,HP72D5446,Harish Verma,54,195,216,79,104,113,10,0,109,120,207,103,162,162,204,209,71,197,118,166,136,80,102,143,199,91,109,102,90,119,Active
"December 19, 2024",d9f72235-2784-4fe3-81de-4f9fac0520a4,2841285937,Final_Activation,Chawla Motors,Ramkumar Chawla,9509582951,Rajasthan,Pilibhanga,RJ13PA8441,Arshdeep Singh,125,276,256,232,238,240,165,191,219,305,201,166,228,211,344,353,330,354,288,218,310,250,194,169,292,276,183,53,0,0,Active
"December 19, 2024",a4e7be5d-cb2e-483d-8402-5f6235dfdf0e,2841512871,Final_Activation,Chawla Motors,Ramkumar Chawla,9509582951,Rajasthan,Pilibhanga,RJ13PA7783,Arshdeep Singh,154,386,377,396,204,314,336,347,390,406,345,195,357,365,363,400,377,440,219,335,350,298,359,378,383,205,355,352,374,386,Active
"December 19, 2024",13b84f39-f75b-423f-8f58-20d930b2685b,1492618290,Final_Activation,Bheem Singh Meena,Bheem Singh meena,9983448080,Rajasthan,Swao Madhopur,RJ09PA4515,Dummy Rajasthan,0,0,0,0,0,0,0,0,0,0,0,0,0,0,0,0,0,0,0,0,0,0,0,0,0,0,0,0,0,0,Red
"December 19, 2024",1ae8ac77-fb5b-44ca-ac35-ea846eb62683,1494330215,Final_Activation,Chawla Motors,Ramkumar Chawla,9509582951,Rajasthan,Pilibhanga,RJ13PA6200,Arshdeep Singh,0,107,93,102,84,92,70,99,75,111,117,75,82,101,119,129,91,133,110,119,103,109,132,101,126,76,100,126,122,102,Active
"December 19, 2024",6b6fe9a3-0b99-45ed-a170-9d0ebc4a4615,2841899293,Final_Activation,Chawla Motors,Ramkumar Chawla,9509582951,Rajasthan,Pilibhanga,RJ13PA6962,Arshdeep Singh,153,259,309,290,88,239,321,295,284,204,311,201,246,276,278,263,316,235,266,234,310,250,370,275,350,87,246,427,240,372,Active
"December 14, 2024",eaa1ecae-905a-4468-9265-3d0fa1166d09,2841895921,Final_Activation,New Walia Bus,Sampuran Lata,8091908990,Himachal Pradesh,Kangra,HP68C1920,Dummy HImachal Pradesh,0,0,0,0,0,0,0,0,0,0,0,0,4,52,65,85,119,127,56,82,1,0,68,51,55,10,90,0,5,0,Red
"December 14, 2024",d21d73d7-eab0-48c1-b03b-21fdabda9d6e,TJ75248H20194,Final_Activation,New Walia Bus,Sampuran Lata,8091908990,Himachal Pradesh,Kangra,HP68A2765,Dummy HImachal Pradesh,0,59,96,97,47,68,104,102,111,1,50,62,91,96,86,30,61,76,30,71,22,54,39,103,73,0,0,0,1,0,Active
"December 13, 2024",7993aaf8-6ab4-4953-9fd2-0dda7937dcfd,2841286378,Final_Activation,Rajesh Travels,Rajesh,9826570469,Madhya Pradesh,Barwani,MP13ZD8677,Dummy Madhya Pradesh,0,70,54,70,61,76,63,63,55,70,55,55,0,0,0,0,0,0,0,0,62,54,69,53,61,56,65,53,52,52,Active
"December 12, 2024",70762e79-ba0c-4138-9075-932fac73599b,2840777731,Final_Activation,Gurunanak Bus Service,Manjeet Brar,9649501818,Rajasthan,Gajsinghpur,RJ13PB4555,Arshdeep Singh,0,0,378,354,324,324,369,382,343,368,354,344,298,343,394,348,358,388,297,323,348,313,322,330,379,284,354,332,368,337,Active
"December 10, 2024",cee18699-edb7-4919-9cef-2fca7138c2c2,TJ7524B420304,Final_Activation,Hargobind Highways Service,Karamjeet Singh Sodhi,8725000024,Punjab,,PB13AL2475,Dummy Punjab,25,169,195,209,74,97,173,208,213,240,371,131,347,389,335,231,378,360,185,362,349,129,335,135,373,91,421,369,396,412,Active
"December 10, 2024",dcb67908-7a55-4a37-a407-c6e92dfc649a,2842107018,Final_Activation,Hargobind Highways Service,Karamjeet Singh Sodhi,8725000024,Punjab,,PB11AH9143,Dummy Punjab,76,178,183,73,18,96,157,203,204,193,213,137,232,192,196,180,202,200,195,204,187,141,156,155,189,144,207,196,201,192,Active
"December 6, 2024",cdd53894-6ab7-4c75-8aa8-68c12342b417,P1494808723_384,Final_Activation,Dubeyji Bus Service,Mohit dubey,9821136434,Uttar Pradesh,Farrukhabad,UP13DT0208,Dummy Uttar Pradesh,0,0,0,0,0,0,0,0,0,0,0,0,0,0,0,0,0,0,0,0,0,0,0,0,0,0,0,0,0,0,Red
"December 5, 2024",3acd0e7c-aee1-429b-8765-7ab52db6ea4d,2841285263,Final_Activation,Parmar Bus Service,Raj Kumar,8219508700,Himachal Pradesh,Hamirpur,HP67A0287,Mohan,0,0,3,0,0,0,0,0,0,0,0,0,0,0,0,0,0,0,0,0,0,68,81,0,0,0,0,0,0,44,Active
"December 5, 2024",b9352dd0-181c-4c2a-8ccf-8ce1742c65c8,TJ75253L21516,Final_Activation,Parmar Bus Service,Raj Kumar,8219508700,Himachal Pradesh,Hamirpur,HP67A2087,Mohan,0,64,75,72,61,65,63,55,50,55,98,41,88,46,63,53,78,65,60,48,90,62,84,49,100,48,31,50,64,29,Active
"December 5, 2024",b2218740-cb6d-4922-b425-0b9a3ff1e07d,TJ7524B620464,Final_Activation,Harsana,Shakti Harsana,7877243787,Rajasthan,Karauli,RJ25PA1843,Rakesh,0,151,20,0,0,31,71,101,96,95,163,24,68,74,104,124,125,100,114,75,105,107,160,54,53,54,0,84,119,12,Active
"December 5, 2024",a6bf4e0c-649e-4dac-80d0-0957452c11bc,1494785944,Final_Activation,Harsana,Shakti Harsana,7877243787,Rajasthan,Karauli,RJ29PA2443,Rakesh,0,118,0,0,29,123,98,0,117,111,135,119,95,116,99,105,118,139,108,110,120,124,160,118,160,125,94,103,105,115,Active
"December 2, 2024",f043c368-dc71-496b-97ca-843f9b86d48f,1493229058,Final_Activation,Rajesh Travels,Rajesh,9826570469,Madhya Pradesh,Barwani,MP09DM6399,Dummy Madhya Pradesh,0,50,85,46,56,61,59,67,56,54,81,56,57,72,69,38,43,67,66,60,68,61,68,57,60,46,64,61,56,73,Active
"December 2, 2024",8f61d06e-77a7-4ab6-a0d7-3ea23c5f6c26,2842132819,Final_Activation,Miglani Travels,Raman Kumar,9351200912,Rajasthan,Padampur,RJ13PA7150,Arshdeep Singh,86,121,76,314,129,68,141,80,40,0,0,0,0,0,0,0,0,0,0,8,0,0,0,0,0,0,0,0,0,0,Active
"December 2, 2024",f21cbc9b-50c4-49eb-8915-f82c36f601da,TJ75251921540,Final_Activation,Miglani Travels,Raman Kumar,9351200912,Rajasthan,Padampur,RJ13PA8353,Arshdeep Singh,0,144,110,182,0,96,78,115,91,0,111,72,55,0,120,157,114,115,75,139,57,55,107,133,95,0,68,131,120,103,Active
"December 1, 2024",4293c071-ec7e-48f3-a3ea-5ca82d16bb87,2841285890,Final_Activation,Mandeep Bus Service,Harjinder Singh,9023900048,Punjab,Bhatinda,PB03AA6648,Surinder Singh,125,452,447,544,343,386,387,415,451,474,471,431,399,440,457,414,465,485,380,388,462,368,407,356,440,357,402,492,410,399,Active
"December 1, 2024",a863882d-aa6a-49bd-92d5-42e7d43a5d87,1494783532,Final_Activation,Daljit Singh,Daljit Singh,9463769137,Punjab,Baddon,PB13AW6173,Gagandeep Singh,0,0,0,0,0,0,0,0,0,0,0,0,0,0,0,0,0,0,0,0,0,0,0,0,0,0,0,0,0,0,Red
"December 1, 2024",518da36b-d4a5-400f-83ec-60be866b5923,1493229788,Final_Activation,Daljit Singh,Daljit Singh,9463769137,Punjab,Baddon,PB19M1173,Gagandeep Singh,0,0,0,0,0,0,0,0,0,0,0,0,0,0,0,0,0,0,0,0,0,0,0,0,0,0,0,0,0,0,Red
"December 1, 2024",3d4a6fac-470a-4211-a6d1-d09d9eff24bd,TJ75251821222,Final_Activation,Mandeep Bus Service,Harjinder Singh,9023900048,Punjab,Bhatinda,PB03AA7748,Surinder Singh,107,323,330,434,257,306,383,330,312,327,321,279,301,316,334,313,344,364,177,0,0,0,0,0,0,0,110,373,399,397,Active
"December 1, 2024",f9f435f7-c144-4ab0-9f16-2f0043d07ede,1493183038,Final_Activation,Mandeep Bus Service,Harjinder Singh,9023900048,Punjab,Bhatinda,PB03AC6648,Surinder Singh,0,0,0,0,0,173,161,336,365,414,379,29,302,448,378,414,432,345,195,418,372,374,381,0,367,168,293,339,332,401,Orange
"December 1, 2024",8732cd35-9b6f-4e70-815a-c432d15b1664,TJ75251821099,Final_Activation,Mandeep Bus Service,Harjinder Singh,9023900048,Punjab,Bhatinda,PB03AY2339,Surinder Singh,73,294,245,388,0,155,234,265,293,242,244,200,275,340,327,289,354,293,212,216,180,182,211,140,262,0,209,291,263,253,Active
"December 1, 2024",b0b7bb40-68e2-4500-99cc-53fa06b54c47,TJ7524B420069,Final_Activation,Mandeep Bus Service,Harjinder Singh,9023900048,Punjab,Bhatinda,PB03BM1778,Surinder Singh,98,413,417,481,334,386,423,419,367,423,409,373,389,445,465,434,387,439,334,369,411,339,344,332,369,307,354,342,355,412,Active
"December 1, 2024",7743c122-facc-4be1-b12d-b554e4d1ce1a,2841153603,Final_Activation,Mandeep Bus Service,Harjinder Singh,9023900048,Punjab,Bhatinda,PB03AA6648,Surinder Singh,122,344,400,429,286,329,377,305,372,341,331,284,348,344,309,362,358,373,281,296,294,241,0,0,0,0,96,193,392,428,Active
"December 1, 2024",8bbf3f73-6595-4bc4-9d77-fcff6eed8a32,2841154118,Final_Activation,Mandeep Bus Service,Harjinder Singh,9023900048,Punjab,Bhatinda,PB03AF1578,Surinder Singh,57,554,533,676,400,453,499,490,510,509,566,465,473,539,556,529,598,561,405,473,455,364,451,444,464,367,441,461,523,508,Active
"December 1, 2024",c06d71a4-9b82-452a-9919-1ea9384994e3,2841161574,Final_Activation,Mandeep Bus Service,Harjinder Singh,9023900048,Punjab,Bhatinda,PB03AA7748,Surinder Singh,198,474,507,647,353,424,492,462,460,490,511,414,447,491,609,485,495,519,375,448,454,376,399,502,423,330,404,492,473,423,Active
"December 1, 2024",370e6116-8830-4a59-ac50-9a031ffc6130,2841284904,Final_Activation,Mandeep Bus Service,Harjinder Singh,9023900048,Punjab,Bhatinda,PB03X5548,Surinder Singh,92,259,319,351,235,272,282,285,313,301,302,159,260,348,296,338,313,326,259,304,259,261,282,0,313,219,280,298,245,298,Active
"December 1, 2024",72fbe7ff-5e66-495b-b0fd-cd9471a23f70,2841285053,Final_Activation,Mandeep Bus Service,Harjinder Singh,9023900048,Punjab,Bhatinda,PB03AJ9348,Surinder Singh,113,335,349,441,286,335,326,385,343,335,191,139,309,317,359,335,353,335,252,277,177,146,207,289,256,172,204,365,404,394,Active
"December 1, 2024",36552975-acd9-4033-a9b6-09e25b54c2ea,2841285408,Final_Activation,Mandeep Bus Service,Harjinder Singh,9023900048,Punjab,Bhatinda,PB03X5548,Surinder Singh,113,359,373,461,288,315,368,309,359,305,175,0,0,0,0,0,0,0,0,0,0,0,0,0,0,0,207,381,368,86,Active
"December 1, 2024",67c0a959-2a1e-4926-b790-8c213ea14f28,2841285787,Final_Activation,Mandeep Bus Service,Harjinder Singh,9023900048,Punjab,Bhatinda,PB03UU0548,Surinder Singh,180,434,454,521,380,395,442,368,496,429,418,327,367,387,400,428,441,401,204,360,364,311,325,258,384,218,261,395,423,442,Active
"December 1, 2024",5a5585c2-9f39-40f1-a30e-214a6cc4e53a,2841287016,Final_Activation,Mandeep Bus Service,Harjinder Singh,9023900048,Punjab,Bhatinda,PB03AC0648,Surinder Singh,37,82,101,114,133,85,101,130,103,80,0,0,0,0,0,0,0,0,24,149,197,128,242,0,162,114,138,290,169,293,Active
"December 1, 2024",cb2a29b3-037e-4f4c-bc17-caf30958d92b,1493220315,Final_Activation,Mandeep Bus Service,Harjinder Singh,9023900048,Punjab,Bhatinda,PB03X7748,Surinder Singh,93,439,487,590,385,377,472,487,441,465,487,375,436,493,456,461,541,489,334,438,421,346,381,390,416,387,387,481,444,511,Active
"December 1, 2024",28fdd680-6827-4c96-9fde-839409f7b690,2841286206,Final_Activation,Mandeep Bus Service,Harjinder Singh,9023900048,Punjab,Bhatinda,PB03AC6648,Surinder Singh,68,287,382,451,172,144,0,0,0,0,0,0,0,0,0,0,0,0,0,0,0,0,0,0,0,0,0,0,0,0,Active
"December 1, 2024",0127da8e-cf14-49cd-99db-4a6a82759384,2841286285,Final_Activation,Mandeep Bus Service,Harjinder Singh,9023900048,Punjab,Bhatinda,PB03W0648,Surinder Singh,33,158,146,230,50,147,153,155,170,156,176,51,151,160,166,149,192,179,53,134,173,124,72,0,187,95,129,157,149,160,Active
"December 1, 2024",2be542bb-0224-4cbb-915a-90485696ce74,2841286514,Final_Activation,Mandeep Bus Service,Harjinder Singh,9023900048,Punjab,Bhatinda,PB29M7466,Surinder Singh,110,324,315,411,219,258,271,287,443,327,383,308,294,281,189,301,316,386,202,261,286,223,290,0,286,249,260,286,287,339,Active
"December 1, 2024",8f14e49c-b349-48c5-80c5-c7983af9201c,2841286887,Final_Activation,Mandeep Bus Service,Harjinder Singh,9023900048,Punjab,Bhatinda,PB03AC0648,Surinder Singh,196,349,349,412,263,299,354,340,395,369,375,258,248,371,305,368,403,402,266,302,313,293,368,292,316,228,267,367,374,402,Active
"November 30, 2024",097daa18-793a-4c4c-be98-fd20c3c6f5bc,1494808714,Final_Activation,P.S Jodha,Puran singh,9460781501,Rajasthan,Khajuwala,RJ13PA5614,Rakesh,0,0,0,0,0,0,0,0,0,0,0,0,0,0,0,0,0,0,0,0,0,0,0,0,0,0,0,0,0,0,Red
"November 30, 2024",6761ba2c-f5ea-47ab-bf73-6e489c3fbd85,2841286385,Final_Activation,Garg Motars,Shailendra Kumar Garg,9829442321,Rajasthan,NA,RJ05PB6599,Dummy Rajasthan,0,0,0,0,0,0,0,0,0,0,0,0,0,0,0,0,0,0,0,0,0,0,0,0,0,0,0,0,0,0,Red
"November 29, 2024",6d2cc39f-7318-4b65-9337-33edc9837854,1494771914,Final_Activation,Mankotia Bus Service,Sona Mankotia,9882681000,Himachal Pradesh,Una,HP72A8081,Harish Verma,0,0,0,0,0,0,0,0,0,0,0,0,0,0,0,0,0,0,0,0,0,0,0,0,0,0,0,0,0,0,Red
"November 28, 2024",044a380d-9495-4d9b-a26e-084e4ac68595,2841533461,Final_Activation,Yadav Bus Service,Monu yadav,9166859743,Rajasthan,Alwar,RJ32PA2782,Dummy Rajasthan,0,0,0,0,0,0,0,0,0,0,0,0,0,0,0,0,0,0,0,0,0,0,0,0,0,0,0,0,0,0,Red
"November 28, 2024",339ede34-c029-4cc9-8da4-feb5ed035fc5,1494768912,Final_Activation,Yadav Bus Service,Monu yadav,9166859743,Rajasthan,Alwar,HR47G4511,Dummy Rajasthan,0,0,0,0,0,0,0,0,0,0,0,0,0,0,0,0,0,0,0,0,0,0,0,0,0,0,0,0,0,0,Red
"November 26, 2024",9515ad83-0bcb-4a0f-9223-0cc094b4ff78,2841919255,Final_Activation,M/S Chirag Travels,Pradeep,9414122974,Rajasthan,Pali,RJ22PA1357,Dummy Rajasthan,40,190,199,183,174,133,173,215,209,87,221,173,183,150,209,37,190,203,146,151,242,206,184,218,244,180,198,194,209,260,Active
"November 26, 2024",b71bcff1-7578-40cc-8a4b-1f5162e3546a,2840974091,Final_Activation,M/S Chirag Travels,Pradeep,9414122974,Rajasthan,Pali,RJ22PA1542,Dummy Rajasthan,0,110,87,67,80,78,86,96,82,87,73,86,93,88,92,0,91,96,85,85,109,106,130,115,138,121,164,131,147,134,Active
"November 26, 2024",dff2429d-d718-462f-859c-907aff2580ca,2841895493,Final_Activation,M/S Chirag Travels,Pradeep,9414122974,Rajasthan,Pali,RJ22PA5628,Dummy Rajasthan,0,173,126,96,103,118,44,65,0,115,114,101,42,198,164,0,100,130,117,137,173,173,122,124,182,129,131,166,169,139,Active
"November 26, 2024",42bbba9c-462d-43c4-b9dd-e099bcec2308,TJ75251520987,Final_Activation,M/S Chirag Travels,Pradeep,9414122974,Rajasthan,Pali,RJ22PA5032,Dummy Rajasthan,0,103,89,74,93,81,101,89,95,96,88,86,73,89,89,0,79,74,83,69,107,100,98,83,91,94,87,90,120,98,Active
"November 26, 2024",052004a7-084d-425d-a716-36a0f170e555,TJ75248N20085,Final_Activation,New Walia Bus,Sampuran Lata,8091908990,Himachal Pradesh,Kangra,HP68C1820,Dummy HImachal Pradesh,0,0,0,0,0,1,0,0,0,0,0,0,0,0,5,0,0,0,0,0,0,0,0,1,0,0,0,0,0,0,Orange
"November 26, 2024",090bd749-fa9c-4846-9f89-21c5ae395dde,1493070077,Final_Activation,Rathore Travels,Kuldeep singh,9983555640,Rajasthan,Nagaur,,Rakesh,0,0,0,0,0,0,0,0,0,0,0,0,0,0,0,0,0,0,0,0,0,0,0,0,0,0,0,0,0,0,Red
"November 26, 2024",d8d95159-e9a3-4086-bc24-5fb99f4e057f,2842106238,Final_Activation,M/S Chirag Travels,Pradeep,9414122974,Rajasthan,Pali,RJ22PA5250,Dummy Rajasthan,0,109,102,106,81,105,93,98,100,93,130,91,95,109,101,0,101,114,91,119,136,128,96,112,129,112,144,124,167,121,Active
"November 26, 2024",4c5734ae-4028-4d7e-898c-1e0488c46c0b,2842106249,Final_Activation,M/S Chirag Travels,Pradeep,9414122974,Rajasthan,Pali,RJ22PA5572,Dummy Rajasthan,87,175,162,166,132,141,135,149,128,126,154,117,156,150,183,0,131,162,96,152,156,178,156,170,196,137,161,165,190,171,Active
"November 22, 2024",242c3670-906a-4044-b722-11dc3e486c60,1494792097,Final_Activation,Una Highway,Savita Prashar,9418406744,Himachal Pradesh,Una,HP725744,Harish Verma,0,82,41,117,104,65,121,97,106,32,44,116,124,101,61,114,106,25,126,35,114,63,105,117,88,86,0,0,35,46,Active
"November 22, 2024",f0a6ce74-108d-4b5b-91d1-f1ce23f612ea,2841921627,Final_Activation,Una Highway,Savita Prashar,9418406744,Himachal Pradesh,Una,HP72A6744,Harish Verma,102,204,208,227,0,173,223,216,229,209,223,0,217,212,217,227,193,214,0,189,210,125,193,170,244,0,159,191,237,214,Active
"November 20, 2024",de78bd92-061b-48a0-b32f-1258324afd2d,1494749259,Final_Activation,Uttar Pradesh Parivar,Sunil kumar,7042561545,Uttar Pradesh,Ghaziabad,UP22T7226,Dummy Uttar Pradesh,0,0,0,0,0,0,0,0,0,0,0,0,0,0,0,0,0,0,0,0,0,0,0,0,0,0,0,0,0,0,Red
"November 20, 2024",81dbc295-c651-452b-8e48-8b798bbc36fc,2841887873,Final_Activation,Shernibus Service,Salim,8750509100,Uttar Pradesh,nan,UP13CT1071,Dummy Uttar Pradesh,0,0,0,0,0,0,0,0,0,0,0,0,0,0,0,0,0,0,0,0,0,0,0,0,0,0,0,0,0,0,Red
"November 17, 2024",ceb48da8-2968-47db-9df3-06f2e0d08a28,2841920028,Final_Activation,Vashisht Bus,Sham Lal,9816495165,Himachal Pradesh,Una,HP72B5565,Harish Verma,0,6,4,2,0,0,5,0,1,1,0,0,0,0,17,131,146,184,0,181,178,135,146,148,182,89,146,169,165,191,Active
"November 16, 2024",e50fd802-92be-44a8-847e-270bfabbf007,1494820203,Final_Activation,Bishnoi Travels,Budhram,9996997161,Rajasthan,Rawla Mandi,RJ13PA6423,Arshdeep Singh,0,0,0,0,0,0,0,0,0,0,0,0,0,0,145,170,186,203,201,186,208,107,173,173,231,248,160,194,186,182,Red
"November 16, 2024",51777f67-71a8-418f-9a68-d5c20f1946fc,1493222186,Final_Activation,Bishnoi Travels,Budhram,9996997161,Rajasthan,Rawla Mandi,RJ13PB5739,Arshdeep Singh,0,0,0,0,0,0,117,141,103,146,112,87,96,143,109,120,121,129,83,134,96,108,97,136,131,100,95,119,118,80,Orange
"November 16, 2024",c7a78e48-6699-44fd-a79d-db8b45b48027,TJ75251621052,Final_Activation,Bishnoi Travels,Budhram,9996997161,Rajasthan,Rawla Mandi,RJ13PB2229,Arshdeep Singh,94,76,0,0,0,54,265,266,249,283,251,198,245,265,252,284,240,284,165,283,285,237,240,281,349,0,268,262,280,264,Active
"November 16, 2024",246ae417-b30a-4240-9c3d-3ee1845e01c3,2841895492,Final_Activation,Bishnoi Travels,Budhram,9996997161,Rajasthan,Rawla Mandi,RJ13PA5739,Arshdeep Singh,0,0,70,370,0,171,152,155,158,164,187,152,168,0,0,0,0,0,0,0,0,0,0,0,0,0,0,0,0,0,Active
"November 15, 2024",2a1ce9e0-ca34-443f-b2c6-26df670ba0bd,TJ75251622161,Final_Activation,Chauhan Tour & Travels,Shubhas Chauhan,9993334629,Madhya Pradesh,Dewas,MP41P1615,Aditya Tiwari,0,0,0,0,0,0,0,0,0,0,0,0,0,0,0,0,0,0,0,0,0,0,0,0,0,0,0,0,0,0,Red
"November 15, 2024",7c004ec4-86fa-487c-8eeb-107d4e35d5d6,1494766247,Final_Activation,Chauhan Tour & Travels,Shubhas Chauhan,9993334629,Madhya Pradesh,Dewas,MP41ZE9666,Aditya Tiwari,0,92,132,0,62,0,0,0,0,0,0,0,0,0,0,0,104,114,0,0,0,0,0,0,0,0,111,88,0,121,Active
"November 15, 2024",77e62120-f36c-4b4f-8950-38def3635242,2841286691,Final_Activation,Chauhan Tour & Travels,Shubhas Chauhan,9993334629,Madhya Pradesh,Dewas,MP41ZE9555,Aditya Tiwari,0,91,100,114,79,99,71,102,77,96,79,66,66,130,63,82,0,0,63,127,117,53,55,96,101,65,94,87,80,52,Active
"November 15, 2024",5ba99316-fad5-4485-add2-b36dd8e1e1e8,2841285832,Final_Activation,Chauhan Tour & Travels,Shubhas Chauhan,9993334629,Madhya Pradesh,Dewas,MP42P0587,Aditya Tiwari,0,73,108,65,68,98,65,89,88,104,110,56,0,0,0,0,0,0,0,0,0,0,0,0,0,0,0,0,0,0,Active
"November 15, 2024",68658126-bbd9-461e-9d9c-09d35b3073f3,TJ75253L21599,Final_Activation,Gurpreet Singh,Gurpreet Singh,9888146861,Punjab,Jalandhar,PB08CU6061,Rajiv Kumar,122,244,273,291,266,0,41,258,287,266,231,234,262,289,266,235,307,288,293,236,194,210,62,273,265,279,309,321,350,300,Active
"November 15, 2024",c84d5aab-15d2-4a1e-b86f-d8554f652aa9,2841917808,Final_Activation,Chauhan Tour & Travels,Shubhas Chauhan,9993334629,Madhya Pradesh,Dewas,MP41P1582,Aditya Tiwari,0,0,0,0,0,57,106,105,96,75,99,82,106,93,93,96,97,109,100,122,85,94,89,46,86,101,0,114,112,0,Orange
"November 14, 2024",61d6e0b7-6d10-4e9c-82a3-cd936dfaf341,2841899296,Final_Activation,Jhala Travels,Teju Singh,9982420969,Rajasthan,Bikaner,RJ07PA8645,Arshdeep Singh,0,0,0,0,0,0,0,0,0,0,0,0,0,0,0,0,0,0,0,0,176,138,174,143,188,109,144,137,170,145,Red
"November 14, 2024",7331e34e-08b5-4a41-b497-a77f5ffde918,2841571243,Final_Activation,Sohana Motors,Resham Singh,9779555398,Punjab,Bathinda,PB03BG0942,Rajiv Kumar,181,420,440,552,306,424,447,436,497,429,550,377,442,509,471,513,537,510,347,491,449,324,462,336,547,303,417,453,456,451,Active
"November 14, 2024",2d96bb1f-8c99-42ce-b832-21cc3e26e0dc,TJ75248C21245,Final_Activation,Jhala Travels,Teju Singh,9982420969,Rajasthan,Bikaner,RJ09PA4596,Arshdeep Singh,0,0,0,0,0,0,0,0,0,0,0,0,0,0,0,0,0,0,0,0,0,0,0,0,0,0,0,0,0,0,Red
"November 13, 2024",8aeb3675-bffc-4019-a4cf-3b791ba85586,TJ7524BK22370,Final_Activation,Rathore Travels,Bhawani Singh Rathore,6377230382,Rajasthan,bajju,RJ07PA8925,Rakesh,0,150,134,177,106,146,95,120,105,129,132,133,110,116,104,109,117,148,87,83,115,136,120,93,119,128,93,132,144,130,Active
"November 13, 2024",0af7ee88-0a63-48bb-b88d-e2ba1aaf978c,2841130572,Final_Activation,Jhala travels 80RD,Mahendra singh,8890301100,Rajasthan,Bikaner,RJ07PB7860,Manoj,0,0,0,0,0,0,0,0,0,0,52,44,58,36,47,62,73,64,89,40,83,52,87,62,100,57,84,61,106,55,Orange
"November 13, 2024",543fb228-9d25-451a-ba6f-8a9817973ff6,P2841918261_363,Final_Activation,Chauhan Tour & Travels,Shubhas Chauhan,9993334629,Madhya Pradesh,Dewas,MP41P0582,Aditya Tiwari,0,0,0,0,0,0,0,0,0,0,0,0,0,0,0,0,0,0,0,0,0,0,0,0,0,0,0,0,0,0,Red
"November 12, 2024",896fd7d9-3856-4c1e-9bcf-d13f241eb25b,1494795611,Final_Activation,Thurwal Travels,Ravi Shankar Meena,9660271611,Rajasthan,Lalsot,RJ14PG5102,Dummy Rajasthan,0,0,0,0,0,0,0,0,0,0,0,0,0,0,0,0,0,0,0,0,0,0,0,0,0,0,0,0,0,0,Red
"November 12, 2024",e62bab86-6068-434c-8440-ca445906df40,2840801888,Final_Activation,Vinay Rajeev Bus Service,Vinay Bedi,9218522000,Himachal Pradesh,Kangra,HP68B1242,Dummy HImachal Pradesh,0,126,116,146,118,182,186,180,204,241,151,124,133,129,148,139,141,121,123,133,138,116,125,131,167,125,148,131,122,158,Active
"November 12, 2024",05545cb1-78fa-4df0-bf1e-2d1cdea335b5,2841533155,Final_Activation,Vinay Rajeev Bus Service,Vinay Bedi,9218522000,Himachal Pradesh,Kangra,HP393142,Dummy HImachal Pradesh,45,143,187,159,139,123,165,153,181,155,179,139,164,0,0,0,0,0,0,0,0,0,0,0,0,0,0,140,108,92,Active
"November 7, 2024",005d7717-8e4d-4bb5-a076-42f5e86b324b,1494807120,Final_Activation,Ravidas Travels,Guntash Singh Warring,9872305000,Punjab,Bhatinda,PB03BB0574,Rajiv Kumar,137,299,351,276,291,291,320,301,332,309,322,278,324,283,322,337,320,309,243,306,319,274,287,223,328,232,224,415,282,289,Active
"November 7, 2024",12b07e1e-7f6c-40bf-970b-c04aee687f6e,2841008627,Final_Activation,Ravidas Travels,Guntash Singh Warring,9872305000,Punjab,Bhatinda,PB03BP9574,Rajiv Kumar,119,371,392,428,295,303,371,322,389,454,428,272,333,468,457,348,486,461,227,453,424,408,313,283,353,375,331,372,475,413,Active
"November 7, 2024",24f38fb9-728d-431e-837c-0cb718a54d95,2842105733,Final_Activation,Sisodiya Bus Service,Manohar Singh,9772256000,Rajasthan,Khajuwala,RJ07PB4218,Rakesh,0,64,77,55,47,62,46,56,62,51,47,41,42,45,61,79,57,41,57,56,47,42,92,65,56,46,42,44,50,57,Active
"November 7, 2024",2cce9e8c-ca45-40e8-b716-3a8f9d95641a,2841286939,Final_Activation,New Malwa Transport Bti,Gurjit singh,9465300014,Punjab,Bhatinda,PB03BF4409,Surinder Singh,37,204,300,225,151,201,230,219,218,250,223,162,214,379,209,230,219,241,141,212,210,184,188,167,232,150,181,245,229,232,Active
"November 7, 2024",c7ae3c92-fbf2-4350-a373-16253d31ee1e,TJ7524BD20005,Final_Activation,Sohana Motors,Resham Singh,9779555398,Punjab,Bathinda,PB03BN3830,Rajiv Kumar,0,268,283,284,221,243,273,241,249,255,244,0,192,257,272,237,248,251,161,218,241,238,219,53,0,171,230,253,255,247,Active
"November 7, 2024",4ce4e32d-f8dd-41c6-b99c-6e8fefe0cfb4,2841895510,Final_Activation,New Malwa Transport Bti,Gurjit singh,9465300014,Punjab,Bhatinda,PB03AF6851,Surinder Singh,92,183,131,210,135,180,181,206,178,95,309,122,172,201,198,222,225,216,111,201,181,160,175,125,203,105,178,209,200,227,Active
"November 7, 2024",e1446239-cb85-4a90-8d20-587d3ad5acdf,2841285763,Final_Activation,New Malwa Transport Bti,Gurjit singh,9465300014,Punjab,Bhatinda,PB03BR7409,Surinder Singh,185,351,389,407,268,346,353,353,373,348,393,258,375,337,357,285,485,406,242,376,246,348,392,244,386,279,315,379,315,484,Active
"November 7, 2024",96d61147-eebe-451f-adc0-d340f50c615f,2841285570,Final_Activation,Ravidas Travels,Guntash Singh Warring,9872305000,Punjab,Bhatinda,PB03BF4729,Rajiv Kumar,99,333,344,317,288,289,328,343,340,325,322,311,317,321,310,320,345,356,297,288,313,237,280,236,310,257,279,242,335,53,Active
"November 7, 2024",67162a90-cbdc-4877-b692-33676e4e7722,TJ7524BB22021,Final_Activation,Gnt Bus,Shinderpal Kaur,9779500618,Punjab,Bhatinda,PB03BG0953,Surinder Singh,294,568,490,549,441,436,521,565,508,511,503,533,513,542,610,570,584,582,437,551,534,543,535,276,0,107,499,532,558,574,Active
"November 7, 2024",e0914981-f4fd-455b-ae15-7cbf145943ba,2841897576,Final_Activation,Ravidas Travels,Guntash Singh Warring,9872305000,Punjab,Bhatinda,PB03AJ4766,Rajiv Kumar,142,352,368,396,251,319,352,205,315,349,400,303,329,357,368,322,332,357,260,355,316,276,315,261,367,250,313,359,327,359,Active
"November 7, 2024",75f6242a-ad00-49d7-bf18-4e7d53a89510,2841287142,Final_Activation,Ravidas Travels,Guntash Singh Warring,9872305000,Punjab,Bhatinda,PB03BC6874,Rajiv Kumar,0,324,345,364,309,335,340,334,291,334,333,255,309,336,341,301,359,370,322,306,330,291,328,324,364,292,371,320,324,340,Active
"November 7, 2024",767302d2-6f77-4b97-b20b-0d643dd6abc7,2841287146,Final_Activation,Gnt Bus,Shinderpal Kaur,9779500618,Punjab,Bhatinda,PB03BT2778,Surinder Singh,60,249,225,266,239,247,271,246,273,320,275,239,263,228,283,236,292,267,230,269,240,180,186,231,297,204,251,240,255,255,Active
"November 7, 2024",350252d0-dd51-4279-bdf1-20aaac018c58,2841287155,Final_Activation,Gnt Bus,Shinderpal Kaur,9779500618,Punjab,Bhatinda,PB03BU0278,Surinder Singh,168,79,0,0,0,0,0,0,0,0,0,0,0,0,0,0,0,0,0,0,0,0,0,0,0,0,0,0,0,0,Active
"November 7, 2024",1413d4bd-d3ea-45fb-931f-79982e9dc886,2841285040,Final_Activation,Ravidas Travels,Guntash Singh Warring,9872305000,Punjab,Bhatinda,PB03BN4574,Rajiv Kumar,103,302,288,292,115,215,288,262,282,282,236,83,269,282,260,286,267,314,140,245,246,216,232,138,250,170,282,256,232,274,Active
"November 7, 2024",c1149fa0-ca60-449a-9a05-a055978467fb,TJ75248H21219,Final_Activation,New Malwa Transport Bti,Gurjit singh,9465300014,Punjab,Bhatinda,PB03AJ3707,Surinder Singh,91,258,215,220,178,156,218,197,220,211,212,164,197,220,222,217,231,219,202,249,224,172,205,185,133,197,191,206,218,196,Active
"November 7, 2024",77284a93-4ddb-4bae-ac36-11d1a1923ee0,2841158971,Final_Activation,Gnt Bus,Shinderpal Kaur,9779500618,Punjab,Bhatinda,PB03BK7778,Surinder Singh,35,225,190,177,263,293,318,304,324,337,296,216,218,233,225,248,343,348,244,218,230,207,263,177,201,187,215,245,226,221,Active
"November 7, 2024",3622834d-b957-420a-afb8-944f653ba120,2841130601,Final_Activation,Chawla Motors,Ramkumar Chawla,9509582951,Rajasthan,Pilibhanga,RJ13PA5185,Arshdeep Singh,162,315,314,306,275,331,382,299,307,298,307,263,300,291,254,80,0,0,0,0,0,0,0,0,0,0,0,0,0,0,Active
"November 7, 2024",0e227810-de4a-48f2-aeb1-c0f3bb69c9f9,2841779996,Final_Activation,New Malwa Transport Bti,Gurjit singh,9465300014,Punjab,Bhatinda,PB03BL4709,Surinder Singh,83,357,359,362,269,311,376,348,366,361,409,268,339,378,372,361,376,354,272,359,339,323,341,241,355,266,316,353,373,367,Active
"November 7, 2024",9f9b8e7b-f24a-4ea7-a64d-44efa29d56aa,2841899290,Final_Activation,Chawla Motors,Ramkumar Chawla,9509582951,Rajasthan,Pilibhanga,RJ13PA6672,Arshdeep Singh,85,0,0,0,0,0,0,0,0,0,0,0,0,0,0,0,0,0,0,0,0,0,0,0,0,0,0,0,0,0,Red
"November 7, 2024",9255d4a3-84eb-4bf1-891b-d7479cb21508,2841771534,Final_Activation,Ravidas Travels,Guntash Singh Warring,9872305000,Punjab,Bhatinda,PB03AJ1374,Rajiv Kumar,0,139,207,206,168,158,181,204,235,226,226,189,209,218,215,197,216,233,171,219,176,167,181,158,217,184,230,217,220,252,Active
"November 7, 2024",64f2eca2-c90b-4466-9c54-b9bf3d9a1974,2841901718,Final_Activation,Chawla Motors,Ramkumar Chawla,9509582951,Rajasthan,Pilibhanga,RJ13PA5777,Arshdeep Singh,128,249,230,234,225,195,223,206,232,215,256,212,219,219,232,266,235,277,227,238,231,212,228,230,241,214,227,239,255,238,Active
"November 7, 2024",4c5bea2a-4269-4558-938b-ad1f867ebea7,2841905261,Final_Activation,New Malwa Transport Bti,Gurjit singh,9465300014,Punjab,Bhatinda,PB03BG5509,Surinder Singh,113,315,295,347,209,286,299,314,281,292,296,239,245,295,308,319,359,312,234,323,313,252,240,262,341,211,298,302,307,320,Active
"November 7, 2024",b0497431-01b4-4db8-ae76-e4b3ff6351b1,TJ7524BK21230,Final_Activation,Rana Bus Service,Anuj Rana,9816814812,Himachal Pradesh,Kangra,HP68A0320,Dummy HImachal Pradesh,13,29,74,0,0,5,0,0,74,84,139,46,22,122,10,68,35,31,7,7,93,0,94,45,120,51,0,0,0,0,Active
"November 7, 2024",40616858-fc9d-4407-8783-7b43d6ec82a4,2841013274,Final_Activation,Gnt Bus,Shinderpal Kaur,9779500618,Punjab,Bhatinda,PB03BM9578,Surinder Singh,95,544,487,577,441,443,548,524,526,509,545,470,506,477,561,568,557,492,441,492,409,0,0,95,561,410,507,544,618,498,Active
"November 7, 2024",c46489cc-a08d-4a54-b559-e2033bcf4172,2841741035,Final_Activation,New Malwa Transport Bti,Gurjit singh,9465300014,Punjab,Bhatinda,PB03BK1409,Surinder Singh,0,0,0,0,0,0,0,0,44,205,200,314,0,290,286,310,278,305,287,334,299,337,341,311,315,299,356,326,392,301,Orange
"November 7, 2024",527492c1-6fcf-4fd8-9880-4a0e6cd326af,1493212820,Final_Activation,Ravidas Travels,Guntash Singh Warring,9872305000,Punjab,Bhatinda,PB03BC9574,Rajiv Kumar,103,299,305,201,273,302,293,231,336,308,322,303,280,308,321,308,278,340,253,312,292,273,209,288,344,243,300,337,345,348,Active
"November 7, 2024",7be24d0d-a67c-48ba-9d3c-400ab9e8c490,2840973958,Final_Activation,Ravidas Travels,Guntash Singh Warring,9872305000,Punjab,Bhatinda,PB03AF6674,Rajiv Kumar,136,306,332,350,259,289,349,278,356,342,354,256,352,293,314,319,390,416,291,251,312,293,326,270,386,239,363,369,347,354,Active
"November 7, 2024",825b97ab-65d5-4757-b3e0-584d23fd391d,2840972604,Final_Activation,Gnt Bus,Shinderpal Kaur,9779500618,Punjab,Bhatinda,PB03AJ4578,Surinder Singh,0,243,326,196,50,276,256,297,314,219,0,98,0,0,0,0,0,0,127,180,53,376,400,344,173,128,378,339,413,348,Active
"November 7, 2024",a639da00-08d5-41bb-90c8-d443fca0dc76,TJ75251A20051,Final_Activation,New Malwa Transport Bti,Gurjit singh,9465300014,Punjab,Bhatinda,PB03BL2209,Surinder Singh,0,0,0,0,0,0,0,0,0,0,0,0,0,0,0,0,0,0,0,0,0,0,0,0,0,0,0,0,0,0,Red
"November 7, 2024",e285acea-d3df-4ead-81f4-a252a83fb869,1494826004,Final_Activation,Ravidas Travels,Guntash Singh Warring,9872305000,Punjab,Bhatinda,PB03BN9574,Rajiv Kumar,0,172,175,261,189,177,263,215,262,267,220,80,202,236,237,233,251,276,172,212,227,199,212,202,229,150,200,269,243,224,Active
"November 7, 2024",73b855ca-4297-4619-9e8c-6ae7ead7bcdb,TJ75248A21014,Final_Activation,New Malwa Transport Bti,Gurjit singh,9465300014,Punjab,Bhatinda,PB03BL4710,Surinder Singh,143,307,330,341,237,284,354,328,325,315,311,262,284,314,305,331,336,340,299,304,299,282,310,235,347,211,301,301,337,333,Active
"November 7, 2024",7f184895-e3f3-4b5b-9a41-ec5b602c26d5,1494826296,Final_Activation,Ravidas Travels,Guntash Singh Warring,9872305000,Punjab,Bhatinda,PB03AJ0474,Rajiv Kumar,0,0,0,0,0,0,0,0,0,0,0,0,0,0,0,0,0,0,0,0,0,0,0,0,0,0,0,0,0,0,Red
"November 7, 2024",5f674a81-e758-40b2-8c20-08d01c8eb217,2840968031,Final_Activation,New Malwa Transport Bti,Gurjit singh,9465300014,Punjab,Bhatinda,PB03AJ6809,Surinder Singh,72,276,270,347,217,247,290,253,274,284,288,233,231,302,298,299,325,376,214,253,275,225,233,182,285,258,234,262,291,275,Active
"November 7, 2024",aeac076f-d400-412b-9baf-147a490f88ab,TJ75251821095,Final_Activation,New Malwa Transport Bti,Gurjit singh,9465300014,Punjab,Bhatinda,PB03AF8916,Surinder Singh,64,261,270,266,178,239,267,259,271,285,276,211,247,115,277,267,284,332,188,262,244,243,222,190,275,149,240,244,272,268,Active
"November 7, 2024",958363dd-7eff-4046-99cb-2bf398c4d9da,2840784668,Final_Activation,Ravidas Travels,Guntash Singh Warring,9872305000,Punjab,Bhatinda,PB03BM3101,Rajiv Kumar,0,0,0,0,0,0,0,0,0,0,0,0,0,0,0,0,0,0,0,0,0,0,0,0,0,0,0,0,0,0,Red
"November 7, 2024",c0743f27-3271-4028-babb-e6ff1d92b7ce,TJ75251620195,Final_Activation,Gnt Bus,Shinderpal Kaur,9779500618,Punjab,Bhatinda,PB03AX9678,Surinder Singh,115,321,363,322,73,284,282,320,250,273,320,262,214,308,300,281,281,298,269,232,249,306,273,206,312,211,269,297,309,331,Active
"November 7, 2024",ebe35b4d-55ed-4a62-a598-13369295b3c2,2842131888,Final_Activation,New Malwa Transport Bti,Gurjit singh,9465300014,Punjab,Bhatinda,PB03BK1409,Surinder Singh,0,177,164,162,40,148,159,168,193,169,172,119,0,0,0,0,0,0,0,0,0,0,0,0,0,0,0,0,0,0,Active
"October 26, 2024",5422c417-db98-4c5b-bf9b-0b43a2417032,TJ7524BK21286,Final_Activation,Gurunanak Bus Service,Manjeet Brar,9649501818,Rajasthan,Gajsinghpur,RJ13PB7355,Arshdeep Singh,0,183,217,233,151,176,172,190,181,0,65,267,294,297,352,173,186,194,194,194,164,205,196,214,212,185,179,189,228,190,Active
"October 26, 2024",d16f1bb9-e2d9-4fc4-89b4-59198a4680c4,2840960974,Final_Activation,Una Highway,Savita Prashar,9418406744,Himachal Pradesh,Una,HP72A6644,Harish Verma,86,280,355,88,0,0,74,328,185,123,418,312,141,363,338,129,323,363,0,358,357,262,350,337,174,0,325,336,123,331,Active
"October 26, 2024",366ba791-0c62-46ae-95c6-c72aa4fe3807,2840965443,Final_Activation,Una Highway,Savita Prashar,9418406744,Himachal Pradesh,Una,HP72B8644,Harish Verma,126,315,111,293,269,241,325,118,331,337,223,284,350,122,287,315,104,312,318,110,297,117,67,62,372,259,118,303,334,133,Active
"October 26, 2024",3b2260ae-63ab-42e3-81bf-2715ebb13d7a,1494806096,Final_Activation,Shaheed Baba Deep Singh Ji Bus,Manak singh,9914432895,Punjab,Jogewala,PB30K1878,Rajiv Kumar,0,0,264,309,0,252,251,240,0,0,279,199,243,235,0,268,257,307,209,230,280,248,0,213,232,183,238,220,259,219,Active
"October 26, 2024",7a996c18-131f-4297-825b-775e2d326661,2841774464,Final_Activation,Rishi Bus Service,Jagdev Kumar,8351830001,Himachal Pradesh,Una,HP72C7898,Harish Verma,0,0,0,0,0,245,219,0,0,0,0,0,0,352,395,361,276,327,0,196,172,0,0,0,0,0,0,107,360,378,Orange
"October 26, 2024",4659adab-169d-4714-9712-d2844ca2be9a,2841285831,Final_Activation,Una Highway,Savita Prashar,9418406744,Himachal Pradesh,Una,HP72B7644,Harish Verma,0,5,43,63,49,51,38,20,34,55,38,50,54,45,58,48,75,69,0,19,79,27,1,3,0,64,38,25,13,53,Active
"October 26, 2024",bd95c656-df8f-47d3-a8fc-e093cca100b5,TJ75248K20266,Final_Activation,Graduate Bus Service,Deepak Kumar,9857750300,Himachal Pradesh,Una,HP72C9748,Harish Verma,0,0,0,0,0,0,0,0,0,0,0,0,0,0,0,0,0,0,0,0,0,0,0,0,0,0,0,0,0,0,Red
"October 26, 2024",4195e7cc-6f4b-4869-8196-d1745ee65194,TJ7524BE22344,Final_Activation,Una Highway,Savita Prashar,9418406744,Himachal Pradesh,Una,HP72B7744,Harish Verma,0,0,0,0,0,0,0,0,0,0,0,0,0,0,0,0,0,0,0,0,0,0,0,0,0,0,0,0,0,0,Red
"October 26, 2024",e14caaca-da91-42e7-8d51-cacdafb27c07,2841285043,Final_Activation,Vinay Rajeev Bus Service,Vinay Bedi,9218522000,Himachal Pradesh,Kangra,HP68A3942,Dummy HImachal Pradesh,35,50,0,17,108,50,92,102,0,0,0,0,13,38,75,79,85,22,22,11,99,42,109,74,91,65,61,149,134,147,Active
"October 26, 2024",eff5c1c5-64db-4805-8bbb-c3072f32d323,TJ75251720879,Final_Activation,Lok Parivahan,Veer Singh Meena,8502933478,Rajasthan,Dholpur,RJ07PA5166,Dummy Rajasthan,0,109,0,0,59,106,133,105,116,123,115,84,118,102,0,98,112,111,92,136,110,102,70,96,88,86,107,87,0,109,Active
"October 26, 2024",0bc5d2a8-02b6-4da3-8b38-21732bc8b6c6,2841285050,Final_Activation,Una Highway,Savita Prashar,9418406744,Himachal Pradesh,Una,HP72B8844,Harish Verma,96,157,347,403,268,377,393,339,281,384,416,0,390,314,139,341,336,135,271,319,133,274,399,340,178,274,375,132,344,358,Active
"October 26, 2024",25994617-f50e-49f2-afb2-ca48d6959a85,2841287116,Final_Activation,Gurunanak Bus Service,Manjeet Brar,9649501818,Rajasthan,Gajsinghpur,RJ13PA8892,Arshdeep Singh,0,153,248,279,270,214,267,255,321,304,314,149,183,192,183,319,333,306,198,166,137,154,225,296,305,210,235,297,313,289,Active
"October 26, 2024",8e461c47-9cea-41aa-b524-010f23d4e345,2841897914,Final_Activation,Sahu Travls,SATYNARAYAN SAHU,9636380801,Rajasthan,Kota,RJ20PB4444,Afsar Hussain,0,0,0,0,0,0,0,0,0,0,0,0,0,0,0,0,0,0,0,0,0,0,0,0,0,0,0,0,0,0,Red
